[15:48:26] [main/INFO] (FabricLoader/GameProvider) Loading Minecraft 1.21.7 with Fabric Loader 0.16.14
[15:48:26] [main/DEBUG] (FabricLoader/GamePatch) Found game constructor: net.minecraft.client.main.Main -> net.minecraft.client.MinecraftClient
[15:48:26] [main/DEBUG] (FabricLoader/GamePatch) Patching game constructor <init>(Lnet/minecraft/client/RunArgs;)V
[15:48:26] [main/DEBUG] (FabricLoader/GamePatch) Run directory field is thought to be net/minecraft/client/MinecraftClient/runDirectory
[15:48:26] [main/DEBUG] (FabricLoader/GamePatch) Applying brand name hook to net/minecraft/client/ClientBrandRetriever::getClientModName
[15:48:26] [main/DEBUG] (FabricLoader/GamePatch) Applying brand name hook to net/minecraft/server/MinecraftServer::getServerModName
[15:48:26] [main/DEBUG] (FabricLoader/Mappings) Loading mappings took 119 ms
[15:48:26] [main/DEBUG] (FabricLoader/GamePatch) Patched 3 classs
[15:48:26] [main/DEBUG] (FabricLoader/Discovery) Skipping missing class path group entry E:\Work2025\tweakerxihe\out\production\tweakerxihe.main
[15:48:26] [main/DEBUG] (FabricLoader/Discovery) Skipping missing class path group entry E:\Work2025\tweakerxihe\out\production\classes
[15:48:26] [main/DEBUG] (FabricLoader/Discovery) Skipping missing class path group entry E:\Work2025\tweakerxihe\out\production\resources
[15:48:26] [main/DEBUG] (FabricLoader/Discovery) Skipping missing class path group entry E:\Work2025\tweakerxihe\out\production\tweakerxihe.client
[15:48:26] [main/DEBUG] (FabricLoader/Discovery) Skipping missing class path group entry E:\Work2025\tweakerxihe\out\client\classes
[15:48:26] [main/DEBUG] (FabricLoader/Discovery) Skipping missing class path group entry E:\Work2025\tweakerxihe\out\client\resources
[15:48:26] [main/DEBUG] (FabricLoader/Discovery) Mod discovery time: 20.0 ms
[15:48:26] [main/DEBUG] (FabricLoader/Resolution) Mod resolution time: 45.9 ms
[15:48:26] [main/INFO] (FabricLoader) Loading 53 mods:
	- fabric-api 0.129.0+1.21.7
	- fabric-api-base 0.4.64+9ec45cd808
	- fabric-api-lookup-api-v1 1.6.100+946bf4c36c
	- fabric-biome-api-v1 16.0.11+946bf4c36c
	- fabric-block-api-v1 1.1.3+946bf4c36c
	- fabric-block-view-api-v2 1.0.31+946bf4c36c
	- fabric-client-gametest-api-v1 4.2.5+8a98c3fc6c
	- fabric-command-api-v2 2.2.53+946bf4c36c
	- fabric-content-registries-v0 10.0.18+946bf4c36c
	- fabric-convention-tags-v1 2.1.40+7f945d5b6c
	- fabric-convention-tags-v2 2.15.5+eb5df52f6c
	- fabric-crash-report-info-v1 0.3.15+946bf4c36c
	- fabric-data-attachment-api-v1 1.8.10+946bf4c36c
	- fabric-data-generation-api-v1 23.2.4+55e55d296c
	- fabric-dimensions-v1 4.0.19+946bf4c36c
	- fabric-entity-events-v1 2.1.1+c9e472736c
	- fabric-events-interaction-v0 4.0.23+946bf4c36c
	- fabric-game-rule-api-v1 1.0.73+c64c9c5b6c
	- fabric-gametest-api-v1 3.1.9+39ce47f56c
	- fabric-item-api-v1 11.4.3+946bf4c36c
	- fabric-item-group-api-v1 4.2.13+946bf4c36c
	- fabric-key-binding-api-v1 1.0.65+946bf4c36c
	- fabric-lifecycle-events-v1 2.6.3+db4dfd856c
	- fabric-loot-api-v2 3.0.55+3f89f5a56c
	- fabric-loot-api-v3 2.0.2+946bf4c36c
	- fabric-message-api-v1 6.1.1+946bf4c36c
	- fabric-model-loading-api-v1 5.2.5+946bf4c36c
	- fabric-networking-api-v1 5.0.1+946bf4c308
	- fabric-object-builder-api-v1 21.1.7+946bf4c36c
	- fabric-particles-v1 4.1.7+946bf4c36c
	- fabric-recipe-api-v1 8.1.14+946bf4c36c
	- fabric-registry-sync-v0 6.1.27+946bf4c36c
	- fabric-renderer-api-v1 7.0.2+946bf4c36c
	- fabric-renderer-indigo 4.0.2+946bf4c36c
	- fabric-rendering-fluids-v1 3.1.30+fa6cb72b6c
	- fabric-rendering-v1 12.4.0+e8d43c766c
	- fabric-resource-conditions-api-v1 5.0.24+946bf4c36c
	- fabric-resource-loader-v0 3.1.11+946bf4c308
	- fabric-screen-api-v1 2.1.0+277ecf7d6c
	- fabric-screen-handler-api-v1 1.3.136+946bf4c36c
	- fabric-sound-api-v1 1.0.42+946bf4c36c
	- fabric-tag-api-v1 1.2.1+946bf4c36c
	- fabric-transfer-api-v1 6.0.5+946bf4c36c
	- fabric-transitive-access-wideners-v1 6.4.1+ac3e15d16c
	- fabricloader 0.16.14
	- java 21
	- litematica 0.23.1
	- malilib 0.25.1
	- minecraft 1.21.7
	- mixinextras 0.4.1
	- mm 2.3
	- techutils 0.6.0
	- tweakerxihe 1.2.1-SNAPSHOT
[15:48:29] [main/DEBUG] (FabricLoader/Knot) Adding E:\Work2025\tweakerxihe\.gradle\loom-cache\remapped_mods\remapped\net\fabricmc\fabric-api\fabric-loot-api-v2-e884cad7-common\3.0.55+3f89f5a56c\fabric-loot-api-v2-e884cad7-common-3.0.55+3f89f5a56c.jar to classpath.
[15:48:29] [main/DEBUG] (FabricLoader/Knot) Adding E:\Work2025\tweakerxihe\.gradle\loom-cache\remapped_mods\remapped\net\fabricmc\fabric-api\fabric-networking-api-v1-e884cad7-common\5.0.1+946bf4c308\fabric-networking-api-v1-e884cad7-common-5.0.1+946bf4c308.jar to classpath.
[15:48:29] [main/DEBUG] (FabricLoader/Knot) Adding E:\Work2025\tweakerxihe\.gradle\loom-cache\remapped_mods\remapped\net\fabricmc\fabric-api\fabric-networking-api-v1-e884cad7-client\5.0.1+946bf4c308\fabric-networking-api-v1-e884cad7-client-5.0.1+946bf4c308.jar to classpath.
[15:48:29] [main/DEBUG] (FabricLoader/Knot) Adding E:\Work2025\tweakerxihe\.gradle\loom-cache\remapped_mods\remapped\net\fabricmc\fabric-api\fabric-item-api-v1-e884cad7-common\11.4.3+946bf4c36c\fabric-item-api-v1-e884cad7-common-11.4.3+946bf4c36c.jar to classpath.
[15:48:29] [main/DEBUG] (FabricLoader/Knot) Adding E:\Work2025\tweakerxihe\.gradle\loom-cache\remapped_mods\remapped\net\fabricmc\fabric-api\fabric-item-api-v1-e884cad7-client\11.4.3+946bf4c36c\fabric-item-api-v1-e884cad7-client-11.4.3+946bf4c36c.jar to classpath.
[15:48:29] [main/DEBUG] (FabricLoader/Knot) Adding E:\Work2025\tweakerxihe\.gradle\loom-cache\remapped_mods\remapped\net\fabricmc\fabric-api\fabric-object-builder-api-v1-e884cad7-common\21.1.7+946bf4c36c\fabric-object-builder-api-v1-e884cad7-common-21.1.7+946bf4c36c.jar to classpath.
[15:48:29] [main/DEBUG] (FabricLoader/Knot) Adding E:\Work2025\tweakerxihe\.gradle\loom-cache\remapped_mods\remapped\net\fabricmc\fabric-api\fabric-object-builder-api-v1-e884cad7-client\21.1.7+946bf4c36c\fabric-object-builder-api-v1-e884cad7-client-21.1.7+946bf4c36c.jar to classpath.
[15:48:29] [main/DEBUG] (FabricLoader/Knot) Adding E:\Work2025\tweakerxihe\.gradle\loom-cache\remapped_mods\remapped\net\fabricmc\fabric-api\fabric-lifecycle-events-v1-e884cad7-common\2.6.3+db4dfd856c\fabric-lifecycle-events-v1-e884cad7-common-2.6.3+db4dfd856c.jar to classpath.
[15:48:29] [main/DEBUG] (FabricLoader/Knot) Adding E:\Work2025\tweakerxihe\.gradle\loom-cache\remapped_mods\remapped\net\fabricmc\fabric-api\fabric-lifecycle-events-v1-e884cad7-client\2.6.3+db4dfd856c\fabric-lifecycle-events-v1-e884cad7-client-2.6.3+db4dfd856c.jar to classpath.
[15:48:29] [main/DEBUG] (FabricLoader/Knot) Adding E:\Work2025\tweakerxihe\.gradle\loom-cache\remapped_mods\remapped\net\fabricmc\fabric-api\fabric-particles-v1-e884cad7-common\4.1.7+946bf4c36c\fabric-particles-v1-e884cad7-common-4.1.7+946bf4c36c.jar to classpath.
[15:48:29] [main/DEBUG] (FabricLoader/Knot) Adding E:\Work2025\tweakerxihe\.gradle\loom-cache\remapped_mods\remapped\net\fabricmc\fabric-api\fabric-particles-v1-e884cad7-client\4.1.7+946bf4c36c\fabric-particles-v1-e884cad7-client-4.1.7+946bf4c36c.jar to classpath.
[15:48:29] [main/DEBUG] (FabricLoader/Knot) Adding E:\Work2025\tweakerxihe\.gradle\loom-cache\remapped_mods\remapped\net\fabricmc\fabric-api\fabric-rendering-v1-e884cad7-client\12.4.0+e8d43c766c\fabric-rendering-v1-e884cad7-client-12.4.0+e8d43c766c.jar to classpath.
[15:48:29] [main/DEBUG] (FabricLoader/Knot) Adding E:\Work2025\tweakerxihe\.gradle\loom-cache\remapped_mods\remapped\net\fabricmc\fabric-api\fabric-renderer-api-v1-e884cad7-client\7.0.2+946bf4c36c\fabric-renderer-api-v1-e884cad7-client-7.0.2+946bf4c36c.jar to classpath.
[15:48:29] [main/DEBUG] (FabricLoader/Knot) Adding D:\Program Files\gradle-8.9\caches\modules-2\files-2.1\io.github.llamalad7\mixinextras-fabric\0.4.1\8d1a9e96afb990367fa1f904d17580d164da72e3\mixinextras-fabric-0.4.1.jar to classpath.
[15:48:29] [main/DEBUG] (FabricLoader/Knot) Adding E:\Work2025\tweakerxihe\.gradle\loom-cache\remapped_mods\remapped\net\fabricmc\fabric-api\fabric-data-attachment-api-v1-e884cad7-common\1.8.10+946bf4c36c\fabric-data-attachment-api-v1-e884cad7-common-1.8.10+946bf4c36c.jar to classpath.
[15:48:29] [main/DEBUG] (FabricLoader/Knot) Adding E:\Work2025\tweakerxihe\.gradle\loom-cache\remapped_mods\remapped\net\fabricmc\fabric-api\fabric-data-attachment-api-v1-e884cad7-client\1.8.10+946bf4c36c\fabric-data-attachment-api-v1-e884cad7-client-1.8.10+946bf4c36c.jar to classpath.
[15:48:29] [main/DEBUG] (FabricLoader/Knot) Adding E:\Work2025\tweakerxihe\.gradle\loom-cache\remapped_mods\remapped\net\fabricmc\fabric-api\fabric-biome-api-v1-e884cad7-common\16.0.11+946bf4c36c\fabric-biome-api-v1-e884cad7-common-16.0.11+946bf4c36c.jar to classpath.
[15:48:29] [main/DEBUG] (FabricLoader/Knot) Adding E:\Work2025\tweakerxihe\.gradle\loom-cache\remapped_mods\remapped\net\fabricmc\fabric-api\fabric-transitive-access-wideners-v1-e884cad7-common\6.4.1+ac3e15d16c\fabric-transitive-access-wideners-v1-e884cad7-common-6.4.1+ac3e15d16c.jar to classpath.
[15:48:29] [main/DEBUG] (FabricLoader/Knot) Adding E:\Work2025\tweakerxihe\build\classes\java\main to classpath.
[15:48:29] [main/DEBUG] (FabricLoader/Knot) Adding E:\Work2025\tweakerxihe\build\resources\main to classpath.
[15:48:29] [main/DEBUG] (FabricLoader/Knot) Adding E:\Work2025\tweakerxihe\build\classes\java\client to classpath.
[15:48:29] [main/DEBUG] (FabricLoader/Knot) Adding E:\Work2025\tweakerxihe\build\resources\client to classpath.
[15:48:29] [main/DEBUG] (FabricLoader/Knot) Adding E:\Work2025\tweakerxihe\.gradle\loom-cache\remapped_mods\remapped\net\fabricmc\fabric-api\fabric-client-gametest-api-v1-e884cad7-client\4.2.5+8a98c3fc6c\fabric-client-gametest-api-v1-e884cad7-client-4.2.5+8a98c3fc6c.jar to classpath.
[15:48:29] [main/DEBUG] (FabricLoader/Knot) Adding E:\Work2025\tweakerxihe\.gradle\loom-cache\remapped_mods\remapped\net\fabricmc\fabric-api\fabric-rendering-fluids-v1-e884cad7-common\3.1.30+fa6cb72b6c\fabric-rendering-fluids-v1-e884cad7-common-3.1.30+fa6cb72b6c.jar to classpath.
[15:48:29] [main/DEBUG] (FabricLoader/Knot) Adding E:\Work2025\tweakerxihe\.gradle\loom-cache\remapped_mods\remapped\net\fabricmc\fabric-api\fabric-rendering-fluids-v1-e884cad7-client\3.1.30+fa6cb72b6c\fabric-rendering-fluids-v1-e884cad7-client-3.1.30+fa6cb72b6c.jar to classpath.
[15:48:29] [main/DEBUG] (FabricLoader/Knot) Adding E:\Work2025\tweakerxihe\.gradle\loom-cache\remapped_mods\remapped\net\fabricmc\fabric-api\fabric-convention-tags-v1-e884cad7-common\2.1.40+7f945d5b6c\fabric-convention-tags-v1-e884cad7-common-2.1.40+7f945d5b6c.jar to classpath.
[15:48:29] [main/DEBUG] (FabricLoader/Knot) Adding E:\Work2025\tweakerxihe\.gradle\loom-cache\remapped_mods\remapped\net\fabricmc\fabric-api\fabric-command-api-v2-e884cad7-common\2.2.53+946bf4c36c\fabric-command-api-v2-e884cad7-common-2.2.53+946bf4c36c.jar to classpath.
[15:48:29] [main/DEBUG] (FabricLoader/Knot) Adding E:\Work2025\tweakerxihe\.gradle\loom-cache\remapped_mods\remapped\net\fabricmc\fabric-api\fabric-command-api-v2-e884cad7-client\2.2.53+946bf4c36c\fabric-command-api-v2-e884cad7-client-2.2.53+946bf4c36c.jar to classpath.
[15:48:29] [main/DEBUG] (FabricLoader/Knot) Adding E:\Work2025\tweakerxihe\.gradle\loom-cache\remapped_mods\remapped\net\fabricmc\fabric-api\fabric-recipe-api-v1-e884cad7-common\8.1.14+946bf4c36c\fabric-recipe-api-v1-e884cad7-common-8.1.14+946bf4c36c.jar to classpath.
[15:48:29] [main/DEBUG] (FabricLoader/Knot) Adding E:\Work2025\tweakerxihe\.gradle\loom-cache\remapped_mods\remapped\net\fabricmc\fabric-api\fabric-recipe-api-v1-e884cad7-client\8.1.14+946bf4c36c\fabric-recipe-api-v1-e884cad7-client-8.1.14+946bf4c36c.jar to classpath.
[15:48:29] [main/DEBUG] (FabricLoader/Knot) Adding E:\Work2025\tweakerxihe\.gradle\loom-cache\remapped_mods\remapped\net\fabricmc\fabric-api\fabric-registry-sync-v0-e884cad7-common\6.1.27+946bf4c36c\fabric-registry-sync-v0-e884cad7-common-6.1.27+946bf4c36c.jar to classpath.
[15:48:29] [main/DEBUG] (FabricLoader/Knot) Adding E:\Work2025\tweakerxihe\.gradle\loom-cache\remapped_mods\remapped\net\fabricmc\fabric-api\fabric-registry-sync-v0-e884cad7-client\6.1.27+946bf4c36c\fabric-registry-sync-v0-e884cad7-client-6.1.27+946bf4c36c.jar to classpath.
[15:48:29] [main/DEBUG] (FabricLoader/Knot) Adding E:\Work2025\tweakerxihe\.gradle\loom-cache\remapped_mods\remapped\net\fabricmc\fabric-api\fabric-convention-tags-v2-e884cad7-common\2.15.5+eb5df52f6c\fabric-convention-tags-v2-e884cad7-common-2.15.5+eb5df52f6c.jar to classpath.
[15:48:29] [main/DEBUG] (FabricLoader/Knot) Adding E:\Work2025\tweakerxihe\.gradle\loom-cache\remapped_mods\remapped\net\fabricmc\fabric-api\fabric-block-api-v1-e884cad7-common\1.1.3+946bf4c36c\fabric-block-api-v1-e884cad7-common-1.1.3+946bf4c36c.jar to classpath.
[15:48:29] [main/DEBUG] (FabricLoader/Knot) Adding E:\Work2025\tweakerxihe\.gradle\loom-cache\remapped_mods\remapped\net\fabricmc\fabric-api\fabric-gametest-api-v1-e884cad7-common\3.1.9+39ce47f56c\fabric-gametest-api-v1-e884cad7-common-3.1.9+39ce47f56c.jar to classpath.
[15:48:29] [main/DEBUG] (FabricLoader/Knot) Adding E:\Work2025\tweakerxihe\.gradle\loom-cache\remapped_mods\remapped\net\fabricmc\fabric-api\fabric-resource-conditions-api-v1-e884cad7-common\5.0.24+946bf4c36c\fabric-resource-conditions-api-v1-e884cad7-common-5.0.24+946bf4c36c.jar to classpath.
[15:48:29] [main/DEBUG] (FabricLoader/Knot) Adding E:\Work2025\tweakerxihe\.gradle\loom-cache\remapped_mods\remapped\net\fabricmc\fabric-api\fabric-tag-api-v1-e884cad7-common\1.2.1+946bf4c36c\fabric-tag-api-v1-e884cad7-common-1.2.1+946bf4c36c.jar to classpath.
[15:48:29] [main/DEBUG] (FabricLoader/Knot) Adding E:\Work2025\tweakerxihe\.gradle\loom-cache\remapped_mods\remapped\net\fabricmc\fabric-api\fabric-tag-api-v1-e884cad7-client\1.2.1+946bf4c36c\fabric-tag-api-v1-e884cad7-client-1.2.1+946bf4c36c.jar to classpath.
[15:48:29] [main/DEBUG] (FabricLoader/Knot) Adding E:\Work2025\tweakerxihe\.gradle\loom-cache\remapped_mods\remapped\com\github\sakura-ryoko\malilib-e884cad7\1.21.7-0.25.1\malilib-e884cad7-1.21.7-0.25.1.jar to classpath.
[15:48:29] [main/DEBUG] (FabricLoader/Knot) Adding E:\Work2025\tweakerxihe\.gradle\loom-cache\remapped_mods\remapped\net\fabricmc\fabric-api\fabric-api-e884cad7-common\0.129.0+1.21.7\fabric-api-e884cad7-common-0.129.0+1.21.7.jar to classpath.
[15:48:29] [main/DEBUG] (FabricLoader/Knot) Adding E:\Work2025\tweakerxihe\.gradle\loom-cache\remapped_mods\remapped\com\github\sakura-ryoko\litematica-e884cad7\1.21.7-0.23.1\litematica-e884cad7-1.21.7-0.23.1.jar to classpath.
[15:48:29] [main/DEBUG] (FabricLoader/Knot) Adding E:\Work2025\tweakerxihe\.gradle\loom-cache\remapped_mods\remapped\net\fabricmc\fabric-api\fabric-key-binding-api-v1-e884cad7-client\1.0.65+946bf4c36c\fabric-key-binding-api-v1-e884cad7-client-1.0.65+946bf4c36c.jar to classpath.
[15:48:29] [main/DEBUG] (FabricLoader/Knot) Adding E:\Work2025\tweakerxihe\.gradle\loom-cache\remapped_mods\remapped\net\fabricmc\fabric-api\fabric-api-base-e884cad7-common\0.4.64+9ec45cd808\fabric-api-base-e884cad7-common-0.4.64+9ec45cd808.jar to classpath.
[15:48:29] [main/DEBUG] (FabricLoader/Knot) Adding E:\Work2025\tweakerxihe\.gradle\loom-cache\remapped_mods\remapped\net\fabricmc\fabric-api\fabric-dimensions-v1-e884cad7-common\4.0.19+946bf4c36c\fabric-dimensions-v1-e884cad7-common-4.0.19+946bf4c36c.jar to classpath.
[15:48:29] [main/DEBUG] (FabricLoader/Knot) Adding E:\Work2025\tweakerxihe\.gradle\loom-cache\remapped_mods\remapped\net\fabricmc\fabric-api\fabric-renderer-indigo-e884cad7-client\4.0.2+946bf4c36c\fabric-renderer-indigo-e884cad7-client-4.0.2+946bf4c36c.jar to classpath.
[15:48:29] [main/DEBUG] (FabricLoader/Knot) Adding E:\Work2025\tweakerxihe\.gradle\loom-cache\remapped_mods\remapped\net\fabricmc\fabric-api\fabric-events-interaction-v0-e884cad7-common\4.0.23+946bf4c36c\fabric-events-interaction-v0-e884cad7-common-4.0.23+946bf4c36c.jar to classpath.
[15:48:29] [main/DEBUG] (FabricLoader/Knot) Adding E:\Work2025\tweakerxihe\.gradle\loom-cache\remapped_mods\remapped\net\fabricmc\fabric-api\fabric-events-interaction-v0-e884cad7-client\4.0.23+946bf4c36c\fabric-events-interaction-v0-e884cad7-client-4.0.23+946bf4c36c.jar to classpath.
[15:48:29] [main/DEBUG] (FabricLoader/Knot) Adding E:\Work2025\tweakerxihe\.gradle\loom-cache\remapped_mods\remapped\com\github\Chocohead\Fabric-ASM-e884cad7\v2.3\Fabric-ASM-e884cad7-v2.3.jar to classpath.
[15:48:29] [main/DEBUG] (FabricLoader/Knot) Adding E:\Work2025\tweakerxihe\.gradle\loom-cache\remapped_mods\remapped\net\fabricmc\fabric-api\fabric-transfer-api-v1-e884cad7-common\6.0.5+946bf4c36c\fabric-transfer-api-v1-e884cad7-common-6.0.5+946bf4c36c.jar to classpath.
[15:48:29] [main/DEBUG] (FabricLoader/Knot) Adding E:\Work2025\tweakerxihe\.gradle\loom-cache\remapped_mods\remapped\net\fabricmc\fabric-api\fabric-transfer-api-v1-e884cad7-client\6.0.5+946bf4c36c\fabric-transfer-api-v1-e884cad7-client-6.0.5+946bf4c36c.jar to classpath.
[15:48:29] [main/DEBUG] (FabricLoader/Knot) Adding E:\Work2025\tweakerxihe\.gradle\loom-cache\remapped_mods\remapped\net\fabricmc\fabric-api\fabric-game-rule-api-v1-e884cad7-common\1.0.73+c64c9c5b6c\fabric-game-rule-api-v1-e884cad7-common-1.0.73+c64c9c5b6c.jar to classpath.
[15:48:29] [main/DEBUG] (FabricLoader/Knot) Adding E:\Work2025\tweakerxihe\.gradle\loom-cache\remapped_mods\remapped\net\fabricmc\fabric-api\fabric-game-rule-api-v1-e884cad7-client\1.0.73+c64c9c5b6c\fabric-game-rule-api-v1-e884cad7-client-1.0.73+c64c9c5b6c.jar to classpath.
[15:48:29] [main/DEBUG] (FabricLoader/Knot) Adding E:\Work2025\tweakerxihe\.gradle\loom-cache\remapped_mods\remapped\net\fabricmc\fabric-api\fabric-block-view-api-v2-e884cad7-common\1.0.31+946bf4c36c\fabric-block-view-api-v2-e884cad7-common-1.0.31+946bf4c36c.jar to classpath.
[15:48:29] [main/DEBUG] (FabricLoader/Knot) Adding E:\Work2025\tweakerxihe\.gradle\loom-cache\remapped_mods\remapped\net\fabricmc\fabric-api\fabric-block-view-api-v2-e884cad7-client\1.0.31+946bf4c36c\fabric-block-view-api-v2-e884cad7-client-1.0.31+946bf4c36c.jar to classpath.
[15:48:29] [main/DEBUG] (FabricLoader/Knot) Adding E:\Work2025\tweakerxihe\.gradle\loom-cache\remapped_mods\remapped\net\fabricmc\fabric-api\fabric-content-registries-v0-e884cad7-common\10.0.18+946bf4c36c\fabric-content-registries-v0-e884cad7-common-10.0.18+946bf4c36c.jar to classpath.
[15:48:29] [main/DEBUG] (FabricLoader/Knot) Adding E:\Work2025\tweakerxihe\run\.fabric\processedMods\techutils-0.6.0-64b5720b4b825f21.jar to classpath.
[15:48:29] [main/DEBUG] (FabricLoader/Knot) Adding E:\Work2025\tweakerxihe\.gradle\loom-cache\remapped_mods\remapped\net\fabricmc\fabric-api\fabric-api-lookup-api-v1-e884cad7-common\1.6.100+946bf4c36c\fabric-api-lookup-api-v1-e884cad7-common-1.6.100+946bf4c36c.jar to classpath.
[15:48:29] [main/DEBUG] (FabricLoader/Knot) Adding E:\Work2025\tweakerxihe\.gradle\loom-cache\remapped_mods\remapped\net\fabricmc\fabric-api\fabric-entity-events-v1-e884cad7-common\2.1.1+c9e472736c\fabric-entity-events-v1-e884cad7-common-2.1.1+c9e472736c.jar to classpath.
[15:48:29] [main/DEBUG] (FabricLoader/Knot) Adding E:\Work2025\tweakerxihe\.gradle\loom-cache\remapped_mods\remapped\net\fabricmc\fabric-api\fabric-message-api-v1-e884cad7-common\6.1.1+946bf4c36c\fabric-message-api-v1-e884cad7-common-6.1.1+946bf4c36c.jar to classpath.
[15:48:29] [main/DEBUG] (FabricLoader/Knot) Adding E:\Work2025\tweakerxihe\.gradle\loom-cache\remapped_mods\remapped\net\fabricmc\fabric-api\fabric-message-api-v1-e884cad7-client\6.1.1+946bf4c36c\fabric-message-api-v1-e884cad7-client-6.1.1+946bf4c36c.jar to classpath.
[15:48:29] [main/DEBUG] (FabricLoader/Knot) Adding E:\Work2025\tweakerxihe\.gradle\loom-cache\remapped_mods\remapped\net\fabricmc\fabric-api\fabric-data-generation-api-v1-e884cad7-common\23.2.4+55e55d296c\fabric-data-generation-api-v1-e884cad7-common-23.2.4+55e55d296c.jar to classpath.
[15:48:29] [main/DEBUG] (FabricLoader/Knot) Adding E:\Work2025\tweakerxihe\.gradle\loom-cache\remapped_mods\remapped\net\fabricmc\fabric-api\fabric-data-generation-api-v1-e884cad7-client\23.2.4+55e55d296c\fabric-data-generation-api-v1-e884cad7-client-23.2.4+55e55d296c.jar to classpath.
[15:48:29] [main/DEBUG] (FabricLoader/Knot) Adding E:\Work2025\tweakerxihe\.gradle\loom-cache\remapped_mods\remapped\net\fabricmc\fabric-api\fabric-model-loading-api-v1-e884cad7-client\5.2.5+946bf4c36c\fabric-model-loading-api-v1-e884cad7-client-5.2.5+946bf4c36c.jar to classpath.
[15:48:29] [main/DEBUG] (FabricLoader/Knot) Adding E:\Work2025\tweakerxihe\.gradle\loom-cache\remapped_mods\remapped\net\fabricmc\fabric-api\fabric-item-group-api-v1-e884cad7-common\4.2.13+946bf4c36c\fabric-item-group-api-v1-e884cad7-common-4.2.13+946bf4c36c.jar to classpath.
[15:48:29] [main/DEBUG] (FabricLoader/Knot) Adding E:\Work2025\tweakerxihe\.gradle\loom-cache\remapped_mods\remapped\net\fabricmc\fabric-api\fabric-item-group-api-v1-e884cad7-client\4.2.13+946bf4c36c\fabric-item-group-api-v1-e884cad7-client-4.2.13+946bf4c36c.jar to classpath.
[15:48:29] [main/DEBUG] (FabricLoader/Knot) Adding E:\Work2025\tweakerxihe\.gradle\loom-cache\remapped_mods\remapped\net\fabricmc\fabric-api\fabric-resource-loader-v0-e884cad7-common\3.1.11+946bf4c308\fabric-resource-loader-v0-e884cad7-common-3.1.11+946bf4c308.jar to classpath.
[15:48:29] [main/DEBUG] (FabricLoader/Knot) Adding E:\Work2025\tweakerxihe\.gradle\loom-cache\remapped_mods\remapped\net\fabricmc\fabric-api\fabric-resource-loader-v0-e884cad7-client\3.1.11+946bf4c308\fabric-resource-loader-v0-e884cad7-client-3.1.11+946bf4c308.jar to classpath.
[15:48:29] [main/DEBUG] (FabricLoader/Knot) Adding E:\Work2025\tweakerxihe\.gradle\loom-cache\remapped_mods\remapped\net\fabricmc\fabric-api\fabric-loot-api-v3-e884cad7-common\2.0.2+946bf4c36c\fabric-loot-api-v3-e884cad7-common-2.0.2+946bf4c36c.jar to classpath.
[15:48:29] [main/DEBUG] (FabricLoader/Knot) Adding E:\Work2025\tweakerxihe\.gradle\loom-cache\remapped_mods\remapped\net\fabricmc\fabric-api\fabric-crash-report-info-v1-e884cad7-common\0.3.15+946bf4c36c\fabric-crash-report-info-v1-e884cad7-common-0.3.15+946bf4c36c.jar to classpath.
[15:48:29] [main/DEBUG] (FabricLoader/Knot) Adding E:\Work2025\tweakerxihe\.gradle\loom-cache\remapped_mods\remapped\net\fabricmc\fabric-api\fabric-screen-handler-api-v1-e884cad7-common\1.3.136+946bf4c36c\fabric-screen-handler-api-v1-e884cad7-common-1.3.136+946bf4c36c.jar to classpath.
[15:48:29] [main/DEBUG] (FabricLoader/Knot) Adding E:\Work2025\tweakerxihe\.gradle\loom-cache\remapped_mods\remapped\net\fabricmc\fabric-api\fabric-screen-handler-api-v1-e884cad7-client\1.3.136+946bf4c36c\fabric-screen-handler-api-v1-e884cad7-client-1.3.136+946bf4c36c.jar to classpath.
[15:48:29] [main/DEBUG] (FabricLoader/Knot) Adding E:\Work2025\tweakerxihe\.gradle\loom-cache\remapped_mods\remapped\net\fabricmc\fabric-api\fabric-sound-api-v1-e884cad7-client\1.0.42+946bf4c36c\fabric-sound-api-v1-e884cad7-client-1.0.42+946bf4c36c.jar to classpath.
[15:48:29] [main/DEBUG] (FabricLoader/Knot) Adding E:\Work2025\tweakerxihe\.gradle\loom-cache\remapped_mods\remapped\net\fabricmc\fabric-api\fabric-screen-api-v1-e884cad7-client\2.1.0+277ecf7d6c\fabric-screen-api-v1-e884cad7-client-2.1.0+277ecf7d6c.jar to classpath.
[15:48:29] [main/DEBUG] (FabricLoader/Entrypoint) Registering new-style initializer net.fabricmc.fabric.impl.loot.v2.LootInitializer for mod fabric-loot-api-v2 (key main)
[15:48:29] [main/DEBUG] (FabricLoader/Entrypoint) Registering new-style initializer net.fabricmc.fabric.impl.networking.client.ClientNetworkingImpl::clientInit for mod fabric-networking-api-v1 (key client)
[15:48:29] [main/DEBUG] (FabricLoader/Entrypoint) Registering new-style initializer net.fabricmc.fabric.impl.networking.CommonPacketsImpl::init for mod fabric-networking-api-v1 (key main)
[15:48:29] [main/DEBUG] (FabricLoader/Entrypoint) Registering new-style initializer net.fabricmc.fabric.impl.networking.NetworkingImpl::init for mod fabric-networking-api-v1 (key main)
[15:48:29] [main/DEBUG] (FabricLoader/Entrypoint) Registering new-style initializer net.fabricmc.fabric.impl.client.event.lifecycle.ClientLifecycleEventsImpl for mod fabric-lifecycle-events-v1 (key client)
[15:48:29] [main/DEBUG] (FabricLoader/Entrypoint) Registering new-style initializer net.fabricmc.fabric.impl.event.lifecycle.LifecycleEventsImpl for mod fabric-lifecycle-events-v1 (key main)
[15:48:29] [main/DEBUG] (FabricLoader/Entrypoint) Registering new-style initializer net.fabricmc.fabric.impl.client.particle.ExtendedBlockStateParticleEffectSyncClient for mod fabric-particles-v1 (key client)
[15:48:29] [main/DEBUG] (FabricLoader/Entrypoint) Registering new-style initializer net.fabricmc.fabric.impl.particle.ExtendedBlockStateParticleEffectSync for mod fabric-particles-v1 (key main)
[15:48:29] [main/DEBUG] (FabricLoader/Entrypoint) Registering new-style initializer net.fabricmc.fabric.impl.renderer.DebugHudClient for mod fabric-renderer-api-v1 (key client)
[15:48:29] [main/DEBUG] (FabricLoader/Entrypoint) Registering new-style initializer net.fabricmc.fabric.impl.attachment.client.AttachmentSyncClient for mod fabric-data-attachment-api-v1 (key client)
[15:48:29] [main/DEBUG] (FabricLoader/Entrypoint) Registering new-style initializer net.fabricmc.fabric.impl.attachment.AttachmentEntrypoint for mod fabric-data-attachment-api-v1 (key main)
[15:48:29] [main/DEBUG] (FabricLoader/Entrypoint) Registering new-style initializer net.fabricmc.fabric.impl.attachment.sync.AttachmentSync for mod fabric-data-attachment-api-v1 (key main)
[15:48:29] [main/DEBUG] (FabricLoader/Entrypoint) Registering new-style initializer cn.envision.xihe.client.TweakerXiheClient for mod tweakerxihe (key client)
[15:48:29] [main/DEBUG] (FabricLoader/Entrypoint) Registering new-style initializer cn.envision.xihe.TweakerXihe for mod tweakerxihe (key main)
[15:48:29] [main/DEBUG] (FabricLoader/Entrypoint) Registering new-style initializer net.fabricmc.fabric.impl.tag.convention.ConventionLogWarnings for mod fabric-convention-tags-v1 (key main)
[15:48:29] [main/DEBUG] (FabricLoader/Entrypoint) Registering new-style initializer net.fabricmc.fabric.impl.recipe.ingredient.client.CustomIngredientSyncClient for mod fabric-recipe-api-v1 (key client)
[15:48:29] [main/DEBUG] (FabricLoader/Entrypoint) Registering new-style initializer net.fabricmc.fabric.impl.recipe.ingredient.CustomIngredientInit for mod fabric-recipe-api-v1 (key main)
[15:48:29] [main/DEBUG] (FabricLoader/Entrypoint) Registering new-style initializer net.fabricmc.fabric.impl.recipe.ingredient.CustomIngredientSync for mod fabric-recipe-api-v1 (key main)
[15:48:29] [main/DEBUG] (FabricLoader/Entrypoint) Registering new-style initializer net.fabricmc.fabric.impl.client.registry.sync.FabricRegistryClientInit for mod fabric-registry-sync-v0 (key client)
[15:48:29] [main/DEBUG] (FabricLoader/Entrypoint) Registering new-style initializer net.fabricmc.fabric.impl.registry.sync.FabricRegistryInit for mod fabric-registry-sync-v0 (key main)
[15:48:29] [main/DEBUG] (FabricLoader/Entrypoint) Registering new-style initializer net.fabricmc.fabric.impl.tag.convention.v2.TranslationConventionLogWarnings for mod fabric-convention-tags-v2 (key main)
[15:48:29] [main/DEBUG] (FabricLoader/Entrypoint) Registering new-style initializer net.fabricmc.fabric.impl.gametest.FabricGameTestModInitializer for mod fabric-gametest-api-v1 (key main)
[15:48:29] [main/DEBUG] (FabricLoader/Entrypoint) Registering new-style initializer net.fabricmc.fabric.impl.resource.conditions.ResourceConditionsImpl for mod fabric-resource-conditions-api-v1 (key main)
[15:48:29] [main/DEBUG] (FabricLoader/Entrypoint) Registering new-style initializer net.fabricmc.fabric.impl.tag.TagInit for mod fabric-tag-api-v1 (key main)
[15:48:29] [main/DEBUG] (FabricLoader/Entrypoint) Registering new-style initializer fi.dy.masa.malilib.datagen.MaLiLibDataGen for mod malilib (key fabric-datagen)
[15:48:29] [main/DEBUG] (FabricLoader/Entrypoint) Registering new-style initializer fi.dy.masa.malilib.compat.modmenu.ModMenuImpl for mod malilib (key modmenu)
[15:48:29] [main/DEBUG] (FabricLoader/Entrypoint) Registering new-style initializer fi.dy.masa.malilib.MaLiLib for mod malilib (key main)
[15:48:29] [main/DEBUG] (FabricLoader/Entrypoint) Registering new-style initializer fi.dy.masa.litematica.compat.modmenu.ModMenuImpl for mod litematica (key modmenu)
[15:48:29] [main/DEBUG] (FabricLoader/Entrypoint) Registering new-style initializer fi.dy.masa.litematica.Litematica for mod litematica (key main)
[15:48:29] [main/DEBUG] (FabricLoader/Entrypoint) Registering new-style initializer net.fabricmc.fabric.impl.client.indigo.Indigo for mod fabric-renderer-indigo (key client)
[15:48:29] [main/DEBUG] (FabricLoader/Entrypoint) Registering new-style initializer net.fabricmc.fabric.impl.event.interaction.InteractionEventsRouter for mod fabric-events-interaction-v0 (key main)
[15:48:29] [main/DEBUG] (FabricLoader/Entrypoint) Registering new-style initializer com.chocohead.mm.MM for mod mm (key main)
[15:48:29] [main/DEBUG] (FabricLoader/Entrypoint) Registering new-style initializer dev.kikugie.techutils.config.modmenu.ModMenuIntegration for mod techutils (key modmenu)
[15:48:29] [main/DEBUG] (FabricLoader/Entrypoint) Registering new-style initializer dev.kikugie.techutils.TechUtilsMod for mod techutils (key client)
[15:48:29] [main/DEBUG] (FabricLoader/Entrypoint) Registering new-style initializer dev.kikugie.techutils.EarlyRiser for mod techutils (key mm:early_risers)
[15:48:29] [main/DEBUG] (FabricLoader/Entrypoint) Registering new-style initializer net.fabricmc.fabric.impl.lookup.ApiLookupImpl for mod fabric-api-lookup-api-v1 (key main)
[15:48:29] [main/DEBUG] (FabricLoader/Entrypoint) Registering new-style initializer net.fabricmc.fabric.impl.client.model.loading.CustomUnbakedBlockStateModelInit for mod fabric-model-loading-api-v1 (key client)
[15:48:29] [main/DEBUG] (FabricLoader/Entrypoint) Registering new-style initializer net.fabricmc.fabric.impl.screenhandler.client.ClientNetworking for mod fabric-screen-handler-api-v1 (key client)
[15:48:29] [main/DEBUG] (FabricLoader/Entrypoint) Registering new-style initializer net.fabricmc.fabric.impl.screenhandler.Networking for mod fabric-screen-handler-api-v1 (key main)
[15:48:29] [main/INFO] (FabricLoader/Mixin) SpongePowered MIXIN Subsystem Version=0.8.7 Source=file:/D:/Program%20Files/gradle-8.9/caches/modules-2/files-2.1/net.fabricmc/sponge-mixin/0.15.5+mixin.0.8.7/22f9eb729e216a091673a574a5906dc1b9027fb3/sponge-mixin-0.15.5+mixin.0.8.7.jar Service=Knot/Fabric Env=CLIENT
[15:48:29] [main/DEBUG] (FabricLoader/Mixin) Initialising Mixin Platform Manager
[15:48:29] [main/DEBUG] (FabricLoader/Mixin) Adding mixin platform agents for container ContainerHandleURI(file:///D:/Program%20Files/gradle-8.9/caches/modules-2/files-2.1/net.fabricmc/fabric-loader/0.16.14/5778d47f536bf2c63ed2abc1a56f5a1c129e34a/fabric-loader-0.16.14.jar)
[15:48:29] [main/DEBUG] (FabricLoader/Mixin) Instancing new MixinPlatformAgentDefault for ContainerHandleURI(file:///D:/Program%20Files/gradle-8.9/caches/modules-2/files-2.1/net.fabricmc/fabric-loader/0.16.14/5778d47f536bf2c63ed2abc1a56f5a1c129e34a/fabric-loader-0.16.14.jar)
[15:48:29] [main/DEBUG] (FabricLoader/Mixin) MixinPlatformAgentDefault accepted container ContainerHandleURI(file:///D:/Program%20Files/gradle-8.9/caches/modules-2/files-2.1/net.fabricmc/fabric-loader/0.16.14/5778d47f536bf2c63ed2abc1a56f5a1c129e34a/fabric-loader-0.16.14.jar)
[15:48:29] [main/DEBUG] (FabricLoader/Mixin) Instancing new MixinPlatformAgentDefault for ContainerHandleURI(file:///D:/Program%20Files/gradle-8.9/caches/modules-2/files-2.1/net.fabricmc/fabric-loader/0.16.14/5778d47f536bf2c63ed2abc1a56f5a1c129e34a/fabric-loader-0.16.14.jar)
[15:48:29] [main/DEBUG] (FabricLoader/Mixin) MixinPlatformAgentDefault accepted container ContainerHandleURI(file:///D:/Program%20Files/gradle-8.9/caches/modules-2/files-2.1/net.fabricmc/fabric-loader/0.16.14/5778d47f536bf2c63ed2abc1a56f5a1c129e34a/fabric-loader-0.16.14.jar)
[15:48:29] [main/DEBUG] (FabricLoader/Mixin) Processing prepare() for PlatformAgent[MixinPlatformAgentDefault:ContainerHandleURI(file:///D:/Program%20Files/gradle-8.9/caches/modules-2/files-2.1/net.fabricmc/fabric-loader/0.16.14/5778d47f536bf2c63ed2abc1a56f5a1c129e34a/fabric-loader-0.16.14.jar)]
[15:48:29] [main/DEBUG] (FabricLoader/Mixin) Processing prepare() for PlatformAgent[MixinPlatformAgentDefault:ContainerHandleURI(file:///D:/Program%20Files/gradle-8.9/caches/modules-2/files-2.1/net.fabricmc/fabric-loader/0.16.14/5778d47f536bf2c63ed2abc1a56f5a1c129e34a/fabric-loader-0.16.14.jar)]
[15:48:29] [main/INFO] (FabricLoader/Mixin) Loaded Fabric development mappings for mixin remapper!
[15:48:29] [main/DEBUG] (FabricLoader/Mixin) Compatibility level JAVA_21 specified by fabric-loot-api-v2.mixins.json is higher than the maximum level supported by this version of mixin (JAVA_13).
[15:48:29] [main/INFO] (FabricLoader/Mixin) Compatibility level set to JAVA_21
[15:48:29] [main/DEBUG] (FabricLoader/Mixin) Mixin config fabric-loot-api-v2.mixins.json does not specify "minVersion" or "requiredFeatures" property
[15:48:29] [main/DEBUG] (FabricLoader/Mixin) Mixin config fabric-networking-api-v1.mixins.json does not specify "minVersion" or "requiredFeatures" property
[15:48:29] [main/DEBUG] (FabricLoader/Mixin) Mixin config fabric-networking-api-v1.client.mixins.json does not specify "minVersion" or "requiredFeatures" property
[15:48:29] [main/DEBUG] (FabricLoader/Mixin) Mixin config fabric-item-api-v1.mixins.json does not specify "minVersion" or "requiredFeatures" property
[15:48:29] [main/DEBUG] (FabricLoader/Mixin) Mixin config fabric-item-api-v1.client.mixins.json does not specify "minVersion" or "requiredFeatures" property
[15:48:29] [main/DEBUG] (FabricLoader/Mixin) Mixin config fabric-object-builder-v1.mixins.json does not specify "minVersion" or "requiredFeatures" property
[15:48:29] [main/DEBUG] (FabricLoader/Mixin) Mixin config fabric-object-builder-v1.client.mixins.json does not specify "minVersion" or "requiredFeatures" property
[15:48:29] [main/DEBUG] (FabricLoader/Mixin) Mixin config fabric-lifecycle-events-v1.mixins.json does not specify "minVersion" or "requiredFeatures" property
[15:48:29] [main/DEBUG] (FabricLoader/Mixin) Mixin config fabric-lifecycle-events-v1.client.mixins.json does not specify "minVersion" or "requiredFeatures" property
[15:48:29] [main/DEBUG] (FabricLoader/Mixin) Mixin config fabric-particles-v1.mixins.json does not specify "minVersion" or "requiredFeatures" property
[15:48:29] [main/DEBUG] (FabricLoader/Mixin) Mixin config fabric-particles-v1.client.mixins.json does not specify "minVersion" or "requiredFeatures" property
[15:48:29] [main/DEBUG] (FabricLoader/Mixin) Mixin config fabric-rendering-v1.mixins.json does not specify "minVersion" or "requiredFeatures" property
[15:48:29] [main/DEBUG] (FabricLoader/Mixin) Mixin config fabric-renderer-api-v1.mixins.json does not specify "minVersion" or "requiredFeatures" property
[15:48:29] [main/DEBUG] (FabricLoader/Mixin) Mixin config fabric-data-attachment-api-v1.mixins.json does not specify "minVersion" or "requiredFeatures" property
[15:48:29] [main/DEBUG] (FabricLoader/Mixin) Mixin config fabric-data-attachment-api-v1.client.mixins.json does not specify "minVersion" or "requiredFeatures" property
[15:48:29] [main/DEBUG] (FabricLoader/Mixin) Mixin config fabric-biome-api-v1.mixins.json does not specify "minVersion" or "requiredFeatures" property
[15:48:29] [main/DEBUG] (FabricLoader/Mixin) Compatibility level JAVA_17 specified by tweakerxihe.client.mixins.json is higher than the maximum level supported by this version of mixin (JAVA_13).
[15:48:29] [main/DEBUG] (FabricLoader/Mixin) Mixin config tweakerxihe.client.mixins.json does not specify "minVersion" or "requiredFeatures" property
[15:48:29] [main/DEBUG] (FabricLoader/Mixin) Mixin config fabric-client-gametest-api-v1.mixins.json does not specify "minVersion" or "requiredFeatures" property
[15:48:29] [main/DEBUG] (FabricLoader/Mixin) Mixin config fabric-rendering-fluids-v1.mixins.json does not specify "minVersion" or "requiredFeatures" property
[15:48:29] [main/DEBUG] (FabricLoader/Mixin) Mixin config fabric-command-api-v2.mixins.json does not specify "minVersion" or "requiredFeatures" property
[15:48:29] [main/DEBUG] (FabricLoader/Mixin) Mixin config fabric-command-api-v2.client.mixins.json does not specify "minVersion" or "requiredFeatures" property
[15:48:29] [main/DEBUG] (FabricLoader/Mixin) Mixin config fabric-recipe-api-v1.mixins.json does not specify "minVersion" or "requiredFeatures" property
[15:48:29] [main/DEBUG] (FabricLoader/Mixin) Mixin config fabric-registry-sync-v0.mixins.json does not specify "minVersion" or "requiredFeatures" property
[15:48:29] [main/DEBUG] (FabricLoader/Mixin) Mixin config fabric-registry-sync-v0.client.mixins.json does not specify "minVersion" or "requiredFeatures" property
[15:48:29] [main/DEBUG] (FabricLoader/Mixin) Mixin config fabric-convention-tags-api-v2.mixins.json does not specify "minVersion" or "requiredFeatures" property
[15:48:29] [main/DEBUG] (FabricLoader/Mixin) Mixin config fabric-block-api-v1.mixins.json does not specify "minVersion" or "requiredFeatures" property
[15:48:29] [main/DEBUG] (FabricLoader/Mixin) Mixin config fabric-gametest-api-v1.mixins.json does not specify "minVersion" or "requiredFeatures" property
[15:48:29] [main/DEBUG] (FabricLoader/Mixin) Mixin config fabric-resource-conditions-api-v1.mixins.json does not specify "minVersion" or "requiredFeatures" property
[15:48:29] [main/DEBUG] (FabricLoader/Mixin) Mixin config fabric-tag-api-v1.mixins.json does not specify "minVersion" or "requiredFeatures" property
[15:48:29] [main/DEBUG] (FabricLoader/Mixin) Mixin config fabric-key-binding-api-v1.mixins.json does not specify "minVersion" or "requiredFeatures" property
[15:48:29] [main/DEBUG] (FabricLoader/Mixin) Mixin config fabric-dimensions-v1.mixins.json does not specify "minVersion" or "requiredFeatures" property
[15:48:29] [main/DEBUG] (FabricLoader/Mixin) Mixin config fabric-renderer-indigo.mixins.json does not specify "minVersion" or "requiredFeatures" property
[15:48:29] [main/DEBUG] (FabricLoader/Mixin) Mixin config fabric-events-interaction-v0.mixins.json does not specify "minVersion" or "requiredFeatures" property
[15:48:29] [main/DEBUG] (FabricLoader/Mixin) Mixin config fabric-events-interaction-v0.client.mixins.json does not specify "minVersion" or "requiredFeatures" property
[15:48:29] [main/DEBUG] (FabricLoader/Mixin) Mixin config mixins.mm.json does not specify "minVersion" or "requiredFeatures" property
[15:48:29] [main/DEBUG] (FabricLoader/Mixin) Mixin config fabric-transfer-api-v1.mixins.json does not specify "minVersion" or "requiredFeatures" property
[15:48:29] [main/DEBUG] (FabricLoader/Mixin) Mixin config fabric-game-rule-api-v1.mixins.json does not specify "minVersion" or "requiredFeatures" property
[15:48:29] [main/DEBUG] (FabricLoader/Mixin) Mixin config fabric-game-rule-api-v1.client.mixins.json does not specify "minVersion" or "requiredFeatures" property
[15:48:29] [main/DEBUG] (FabricLoader/Mixin) Mixin config fabric-block-view-api-v2.mixins.json does not specify "minVersion" or "requiredFeatures" property
[15:48:29] [main/DEBUG] (FabricLoader/Mixin) Mixin config fabric-block-view-api-v2.client.mixins.json does not specify "minVersion" or "requiredFeatures" property
[15:48:29] [main/DEBUG] (FabricLoader/Mixin) Mixin config fabric-content-registries-v0.mixins.json does not specify "minVersion" or "requiredFeatures" property
[15:48:29] [main/DEBUG] (FabricLoader/Mixin) Mixin config fabric-api-lookup-api-v1.mixins.json does not specify "minVersion" or "requiredFeatures" property
[15:48:29] [main/DEBUG] (FabricLoader/Mixin) Mixin config fabric-entity-events-v1.mixins.json does not specify "minVersion" or "requiredFeatures" property
[15:48:29] [main/DEBUG] (FabricLoader/Mixin) Mixin config fabric-message-api-v1.mixins.json does not specify "minVersion" or "requiredFeatures" property
[15:48:29] [main/DEBUG] (FabricLoader/Mixin) Mixin config fabric-message-api-v1.client.mixins.json does not specify "minVersion" or "requiredFeatures" property
[15:48:29] [main/DEBUG] (FabricLoader/Mixin) Mixin config fabric-data-generation-api-v1.mixins.json does not specify "minVersion" or "requiredFeatures" property
[15:48:29] [main/DEBUG] (FabricLoader/Mixin) Mixin config fabric-data-generation-api-v1.client.mixins.json does not specify "minVersion" or "requiredFeatures" property
[15:48:29] [main/DEBUG] (FabricLoader/Mixin) Mixin config fabric-model-loading-api-v1.mixins.json does not specify "minVersion" or "requiredFeatures" property
[15:48:29] [main/DEBUG] (FabricLoader/Mixin) Mixin config fabric-item-group-api-v1.mixins.json does not specify "minVersion" or "requiredFeatures" property
[15:48:29] [main/DEBUG] (FabricLoader/Mixin) Mixin config fabric-item-group-api-v1.client.mixins.json does not specify "minVersion" or "requiredFeatures" property
[15:48:29] [main/DEBUG] (FabricLoader/Mixin) Mixin config fabric-resource-loader-v0.mixins.json does not specify "minVersion" or "requiredFeatures" property
[15:48:29] [main/DEBUG] (FabricLoader/Mixin) Mixin config fabric-resource-loader-v0.client.mixins.json does not specify "minVersion" or "requiredFeatures" property
[15:48:29] [main/DEBUG] (FabricLoader/Mixin) Mixin config fabric-loot-api-v3.mixins.json does not specify "minVersion" or "requiredFeatures" property
[15:48:29] [main/DEBUG] (FabricLoader/Mixin) Mixin config fabric-crash-report-info-v1.mixins.json does not specify "minVersion" or "requiredFeatures" property
[15:48:29] [main/DEBUG] (FabricLoader/Mixin) Mixin config fabric-screen-handler-api-v1.mixins.json does not specify "minVersion" or "requiredFeatures" property
[15:48:29] [main/DEBUG] (FabricLoader/Mixin) Mixin config fabric-sound-api-v1.mixins.json does not specify "minVersion" or "requiredFeatures" property
[15:48:29] [main/DEBUG] (FabricLoader/Mixin) Mixin config fabric-screen-api-v1.mixins.json does not specify "minVersion" or "requiredFeatures" property
[15:48:29] [main/DEBUG] (FabricLoader/Knot) Adding E:\Work2025\tweakerxihe\.gradle\loom-cache\minecraftMaven\net\minecraft\minecraft-clientOnly-8e4d1c984e\1.21.7-net.fabricmc.yarn.1_21_7.1.21.7+build.6-v2\minecraft-clientOnly-8e4d1c984e-1.21.7-net.fabricmc.yarn.1_21_7.1.21.7+build.6-v2.jar to classpath.
[15:48:29] [main/DEBUG] (FabricLoader/Knot) Adding E:\Work2025\tweakerxihe\.gradle\loom-cache\minecraftMaven\net\minecraft\minecraft-common-8e4d1c984e\1.21.7-net.fabricmc.yarn.1_21_7.1.21.7+build.6-v2\minecraft-common-8e4d1c984e-1.21.7-net.fabricmc.yarn.1_21_7.1.21.7+build.6-v2.jar to classpath.
[15:48:29] [main/DEBUG] (FabricLoader/Knot) Adding E:\Work2025\tweakerxihe\build\classes\java\client to classpath.
[15:48:29] [main/DEBUG] (FabricLoader/Knot) Adding E:\Work2025\tweakerxihe\build\resources\client to classpath.
[15:48:29] [main/DEBUG] (FabricLoader/Knot) Adding D:\Program Files\gradle-8.9\caches\fabric-loom\1.21.7\net.fabricmc.yarn.1_21_7.1.21.7+build.6-v2\mappings.jar to classpath.
[15:48:29] [main/DEBUG] (FabricLoader/Knot) Adding D:\Program Files\gradle-8.9\caches\modules-2\files-2.1\io.github.llamalad7\mixinextras-fabric\0.4.1\8d1a9e96afb990367fa1f904d17580d164da72e3\mixinextras-fabric-0.4.1.jar to classpath.
[15:48:29] [main/DEBUG] (FabricLoader/Knot) Adding D:\Program Files\gradle-8.9\caches\modules-2\files-2.1\net.fabricmc\dev-launch-injector\0.2.1+build.8\da8bef7e6e2f952da707f282bdb46882a0fce5e3\dev-launch-injector-0.2.1+build.8.jar to classpath.
[15:48:29] [main/DEBUG] (FabricLoader/Knot) Adding D:\Program Files\gradle-8.9\caches\modules-2\files-2.1\com.fasterxml.jackson.core\jackson-annotations\2.13.4\858c6cc78e1f08a885b1613e1d817c829df70a6e\jackson-annotations-2.13.4.jar to classpath.
[15:48:29] [main/DEBUG] (FabricLoader/Knot) Adding D:\Program Files\gradle-8.9\caches\modules-2\files-2.1\com.fasterxml.jackson.core\jackson-core\2.13.4\cf934c681294b97ef6d80082faeefbe1edadf56\jackson-core-2.13.4.jar to classpath.
[15:48:29] [main/DEBUG] (FabricLoader/Knot) Adding D:\Program Files\gradle-8.9\caches\modules-2\files-2.1\com.fasterxml.jackson.core\jackson-databind\2.13.4.2\325c06bdfeb628cfb80ebaaf1a26cc1eb558a585\jackson-databind-2.13.4.2.jar to classpath.
[15:48:29] [main/DEBUG] (FabricLoader/Knot) Adding D:\Program Files\gradle-8.9\caches\modules-2\files-2.1\com.github.oshi\oshi-core\6.6.5\e1099981fd15dc4236c4499d82aba1276fb43a9a\oshi-core-6.6.5.jar to classpath.
[15:48:29] [main/DEBUG] (FabricLoader/Knot) Adding D:\Program Files\gradle-8.9\caches\modules-2\files-2.1\com.github.stephenc.jcip\jcip-annotations\1.0-1\ef31541dd28ae2cefdd17c7ebf352d93e9058c63\jcip-annotations-1.0-1.jar to classpath.
[15:48:29] [main/DEBUG] (FabricLoader/Knot) Adding D:\Program Files\gradle-8.9\caches\modules-2\files-2.1\com.google.guava\failureaccess\1.0.2\c4a06a64e650562f30b7bf9aaec1bfed43aca12b\failureaccess-1.0.2.jar to classpath.
[15:48:29] [main/DEBUG] (FabricLoader/Knot) Adding D:\Program Files\gradle-8.9\caches\modules-2\files-2.1\com.google.guava\guava\33.3.1-jre\852f8b363da0111e819460021ca693cacca3e8db\guava-33.3.1-jre.jar to classpath.
[15:48:29] [main/DEBUG] (FabricLoader/Knot) Adding D:\Program Files\gradle-8.9\caches\modules-2\files-2.1\com.ibm.icu\icu4j\76.1\215f3a8e936d4069344bd75f2b1368fd58112894\icu4j-76.1.jar to classpath.
[15:48:29] [main/DEBUG] (FabricLoader/Knot) Adding D:\Program Files\gradle-8.9\caches\modules-2\files-2.1\com.microsoft.azure\msal4j\1.17.2\a6211e3d71d0388929babaa0ff0951b30d001852\msal4j-1.17.2.jar to classpath.
[15:48:29] [main/DEBUG] (FabricLoader/Knot) Adding D:\Program Files\gradle-8.9\caches\modules-2\files-2.1\com.mojang\blocklist\1.0.10\5c685c5ffa94c4cd39496c7184c1d122e515ecef\blocklist-1.0.10.jar to classpath.
[15:48:29] [main/DEBUG] (FabricLoader/Knot) Adding D:\Program Files\gradle-8.9\caches\modules-2\files-2.1\com.mojang\brigadier\1.3.10\d15b53a14cf20fdcaa98f731af5dda654452c010\brigadier-1.3.10.jar to classpath.
[15:48:29] [main/DEBUG] (FabricLoader/Knot) Adding D:\Program Files\gradle-8.9\caches\modules-2\files-2.1\com.mojang\datafixerupper\8.0.16\67d4de6d7f95d89bcf5862995fb854ebaec02a34\datafixerupper-8.0.16.jar to classpath.
[15:48:29] [main/DEBUG] (FabricLoader/Knot) Adding D:\Program Files\gradle-8.9\caches\modules-2\files-2.1\com.mojang\jtracy\1.0.29\6f07dcb6a2e595c7ee2ca43b67e5d1c018ca0770\jtracy-1.0.29.jar to classpath.
[15:48:29] [main/DEBUG] (FabricLoader/Knot) Adding D:\Program Files\gradle-8.9\caches\modules-2\files-2.1\com.mojang\jtracy\1.0.29\e05332cb31c7ae582dc8d8bd1bffd47c2ff7636f\jtracy-1.0.29-natives-windows.jar to classpath.
[15:48:29] [main/DEBUG] (FabricLoader/Knot) Adding D:\Program Files\gradle-8.9\caches\modules-2\files-2.1\com.mojang\patchy\2.2.10\da05971b07cbb379d002cf7eaec6a2048211fefc\patchy-2.2.10.jar to classpath.
[15:48:29] [main/DEBUG] (FabricLoader/Knot) Adding D:\Program Files\gradle-8.9\caches\modules-2\files-2.1\com.mojang\text2speech\1.18.11\e853a12cdd6ba4f4836e8f4bf3b37844a13482b6\text2speech-1.18.11.jar to classpath.
[15:48:29] [main/DEBUG] (FabricLoader/Knot) Adding D:\Program Files\gradle-8.9\caches\modules-2\files-2.1\com.nimbusds\content-type\2.3\e3aa0be212d7a42839a8f3f506f5b990bcce0222\content-type-2.3.jar to classpath.
[15:48:29] [main/DEBUG] (FabricLoader/Knot) Adding D:\Program Files\gradle-8.9\caches\modules-2\files-2.1\com.nimbusds\lang-tag\1.7\97c73ecd70bc7e8eefb26c5eea84f251a63f1031\lang-tag-1.7.jar to classpath.
[15:48:29] [main/DEBUG] (FabricLoader/Knot) Adding D:\Program Files\gradle-8.9\caches\modules-2\files-2.1\com.nimbusds\nimbus-jose-jwt\9.40\42b1dfa0360e4062951b070bac52dd8d96fd7b38\nimbus-jose-jwt-9.40.jar to classpath.
[15:48:29] [main/DEBUG] (FabricLoader/Knot) Adding D:\Program Files\gradle-8.9\caches\modules-2\files-2.1\com.nimbusds\oauth2-oidc-sdk\11.18\7c7ec4f4066625ff07a711ad856fa04da1ff9de\oauth2-oidc-sdk-11.18.jar to classpath.
[15:48:29] [main/DEBUG] (FabricLoader/Knot) Adding D:\Program Files\gradle-8.9\caches\modules-2\files-2.1\commons-codec\commons-codec\1.17.1\973638b7149d333563584137ebf13a691bb60579\commons-codec-1.17.1.jar to classpath.
[15:48:29] [main/DEBUG] (FabricLoader/Knot) Adding D:\Program Files\gradle-8.9\caches\modules-2\files-2.1\commons-io\commons-io\2.17.0\ddcc8433eb019fb48fe25207c0278143f3e1d7e2\commons-io-2.17.0.jar to classpath.
[15:48:29] [main/DEBUG] (FabricLoader/Knot) Adding D:\Program Files\gradle-8.9\caches\modules-2\files-2.1\commons-logging\commons-logging\1.3.4\b9fc14968d63a8b8a8a2c1885fe3e90564239708\commons-logging-1.3.4.jar to classpath.
[15:48:29] [main/DEBUG] (FabricLoader/Knot) Adding D:\Program Files\gradle-8.9\caches\modules-2\files-2.1\io.netty\netty-buffer\4.1.118.Final\7022990af1e0d449f9d5322035899745e19735c5\netty-buffer-4.1.118.Final.jar to classpath.
[15:48:29] [main/DEBUG] (FabricLoader/Knot) Adding D:\Program Files\gradle-8.9\caches\modules-2\files-2.1\io.netty\netty-codec\4.1.118.Final\307f665c08ce57333121de4f460479fc0c3c94d4\netty-codec-4.1.118.Final.jar to classpath.
[15:48:29] [main/DEBUG] (FabricLoader/Knot) Adding D:\Program Files\gradle-8.9\caches\modules-2\files-2.1\io.netty\netty-common\4.1.118.Final\4bb0f9899146484fa89f7b9bc27389d5b8e2ecde\netty-common-4.1.118.Final.jar to classpath.
[15:48:29] [main/DEBUG] (FabricLoader/Knot) Adding D:\Program Files\gradle-8.9\caches\modules-2\files-2.1\io.netty\netty-handler\4.1.118.Final\30ebb05b6b0fb071dbfcf713017c4a767a97bb9b\netty-handler-4.1.118.Final.jar to classpath.
[15:48:29] [main/DEBUG] (FabricLoader/Knot) Adding D:\Program Files\gradle-8.9\caches\modules-2\files-2.1\io.netty\netty-resolver\4.1.118.Final\28c378c19c1779eca1104b400452627f3ebc4aea\netty-resolver-4.1.118.Final.jar to classpath.
[15:48:29] [main/DEBUG] (FabricLoader/Knot) Adding D:\Program Files\gradle-8.9\caches\modules-2\files-2.1\io.netty\netty-transport-classes-epoll\4.1.118.Final\376ce95507066f0e755d97c1c8bcd6c33f657617\netty-transport-classes-epoll-4.1.118.Final.jar to classpath.
[15:48:29] [main/DEBUG] (FabricLoader/Knot) Adding D:\Program Files\gradle-8.9\caches\modules-2\files-2.1\io.netty\netty-transport-native-unix-common\4.1.118.Final\9da25a94e6a0edac90da0bc7894e5a54efcb866b\netty-transport-native-unix-common-4.1.118.Final.jar to classpath.
[15:48:29] [main/DEBUG] (FabricLoader/Knot) Adding D:\Program Files\gradle-8.9\caches\modules-2\files-2.1\io.netty\netty-transport\4.1.118.Final\5a27232e5d08218722d94ca14f0b1b4576e7711c\netty-transport-4.1.118.Final.jar to classpath.
[15:48:29] [main/DEBUG] (FabricLoader/Knot) Adding D:\Program Files\gradle-8.9\caches\modules-2\files-2.1\it.unimi.dsi\fastutil\8.5.15\1e885b40c9563ab0d3899b871fd0b30e958705dc\fastutil-8.5.15.jar to classpath.
[15:48:29] [main/DEBUG] (FabricLoader/Knot) Adding D:\Program Files\gradle-8.9\caches\modules-2\files-2.1\net.java.dev.jna\jna-platform\5.15.0\86b502cad57d45da172b5e3231c537b042e296ef\jna-platform-5.15.0.jar to classpath.
[15:48:29] [main/DEBUG] (FabricLoader/Knot) Adding D:\Program Files\gradle-8.9\caches\modules-2\files-2.1\net.java.dev.jna\jna\5.15.0\1ee1d80ff44f08280188f7c0e740d57207841ac\jna-5.15.0.jar to classpath.
[15:48:29] [main/DEBUG] (FabricLoader/Knot) Adding D:\Program Files\gradle-8.9\caches\modules-2\files-2.1\net.minidev\accessors-smart\2.5.1\19b820261eb2e7de7d5bde11d1c06e4501dd7e5f\accessors-smart-2.5.1.jar to classpath.
[15:48:29] [main/DEBUG] (FabricLoader/Knot) Adding D:\Program Files\gradle-8.9\caches\modules-2\files-2.1\net.minidev\json-smart\2.5.1\4c11d2808d009132dfbbf947ebf37de6bf266c8e\json-smart-2.5.1.jar to classpath.
[15:48:29] [main/DEBUG] (FabricLoader/Knot) Adding D:\Program Files\gradle-8.9\caches\modules-2\files-2.1\net.sf.jopt-simple\jopt-simple\5.0.4\4fdac2fbe92dfad86aa6e9301736f6b4342a3f5c\jopt-simple-5.0.4.jar to classpath.
[15:48:29] [main/DEBUG] (FabricLoader/Knot) Adding D:\Program Files\gradle-8.9\caches\modules-2\files-2.1\org.apache.commons\commons-compress\1.27.1\a19151084758e2fbb6b41eddaa88e7b8ff4e6599\commons-compress-1.27.1.jar to classpath.
[15:48:29] [main/DEBUG] (FabricLoader/Knot) Adding D:\Program Files\gradle-8.9\caches\modules-2\files-2.1\org.apache.commons\commons-lang3\3.17.0\b17d2136f0460dcc0d2016ceefca8723bdf4ee70\commons-lang3-3.17.0.jar to classpath.
[15:48:29] [main/DEBUG] (FabricLoader/Knot) Adding D:\Program Files\gradle-8.9\caches\modules-2\files-2.1\org.apache.httpcomponents\httpclient\4.5.14\1194890e6f56ec29177673f2f12d0b8e627dec98\httpclient-4.5.14.jar to classpath.
[15:48:29] [main/DEBUG] (FabricLoader/Knot) Adding D:\Program Files\gradle-8.9\caches\modules-2\files-2.1\org.apache.httpcomponents\httpcore\4.4.16\51cf043c87253c9f58b539c9f7e44c8894223850\httpcore-4.4.16.jar to classpath.
[15:48:29] [main/DEBUG] (FabricLoader/Knot) Adding D:\Program Files\gradle-8.9\caches\modules-2\files-2.1\org.jcraft\jorbis\0.0.17\8872d22b293e8f5d7d56ff92be966e6dc28ebdc6\jorbis-0.0.17.jar to classpath.
[15:48:29] [main/DEBUG] (FabricLoader/Knot) Adding D:\Program Files\gradle-8.9\caches\modules-2\files-2.1\org.joml\joml\1.10.8\fc0a71dad90a2cf41d82a76156a0e700af8e4f8d\joml-1.10.8.jar to classpath.
[15:48:29] [main/DEBUG] (FabricLoader/Knot) Adding D:\Program Files\gradle-8.9\caches\modules-2\files-2.1\org.lwjgl\lwjgl-freetype\3.3.3\a0db6c84a8becc8ca05f9dbfa985edc348a824c7\lwjgl-freetype-3.3.3.jar to classpath.
[15:48:29] [main/DEBUG] (FabricLoader/Knot) Adding D:\Program Files\gradle-8.9\caches\modules-2\files-2.1\org.lwjgl\lwjgl-freetype\3.3.3\81091b006dbb43fab04c8c638e9ac87c51b4096d\lwjgl-freetype-3.3.3-natives-windows.jar to classpath.
[15:48:29] [main/DEBUG] (FabricLoader/Knot) Adding D:\Program Files\gradle-8.9\caches\modules-2\files-2.1\org.lwjgl\lwjgl-freetype\3.3.3\82028265a0a2ff33523ca75137ada7dc176e5210\lwjgl-freetype-3.3.3-natives-windows-arm64.jar to classpath.
[15:48:29] [main/DEBUG] (FabricLoader/Knot) Adding D:\Program Files\gradle-8.9\caches\modules-2\files-2.1\org.lwjgl\lwjgl-freetype\3.3.3\15a8c1de7f51d07a92eae7ce1222557073a0c0c3\lwjgl-freetype-3.3.3-natives-windows-x86.jar to classpath.
[15:48:29] [main/DEBUG] (FabricLoader/Knot) Adding D:\Program Files\gradle-8.9\caches\modules-2\files-2.1\org.lwjgl\lwjgl-glfw\3.3.3\efa1eb78c5ccd840e9f329717109b5e892d72f8e\lwjgl-glfw-3.3.3.jar to classpath.
[15:48:29] [main/DEBUG] (FabricLoader/Knot) Adding D:\Program Files\gradle-8.9\caches\modules-2\files-2.1\org.lwjgl\lwjgl-glfw\3.3.3\e449e28b4891fc423c54c85fbc5bb0b9efece67a\lwjgl-glfw-3.3.3-natives-windows.jar to classpath.
[15:48:29] [main/DEBUG] (FabricLoader/Knot) Adding D:\Program Files\gradle-8.9\caches\modules-2\files-2.1\org.lwjgl\lwjgl-glfw\3.3.3\f27018dc74f6289574502b46cce55d52817554e2\lwjgl-glfw-3.3.3-natives-windows-arm64.jar to classpath.
[15:48:29] [main/DEBUG] (FabricLoader/Knot) Adding D:\Program Files\gradle-8.9\caches\modules-2\files-2.1\org.lwjgl\lwjgl-glfw\3.3.3\32334f3fd5270a59bad9939a93115acb6de36dcf\lwjgl-glfw-3.3.3-natives-windows-x86.jar to classpath.
[15:48:29] [main/DEBUG] (FabricLoader/Knot) Adding D:\Program Files\gradle-8.9\caches\modules-2\files-2.1\org.lwjgl\lwjgl-jemalloc\3.3.3\b543467b7ff3c6920539a88ee602d34098628be5\lwjgl-jemalloc-3.3.3.jar to classpath.
[15:48:29] [main/DEBUG] (FabricLoader/Knot) Adding D:\Program Files\gradle-8.9\caches\modules-2\files-2.1\org.lwjgl\lwjgl-jemalloc\3.3.3\426222fc027602a5f21b9c0fe79cde6a4c7a011f\lwjgl-jemalloc-3.3.3-natives-windows.jar to classpath.
[15:48:29] [main/DEBUG] (FabricLoader/Knot) Adding D:\Program Files\gradle-8.9\caches\modules-2\files-2.1\org.lwjgl\lwjgl-jemalloc\3.3.3\ba1f3fed0ee4be0217eaa41c5bbfb4b9b1383c33\lwjgl-jemalloc-3.3.3-natives-windows-arm64.jar to classpath.
[15:48:29] [main/DEBUG] (FabricLoader/Knot) Adding D:\Program Files\gradle-8.9\caches\modules-2\files-2.1\org.lwjgl\lwjgl-jemalloc\3.3.3\f6063b6e0f23be483c5c88d84ce51b39dc69126c\lwjgl-jemalloc-3.3.3-natives-windows-x86.jar to classpath.
[15:48:29] [main/DEBUG] (FabricLoader/Knot) Adding D:\Program Files\gradle-8.9\caches\modules-2\files-2.1\org.lwjgl\lwjgl-openal\3.3.3\daada81ceb5fc0c291fbfdd4433cb8d9423577f2\lwjgl-openal-3.3.3.jar to classpath.
[15:48:29] [main/DEBUG] (FabricLoader/Knot) Adding D:\Program Files\gradle-8.9\caches\modules-2\files-2.1\org.lwjgl\lwjgl-openal\3.3.3\cf83862ae95d98496b26915024c7e666d8ab1c8f\lwjgl-openal-3.3.3-natives-windows.jar to classpath.
[15:48:29] [main/DEBUG] (FabricLoader/Knot) Adding D:\Program Files\gradle-8.9\caches\modules-2\files-2.1\org.lwjgl\lwjgl-openal\3.3.3\8e0615235116b9e4160dfe87bec90f5f6378bf72\lwjgl-openal-3.3.3-natives-windows-arm64.jar to classpath.
[15:48:29] [main/DEBUG] (FabricLoader/Knot) Adding D:\Program Files\gradle-8.9\caches\modules-2\files-2.1\org.lwjgl\lwjgl-openal\3.3.3\87b8d5050e3adb46bb58fe1cb2669a4a48fce10d\lwjgl-openal-3.3.3-natives-windows-x86.jar to classpath.
[15:48:29] [main/DEBUG] (FabricLoader/Knot) Adding D:\Program Files\gradle-8.9\caches\modules-2\files-2.1\org.lwjgl\lwjgl-opengl\3.3.3\2f6b0147078396a58979125a4c947664e98293a\lwjgl-opengl-3.3.3.jar to classpath.
[15:48:29] [main/DEBUG] (FabricLoader/Knot) Adding D:\Program Files\gradle-8.9\caches\modules-2\files-2.1\org.lwjgl\lwjgl-opengl\3.3.3\e6c1eec8be8a71951b830a4d69efc01c6531900c\lwjgl-opengl-3.3.3-natives-windows.jar to classpath.
[15:48:29] [main/DEBUG] (FabricLoader/Knot) Adding D:\Program Files\gradle-8.9\caches\modules-2\files-2.1\org.lwjgl\lwjgl-opengl\3.3.3\65e956d3735a1abdc82eff4baec1b61174697d4b\lwjgl-opengl-3.3.3-natives-windows-arm64.jar to classpath.
[15:48:29] [main/DEBUG] (FabricLoader/Knot) Adding D:\Program Files\gradle-8.9\caches\modules-2\files-2.1\org.lwjgl\lwjgl-opengl\3.3.3\d32d833dcaa2f355a886eaf21f0408b5f03241d\lwjgl-opengl-3.3.3-natives-windows-x86.jar to classpath.
[15:48:29] [main/DEBUG] (FabricLoader/Knot) Adding D:\Program Files\gradle-8.9\caches\modules-2\files-2.1\org.lwjgl\lwjgl-stb\3.3.3\25dd6161988d7e65f71d5065c99902402ee32746\lwjgl-stb-3.3.3.jar to classpath.
[15:48:29] [main/DEBUG] (FabricLoader/Knot) Adding D:\Program Files\gradle-8.9\caches\modules-2\files-2.1\org.lwjgl\lwjgl-stb\3.3.3\1d9facdf6541de114b0f963be33505b7679c78cb\lwjgl-stb-3.3.3-natives-windows.jar to classpath.
[15:48:29] [main/DEBUG] (FabricLoader/Knot) Adding D:\Program Files\gradle-8.9\caches\modules-2\files-2.1\org.lwjgl\lwjgl-stb\3.3.3\a584ab44de569708871f0a79561f4d8c37487f2c\lwjgl-stb-3.3.3-natives-windows-arm64.jar to classpath.
[15:48:29] [main/DEBUG] (FabricLoader/Knot) Adding D:\Program Files\gradle-8.9\caches\modules-2\files-2.1\org.lwjgl\lwjgl-stb\3.3.3\b5c874687b9aac1a936501d4ed2c49567fd1b575\lwjgl-stb-3.3.3-natives-windows-x86.jar to classpath.
[15:48:29] [main/DEBUG] (FabricLoader/Knot) Adding D:\Program Files\gradle-8.9\caches\modules-2\files-2.1\org.lwjgl\lwjgl-tinyfd\3.3.3\82d755ca94b102e9ca77283b9e2dc46d1b15fbe5\lwjgl-tinyfd-3.3.3.jar to classpath.
[15:48:29] [main/DEBUG] (FabricLoader/Knot) Adding D:\Program Files\gradle-8.9\caches\modules-2\files-2.1\org.lwjgl\lwjgl-tinyfd\3.3.3\a6697981b0449a5087c1d546fc08b4f73e8f98c9\lwjgl-tinyfd-3.3.3-natives-windows.jar to classpath.
[15:48:29] [main/DEBUG] (FabricLoader/Knot) Adding D:\Program Files\gradle-8.9\caches\modules-2\files-2.1\org.lwjgl\lwjgl-tinyfd\3.3.3\a88c494f3006eb91a7433b12a3a55a9a6c20788b\lwjgl-tinyfd-3.3.3-natives-windows-arm64.jar to classpath.
[15:48:29] [main/DEBUG] (FabricLoader/Knot) Adding D:\Program Files\gradle-8.9\caches\modules-2\files-2.1\org.lwjgl\lwjgl-tinyfd\3.3.3\c336c84ee88cccb495c6ffa112395509e7378e8a\lwjgl-tinyfd-3.3.3-natives-windows-x86.jar to classpath.
[15:48:29] [main/DEBUG] (FabricLoader/Knot) Adding D:\Program Files\gradle-8.9\caches\modules-2\files-2.1\org.lwjgl\lwjgl\3.3.3\29589b5f87ed335a6c7e7ee6a5775f81f97ecb84\lwjgl-3.3.3.jar to classpath.
[15:48:29] [main/DEBUG] (FabricLoader/Knot) Adding D:\Program Files\gradle-8.9\caches\modules-2\files-2.1\org.lwjgl\lwjgl\3.3.3\a5ed18a2b82fc91b81f40d717cb1f64c9dcb0540\lwjgl-3.3.3-natives-windows.jar to classpath.
[15:48:29] [main/DEBUG] (FabricLoader/Knot) Adding D:\Program Files\gradle-8.9\caches\modules-2\files-2.1\org.lwjgl\lwjgl\3.3.3\e9aca8c5479b520a2a7f0d542a118140e812c5e8\lwjgl-3.3.3-natives-windows-arm64.jar to classpath.
[15:48:29] [main/DEBUG] (FabricLoader/Knot) Adding D:\Program Files\gradle-8.9\caches\modules-2\files-2.1\org.lwjgl\lwjgl\3.3.3\9e670718e050aeaeea0c2d5b907cffb142f2e58f\lwjgl-3.3.3-natives-windows-x86.jar to classpath.
[15:48:29] [main/DEBUG] (FabricLoader/Knot) Adding D:\Program Files\gradle-8.9\caches\modules-2\files-2.1\org.lz4\lz4-java\1.8.0\4b986a99445e49ea5fbf5d149c4b63f6ed6c6780\lz4-java-1.8.0.jar to classpath.
[15:48:29] [main/DEBUG] (FabricLoader/Knot) Adding E:\Work2025\tweakerxihe\.gradle\loom-cache\minecraftMaven\net\minecraft\minecraft-clientOnly-8e4d1c984e\1.21.7-net.fabricmc.yarn.1_21_7.1.21.7+build.6-v2\minecraft-clientOnly-8e4d1c984e-1.21.7-net.fabricmc.yarn.1_21_7.1.21.7+build.6-v2.jar to classpath.
[15:48:29] [main/DEBUG] (FabricLoader/Knot) Adding E:\Work2025\tweakerxihe\.gradle\loom-cache\minecraftMaven\net\minecraft\minecraft-common-8e4d1c984e\1.21.7-net.fabricmc.yarn.1_21_7.1.21.7+build.6-v2\minecraft-common-8e4d1c984e-1.21.7-net.fabricmc.yarn.1_21_7.1.21.7+build.6-v2.jar to classpath.
[15:48:29] [main/DEBUG] (FabricLoader/Knot) Adding D:\Program Files\gradle-8.9\caches\modules-2\files-2.1\io.netty\netty-transport-native-epoll\4.1.118.Final\7e6b89e3746acb7cf6f0aad993bbd058fc6d912e\netty-transport-native-epoll-4.1.118.Final-linux-x86_64.jar to classpath.
[15:48:29] [main/DEBUG] (FabricLoader/Knot) Adding D:\Program Files\gradle-8.9\caches\modules-2\files-2.1\io.netty\netty-transport-native-epoll\4.1.118.Final\82f94d0a9d837f6b6a580379373310ff7288c0f8\netty-transport-native-epoll-4.1.118.Final-linux-aarch_64.jar to classpath.
[15:48:29] [main/DEBUG] (FabricLoader/Knot) Adding E:\Work2025\tweakerxihe\.gradle\loom-cache\remapped_mods\remapped\net\fabricmc\fabric-api\fabric-transfer-api-v1-e884cad7-client\6.0.5+946bf4c36c\fabric-transfer-api-v1-e884cad7-client-6.0.5+946bf4c36c.jar to classpath.
[15:48:29] [main/DEBUG] (FabricLoader/Knot) Adding E:\Work2025\tweakerxihe\.gradle\loom-cache\remapped_mods\remapped\net\fabricmc\fabric-api\fabric-command-api-v2-e884cad7-client\2.2.53+946bf4c36c\fabric-command-api-v2-e884cad7-client-2.2.53+946bf4c36c.jar to classpath.
[15:48:29] [main/DEBUG] (FabricLoader/Knot) Adding E:\Work2025\tweakerxihe\.gradle\loom-cache\remapped_mods\remapped\net\fabricmc\fabric-api\fabric-data-generation-api-v1-e884cad7-client\23.2.4+55e55d296c\fabric-data-generation-api-v1-e884cad7-client-23.2.4+55e55d296c.jar to classpath.
[15:48:29] [main/DEBUG] (FabricLoader/Knot) Adding E:\Work2025\tweakerxihe\.gradle\loom-cache\remapped_mods\remapped\net\fabricmc\fabric-api\fabric-data-attachment-api-v1-e884cad7-client\1.8.10+946bf4c36c\fabric-data-attachment-api-v1-e884cad7-client-1.8.10+946bf4c36c.jar to classpath.
[15:48:29] [main/DEBUG] (FabricLoader/Knot) Adding E:\Work2025\tweakerxihe\.gradle\loom-cache\remapped_mods\remapped\net\fabricmc\fabric-api\fabric-events-interaction-v0-e884cad7-client\4.0.23+946bf4c36c\fabric-events-interaction-v0-e884cad7-client-4.0.23+946bf4c36c.jar to classpath.
[15:48:29] [main/DEBUG] (FabricLoader/Knot) Adding E:\Work2025\tweakerxihe\.gradle\loom-cache\remapped_mods\remapped\net\fabricmc\fabric-api\fabric-item-api-v1-e884cad7-client\11.4.3+946bf4c36c\fabric-item-api-v1-e884cad7-client-11.4.3+946bf4c36c.jar to classpath.
[15:48:29] [main/DEBUG] (FabricLoader/Knot) Adding E:\Work2025\tweakerxihe\.gradle\loom-cache\remapped_mods\remapped\net\fabricmc\fabric-api\fabric-item-group-api-v1-e884cad7-client\4.2.13+946bf4c36c\fabric-item-group-api-v1-e884cad7-client-4.2.13+946bf4c36c.jar to classpath.
[15:48:29] [main/DEBUG] (FabricLoader/Knot) Adding E:\Work2025\tweakerxihe\.gradle\loom-cache\remapped_mods\remapped\net\fabricmc\fabric-api\fabric-lifecycle-events-v1-e884cad7-client\2.6.3+db4dfd856c\fabric-lifecycle-events-v1-e884cad7-client-2.6.3+db4dfd856c.jar to classpath.
[15:48:29] [main/DEBUG] (FabricLoader/Knot) Adding E:\Work2025\tweakerxihe\.gradle\loom-cache\remapped_mods\remapped\net\fabricmc\fabric-api\fabric-message-api-v1-e884cad7-client\6.1.1+946bf4c36c\fabric-message-api-v1-e884cad7-client-6.1.1+946bf4c36c.jar to classpath.
[15:48:29] [main/DEBUG] (FabricLoader/Knot) Adding E:\Work2025\tweakerxihe\.gradle\loom-cache\remapped_mods\remapped\net\fabricmc\fabric-api\fabric-model-loading-api-v1-e884cad7-client\5.2.5+946bf4c36c\fabric-model-loading-api-v1-e884cad7-client-5.2.5+946bf4c36c.jar to classpath.
[15:48:29] [main/DEBUG] (FabricLoader/Knot) Adding E:\Work2025\tweakerxihe\.gradle\loom-cache\remapped_mods\remapped\net\fabricmc\fabric-api\fabric-object-builder-api-v1-e884cad7-client\21.1.7+946bf4c36c\fabric-object-builder-api-v1-e884cad7-client-21.1.7+946bf4c36c.jar to classpath.
[15:48:29] [main/DEBUG] (FabricLoader/Knot) Adding E:\Work2025\tweakerxihe\.gradle\loom-cache\remapped_mods\remapped\net\fabricmc\fabric-api\fabric-particles-v1-e884cad7-client\4.1.7+946bf4c36c\fabric-particles-v1-e884cad7-client-4.1.7+946bf4c36c.jar to classpath.
[15:48:29] [main/DEBUG] (FabricLoader/Knot) Adding E:\Work2025\tweakerxihe\.gradle\loom-cache\remapped_mods\remapped\net\fabricmc\fabric-api\fabric-screen-handler-api-v1-e884cad7-client\1.3.136+946bf4c36c\fabric-screen-handler-api-v1-e884cad7-client-1.3.136+946bf4c36c.jar to classpath.
[15:48:29] [main/DEBUG] (FabricLoader/Knot) Adding E:\Work2025\tweakerxihe\.gradle\loom-cache\remapped_mods\remapped\net\fabricmc\fabric-api\fabric-registry-sync-v0-e884cad7-client\6.1.27+946bf4c36c\fabric-registry-sync-v0-e884cad7-client-6.1.27+946bf4c36c.jar to classpath.
[15:48:29] [main/DEBUG] (FabricLoader/Knot) Adding E:\Work2025\tweakerxihe\.gradle\loom-cache\remapped_mods\remapped\net\fabricmc\fabric-api\fabric-renderer-indigo-e884cad7-client\4.0.2+946bf4c36c\fabric-renderer-indigo-e884cad7-client-4.0.2+946bf4c36c.jar to classpath.
[15:48:29] [main/DEBUG] (FabricLoader/Knot) Adding E:\Work2025\tweakerxihe\.gradle\loom-cache\remapped_mods\remapped\net\fabricmc\fabric-api\fabric-renderer-api-v1-e884cad7-client\7.0.2+946bf4c36c\fabric-renderer-api-v1-e884cad7-client-7.0.2+946bf4c36c.jar to classpath.
[15:48:29] [main/DEBUG] (FabricLoader/Knot) Adding E:\Work2025\tweakerxihe\.gradle\loom-cache\remapped_mods\remapped\net\fabricmc\fabric-api\fabric-rendering-fluids-v1-e884cad7-client\3.1.30+fa6cb72b6c\fabric-rendering-fluids-v1-e884cad7-client-3.1.30+fa6cb72b6c.jar to classpath.
[15:48:29] [main/DEBUG] (FabricLoader/Knot) Adding E:\Work2025\tweakerxihe\.gradle\loom-cache\remapped_mods\remapped\net\fabricmc\fabric-api\fabric-rendering-v1-e884cad7-client\12.4.0+e8d43c766c\fabric-rendering-v1-e884cad7-client-12.4.0+e8d43c766c.jar to classpath.
[15:48:29] [main/DEBUG] (FabricLoader/Knot) Adding E:\Work2025\tweakerxihe\.gradle\loom-cache\remapped_mods\remapped\net\fabricmc\fabric-api\fabric-screen-api-v1-e884cad7-client\2.1.0+277ecf7d6c\fabric-screen-api-v1-e884cad7-client-2.1.0+277ecf7d6c.jar to classpath.
[15:48:29] [main/DEBUG] (FabricLoader/Knot) Adding E:\Work2025\tweakerxihe\.gradle\loom-cache\remapped_mods\remapped\net\fabricmc\fabric-api\fabric-tag-api-v1-e884cad7-client\1.2.1+946bf4c36c\fabric-tag-api-v1-e884cad7-client-1.2.1+946bf4c36c.jar to classpath.
[15:48:29] [main/DEBUG] (FabricLoader/Knot) Adding E:\Work2025\tweakerxihe\.gradle\loom-cache\remapped_mods\remapped\net\fabricmc\fabric-api\fabric-recipe-api-v1-e884cad7-client\8.1.14+946bf4c36c\fabric-recipe-api-v1-e884cad7-client-8.1.14+946bf4c36c.jar to classpath.
[15:48:29] [main/DEBUG] (FabricLoader/Knot) Adding E:\Work2025\tweakerxihe\.gradle\loom-cache\remapped_mods\remapped\net\fabricmc\fabric-api\fabric-networking-api-v1-e884cad7-client\5.0.1+946bf4c308\fabric-networking-api-v1-e884cad7-client-5.0.1+946bf4c308.jar to classpath.
[15:48:29] [main/DEBUG] (FabricLoader/Knot) Adding E:\Work2025\tweakerxihe\.gradle\loom-cache\remapped_mods\remapped\net\fabricmc\fabric-api\fabric-resource-loader-v0-e884cad7-client\3.1.11+946bf4c308\fabric-resource-loader-v0-e884cad7-client-3.1.11+946bf4c308.jar to classpath.
[15:48:29] [main/DEBUG] (FabricLoader/Knot) Adding E:\Work2025\tweakerxihe\.gradle\loom-cache\remapped_mods\remapped\net\fabricmc\fabric-api\fabric-block-view-api-v2-e884cad7-client\1.0.31+946bf4c36c\fabric-block-view-api-v2-e884cad7-client-1.0.31+946bf4c36c.jar to classpath.
[15:48:29] [main/DEBUG] (FabricLoader/Knot) Adding E:\Work2025\tweakerxihe\.gradle\loom-cache\remapped_mods\remapped\net\fabricmc\fabric-api\fabric-client-gametest-api-v1-e884cad7-client\4.2.5+8a98c3fc6c\fabric-client-gametest-api-v1-e884cad7-client-4.2.5+8a98c3fc6c.jar to classpath.
[15:48:29] [main/DEBUG] (FabricLoader/Knot) Adding E:\Work2025\tweakerxihe\.gradle\loom-cache\remapped_mods\remapped\net\fabricmc\fabric-api\fabric-game-rule-api-v1-e884cad7-client\1.0.73+c64c9c5b6c\fabric-game-rule-api-v1-e884cad7-client-1.0.73+c64c9c5b6c.jar to classpath.
[15:48:29] [main/DEBUG] (FabricLoader/Knot) Adding E:\Work2025\tweakerxihe\.gradle\loom-cache\remapped_mods\remapped\net\fabricmc\fabric-api\fabric-key-binding-api-v1-e884cad7-client\1.0.65+946bf4c36c\fabric-key-binding-api-v1-e884cad7-client-1.0.65+946bf4c36c.jar to classpath.
[15:48:29] [main/DEBUG] (FabricLoader/Knot) Adding E:\Work2025\tweakerxihe\.gradle\loom-cache\remapped_mods\remapped\net\fabricmc\fabric-api\fabric-sound-api-v1-e884cad7-client\1.0.42+946bf4c36c\fabric-sound-api-v1-e884cad7-client-1.0.42+946bf4c36c.jar to classpath.
[15:48:29] [main/DEBUG] (FabricLoader/Knot) Adding D:\Program Files\gradle-8.9\caches\modules-2\files-2.1\com.google.code.findbugs\jsr305\3.0.2\25ea2e8b0c338a877313bd4672d3fe056ea78f0d\jsr305-3.0.2.jar to classpath.
[15:48:29] [main/DEBUG] (FabricLoader/Knot) Adding E:\Work2025\tweakerxihe\.gradle\loom-cache\remapped_mods\remapped\com\github\sakura-ryoko\litematica-e884cad7\1.21.7-0.23.1\litematica-e884cad7-1.21.7-0.23.1.jar to classpath.
[15:48:29] [main/DEBUG] (FabricLoader/Knot) Adding E:\Work2025\tweakerxihe\.gradle\loom-cache\remapped_mods\remapped\com\github\sakura-ryoko\malilib-e884cad7\1.21.7-0.25.1\malilib-e884cad7-1.21.7-0.25.1.jar to classpath.
[15:48:29] [main/DEBUG] (FabricLoader/Knot) Adding E:\Work2025\tweakerxihe\.gradle\loom-cache\remapped_mods\remapped\com\github\Chocohead\Fabric-ASM-e884cad7\v2.3\Fabric-ASM-e884cad7-v2.3.jar to classpath.
[15:48:29] [main/DEBUG] (FabricLoader/Knot) Adding E:\Work2025\tweakerxihe\.gradle\loom-cache\remapped_mods\remapped\net\fabricmc\fabric-api\fabric-api-e884cad7-common\0.129.0+1.21.7\fabric-api-e884cad7-common-0.129.0+1.21.7.jar to classpath.
[15:48:29] [main/DEBUG] (FabricLoader/Knot) Adding E:\Work2025\tweakerxihe\.gradle\loom-cache\remapped_mods\remapped\net\fabricmc\fabric-api\fabric-transfer-api-v1-e884cad7-common\6.0.5+946bf4c36c\fabric-transfer-api-v1-e884cad7-common-6.0.5+946bf4c36c.jar to classpath.
[15:48:29] [main/DEBUG] (FabricLoader/Knot) Adding E:\Work2025\tweakerxihe\.gradle\loom-cache\remapped_mods\remapped\net\fabricmc\fabric-api\fabric-api-lookup-api-v1-e884cad7-common\1.6.100+946bf4c36c\fabric-api-lookup-api-v1-e884cad7-common-1.6.100+946bf4c36c.jar to classpath.
[15:48:29] [main/DEBUG] (FabricLoader/Knot) Adding E:\Work2025\tweakerxihe\.gradle\loom-cache\remapped_mods\remapped\net\fabricmc\fabric-api\fabric-command-api-v2-e884cad7-common\2.2.53+946bf4c36c\fabric-command-api-v2-e884cad7-common-2.2.53+946bf4c36c.jar to classpath.
[15:48:29] [main/DEBUG] (FabricLoader/Knot) Adding E:\Work2025\tweakerxihe\.gradle\loom-cache\remapped_mods\remapped\net\fabricmc\fabric-api\fabric-content-registries-v0-e884cad7-common\10.0.18+946bf4c36c\fabric-content-registries-v0-e884cad7-common-10.0.18+946bf4c36c.jar to classpath.
[15:48:29] [main/DEBUG] (FabricLoader/Knot) Adding E:\Work2025\tweakerxihe\.gradle\loom-cache\remapped_mods\remapped\net\fabricmc\fabric-api\fabric-data-generation-api-v1-e884cad7-common\23.2.4+55e55d296c\fabric-data-generation-api-v1-e884cad7-common-23.2.4+55e55d296c.jar to classpath.
[15:48:29] [main/DEBUG] (FabricLoader/Knot) Adding E:\Work2025\tweakerxihe\.gradle\loom-cache\remapped_mods\remapped\net\fabricmc\fabric-api\fabric-convention-tags-v1-e884cad7-common\2.1.40+7f945d5b6c\fabric-convention-tags-v1-e884cad7-common-2.1.40+7f945d5b6c.jar to classpath.
[15:48:29] [main/DEBUG] (FabricLoader/Knot) Adding E:\Work2025\tweakerxihe\.gradle\loom-cache\remapped_mods\remapped\net\fabricmc\fabric-api\fabric-convention-tags-v2-e884cad7-common\2.15.5+eb5df52f6c\fabric-convention-tags-v2-e884cad7-common-2.15.5+eb5df52f6c.jar to classpath.
[15:48:29] [main/DEBUG] (FabricLoader/Knot) Adding E:\Work2025\tweakerxihe\.gradle\loom-cache\remapped_mods\remapped\net\fabricmc\fabric-api\fabric-data-attachment-api-v1-e884cad7-common\1.8.10+946bf4c36c\fabric-data-attachment-api-v1-e884cad7-common-1.8.10+946bf4c36c.jar to classpath.
[15:48:29] [main/DEBUG] (FabricLoader/Knot) Adding E:\Work2025\tweakerxihe\.gradle\loom-cache\remapped_mods\remapped\net\fabricmc\fabric-api\fabric-entity-events-v1-e884cad7-common\2.1.1+c9e472736c\fabric-entity-events-v1-e884cad7-common-2.1.1+c9e472736c.jar to classpath.
[15:48:29] [main/DEBUG] (FabricLoader/Knot) Adding E:\Work2025\tweakerxihe\.gradle\loom-cache\remapped_mods\remapped\net\fabricmc\fabric-api\fabric-events-interaction-v0-e884cad7-common\4.0.23+946bf4c36c\fabric-events-interaction-v0-e884cad7-common-4.0.23+946bf4c36c.jar to classpath.
[15:48:29] [main/DEBUG] (FabricLoader/Knot) Adding E:\Work2025\tweakerxihe\.gradle\loom-cache\remapped_mods\remapped\net\fabricmc\fabric-api\fabric-gametest-api-v1-e884cad7-common\3.1.9+39ce47f56c\fabric-gametest-api-v1-e884cad7-common-3.1.9+39ce47f56c.jar to classpath.
[15:48:29] [main/DEBUG] (FabricLoader/Knot) Adding E:\Work2025\tweakerxihe\.gradle\loom-cache\remapped_mods\remapped\net\fabricmc\fabric-api\fabric-item-api-v1-e884cad7-common\11.4.3+946bf4c36c\fabric-item-api-v1-e884cad7-common-11.4.3+946bf4c36c.jar to classpath.
[15:48:29] [main/DEBUG] (FabricLoader/Knot) Adding E:\Work2025\tweakerxihe\.gradle\loom-cache\remapped_mods\remapped\net\fabricmc\fabric-api\fabric-item-group-api-v1-e884cad7-common\4.2.13+946bf4c36c\fabric-item-group-api-v1-e884cad7-common-4.2.13+946bf4c36c.jar to classpath.
[15:48:29] [main/DEBUG] (FabricLoader/Knot) Adding E:\Work2025\tweakerxihe\.gradle\loom-cache\remapped_mods\remapped\net\fabricmc\fabric-api\fabric-lifecycle-events-v1-e884cad7-common\2.6.3+db4dfd856c\fabric-lifecycle-events-v1-e884cad7-common-2.6.3+db4dfd856c.jar to classpath.
[15:48:29] [main/DEBUG] (FabricLoader/Knot) Adding E:\Work2025\tweakerxihe\.gradle\loom-cache\remapped_mods\remapped\net\fabricmc\fabric-api\fabric-loot-api-v2-e884cad7-common\3.0.55+3f89f5a56c\fabric-loot-api-v2-e884cad7-common-3.0.55+3f89f5a56c.jar to classpath.
[15:48:29] [main/DEBUG] (FabricLoader/Knot) Adding E:\Work2025\tweakerxihe\.gradle\loom-cache\remapped_mods\remapped\net\fabricmc\fabric-api\fabric-loot-api-v3-e884cad7-common\2.0.2+946bf4c36c\fabric-loot-api-v3-e884cad7-common-2.0.2+946bf4c36c.jar to classpath.
[15:48:29] [main/DEBUG] (FabricLoader/Knot) Adding E:\Work2025\tweakerxihe\.gradle\loom-cache\remapped_mods\remapped\net\fabricmc\fabric-api\fabric-message-api-v1-e884cad7-common\6.1.1+946bf4c36c\fabric-message-api-v1-e884cad7-common-6.1.1+946bf4c36c.jar to classpath.
[15:48:29] [main/DEBUG] (FabricLoader/Knot) Adding E:\Work2025\tweakerxihe\.gradle\loom-cache\remapped_mods\remapped\net\fabricmc\fabric-api\fabric-object-builder-api-v1-e884cad7-common\21.1.7+946bf4c36c\fabric-object-builder-api-v1-e884cad7-common-21.1.7+946bf4c36c.jar to classpath.
[15:48:29] [main/DEBUG] (FabricLoader/Knot) Adding E:\Work2025\tweakerxihe\.gradle\loom-cache\remapped_mods\remapped\net\fabricmc\fabric-api\fabric-particles-v1-e884cad7-common\4.1.7+946bf4c36c\fabric-particles-v1-e884cad7-common-4.1.7+946bf4c36c.jar to classpath.
[15:48:29] [main/DEBUG] (FabricLoader/Knot) Adding E:\Work2025\tweakerxihe\.gradle\loom-cache\remapped_mods\remapped\net\fabricmc\fabric-api\fabric-screen-handler-api-v1-e884cad7-common\1.3.136+946bf4c36c\fabric-screen-handler-api-v1-e884cad7-common-1.3.136+946bf4c36c.jar to classpath.
[15:48:29] [main/DEBUG] (FabricLoader/Knot) Adding E:\Work2025\tweakerxihe\.gradle\loom-cache\remapped_mods\remapped\net\fabricmc\fabric-api\fabric-registry-sync-v0-e884cad7-common\6.1.27+946bf4c36c\fabric-registry-sync-v0-e884cad7-common-6.1.27+946bf4c36c.jar to classpath.
[15:48:29] [main/DEBUG] (FabricLoader/Knot) Adding E:\Work2025\tweakerxihe\.gradle\loom-cache\remapped_mods\remapped\net\fabricmc\fabric-api\fabric-rendering-fluids-v1-e884cad7-common\3.1.30+fa6cb72b6c\fabric-rendering-fluids-v1-e884cad7-common-3.1.30+fa6cb72b6c.jar to classpath.
[15:48:29] [main/DEBUG] (FabricLoader/Knot) Adding E:\Work2025\tweakerxihe\.gradle\loom-cache\remapped_mods\remapped\net\fabricmc\fabric-api\fabric-tag-api-v1-e884cad7-common\1.2.1+946bf4c36c\fabric-tag-api-v1-e884cad7-common-1.2.1+946bf4c36c.jar to classpath.
[15:48:29] [main/DEBUG] (FabricLoader/Knot) Adding E:\Work2025\tweakerxihe\.gradle\loom-cache\remapped_mods\remapped\net\fabricmc\fabric-api\fabric-recipe-api-v1-e884cad7-common\8.1.14+946bf4c36c\fabric-recipe-api-v1-e884cad7-common-8.1.14+946bf4c36c.jar to classpath.
[15:48:29] [main/DEBUG] (FabricLoader/Knot) Adding E:\Work2025\tweakerxihe\.gradle\loom-cache\remapped_mods\remapped\net\fabricmc\fabric-api\fabric-networking-api-v1-e884cad7-common\5.0.1+946bf4c308\fabric-networking-api-v1-e884cad7-common-5.0.1+946bf4c308.jar to classpath.
[15:48:29] [main/DEBUG] (FabricLoader/Knot) Adding E:\Work2025\tweakerxihe\.gradle\loom-cache\remapped_mods\remapped\net\fabricmc\fabric-api\fabric-resource-loader-v0-e884cad7-common\3.1.11+946bf4c308\fabric-resource-loader-v0-e884cad7-common-3.1.11+946bf4c308.jar to classpath.
[15:48:29] [main/DEBUG] (FabricLoader/Knot) Adding E:\Work2025\tweakerxihe\.gradle\loom-cache\remapped_mods\remapped\net\fabricmc\fabric-api\fabric-api-base-e884cad7-common\0.4.64+9ec45cd808\fabric-api-base-e884cad7-common-0.4.64+9ec45cd808.jar to classpath.
[15:48:29] [main/DEBUG] (FabricLoader/Knot) Adding E:\Work2025\tweakerxihe\.gradle\loom-cache\remapped_mods\remapped\net\fabricmc\fabric-api\fabric-biome-api-v1-e884cad7-common\16.0.11+946bf4c36c\fabric-biome-api-v1-e884cad7-common-16.0.11+946bf4c36c.jar to classpath.
[15:48:29] [main/DEBUG] (FabricLoader/Knot) Adding E:\Work2025\tweakerxihe\.gradle\loom-cache\remapped_mods\remapped\net\fabricmc\fabric-api\fabric-block-api-v1-e884cad7-common\1.1.3+946bf4c36c\fabric-block-api-v1-e884cad7-common-1.1.3+946bf4c36c.jar to classpath.
[15:48:29] [main/DEBUG] (FabricLoader/Knot) Adding E:\Work2025\tweakerxihe\.gradle\loom-cache\remapped_mods\remapped\net\fabricmc\fabric-api\fabric-block-view-api-v2-e884cad7-common\1.0.31+946bf4c36c\fabric-block-view-api-v2-e884cad7-common-1.0.31+946bf4c36c.jar to classpath.
[15:48:29] [main/DEBUG] (FabricLoader/Knot) Adding E:\Work2025\tweakerxihe\.gradle\loom-cache\remapped_mods\remapped\net\fabricmc\fabric-api\fabric-crash-report-info-v1-e884cad7-common\0.3.15+946bf4c36c\fabric-crash-report-info-v1-e884cad7-common-0.3.15+946bf4c36c.jar to classpath.
[15:48:29] [main/DEBUG] (FabricLoader/Knot) Adding E:\Work2025\tweakerxihe\.gradle\loom-cache\remapped_mods\remapped\net\fabricmc\fabric-api\fabric-dimensions-v1-e884cad7-common\4.0.19+946bf4c36c\fabric-dimensions-v1-e884cad7-common-4.0.19+946bf4c36c.jar to classpath.
[15:48:29] [main/DEBUG] (FabricLoader/Knot) Adding E:\Work2025\tweakerxihe\.gradle\loom-cache\remapped_mods\remapped\net\fabricmc\fabric-api\fabric-game-rule-api-v1-e884cad7-common\1.0.73+c64c9c5b6c\fabric-game-rule-api-v1-e884cad7-common-1.0.73+c64c9c5b6c.jar to classpath.
[15:48:29] [main/DEBUG] (FabricLoader/Knot) Adding E:\Work2025\tweakerxihe\.gradle\loom-cache\remapped_mods\remapped\net\fabricmc\fabric-api\fabric-resource-conditions-api-v1-e884cad7-common\5.0.24+946bf4c36c\fabric-resource-conditions-api-v1-e884cad7-common-5.0.24+946bf4c36c.jar to classpath.
[15:48:29] [main/DEBUG] (FabricLoader/Knot) Adding E:\Work2025\tweakerxihe\.gradle\loom-cache\remapped_mods\remapped\net\fabricmc\fabric-api\fabric-transitive-access-wideners-v1-e884cad7-common\6.4.1+ac3e15d16c\fabric-transitive-access-wideners-v1-e884cad7-common-6.4.1+ac3e15d16c.jar to classpath.
[15:48:29] [main/DEBUG] (FabricLoader/Knot) Adding D:\Program Files\gradle-8.9\caches\modules-2\files-2.1\org.jline\jline-reader\3.20.0\8f15415b022a25b473e8e16c28ae913186ffb9c4\jline-reader-3.20.0.jar to classpath.
[15:48:29] [main/DEBUG] (FabricLoader/Knot) Adding D:\Program Files\gradle-8.9\caches\modules-2\files-2.1\org.jline\jline-terminal\3.20.0\d0ddcc708ddf527a3454c941b7b9225cc83a15ff\jline-terminal-3.20.0.jar to classpath.
[15:48:29] [main/DEBUG] (FabricLoader/Knot) Adding E:\Work2025\tweakerxihe\build\classes\java\main to classpath.
[15:48:29] [main/DEBUG] (FabricLoader/Knot) Adding E:\Work2025\tweakerxihe\build\resources\main to classpath.
[15:48:29] [main/DEBUG] (FabricLoader/Entrypoint) No subscribers for entrypoint 'preLaunch'
[15:48:29] [main/DEBUG] (FabricLoader/Mixin) Preparing mixins for MixinEnvironment[DEFAULT]
[15:48:29] [main/DEBUG] (FabricLoader/Mixin) Selecting config fabric-loot-api-v2.mixins.json
[15:48:29] [main/DEBUG] (FabricLoader/Mixin) Selecting config fabric-networking-api-v1.mixins.json
[15:48:29] [main/DEBUG] (FabricLoader/Mixin) Selecting config fabric-networking-api-v1.client.mixins.json
[15:48:29] [main/DEBUG] (FabricLoader/Mixin) Selecting config fabric-item-api-v1.mixins.json
[15:48:29] [main/DEBUG] (FabricLoader/Mixin) Selecting config fabric-item-api-v1.client.mixins.json
[15:48:29] [main/DEBUG] (FabricLoader/Mixin) Selecting config fabric-object-builder-v1.mixins.json
[15:48:29] [main/DEBUG] (FabricLoader/Mixin) Selecting config fabric-object-builder-v1.client.mixins.json
[15:48:29] [main/DEBUG] (FabricLoader/Mixin) Selecting config fabric-lifecycle-events-v1.mixins.json
[15:48:29] [main/DEBUG] (FabricLoader/Mixin) Selecting config fabric-lifecycle-events-v1.client.mixins.json
[15:48:29] [main/DEBUG] (FabricLoader/Mixin) Selecting config fabric-particles-v1.mixins.json
[15:48:29] [main/DEBUG] (FabricLoader/Mixin) Selecting config fabric-particles-v1.client.mixins.json
[15:48:29] [main/DEBUG] (FabricLoader/Mixin) Selecting config fabric-rendering-v1.mixins.json
[15:48:29] [main/DEBUG] (FabricLoader/Mixin) Selecting config fabric-renderer-api-v1.mixins.json
[15:48:29] [main/DEBUG] (FabricLoader/Mixin) Selecting config mixinextras.init.mixins.json
[15:48:29] [main/DEBUG] (FabricLoader/MixinExtras|Service) com.llamalad7.mixinextras.service.MixinExtrasServiceImpl(version=0.4.1) is taking over from null
[15:48:29] [main/DEBUG] (FabricLoader/Mixin) Registering new injector for @Inject with org.spongepowered.asm.mixin.injection.struct.CallbackInjectionInfo
[15:48:29] [main/DEBUG] (FabricLoader/Mixin) Registering new injector for @ModifyArg with org.spongepowered.asm.mixin.injection.struct.ModifyArgInjectionInfo
[15:48:29] [main/DEBUG] (FabricLoader/Mixin) Registering new injector for @ModifyArgs with org.spongepowered.asm.mixin.injection.struct.ModifyArgsInjectionInfo
[15:48:29] [main/DEBUG] (FabricLoader/Mixin) Registering new injector for @Redirect with org.spongepowered.asm.mixin.injection.struct.RedirectInjectionInfo
[15:48:29] [main/DEBUG] (FabricLoader/Mixin) Registering new injector for @ModifyVariable with org.spongepowered.asm.mixin.injection.struct.ModifyVariableInjectionInfo
[15:48:29] [main/DEBUG] (FabricLoader/Mixin) Registering new injector for @ModifyConstant with org.spongepowered.asm.mixin.injection.struct.ModifyConstantInjectionInfo
[15:48:29] [main/DEBUG] (FabricLoader/Mixin) Selecting config fabric-data-attachment-api-v1.mixins.json
[15:48:29] [main/DEBUG] (FabricLoader/Mixin) Selecting config fabric-data-attachment-api-v1.client.mixins.json
[15:48:29] [main/DEBUG] (FabricLoader/Mixin) Selecting config fabric-biome-api-v1.mixins.json
[15:48:29] [main/DEBUG] (FabricLoader/Mixin) Selecting config tweakerxihe.mixins.json
[15:48:29] [main/DEBUG] (FabricLoader/Mixin) Selecting config tweakerxihe.client.mixins.json
[15:48:29] [main/DEBUG] (FabricLoader/Mixin) Selecting config fabric-client-gametest-api-v1.mixins.json
[15:48:29] [main/DEBUG] (FabricLoader/Mixin) Selecting config fabric-rendering-fluids-v1.mixins.json
[15:48:29] [main/DEBUG] (FabricLoader/Mixin) Selecting config fabric-command-api-v2.mixins.json
[15:48:29] [main/DEBUG] (FabricLoader/Mixin) Selecting config fabric-command-api-v2.client.mixins.json
[15:48:29] [main/DEBUG] (FabricLoader/Mixin) Selecting config fabric-recipe-api-v1.mixins.json
[15:48:29] [main/DEBUG] (FabricLoader/Mixin) Selecting config fabric-registry-sync-v0.mixins.json
[15:48:29] [main/DEBUG] (FabricLoader/Mixin) Selecting config fabric-registry-sync-v0.client.mixins.json
[15:48:29] [main/DEBUG] (FabricLoader/Mixin) Selecting config fabric-convention-tags-api-v2.mixins.json
[15:48:29] [main/DEBUG] (FabricLoader/Mixin) Selecting config fabric-block-api-v1.mixins.json
[15:48:29] [main/DEBUG] (FabricLoader/Mixin) Selecting config fabric-gametest-api-v1.mixins.json
[15:48:29] [main/DEBUG] (FabricLoader/Mixin) Selecting config fabric-resource-conditions-api-v1.mixins.json
[15:48:29] [main/DEBUG] (FabricLoader/Mixin) Selecting config fabric-tag-api-v1.mixins.json
[15:48:29] [main/DEBUG] (FabricLoader/Mixin) Selecting config mixins.malilib.json
[15:48:29] [main/DEBUG] (FabricLoader/Mixin) Remapping refMap malilib-fabric-1.21.7-refmap.json using remapper chain
[15:48:29] [main/DEBUG] (FabricLoader/Mixin) Selecting config mixins.litematica.json
[15:48:29] [main/DEBUG] (FabricLoader/Mixin) Remapping refMap litematica-fabric-1.21.7-refmap.json using remapper chain
[15:48:29] [main/DEBUG] (FabricLoader/Mixin) Selecting config fabric-key-binding-api-v1.mixins.json
[15:48:29] [main/DEBUG] (FabricLoader/Mixin) Selecting config fabric-dimensions-v1.mixins.json
[15:48:29] [main/DEBUG] (FabricLoader/Mixin) Selecting config fabric-renderer-indigo.mixins.json
[15:48:29] [main/DEBUG] (FabricLoader/Mixin) Selecting config fabric-events-interaction-v0.mixins.json
[15:48:29] [main/DEBUG] (FabricLoader/Mixin) Selecting config fabric-events-interaction-v0.client.mixins.json
[15:48:29] [main/DEBUG] (FabricLoader/Mixin) Selecting config mixins.mm.json
[15:48:30] [main/DEBUG] (FabricLoader/Mixin) Remapping refMap mixins.mm.refmap.json using remapper chain
[15:48:30] [main/DEBUG] (FabricLoader/Mixin) Selecting config fabric-transfer-api-v1.mixins.json
[15:48:30] [main/DEBUG] (FabricLoader/Mixin) Selecting config fabric-game-rule-api-v1.mixins.json
[15:48:30] [main/DEBUG] (FabricLoader/Mixin) Selecting config fabric-game-rule-api-v1.client.mixins.json
[15:48:30] [main/DEBUG] (FabricLoader/Mixin) Selecting config fabric-block-view-api-v2.mixins.json
[15:48:30] [main/DEBUG] (FabricLoader/Mixin) Selecting config fabric-block-view-api-v2.client.mixins.json
[15:48:30] [main/DEBUG] (FabricLoader/Mixin) Selecting config fabric-content-registries-v0.mixins.json
[15:48:30] [main/DEBUG] (FabricLoader/Mixin) Selecting config techutils.mixins.json
[15:48:30] [main/DEBUG] (FabricLoader/Mixin) Remapping refMap techutils-refmap.json using remapper chain
[15:48:30] [main/DEBUG] (FabricLoader/Mixin) Selecting config fabric-api-lookup-api-v1.mixins.json
[15:48:30] [main/DEBUG] (FabricLoader/Mixin) Selecting config fabric-entity-events-v1.mixins.json
[15:48:30] [main/DEBUG] (FabricLoader/Mixin) Selecting config fabric-message-api-v1.mixins.json
[15:48:30] [main/DEBUG] (FabricLoader/Mixin) Selecting config fabric-message-api-v1.client.mixins.json
[15:48:30] [main/DEBUG] (FabricLoader/Mixin) Selecting config fabric-data-generation-api-v1.mixins.json
[15:48:30] [main/DEBUG] (FabricLoader/Mixin) Selecting config fabric-data-generation-api-v1.client.mixins.json
[15:48:30] [main/DEBUG] (FabricLoader/Mixin) Selecting config fabric-model-loading-api-v1.mixins.json
[15:48:30] [main/DEBUG] (FabricLoader/Mixin) Selecting config fabric-item-group-api-v1.mixins.json
[15:48:30] [main/DEBUG] (FabricLoader/Mixin) Selecting config fabric-item-group-api-v1.client.mixins.json
[15:48:30] [main/DEBUG] (FabricLoader/Mixin) Selecting config fabric-resource-loader-v0.mixins.json
[15:48:30] [main/DEBUG] (FabricLoader/Mixin) Selecting config fabric-resource-loader-v0.client.mixins.json
[15:48:30] [main/DEBUG] (FabricLoader/Mixin) Selecting config fabric-loot-api-v3.mixins.json
[15:48:30] [main/DEBUG] (FabricLoader/Mixin) Selecting config fabric-crash-report-info-v1.mixins.json
[15:48:30] [main/DEBUG] (FabricLoader/Mixin) Selecting config fabric-screen-handler-api-v1.mixins.json
[15:48:30] [main/DEBUG] (FabricLoader/Mixin) Selecting config fabric-sound-api-v1.mixins.json
[15:48:30] [main/DEBUG] (FabricLoader/Mixin) Selecting config fabric-screen-api-v1.mixins.json
[15:48:30] [main/DEBUG] (FabricLoader/Mixin) Preparing fabric-loot-api-v2.mixins.json (2)
[15:48:30] [main/DEBUG] (FabricLoader/Mixin) Preparing fabric-networking-api-v1.mixins.json (20)
[15:48:30] [main/DEBUG] (FabricLoader/Mixin) @Mixin target net/minecraft/network/packet/CustomPayload$1 is public in fabric-networking-api-v1.mixins.json:CustomPayloadPacketCodecMixin from mod fabric-networking-api-v1 and should be specified in value
[15:48:30] [main/DEBUG] (FabricLoader/Mixin) @Mixin target net/minecraft/server/world/ServerChunkLoadingManager$EntityTracker is public in fabric-networking-api-v1.mixins.json:accessor.EntityTrackerAccessor from mod fabric-networking-api-v1 and should be specified in value
[15:48:30] [main/DEBUG] (FabricLoader/Mixin) Preparing fabric-networking-api-v1.client.mixins.json (9)
[15:48:30] [main/DEBUG] (FabricLoader/Mixin) Preparing fabric-item-api-v1.mixins.json (17)
[15:48:30] [main/DEBUG] (FabricLoader/Mixin) Preparing fabric-item-api-v1.client.mixins.json (3)
[15:48:30] [main/DEBUG] (FabricLoader/Mixin) Preparing fabric-object-builder-v1.mixins.json (10)
[15:48:30] [main/DEBUG] (FabricLoader/Mixin) Preparing fabric-object-builder-v1.client.mixins.json (4)
[15:48:30] [main/DEBUG] (FabricLoader/Mixin) Preparing fabric-lifecycle-events-v1.mixins.json (11)
[15:48:30] [main/DEBUG] (FabricLoader/Mixin) @Mixin target net/minecraft/server/world/ServerWorld$ServerEntityHandler is public in fabric-lifecycle-events-v1.mixins.json:ServerWorldServerEntityHandlerMixin from mod fabric-lifecycle-events-v1 and should be specified in value
[15:48:30] [main/DEBUG] (FabricLoader/Mixin) Preparing fabric-lifecycle-events-v1.client.mixins.json (7)
[15:48:30] [main/DEBUG] (FabricLoader/Mixin) @Mixin target net/minecraft/client/world/ClientWorld$ClientEntityHandler is public in fabric-lifecycle-events-v1.client.mixins.json:ClientWorldClientEntityHandlerMixin from mod fabric-lifecycle-events-v1 and should be specified in value
[15:48:30] [main/DEBUG] (FabricLoader/Mixin) Preparing fabric-particles-v1.mixins.json (8)
[15:48:30] [main/DEBUG] (FabricLoader/Mixin) Preparing fabric-particles-v1.client.mixins.json (4)
[15:48:30] [main/DEBUG] (FabricLoader/Mixin) Preparing fabric-rendering-v1.mixins.json (21)
[15:48:30] [main/DEBUG] (FabricLoader/Mixin) Preparing fabric-renderer-api-v1.mixins.json (26)
[15:48:30] [main/DEBUG] (FabricLoader/Mixin) @Mixin target net/minecraft/client/render/model/BakedModelManager$1 is public in fabric-renderer-api-v1.mixins.json:client.sprite.BakedModelManager1Mixin from mod fabric-renderer-api-v1 and should be specified in value
[15:48:30] [main/DEBUG] (FabricLoader/Mixin) Preparing mixinextras.init.mixins.json (0)
[15:48:30] [main/DEBUG] (FabricLoader/Mixin) Preparing fabric-data-attachment-api-v1.mixins.json (14)
[15:48:30] [main/DEBUG] (FabricLoader/Mixin) Preparing fabric-data-attachment-api-v1.client.mixins.json (1)
[15:48:30] [main/DEBUG] (FabricLoader/Mixin) Preparing fabric-biome-api-v1.mixins.json (9)
[15:48:30] [main/DEBUG] (FabricLoader/Mixin) @Mixin target net/minecraft/world/biome/source/MultiNoiseBiomeSourceParameterList$Preset$1 is public in fabric-biome-api-v1.mixins.json:NetherBiomePresetMixin from mod fabric-biome-api-v1 and should be specified in value
[15:48:30] [main/DEBUG] (FabricLoader/Mixin) Preparing tweakerxihe.mixins.json (0)
[15:48:30] [main/DEBUG] (FabricLoader/Mixin) Preparing tweakerxihe.client.mixins.json (3)
[15:48:30] [main/DEBUG] (FabricLoader/Mixin) Preparing fabric-client-gametest-api-v1.mixins.json (25)
[15:48:30] [main/DEBUG] (FabricLoader/Mixin) Preparing fabric-rendering-fluids-v1.mixins.json (1)
[15:48:30] [main/DEBUG] (FabricLoader/Mixin) Preparing fabric-command-api-v2.mixins.json (5)
[15:48:30] [main/DEBUG] (FabricLoader/Mixin) Preparing fabric-command-api-v2.client.mixins.json (2)
[15:48:30] [main/DEBUG] (FabricLoader/Mixin) Preparing fabric-recipe-api-v1.mixins.json (5)
[15:48:30] [main/DEBUG] (FabricLoader/Mixin) Preparing fabric-registry-sync-v0.mixins.json (16)
[15:48:30] [main/DEBUG] (FabricLoader/Mixin) Preparing fabric-registry-sync-v0.client.mixins.json (5)
[15:48:30] [main/DEBUG] (FabricLoader/Mixin) @Mixin target net/minecraft/client/network/ClientRegistries$DynamicRegistries is public in fabric-registry-sync-v0.client.mixins.json:ClientRegistriesDynamicRegistriesAccessor from mod fabric-registry-sync-v0 and should be specified in value
[15:48:30] [main/DEBUG] (FabricLoader/Mixin) Preparing fabric-convention-tags-api-v2.mixins.json (1)
[15:48:30] [main/DEBUG] (FabricLoader/Mixin) Preparing fabric-block-api-v1.mixins.json (5)
[15:48:30] [main/DEBUG] (FabricLoader/Mixin) @Mixin target net/minecraft/world/chunk/ChunkSection$BlockStateCounter is public in fabric-block-api-v1.mixins.json:ChunkSectionBlockStateCounterMixin from mod fabric-block-api-v1 and should be specified in value
[15:48:30] [main/DEBUG] (FabricLoader/Mixin) Preparing fabric-gametest-api-v1.mixins.json (4)
[15:48:30] [main/DEBUG] (FabricLoader/Mixin) Preparing fabric-resource-conditions-api-v1.mixins.json (8)
[15:48:30] [main/DEBUG] (FabricLoader/Mixin) Preparing fabric-tag-api-v1.mixins.json (5)
[15:48:30] [main/DEBUG] (FabricLoader/Mixin) @Mixin target net/minecraft/registry/SimpleRegistry$2 is public in fabric-tag-api-v1.mixins.json:SimpleRegistry2Mixin from mod fabric-tag-api-v1 and should be specified in value
[15:48:30] [main/DEBUG] (FabricLoader/Mixin) @Mixin target net/minecraft/registry/SimpleRegistry$3 is public in fabric-tag-api-v1.mixins.json:SimpleRegistry3Mixin from mod fabric-tag-api-v1 and should be specified in value
[15:48:30] [main/DEBUG] (FabricLoader/Mixin) @Mixin target net/minecraft/registry/SimpleRegistry$TagLookup$2 is public in fabric-tag-api-v1.mixins.json:SimpleRegistryTagLookup2Accessor from mod fabric-tag-api-v1 and should be specified in value
[15:48:30] [main/DEBUG] (FabricLoader/Mixin) Preparing mixins.malilib.json (39)
[15:48:30] [main/DEBUG] (FabricLoader/Mixin) Preparing mixins.litematica.json (38)
[15:48:30] [main/DEBUG] (FabricLoader/Mixin) Preparing fabric-key-binding-api-v1.mixins.json (2)
[15:48:30] [main/DEBUG] (FabricLoader/Mixin) Preparing fabric-dimensions-v1.mixins.json (4)
[15:48:30] [main/DEBUG] (FabricLoader/Mixin) Preparing fabric-renderer-indigo.mixins.json (8)
[15:48:30] [main/DEBUG] (FabricLoader/Mixin) Preparing fabric-events-interaction-v0.mixins.json (5)
[15:48:30] [main/DEBUG] (FabricLoader/Mixin) @Mixin target net/minecraft/server/network/ServerPlayNetworkHandler$1 is public in fabric-events-interaction-v0.mixins.json:ServerPlayNetworkHandlerInteractEntityHandlerMixin from mod fabric-events-interaction-v0 and should be specified in value
[15:48:30] [main/DEBUG] (FabricLoader/Mixin) Preparing fabric-events-interaction-v0.client.mixins.json (3)
[15:48:30] [main/DEBUG] (FabricLoader/Mixin) Preparing mixins.mm.json (0)
[15:48:30] [main/DEBUG] (FabricLoader/Mixin) Preparing fabric-transfer-api-v1.mixins.json (15)
[15:48:30] [main/DEBUG] (FabricLoader/Mixin) Preparing fabric-game-rule-api-v1.mixins.json (5)
[15:48:30] [main/DEBUG] (FabricLoader/Mixin) @Mixin target net/minecraft/server/command/GameRuleCommand$1 is public in fabric-game-rule-api-v1.mixins.json:GameRuleCommandVisitorMixin from mod fabric-game-rule-api-v1 and should be specified in value
[15:48:30] [main/DEBUG] (FabricLoader/Mixin) Preparing fabric-game-rule-api-v1.client.mixins.json (3)
[15:48:30] [main/DEBUG] (FabricLoader/Mixin) @Mixin target net/minecraft/client/gui/screen/world/EditGameRulesScreen$RuleListWidget$1 is public in fabric-game-rule-api-v1.client.mixins.json:RuleListWidgetVisitorMixin from mod fabric-game-rule-api-v1 and should be specified in value
[15:48:30] [main/DEBUG] (FabricLoader/Mixin) Preparing fabric-block-view-api-v2.mixins.json (3)
[15:48:30] [main/DEBUG] (FabricLoader/Mixin) Preparing fabric-block-view-api-v2.client.mixins.json (2)
[15:48:30] [main/DEBUG] (FabricLoader/Mixin) Preparing fabric-content-registries-v0.mixins.json (17)
[15:48:30] [main/DEBUG] (FabricLoader/Mixin) Preparing techutils.mixins.json (28)
[15:48:30] [main/WARN] (FabricLoader/Mixin) Error loading class: org/enginehub/worldeditcui/fabric/network/FabricCUIPacketHandler (java.lang.ClassNotFoundException: org/enginehub/worldeditcui/fabric/network/FabricCUIPacketHandler)
[15:48:30] [main/DEBUG] (FabricLoader/Mixin) Skipping virtual target org.enginehub.worldeditcui.fabric.network.FabricCUIPacketHandler for techutils.mixins.json:worldeditsync.FabricCUIPacketHandler from mod techutils
[15:48:30] [main/DEBUG] (FabricLoader/Mixin) Preparing fabric-api-lookup-api-v1.mixins.json (2)
[15:48:30] [main/DEBUG] (FabricLoader/Mixin) Preparing fabric-entity-events-v1.mixins.json (7)
[15:48:30] [main/DEBUG] (FabricLoader/Mixin) Preparing fabric-message-api-v1.mixins.json (2)
[15:48:30] [main/DEBUG] (FabricLoader/Mixin) Preparing fabric-message-api-v1.client.mixins.json (2)
[15:48:30] [main/DEBUG] (FabricLoader/Mixin) Preparing fabric-data-generation-api-v1.mixins.json (17)
[15:48:30] [main/DEBUG] (FabricLoader/Mixin) @Mixin target net/minecraft/data/DataCache$CachedData is public in fabric-data-generation-api-v1.mixins.json:DataCacheCachedDataMixin from mod fabric-data-generation-api-v1 and should be specified in value
[15:48:30] [main/DEBUG] (FabricLoader/Mixin) @Mixin target net/minecraft/data/tag/ProvidedTagBuilder$1 is public in fabric-data-generation-api-v1.mixins.json:ProvidedTagBuilderMixin$ProvidedTagBuilder1Mixin from mod fabric-data-generation-api-v1 and should be specified in value
[15:48:30] [main/DEBUG] (FabricLoader/Mixin) @Mixin target net/minecraft/data/tag/ProvidedTagBuilder$2 is public in fabric-data-generation-api-v1.mixins.json:ProvidedTagBuilderMixin$ProvidedTagBuilder2Mixin from mod fabric-data-generation-api-v1 and should be specified in value
[15:48:30] [main/DEBUG] (FabricLoader/Mixin) Preparing fabric-data-generation-api-v1.client.mixins.json (4)
[15:48:30] [main/DEBUG] (FabricLoader/Mixin) Preparing fabric-model-loading-api-v1.mixins.json (6)
[15:48:30] [main/DEBUG] (FabricLoader/Mixin) Preparing fabric-item-group-api-v1.mixins.json (3)
[15:48:30] [main/DEBUG] (FabricLoader/Mixin) Preparing fabric-item-group-api-v1.client.mixins.json (1)
[15:48:30] [main/DEBUG] (FabricLoader/Mixin) Preparing fabric-resource-loader-v0.mixins.json (15)
[15:48:30] [main/DEBUG] (FabricLoader/Mixin) Preparing fabric-resource-loader-v0.client.mixins.json (8)
[15:48:30] [main/DEBUG] (FabricLoader/Mixin) @Mixin target net/minecraft/client/option/GameOptions$3 is public in fabric-resource-loader-v0.client.mixins.json:GameOptionsWriteVisitorMixin from mod fabric-resource-loader-v0 and should be specified in value
[15:48:30] [main/DEBUG] (FabricLoader/Mixin) Preparing fabric-loot-api-v3.mixins.json (8)
[15:48:30] [main/DEBUG] (FabricLoader/Mixin) Preparing fabric-crash-report-info-v1.mixins.json (2)
[15:48:30] [main/DEBUG] (FabricLoader/Mixin) Preparing fabric-screen-handler-api-v1.mixins.json (2)
[15:48:30] [main/DEBUG] (FabricLoader/Mixin) Preparing fabric-sound-api-v1.mixins.json (2)
[15:48:30] [main/DEBUG] (FabricLoader/Mixin) Preparing fabric-screen-api-v1.mixins.json (7)
[15:48:30] [main/DEBUG] (FabricLoader/Mixin) Inner class net/fabricmc/fabric/mixin/renderer/client/block/model/MultipartBlockStateModelMixin$1Key in net/fabricmc/fabric/mixin/renderer/client/block/model/MultipartBlockStateModelMixin on net/minecraft/client/render/model/MultipartBlockStateModel gets unique name net/minecraft/client/render/model/MultipartBlockStateModel$1Key$ba20298fcc0b4fb7a1534c636db6ee38
[15:48:30] [main/DEBUG] (FabricLoader/Mixin) Inner class net/fabricmc/fabric/mixin/transfer/ChiseledBookshelfBlockEntityMixin$1 in net/fabricmc/fabric/mixin/transfer/ChiseledBookshelfBlockEntityMixin on net/minecraft/block/entity/ChiseledBookshelfBlockEntity gets unique name net/minecraft/block/entity/ChiseledBookshelfBlockEntity$Anonymous$c8498ad1e63046cd850f3839022bf1ea
[15:48:30] [main/DEBUG] (FabricLoader/Mixin) Inner class dev/kikugie/techutils/mixin/compactscoreboard/InGameHudMixin$1 in dev/kikugie/techutils/mixin/compactscoreboard/InGameHudMixin on net/minecraft/client/gui/hud/InGameHud gets unique name net/minecraft/client/gui/hud/InGameHud$Anonymous$e9f8535c37f344f59fa1550613a01d4f
[15:48:30] [main/DEBUG] (FabricLoader/Mixin) Inner class net/fabricmc/fabric/mixin/itemgroup/ItemGroupsMixin$1ItemGroupPosition in net/fabricmc/fabric/mixin/itemgroup/ItemGroupsMixin on net/minecraft/item/ItemGroups gets unique name net/minecraft/item/ItemGroups$1ItemGroupPosition$2db7fa9967844540bcb068b4fbcfa843
[15:48:30] [main/DEBUG] (FabricLoader/Mixin) Prepared 481 mixins in 0.981 sec (2.0ms avg) (0ms load, 0ms transform, 0ms plugin)
[15:48:31] [main/INFO] (FabricLoader/MixinExtras|Service) Initializing MixinExtras via com.llamalad7.mixinextras.service.MixinExtrasServiceImpl(version=0.4.1).
[15:48:31] [main/DEBUG] (FabricLoader/Mixin) Registering new injector for @SugarWrapper with com.llamalad7.mixinextras.sugar.impl.SugarWrapperInjectionInfo
[15:48:31] [main/DEBUG] (FabricLoader/Mixin) Registering new injector for @FactoryRedirectWrapper with com.llamalad7.mixinextras.wrapper.factory.FactoryRedirectWrapperInjectionInfo
[15:48:31] [main/DEBUG] (FabricLoader/Mixin) Mixing test.MixinSharedConstants from mixins.malilib.json into net.minecraft.SharedConstants
[15:48:31] [main/DEBUG] (FabricLoader/Mixin) mixins.malilib.json:test.MixinSharedConstants from mod malilib->@Inject::malilib_sharedConstants(Lorg/spongepowered/asm/mixin/injection/callback/CallbackInfo;)V doesn't use it's CallbackInfo
[15:48:31] [main/DEBUG] (io.netty.util.internal.logging.InternalLoggerFactory) Using SLF4J as the default logging framework
[15:48:31] [main/DEBUG] (io.netty.util.ResourceLeakDetector) -Dio.netty.leakDetection.level: simple
[15:48:31] [main/DEBUG] (io.netty.util.ResourceLeakDetector) -Dio.netty.leakDetection.targetRecords: 4
[15:48:31] [main/DEBUG] (FabricLoader/Mixin) Mixing TaggedChoiceMixin from fabric-dimensions-v1.mixins.json into com.mojang.datafixers.types.templates.TaggedChoice
[15:48:31] [main/DEBUG] (FabricLoader/Mixin) fabric-dimensions-v1.mixins.json:TaggedChoiceMixin from mod fabric-dimensions-v1->@Inject::onApply(Lcom/mojang/datafixers/util/Pair;Lorg/spongepowered/asm/mixin/injection/callback/CallbackInfoReturnable;)V does use it's CallbackInfoReturnable
[15:48:31] [main/DEBUG] (FabricLoader/Mixin) Mixing TaggedChoiceTaggedChoiceTypeMixin from fabric-dimensions-v1.mixins.json into com.mojang.datafixers.types.templates.TaggedChoice$TaggedChoiceType
[15:48:31] [main/DEBUG] (FabricLoader/Mixin) fabric-dimensions-v1.mixins.json:TaggedChoiceTaggedChoiceTypeMixin from mod fabric-dimensions-v1->@Inject::onGetCodec(Ljava/lang/Object;Lorg/spongepowered/asm/mixin/injection/callback/CallbackInfoReturnable;)V does use it's CallbackInfoReturnable
[15:48:31] [main/DEBUG] (FabricLoader/Mixin) Mixing Schema2832Mixin from fabric-dimensions-v1.mixins.json into net.minecraft.datafixer.schema.Schema2832
[15:48:32] [main/DEBUG] (FabricLoader/Mixin) Mixing SystemDetailsMixin from fabric-crash-report-info-v1.mixins.json into net.minecraft.util.SystemDetails
[15:48:32] [main/DEBUG] (FabricLoader/Mixin) Renaming synthetic method lambda$appendMods$1(Lnet/fabricmc/loader/api/ModContainer;)Ljava/lang/String; to mdbcad25$fabric-crash-report-info-v1$lambda$appendMods$1$0 in fabric-crash-report-info-v1.mixins.json:SystemDetailsMixin from mod fabric-crash-report-info-v1
[15:48:32] [main/DEBUG] (FabricLoader/Mixin) Renaming synthetic method lambda$fillSystemDetails$0()Ljava/lang/String; to mdbcad25$fabric-crash-report-info-v1$lambda$fillSystemDetails$0$1 in fabric-crash-report-info-v1.mixins.json:SystemDetailsMixin from mod fabric-crash-report-info-v1
[15:48:32] [main/DEBUG] (FabricLoader/Mixin) fabric-crash-report-info-v1.mixins.json:SystemDetailsMixin from mod fabric-crash-report-info-v1->@Inject::fillSystemDetails(Lorg/spongepowered/asm/mixin/injection/callback/CallbackInfo;)V doesn't use it's CallbackInfo
[15:48:32] [main/DEBUG] (FabricLoader/Mixin) fabric-crash-report-info-v1.mixins.json:SystemDetailsMixin from mod fabric-crash-report-info-v1->@Inject::fillSystemDetails(Lorg/spongepowered/asm/mixin/injection/callback/CallbackInfo;)V has 0 override(s) in child classes
[15:48:32] [main/DEBUG] (FabricLoader/Mixin) fabric-crash-report-info-v1.mixins.json:SystemDetailsMixin from mod fabric-crash-report-info-v1->@Inject::fillSystemDetails(Lorg/spongepowered/asm/mixin/injection/callback/CallbackInfo;)V won't be passed a CallbackInfo as a result
[15:48:32] [Datafixer Bootstrap/INFO] (com.mojang.datafixers.DataFixerBuilder) 269 Datafixer optimizations took 533 milliseconds
[15:48:32] [main/DEBUG] (FabricLoader/Mixin) Mixing BootstrapMixin from fabric-registry-sync-v0.mixins.json into net.minecraft.Bootstrap
[15:48:32] [main/DEBUG] (FabricLoader/Mixin) Renaming synthetic method lambda$initialize$1(Lnet/minecraft/fluid/Fluid;)Ljava/util/Collection; to mdbcad25$fabric-registry-sync-v0$lambda$initialize$1$0 in fabric-registry-sync-v0.mixins.json:BootstrapMixin from mod fabric-registry-sync-v0
[15:48:32] [main/DEBUG] (FabricLoader/Mixin) Renaming synthetic method lambda$initialize$0(Lnet/minecraft/block/Block;)Ljava/util/Collection; to mdbcad25$fabric-registry-sync-v0$lambda$initialize$0$1 in fabric-registry-sync-v0.mixins.json:BootstrapMixin from mod fabric-registry-sync-v0
[15:48:32] [main/DEBUG] (FabricLoader/Mixin) fabric-registry-sync-v0.mixins.json:BootstrapMixin from mod fabric-registry-sync-v0->@Inject::initialize(Lorg/spongepowered/asm/mixin/injection/callback/CallbackInfo;)V doesn't use it's CallbackInfo
[15:48:32] [main/DEBUG] (FabricLoader/Mixin) Mixing RegistryMixin from fabric-registry-sync-v0.mixins.json into net.minecraft.registry.Registry
[15:48:32] [main/DEBUG] (FabricLoader/Mixin) Mixing RegistriesMixin from fabric-item-api-v1.mixins.json into net.minecraft.registry.Registries
[15:48:32] [main/DEBUG] (FabricLoader/Mixin) Mixing RegistriesAccessor from fabric-registry-sync-v0.mixins.json into net.minecraft.registry.Registries
[15:48:32] [main/DEBUG] (FabricLoader/Mixin) Renaming @Accessor method getROOT()Lnet/minecraft/registry/MutableRegistry; to getROOT$fabric-registry-sync-v0_$md$bcad25$0 in fabric-registry-sync-v0.mixins.json:RegistriesAccessor from mod fabric-registry-sync-v0
[15:48:32] [main/DEBUG] (FabricLoader/Mixin) Mixing RegistriesMixin from fabric-registry-sync-v0.mixins.json into net.minecraft.registry.Registries
[15:48:32] [main/DEBUG] (FabricLoader/Mixin) fabric-item-api-v1.mixins.json:RegistriesMixin from mod fabric-item-api-v1->@Inject::modifyDefaultItemComponents(Lorg/spongepowered/asm/mixin/injection/callback/CallbackInfo;)V doesn't use it's CallbackInfo
[15:48:32] [main/DEBUG] (FabricLoader/Mixin) fabric-registry-sync-v0.mixins.json:RegistriesMixin from mod fabric-registry-sync-v0->@Inject::init(Lorg/spongepowered/asm/mixin/injection/callback/CallbackInfo;)V does use it's CallbackInfo
[15:48:32] [main/DEBUG] (FabricLoader/Mixin) Mixing SimpleRegistryAccessor from fabric-registry-sync-v0.mixins.json into net.minecraft.registry.SimpleRegistry
[15:48:32] [main/DEBUG] (FabricLoader/Mixin) Mixing SimpleRegistryMixin from fabric-registry-sync-v0.mixins.json into net.minecraft.registry.SimpleRegistry
[15:48:32] [main/DEBUG] (FabricLoader/Mixin) Renaming synthetic method lambda$init$4([Lnet/fabricmc/fabric/api/event/registry/RegistryIdRemapCallback;)Lnet/fabricmc/fabric/api/event/registry/RegistryIdRemapCallback; to mdbcad25$fabric-registry-sync-v0$lambda$init$4$0 in fabric-registry-sync-v0.mixins.json:SimpleRegistryMixin from mod fabric-registry-sync-v0
[15:48:32] [main/DEBUG] (FabricLoader/Mixin) Renaming synthetic method lambda$init$3([Lnet/fabricmc/fabric/api/event/registry/RegistryIdRemapCallback;Lnet/fabricmc/fabric/api/event/registry/RegistryIdRemapCallback$RemapState;)V to mdbcad25$fabric-registry-sync-v0$lambda$init$3$1 in fabric-registry-sync-v0.mixins.json:SimpleRegistryMixin from mod fabric-registry-sync-v0
[15:48:32] [main/DEBUG] (FabricLoader/Mixin) Renaming synthetic method lambda$init$2(ILnet/minecraft/util/Identifier;Ljava/lang/Object;)V to mdbcad25$fabric-registry-sync-v0$lambda$init$2$2 in fabric-registry-sync-v0.mixins.json:SimpleRegistryMixin from mod fabric-registry-sync-v0
[15:48:32] [main/DEBUG] (FabricLoader/Mixin) Renaming synthetic method lambda$init$1([Lnet/fabricmc/fabric/api/event/registry/RegistryEntryAddedCallback;)Lnet/fabricmc/fabric/api/event/registry/RegistryEntryAddedCallback; to mdbcad25$fabric-registry-sync-v0$lambda$init$1$3 in fabric-registry-sync-v0.mixins.json:SimpleRegistryMixin from mod fabric-registry-sync-v0
[15:48:32] [main/DEBUG] (FabricLoader/Mixin) Renaming synthetic method lambda$init$0([Lnet/fabricmc/fabric/api/event/registry/RegistryEntryAddedCallback;ILnet/minecraft/util/Identifier;Ljava/lang/Object;)V to mdbcad25$fabric-registry-sync-v0$lambda$init$0$4 in fabric-registry-sync-v0.mixins.json:SimpleRegistryMixin from mod fabric-registry-sync-v0
[15:48:32] [main/DEBUG] (FabricLoader/Mixin) Mixing SimpleRegistryMixin from fabric-tag-api-v1.mixins.json into net.minecraft.registry.SimpleRegistry
[15:48:32] [main/DEBUG] (FabricLoader/Mixin) fabric-registry-sync-v0.mixins.json:SimpleRegistryMixin from mod fabric-registry-sync-v0->@Inject::init(Lnet/minecraft/registry/RegistryKey;Lcom/mojang/serialization/Lifecycle;ZLorg/spongepowered/asm/mixin/injection/callback/CallbackInfo;)V doesn't use it's CallbackInfo
[15:48:32] [main/DEBUG] (FabricLoader/Mixin) fabric-registry-sync-v0.mixins.json:SimpleRegistryMixin from mod fabric-registry-sync-v0->@Inject::init(Lnet/minecraft/registry/RegistryKey;Lcom/mojang/serialization/Lifecycle;ZLorg/spongepowered/asm/mixin/injection/callback/CallbackInfo;)V has 0 override(s) in child classes
[15:48:32] [main/DEBUG] (FabricLoader/Mixin) fabric-registry-sync-v0.mixins.json:SimpleRegistryMixin from mod fabric-registry-sync-v0->@Inject::init(Lnet/minecraft/registry/RegistryKey;Lcom/mojang/serialization/Lifecycle;ZLorg/spongepowered/asm/mixin/injection/callback/CallbackInfo;)V won't be passed a CallbackInfo as a result
[15:48:32] [main/DEBUG] (FabricLoader/Mixin) fabric-registry-sync-v0.mixins.json:SimpleRegistryMixin from mod fabric-registry-sync-v0->@Inject::set(Lnet/minecraft/registry/RegistryKey;Ljava/lang/Object;Lnet/minecraft/registry/entry/RegistryEntryInfo;Lorg/spongepowered/asm/mixin/injection/callback/CallbackInfoReturnable;)V does use it's CallbackInfoReturnable
[15:48:32] [main/DEBUG] (FabricLoader/Mixin) Mixing RegistryKeysMixin from fabric-registry-sync-v0.mixins.json into net.minecraft.registry.RegistryKeys
[15:48:33] [main/DEBUG] (FabricLoader/Mixin) Mixing ArgumentTypesAccessor from fabric-command-api-v2.mixins.json into net.minecraft.command.argument.ArgumentTypes
[15:48:33] [main/DEBUG] (FabricLoader/Mixin) Renaming @Accessor method fabric_getClassMap()Ljava/util/Map; to fabric_getClassMap$fabric-command-api-v2_$md$bcad25$0 in fabric-command-api-v2.mixins.json:ArgumentTypesAccessor from mod fabric-command-api-v2
[15:48:33] [main/DEBUG] (FabricLoader/Mixin) Mixing ItemGroupsMixin from fabric-item-group-api-v1.mixins.json into net.minecraft.item.ItemGroups
[15:48:33] [main/DEBUG] (FabricLoader/Mixin) Renaming synthetic method lambda$paginateGroups$0(Lnet/minecraft/registry/entry/RegistryEntry$Reference;Lnet/minecraft/registry/entry/RegistryEntry$Reference;)I to mdbcad25$fabric-item-group-api-v1$lambda$paginateGroups$0$0 in fabric-item-group-api-v1.mixins.json:ItemGroupsMixin from mod fabric-item-group-api-v1
[15:48:33] [main/DEBUG] (FabricLoader/Mixin) fabric-item-group-api-v1.mixins.json:ItemGroupsMixin from mod fabric-item-group-api-v1->@Inject::deferDuplicateCheck(Lorg/spongepowered/asm/mixin/injection/callback/CallbackInfo;)V does use it's CallbackInfo
[15:48:33] [main/DEBUG] (FabricLoader/Mixin) fabric-item-group-api-v1.mixins.json:ItemGroupsMixin from mod fabric-item-group-api-v1->@Inject::paginateGroups(Lorg/spongepowered/asm/mixin/injection/callback/CallbackInfo;)V doesn't use it's CallbackInfo
[15:48:33] [main/DEBUG] (FabricLoader/Mixin) Mixing ItemGroupAccessor from fabric-item-group-api-v1.mixins.json into net.minecraft.item.ItemGroup
[15:48:33] [main/DEBUG] (FabricLoader/Mixin) Mixing ItemGroupMixin from fabric-item-group-api-v1.mixins.json into net.minecraft.item.ItemGroup
[15:48:33] [main/DEBUG] (FabricLoader/Mixin) Renaming synthetic method lambda$getStacks$0(Lnet/minecraft/item/ItemGroup;)Ljava/lang/IllegalStateException; to mdbcad25$fabric-item-group-api-v1$lambda$getStacks$0$0 in fabric-item-group-api-v1.mixins.json:ItemGroupMixin from mod fabric-item-group-api-v1
[15:48:33] [main/DEBUG] (FabricLoader/Mixin) fabric-item-group-api-v1.mixins.json:ItemGroupMixin from mod fabric-item-group-api-v1->@Inject::getStacks(Lnet/minecraft/item/ItemGroup$DisplayContext;Lorg/spongepowered/asm/mixin/injection/callback/CallbackInfo;)V doesn't use it's CallbackInfo
[15:48:33] [main/DEBUG] (FabricLoader/Mixin) fabric-item-group-api-v1.mixins.json:ItemGroupMixin from mod fabric-item-group-api-v1->@Inject::getStacks(Lnet/minecraft/item/ItemGroup$DisplayContext;Lorg/spongepowered/asm/mixin/injection/callback/CallbackInfo;)V has 0 override(s) in child classes
[15:48:33] [main/DEBUG] (FabricLoader/Mixin) fabric-item-group-api-v1.mixins.json:ItemGroupMixin from mod fabric-item-group-api-v1->@Inject::getStacks(Lnet/minecraft/item/ItemGroup$DisplayContext;Lorg/spongepowered/asm/mixin/injection/callback/CallbackInfo;)V won't be passed a CallbackInfo as a result
[15:48:33] [main/DEBUG] (FabricLoader/Mixin) Mixing FireBlockMixin from fabric-content-registries-v0.mixins.json into net.minecraft.block.FireBlock
[15:48:33] [main/DEBUG] (FabricLoader/Mixin) fabric-content-registries-v0.mixins.json:FireBlockMixin from mod fabric-content-registries-v0->@Inject::afterConstruct(Lnet/minecraft/block/AbstractBlock$Settings;Lorg/spongepowered/asm/mixin/injection/callback/CallbackInfo;)V doesn't use it's CallbackInfo
[15:48:33] [main/DEBUG] (FabricLoader/Mixin) fabric-content-registries-v0.mixins.json:FireBlockMixin from mod fabric-content-registries-v0->@Inject::afterConstruct(Lnet/minecraft/block/AbstractBlock$Settings;Lorg/spongepowered/asm/mixin/injection/callback/CallbackInfo;)V has 0 override(s) in child classes
[15:48:33] [main/DEBUG] (FabricLoader/Mixin) fabric-content-registries-v0.mixins.json:FireBlockMixin from mod fabric-content-registries-v0->@Inject::afterConstruct(Lnet/minecraft/block/AbstractBlock$Settings;Lorg/spongepowered/asm/mixin/injection/callback/CallbackInfo;)V won't be passed a CallbackInfo as a result
[15:48:33] [main/DEBUG] (FabricLoader/Mixin) fabric-content-registries-v0.mixins.json:FireBlockMixin from mod fabric-content-registries-v0->@Inject::getFabricBurnChance(Lnet/minecraft/block/BlockState;Lorg/spongepowered/asm/mixin/injection/callback/CallbackInfoReturnable;)V does use it's CallbackInfoReturnable
[15:48:33] [main/DEBUG] (FabricLoader/Mixin) fabric-content-registries-v0.mixins.json:FireBlockMixin from mod fabric-content-registries-v0->@Inject::getFabricSpreadChance(Lnet/minecraft/block/BlockState;Lorg/spongepowered/asm/mixin/injection/callback/CallbackInfoReturnable;)V does use it's CallbackInfoReturnable
[15:48:33] [main/DEBUG] (FabricLoader/Mixin) Mixing BlockMixin from fabric-block-api-v1.mixins.json into net.minecraft.block.Block
[15:48:33] [main/DEBUG] (FabricLoader/Mixin) Mixing block.MixinBlock from mixins.litematica.json into net.minecraft.block.Block
[15:48:33] [main/DEBUG] (FabricLoader/Mixin) mixins.litematica.json:block.MixinBlock from mod litematica->@Inject::litematica_preventItemDrops(Lnet/minecraft/world/World;Ljava/util/function/Supplier;Lnet/minecraft/item/ItemStack;Lorg/spongepowered/asm/mixin/injection/callback/CallbackInfo;)V does use it's CallbackInfo
[15:48:33] [main/DEBUG] (FabricLoader/Mixin) Mixing block.IMixinAbstractBlock from mixins.litematica.json into net.minecraft.block.AbstractBlock
[15:48:33] [main/DEBUG] (FabricLoader/Mixin) Mixing AbstractBlockAccessor from fabric-content-registries-v0.mixins.json into net.minecraft.block.AbstractBlock
[15:48:33] [main/DEBUG] (FabricLoader/Mixin) Mixing BlockViewMixin from fabric-block-view-api-v2.mixins.json into net.minecraft.world.BlockView
[15:48:33] [main/DEBUG] (FabricLoader/Mixin) Mixing EntityMixin from fabric-particles-v1.mixins.json into net.minecraft.entity.Entity
[15:48:33] [main/DEBUG] (FabricLoader/Mixin) Mixing AttachmentTargetsMixin from fabric-data-attachment-api-v1.mixins.json into net.minecraft.entity.Entity
[15:48:33] [main/DEBUG] (FabricLoader/Mixin) Renaming synthetic method lambda$fabric_readAttachmentsFromNbt$3(Lnet/minecraft/storage/ReadView;Lnet/fabricmc/fabric/api/attachment/v1/AttachmentType;Ljava/lang/Object;)V to mdbcad25$fabric-data-attachment-api-v1$lambda$fabric_readAttachmentsFromNbt$3$0 in fabric-data-attachment-api-v1.mixins.json:AttachmentTargetsMixin from mod fabric-data-attachment-api-v1
[15:48:33] [main/DEBUG] (FabricLoader/Mixin) Renaming synthetic method lambda$onAttachedSet$2(Lnet/fabricmc/fabric/api/attachment/v1/AttachmentType;)Lnet/fabricmc/fabric/api/event/Event; to mdbcad25$fabric-data-attachment-api-v1$lambda$onAttachedSet$2$1 in fabric-data-attachment-api-v1.mixins.json:AttachmentTargetsMixin from mod fabric-data-attachment-api-v1
[15:48:33] [main/DEBUG] (FabricLoader/Mixin) Renaming synthetic method lambda$onAttachedSet$1([Lnet/fabricmc/fabric/api/attachment/v1/AttachmentTarget$OnAttachedSet;)Lnet/fabricmc/fabric/api/attachment/v1/AttachmentTarget$OnAttachedSet; to mdbcad25$fabric-data-attachment-api-v1$lambda$onAttachedSet$1$2 in fabric-data-attachment-api-v1.mixins.json:AttachmentTargetsMixin from mod fabric-data-attachment-api-v1
[15:48:33] [main/DEBUG] (FabricLoader/Mixin) Renaming synthetic method lambda$onAttachedSet$0([Lnet/fabricmc/fabric/api/attachment/v1/AttachmentTarget$OnAttachedSet;Ljava/lang/Object;Ljava/lang/Object;)V to mdbcad25$fabric-data-attachment-api-v1$lambda$onAttachedSet$0$3 in fabric-data-attachment-api-v1.mixins.json:AttachmentTargetsMixin from mod fabric-data-attachment-api-v1
[15:48:33] [main/DEBUG] (FabricLoader/Mixin) Mixing EntityMixin from fabric-data-attachment-api-v1.mixins.json into net.minecraft.entity.Entity
[15:48:33] [main/DEBUG] (FabricLoader/Mixin) Renaming synthetic method lambda$fabric_syncChange$0(Lnet/fabricmc/fabric/api/attachment/v1/AttachmentSyncPredicate;Lnet/fabricmc/fabric/impl/attachment/sync/s2c/AttachmentSyncPayloadS2C;Lnet/minecraft/server/network/ServerPlayerEntity;)V to mdbcad25$fabric-data-attachment-api-v1$lambda$fabric_syncChange$0$4 in fabric-data-attachment-api-v1.mixins.json:EntityMixin from mod fabric-data-attachment-api-v1
[15:48:33] [main/DEBUG] (FabricLoader/Mixin) Mixing entity.IMixinEntity from mixins.litematica.json into net.minecraft.entity.Entity
[15:48:33] [main/DEBUG] (FabricLoader/Mixin) Mixing entity.MixinEntity from mixins.litematica.json into net.minecraft.entity.Entity
[15:48:33] [main/DEBUG] (FabricLoader/Mixin) Mixing EntityMixin from fabric-entity-events-v1.mixins.json into net.minecraft.entity.Entity
[15:48:33] [main/DEBUG] (FabricLoader/Mixin) fabric-data-attachment-api-v1.mixins.json:EntityMixin from mod fabric-data-attachment-api-v1->@Inject::readEntityAttachments(Lnet/minecraft/storage/ReadView;Lorg/spongepowered/asm/mixin/injection/callback/CallbackInfo;)V doesn't use it's CallbackInfo
[15:48:33] [main/DEBUG] (FabricLoader/Mixin) fabric-data-attachment-api-v1.mixins.json:EntityMixin from mod fabric-data-attachment-api-v1->@Inject::readEntityAttachments(Lnet/minecraft/storage/ReadView;Lorg/spongepowered/asm/mixin/injection/callback/CallbackInfo;)V has 0 override(s) in child classes
[15:48:33] [main/DEBUG] (FabricLoader/Mixin) fabric-data-attachment-api-v1.mixins.json:EntityMixin from mod fabric-data-attachment-api-v1->@Inject::readEntityAttachments(Lnet/minecraft/storage/ReadView;Lorg/spongepowered/asm/mixin/injection/callback/CallbackInfo;)V won't be passed a CallbackInfo as a result
[15:48:33] [main/DEBUG] (FabricLoader/Mixin) fabric-data-attachment-api-v1.mixins.json:EntityMixin from mod fabric-data-attachment-api-v1->@Inject::writeEntityAttachments(Lnet/minecraft/storage/WriteView;Lorg/spongepowered/asm/mixin/injection/callback/CallbackInfo;)V doesn't use it's CallbackInfo
[15:48:33] [main/DEBUG] (FabricLoader/Mixin) fabric-data-attachment-api-v1.mixins.json:EntityMixin from mod fabric-data-attachment-api-v1->@Inject::writeEntityAttachments(Lnet/minecraft/storage/WriteView;Lorg/spongepowered/asm/mixin/injection/callback/CallbackInfo;)V has 0 override(s) in child classes
[15:48:33] [main/DEBUG] (FabricLoader/Mixin) fabric-data-attachment-api-v1.mixins.json:EntityMixin from mod fabric-data-attachment-api-v1->@Inject::writeEntityAttachments(Lnet/minecraft/storage/WriteView;Lorg/spongepowered/asm/mixin/injection/callback/CallbackInfo;)V won't be passed a CallbackInfo as a result
[15:48:33] [main/DEBUG] (FabricLoader/Mixin) Mixing entity.IMixinPlayerEntity from mixins.malilib.json into net.minecraft.entity.player.PlayerEntity
[15:48:33] [main/DEBUG] (FabricLoader/Mixin) Mixing PlayerEntityMixin from fabric-entity-events-v1.mixins.json into net.minecraft.entity.player.PlayerEntity
[15:48:33] [main/DEBUG] (FabricLoader/Mixin) fabric-entity-events-v1.mixins.json:PlayerEntityMixin from mod fabric-entity-events-v1->@Inject::onTrySleep(Lnet/minecraft/util/math/BlockPos;Lorg/spongepowered/asm/mixin/injection/callback/CallbackInfoReturnable;)V does use it's CallbackInfoReturnable
[15:48:33] [main/DEBUG] (FabricLoader/Mixin) fabric-entity-events-v1.mixins.json:PlayerEntityMixin from mod fabric-entity-events-v1->@Inject::onIsSleepingLongEnough(Lorg/spongepowered/asm/mixin/injection/callback/CallbackInfoReturnable;)V does use it's CallbackInfoReturnable
[15:48:33] [main/DEBUG] (FabricLoader/Mixin) Mixing LivingEntityMixin from fabric-item-api-v1.mixins.json into net.minecraft.entity.LivingEntity
[15:48:33] [main/DEBUG] (FabricLoader/Mixin) Mixing LivingEntityMixin from fabric-lifecycle-events-v1.mixins.json into net.minecraft.entity.LivingEntity
[15:48:33] [main/DEBUG] (FabricLoader/Mixin) Mixing LivingEntityMixin from fabric-particles-v1.mixins.json into net.minecraft.entity.LivingEntity
[15:48:33] [main/DEBUG] (FabricLoader/Mixin) Mixing LivingEntityMixin from fabric-block-api-v1.mixins.json into net.minecraft.entity.LivingEntity
[15:48:33] [main/DEBUG] (FabricLoader/Mixin) Mixing LivingEntityMixin from fabric-entity-events-v1.mixins.json into net.minecraft.entity.LivingEntity
[15:48:33] [main/DEBUG] (FabricLoader/Mixin) Mixing elytra.LivingEntityMixin from fabric-entity-events-v1.mixins.json into net.minecraft.entity.LivingEntity
[15:48:33] [main/DEBUG] (FabricLoader/Mixin) fabric-item-api-v1.mixins.json:LivingEntityMixin from mod fabric-item-api-v1->@Inject::onGetPreferredEquipmentSlot(Lnet/minecraft/item/ItemStack;Lorg/spongepowered/asm/mixin/injection/callback/CallbackInfoReturnable;)V does use it's CallbackInfoReturnable
[15:48:33] [main/DEBUG] (FabricLoader/Mixin) fabric-lifecycle-events-v1.mixins.json:LivingEntityMixin from mod fabric-lifecycle-events-v1->@Inject::getEquipmentChanges(Lorg/spongepowered/asm/mixin/injection/callback/CallbackInfoReturnable;)V doesn't use it's CallbackInfoReturnable
[15:48:33] [main/DEBUG] (FabricLoader/Mixin) fabric-lifecycle-events-v1.mixins.json:LivingEntityMixin from mod fabric-lifecycle-events-v1->@Inject::getEquipmentChanges(Lorg/spongepowered/asm/mixin/injection/callback/CallbackInfoReturnable;)V has 0 override(s) in child classes
[15:48:33] [main/DEBUG] (FabricLoader/Mixin) fabric-lifecycle-events-v1.mixins.json:LivingEntityMixin from mod fabric-lifecycle-events-v1->@Inject::getEquipmentChanges(Lorg/spongepowered/asm/mixin/injection/callback/CallbackInfoReturnable;)V won't be passed a CallbackInfoReturnable as a result
[15:48:33] [main/DEBUG] (FabricLoader/Mixin) fabric-block-api-v1.mixins.json:LivingEntityMixin from mod fabric-block-api-v1->@Inject::allowTaggedBlocksForTrapdoorClimbing(Lnet/minecraft/util/math/BlockPos;Lnet/minecraft/block/BlockState;Lorg/spongepowered/asm/mixin/injection/callback/CallbackInfoReturnable;)V does use it's CallbackInfoReturnable
[15:48:33] [main/DEBUG] (FabricLoader/Mixin) fabric-entity-events-v1.mixins.json:LivingEntityMixin from mod fabric-entity-events-v1->@Inject::notifyDeath(Lnet/minecraft/entity/damage/DamageSource;Lorg/spongepowered/asm/mixin/injection/callback/CallbackInfo;)V doesn't use it's CallbackInfo
[15:48:33] [main/DEBUG] (FabricLoader/Mixin) fabric-entity-events-v1.mixins.json:LivingEntityMixin from mod fabric-entity-events-v1->@Inject::notifyDeath(Lnet/minecraft/entity/damage/DamageSource;Lorg/spongepowered/asm/mixin/injection/callback/CallbackInfo;)V has 0 override(s) in child classes
[15:48:33] [main/DEBUG] (FabricLoader/Mixin) fabric-entity-events-v1.mixins.json:LivingEntityMixin from mod fabric-entity-events-v1->@Inject::notifyDeath(Lnet/minecraft/entity/damage/DamageSource;Lorg/spongepowered/asm/mixin/injection/callback/CallbackInfo;)V won't be passed a CallbackInfo as a result
[15:48:33] [main/DEBUG] (FabricLoader/Mixin) fabric-entity-events-v1.mixins.json:LivingEntityMixin from mod fabric-entity-events-v1->@Inject::beforeDamage(Lnet/minecraft/server/world/ServerWorld;Lnet/minecraft/entity/damage/DamageSource;FLorg/spongepowered/asm/mixin/injection/callback/CallbackInfoReturnable;)V does use it's CallbackInfoReturnable
[15:48:33] [main/DEBUG] (FabricLoader/Mixin) fabric-entity-events-v1.mixins.json:LivingEntityMixin from mod fabric-entity-events-v1->@Inject::afterDamage(Lnet/minecraft/server/world/ServerWorld;Lnet/minecraft/entity/damage/DamageSource;FLorg/spongepowered/asm/mixin/injection/callback/CallbackInfoReturnable;)V doesn't use it's CallbackInfoReturnable
[15:48:33] [main/DEBUG] (FabricLoader/Mixin) fabric-entity-events-v1.mixins.json:LivingEntityMixin from mod fabric-entity-events-v1->@Inject::afterDamage(Lnet/minecraft/server/world/ServerWorld;Lnet/minecraft/entity/damage/DamageSource;FLorg/spongepowered/asm/mixin/injection/callback/CallbackInfoReturnable;)V has 0 override(s) in child classes
[15:48:33] [main/DEBUG] (FabricLoader/Mixin) fabric-entity-events-v1.mixins.json:LivingEntityMixin from mod fabric-entity-events-v1->@Inject::afterDamage(Lnet/minecraft/server/world/ServerWorld;Lnet/minecraft/entity/damage/DamageSource;FLorg/spongepowered/asm/mixin/injection/callback/CallbackInfoReturnable;)V won't be passed a CallbackInfoReturnable as a result
[15:48:33] [main/DEBUG] (FabricLoader/Mixin) fabric-entity-events-v1.mixins.json:LivingEntityMixin from mod fabric-entity-events-v1->@Inject::onSleep(Lnet/minecraft/util/math/BlockPos;Lorg/spongepowered/asm/mixin/injection/callback/CallbackInfo;)V doesn't use it's CallbackInfo
[15:48:33] [main/DEBUG] (FabricLoader/Mixin) fabric-entity-events-v1.mixins.json:LivingEntityMixin from mod fabric-entity-events-v1->@Inject::onSleep(Lnet/minecraft/util/math/BlockPos;Lorg/spongepowered/asm/mixin/injection/callback/CallbackInfo;)V has 0 override(s) in child classes
[15:48:33] [main/DEBUG] (FabricLoader/Mixin) fabric-entity-events-v1.mixins.json:LivingEntityMixin from mod fabric-entity-events-v1->@Inject::onSleep(Lnet/minecraft/util/math/BlockPos;Lorg/spongepowered/asm/mixin/injection/callback/CallbackInfo;)V won't be passed a CallbackInfo as a result
[15:48:33] [main/DEBUG] (FabricLoader/Mixin) fabric-entity-events-v1.mixins.json:LivingEntityMixin from mod fabric-entity-events-v1->@Inject::onWakeUp(Lorg/spongepowered/asm/mixin/injection/callback/CallbackInfo;)V doesn't use it's CallbackInfo
[15:48:33] [main/DEBUG] (FabricLoader/Mixin) fabric-entity-events-v1.mixins.json:LivingEntityMixin from mod fabric-entity-events-v1->@Inject::onWakeUp(Lorg/spongepowered/asm/mixin/injection/callback/CallbackInfo;)V has 0 override(s) in child classes
[15:48:33] [main/DEBUG] (FabricLoader/Mixin) fabric-entity-events-v1.mixins.json:LivingEntityMixin from mod fabric-entity-events-v1->@Inject::onWakeUp(Lorg/spongepowered/asm/mixin/injection/callback/CallbackInfo;)V won't be passed a CallbackInfo as a result
[15:48:33] [main/DEBUG] (FabricLoader/Mixin) fabric-entity-events-v1.mixins.json:LivingEntityMixin from mod fabric-entity-events-v1->@Inject::onIsSleepingInBed(Lnet/minecraft/util/math/BlockPos;Lorg/spongepowered/asm/mixin/injection/callback/CallbackInfoReturnable;)V does use it's CallbackInfoReturnable
[15:48:33] [main/DEBUG] (FabricLoader/Mixin) fabric-entity-events-v1.mixins.json:elytra.LivingEntityMixin from mod fabric-entity-events-v1->@Inject::injectElytraTick(Lorg/spongepowered/asm/mixin/injection/callback/CallbackInfo;)V does use it's CallbackInfo
[15:48:33] [main/DEBUG] (FabricLoader/Mixin) fabric-entity-events-v1.mixins.json:elytra.LivingEntityMixin from mod fabric-entity-events-v1->@Inject::injectElytraCheck(Lorg/spongepowered/asm/mixin/injection/callback/CallbackInfoReturnable;)V does use it's CallbackInfoReturnable
[15:48:33] [main/DEBUG] (FabricLoader/Mixin) Mixing BlockStateMixin from fabric-block-api-v1.mixins.json into net.minecraft.block.BlockState
[15:48:33] [main/DEBUG] (FabricLoader/Mixin) Mixing AbstractBlockAbstractBlockStateMixin from fabric-content-registries-v0.mixins.json into net.minecraft.block.AbstractBlock$AbstractBlockState
[15:48:33] [main/DEBUG] (FabricLoader/Mixin) Mixing WorldViewMixin from fabric-block-view-api-v2.mixins.json into net.minecraft.world.WorldView
[15:48:33] [main/DEBUG] (FabricLoader/Mixin) Mixing WorldMixin from fabric-lifecycle-events-v1.mixins.json into net.minecraft.world.World
[15:48:33] [main/DEBUG] (FabricLoader/Mixin) Mixing AttachmentTargetsMixin from fabric-data-attachment-api-v1.mixins.json into net.minecraft.world.World
[15:48:33] [main/DEBUG] (FabricLoader/Mixin) Mixing WorldMixin from fabric-data-attachment-api-v1.mixins.json into net.minecraft.world.World
[15:48:33] [main/DEBUG] (FabricLoader/Mixin) Mixing world.IMixinWorld from mixins.litematica.json into net.minecraft.world.World
[15:48:33] [main/DEBUG] (FabricLoader/Mixin) Mixing world.MixinWorld from mixins.litematica.json into net.minecraft.world.World
[15:48:33] [main/DEBUG] (FabricLoader/Mixin) Mixing ServerWorldMixin from fabric-lifecycle-events-v1.mixins.json into net.minecraft.server.world.ServerWorld
[15:48:33] [main/DEBUG] (FabricLoader/Mixin) Mixing ServerWorldMixin from fabric-data-attachment-api-v1.mixins.json into net.minecraft.server.world.ServerWorld
[15:48:33] [main/DEBUG] (FabricLoader/Mixin) Renaming synthetic method lambda$fabric_syncChange$1(Lnet/fabricmc/fabric/api/attachment/v1/AttachmentType;Lnet/fabricmc/fabric/impl/attachment/sync/s2c/AttachmentSyncPayloadS2C;Lnet/minecraft/server/network/ServerPlayerEntity;)V to mdbcad25$fabric-data-attachment-api-v1$lambda$fabric_syncChange$1$0 in fabric-data-attachment-api-v1.mixins.json:ServerWorldMixin from mod fabric-data-attachment-api-v1
[15:48:33] [main/DEBUG] (FabricLoader/Mixin) Renaming synthetic method lambda$createAttachmentsPersistentState$0(Lnet/minecraft/server/world/ServerWorld;)Lnet/fabricmc/fabric/impl/attachment/AttachmentPersistentState; to mdbcad25$fabric-data-attachment-api-v1$lambda$createAttachmentsPersistentState$0$1 in fabric-data-attachment-api-v1.mixins.json:ServerWorldMixin from mod fabric-data-attachment-api-v1
[15:48:33] [main/DEBUG] (FabricLoader/Mixin) Mixing ServerWorldMixin from fabric-api-lookup-api-v1.mixins.json into net.minecraft.server.world.ServerWorld
[15:48:33] [main/DEBUG] (FabricLoader/Mixin) Renaming synthetic method lambda$fabric_invalidateCache$5(Ljava/util/Map$Entry;)Z to mdbcad25$fabric-api-lookup-api-v1$lambda$fabric_invalidateCache$5$2 in fabric-api-lookup-api-v1.mixins.json:ServerWorldMixin from mod fabric-api-lookup-api-v1
[15:48:33] [main/DEBUG] (FabricLoader/Mixin) Renaming synthetic method lambda$fabric_invalidateCache$4(Ljava/lang/ref/WeakReference;)Z to mdbcad25$fabric-api-lookup-api-v1$lambda$fabric_invalidateCache$4$3 in fabric-api-lookup-api-v1.mixins.json:ServerWorldMixin from mod fabric-api-lookup-api-v1
[15:48:33] [main/DEBUG] (FabricLoader/Mixin) Renaming synthetic method lambda$fabric_invalidateCache$3(Ljava/lang/ref/WeakReference;)V to mdbcad25$fabric-api-lookup-api-v1$lambda$fabric_invalidateCache$3$4 in fabric-api-lookup-api-v1.mixins.json:ServerWorldMixin from mod fabric-api-lookup-api-v1
[15:48:33] [main/DEBUG] (FabricLoader/Mixin) Renaming synthetic method lambda$fabric_invalidateCache$2(Ljava/lang/ref/WeakReference;)Z to mdbcad25$fabric-api-lookup-api-v1$lambda$fabric_invalidateCache$2$5 in fabric-api-lookup-api-v1.mixins.json:ServerWorldMixin from mod fabric-api-lookup-api-v1
[15:48:33] [main/DEBUG] (FabricLoader/Mixin) Renaming synthetic method lambda$fabric_registerCache$1(Ljava/lang/ref/WeakReference;)Z to mdbcad25$fabric-api-lookup-api-v1$lambda$fabric_registerCache$1$6 in fabric-api-lookup-api-v1.mixins.json:ServerWorldMixin from mod fabric-api-lookup-api-v1
[15:48:33] [main/DEBUG] (FabricLoader/Mixin) Renaming synthetic method lambda$fabric_registerCache$0(Lnet/minecraft/util/math/BlockPos;)Ljava/util/List; to mdbcad25$fabric-api-lookup-api-v1$lambda$fabric_registerCache$0$7 in fabric-api-lookup-api-v1.mixins.json:ServerWorldMixin from mod fabric-api-lookup-api-v1
[15:48:33] [main/DEBUG] (FabricLoader/Mixin) fabric-lifecycle-events-v1.mixins.json:ServerWorldMixin from mod fabric-lifecycle-events-v1->@Inject::startWorldTick(Ljava/util/function/BooleanSupplier;Lorg/spongepowered/asm/mixin/injection/callback/CallbackInfo;)V doesn't use it's CallbackInfo
[15:48:33] [main/DEBUG] (FabricLoader/Mixin) fabric-lifecycle-events-v1.mixins.json:ServerWorldMixin from mod fabric-lifecycle-events-v1->@Inject::startWorldTick(Ljava/util/function/BooleanSupplier;Lorg/spongepowered/asm/mixin/injection/callback/CallbackInfo;)V has 0 override(s) in child classes
[15:48:33] [main/DEBUG] (FabricLoader/Mixin) fabric-lifecycle-events-v1.mixins.json:ServerWorldMixin from mod fabric-lifecycle-events-v1->@Inject::startWorldTick(Ljava/util/function/BooleanSupplier;Lorg/spongepowered/asm/mixin/injection/callback/CallbackInfo;)V won't be passed a CallbackInfo as a result
[15:48:33] [main/DEBUG] (FabricLoader/Mixin) fabric-lifecycle-events-v1.mixins.json:ServerWorldMixin from mod fabric-lifecycle-events-v1->@Inject::endWorldTick(Ljava/util/function/BooleanSupplier;Lorg/spongepowered/asm/mixin/injection/callback/CallbackInfo;)V doesn't use it's CallbackInfo
[15:48:33] [main/DEBUG] (FabricLoader/Mixin) fabric-lifecycle-events-v1.mixins.json:ServerWorldMixin from mod fabric-lifecycle-events-v1->@Inject::endWorldTick(Ljava/util/function/BooleanSupplier;Lorg/spongepowered/asm/mixin/injection/callback/CallbackInfo;)V has 0 override(s) in child classes
[15:48:33] [main/DEBUG] (FabricLoader/Mixin) fabric-lifecycle-events-v1.mixins.json:ServerWorldMixin from mod fabric-lifecycle-events-v1->@Inject::endWorldTick(Ljava/util/function/BooleanSupplier;Lorg/spongepowered/asm/mixin/injection/callback/CallbackInfo;)V won't be passed a CallbackInfo as a result
[15:48:33] [main/DEBUG] (FabricLoader/Mixin) fabric-data-attachment-api-v1.mixins.json:ServerWorldMixin from mod fabric-data-attachment-api-v1->@Inject::createAttachmentsPersistentState(Lorg/spongepowered/asm/mixin/injection/callback/CallbackInfo;)V doesn't use it's CallbackInfo
[15:48:33] [main/DEBUG] (FabricLoader/Mixin) fabric-data-attachment-api-v1.mixins.json:ServerWorldMixin from mod fabric-data-attachment-api-v1->@Inject::createAttachmentsPersistentState(Lorg/spongepowered/asm/mixin/injection/callback/CallbackInfo;)V has 0 override(s) in child classes
[15:48:33] [main/DEBUG] (FabricLoader/Mixin) fabric-data-attachment-api-v1.mixins.json:ServerWorldMixin from mod fabric-data-attachment-api-v1->@Inject::createAttachmentsPersistentState(Lorg/spongepowered/asm/mixin/injection/callback/CallbackInfo;)V won't be passed a CallbackInfo as a result
[15:48:33] [main/DEBUG] (FabricLoader/Mixin) Mixing IdListMixin from fabric-registry-sync-v0.mixins.json into net.minecraft.util.collection.IdList
[15:48:33] [main/DEBUG] (FabricLoader/Mixin) Renaming synthetic method lambda$fabric_remapIds$0(Lit/unimi/dsi/fastutil/ints/Int2IntMap;Ljava/lang/Object;Ljava/lang/Integer;)Ljava/lang/Integer; to mdbcad25$fabric-registry-sync-v0$lambda$fabric_remapIds$0$0 in fabric-registry-sync-v0.mixins.json:IdListMixin from mod fabric-registry-sync-v0
[15:48:33] [main/DEBUG] (FabricLoader/Mixin) Mixing RegistryByteBufMixin from fabric-networking-api-v1.mixins.json into net.minecraft.network.RegistryByteBuf
[15:48:33] [main/DEBUG] (FabricLoader/Mixin) Mixing BlocksMixin from fabric-registry-sync-v0.mixins.json into net.minecraft.block.Blocks
[15:48:33] [main/DEBUG] (FabricLoader/Mixin) Renaming synthetic method lambda$initShapeCache$0(ILnet/minecraft/util/Identifier;Lnet/minecraft/block/Block;)V to mdbcad25$fabric-registry-sync-v0$lambda$initShapeCache$0$0 in fabric-registry-sync-v0.mixins.json:BlocksMixin from mod fabric-registry-sync-v0
[15:48:33] [main/DEBUG] (FabricLoader/Mixin) fabric-registry-sync-v0.mixins.json:BlocksMixin from mod fabric-registry-sync-v0->@Inject::initShapeCache(Lorg/spongepowered/asm/mixin/injection/callback/CallbackInfo;)V doesn't use it's CallbackInfo
[15:48:33] [main/DEBUG] (FabricLoader/Mixin) Mixing block.IMixinFenceGateBlock from mixins.litematica.json into net.minecraft.block.FenceGateBlock
[15:48:33] [main/DEBUG] (FabricLoader/Mixin) Mixing block.IMixinWallMountedBlock from mixins.litematica.json into net.minecraft.block.WallMountedBlock
[15:48:33] [main/DEBUG] (FabricLoader/Mixin) Mixing block.MixinChestBlock from mixins.litematica.json into net.minecraft.block.ChestBlock
[15:48:33] [main/DEBUG] (FabricLoader/Mixin) mixins.litematica.json:block.MixinChestBlock from mod litematica->@Inject::litematica_fixChestMirror(Lnet/minecraft/block/BlockState;Lnet/minecraft/util/BlockMirror;Lorg/spongepowered/asm/mixin/injection/callback/CallbackInfoReturnable;)V does use it's CallbackInfoReturnable
[15:48:33] [main/DEBUG] (FabricLoader/Mixin) Mixing OxidizableMixin from fabric-content-registries-v0.mixins.json into net.minecraft.block.Oxidizable
[15:48:33] [main/DEBUG] (FabricLoader/Mixin) fabric-content-registries-v0.mixins.json:OxidizableMixin from mod fabric-content-registries-v0->@Inject::createOxidationLevelIncreasesMap(Lorg/spongepowered/asm/mixin/injection/callback/CallbackInfoReturnable;)V does use it's CallbackInfoReturnable
[15:48:33] [main/DEBUG] (FabricLoader/Mixin) Mixing block.IMixinStairsBlock from mixins.litematica.json into net.minecraft.block.StairsBlock
[15:48:33] [main/DEBUG] (FabricLoader/Mixin) Renaming @Invoker method litematica_invokeGetStairShape(Lnet/minecraft/block/BlockState;Lnet/minecraft/world/BlockView;Lnet/minecraft/util/math/BlockPos;)Lnet/minecraft/block/enums/StairShape; to invokeGetStairShape$litematica_$md$bcad25$0 in mixins.litematica.json:block.IMixinStairsBlock from mod litematica
[15:48:33] [main/DEBUG] (FabricLoader/Mixin) Mixing block.MixinStairsBlock from mixins.litematica.json into net.minecraft.block.StairsBlock
[15:48:33] [main/DEBUG] (FabricLoader/Mixin) mixins.litematica.json:block.MixinStairsBlock from mod litematica->@Inject::litematica_fixStairsMirror(Lnet/minecraft/block/BlockState;Lnet/minecraft/util/BlockMirror;Lorg/spongepowered/asm/mixin/injection/callback/CallbackInfoReturnable;)V does use it's CallbackInfoReturnable
[15:48:33] [main/DEBUG] (FabricLoader/Mixin) Mixing EntityTypeMixin from fabric-object-builder-v1.mixins.json into net.minecraft.entity.EntityType
[15:48:33] [main/DEBUG] (FabricLoader/Mixin) fabric-object-builder-v1.mixins.json:EntityTypeMixin from mod fabric-object-builder-api-v1->@Inject::onAlwaysUpdateVelocity(Lorg/spongepowered/asm/mixin/injection/callback/CallbackInfoReturnable;)V does use it's CallbackInfoReturnable
[15:48:33] [main/DEBUG] (FabricLoader/Mixin) fabric-object-builder-v1.mixins.json:EntityTypeMixin from mod fabric-object-builder-api-v1->@Inject::onCanPotentiallyExecuteCommands(Lorg/spongepowered/asm/mixin/injection/callback/CallbackInfoReturnable;)V does use it's CallbackInfoReturnable
[15:48:33] [main/DEBUG] (FabricLoader/Mixin) Mixing FluidMixin from fabric-transfer-api-v1.mixins.json into net.minecraft.fluid.Fluid
[15:48:33] [main/DEBUG] (FabricLoader/Mixin) fabric-transfer-api-v1.mixins.json:FluidMixin from mod fabric-transfer-api-v1->@Inject::hookGetBucketFillSound(Lorg/spongepowered/asm/mixin/injection/callback/CallbackInfoReturnable;)V does use it's CallbackInfoReturnable
[15:48:34] [main/DEBUG] (FabricLoader/Mixin) Mixing ComponentMapBuilderMixin from fabric-item-api-v1.mixins.json into net.minecraft.component.ComponentMap$Builder
[15:48:34] [main/DEBUG] (FabricLoader/Mixin) Mixing AttachmentTargetsMixin from fabric-data-attachment-api-v1.mixins.json into net.minecraft.block.entity.BlockEntity
[15:48:34] [main/DEBUG] (FabricLoader/Mixin) Mixing BlockEntityMixin from fabric-data-attachment-api-v1.mixins.json into net.minecraft.block.entity.BlockEntity
[15:48:34] [main/DEBUG] (FabricLoader/Mixin) Renaming synthetic method lambda$fabric_syncChange$0(Lnet/fabricmc/fabric/api/attachment/v1/AttachmentType;Lnet/fabricmc/fabric/impl/attachment/sync/s2c/AttachmentSyncPayloadS2C;Lnet/minecraft/server/network/ServerPlayerEntity;)V to mdbcad25$fabric-data-attachment-api-v1$lambda$fabric_syncChange$0$0 in fabric-data-attachment-api-v1.mixins.json:BlockEntityMixin from mod fabric-data-attachment-api-v1
[15:48:34] [main/DEBUG] (FabricLoader/Mixin) Mixing BlockEntityMixin from fabric-block-view-api-v2.mixins.json into net.minecraft.block.entity.BlockEntity
[15:48:34] [main/DEBUG] (FabricLoader/Mixin) Mixing preview.BlockEntityAccessor from techutils.mixins.json into net.minecraft.block.entity.BlockEntity
[15:48:34] [main/DEBUG] (FabricLoader/Mixin) fabric-data-attachment-api-v1.mixins.json:BlockEntityMixin from mod fabric-data-attachment-api-v1->@Inject::readBlockEntityAttachments(Lnet/minecraft/storage/ReadView;Lorg/spongepowered/asm/mixin/injection/callback/CallbackInfo;)V doesn't use it's CallbackInfo
[15:48:34] [main/DEBUG] (FabricLoader/Mixin) fabric-data-attachment-api-v1.mixins.json:BlockEntityMixin from mod fabric-data-attachment-api-v1->@Inject::readBlockEntityAttachments(Lnet/minecraft/storage/ReadView;Lorg/spongepowered/asm/mixin/injection/callback/CallbackInfo;)V has 0 override(s) in child classes
[15:48:34] [main/DEBUG] (FabricLoader/Mixin) fabric-data-attachment-api-v1.mixins.json:BlockEntityMixin from mod fabric-data-attachment-api-v1->@Inject::readBlockEntityAttachments(Lnet/minecraft/storage/ReadView;Lorg/spongepowered/asm/mixin/injection/callback/CallbackInfo;)V won't be passed a CallbackInfo as a result
[15:48:34] [main/DEBUG] (FabricLoader/Mixin) fabric-data-attachment-api-v1.mixins.json:BlockEntityMixin from mod fabric-data-attachment-api-v1->@Inject::writeBlockEntityAttachments(Lnet/minecraft/storage/WriteView;Lorg/spongepowered/asm/mixin/injection/callback/CallbackInfo;)V doesn't use it's CallbackInfo
[15:48:34] [main/DEBUG] (FabricLoader/Mixin) fabric-data-attachment-api-v1.mixins.json:BlockEntityMixin from mod fabric-data-attachment-api-v1->@Inject::writeBlockEntityAttachments(Lnet/minecraft/storage/WriteView;Lorg/spongepowered/asm/mixin/injection/callback/CallbackInfo;)V has 0 override(s) in child classes
[15:48:34] [main/DEBUG] (FabricLoader/Mixin) fabric-data-attachment-api-v1.mixins.json:BlockEntityMixin from mod fabric-data-attachment-api-v1->@Inject::writeBlockEntityAttachments(Lnet/minecraft/storage/WriteView;Lorg/spongepowered/asm/mixin/injection/callback/CallbackInfo;)V won't be passed a CallbackInfo as a result
[15:48:34] [main/DEBUG] (FabricLoader/Mixin) Mixing BlockStateParticleEffectMixin from fabric-particles-v1.mixins.json into net.minecraft.particle.BlockStateParticleEffect
[15:48:34] [main/DEBUG] (FabricLoader/Mixin) Mixing LockableContainerBlockEntityMixin from fabric-transfer-api-v1.mixins.json into net.minecraft.block.entity.LockableContainerBlockEntity
[15:48:34] [main/DEBUG] (FabricLoader/Mixin) Mixing NamedScreenHandlerFactoryMixin from fabric-screen-handler-api-v1.mixins.json into net.minecraft.screen.NamedScreenHandlerFactory
[15:48:34] [main/DEBUG] (FabricLoader/Mixin) Mixing block.MixinRailBlocks from mixins.litematica.json into net.minecraft.block.PoweredRailBlock
[15:48:34] [main/DEBUG] (FabricLoader/Mixin) mixins.litematica.json:block.MixinRailBlocks from mod litematica->@Inject::litematica_fixRailRotation(Lnet/minecraft/block/BlockState;Lnet/minecraft/util/BlockRotation;Lorg/spongepowered/asm/mixin/injection/callback/CallbackInfoReturnable;)V does use it's CallbackInfoReturnable
[15:48:34] [main/DEBUG] (FabricLoader/Mixin) Mixing DetectorRailBlockMixin from fabric-object-builder-v1.mixins.json into net.minecraft.block.DetectorRailBlock
[15:48:34] [main/DEBUG] (FabricLoader/Mixin) Renaming synthetic method lambda$getCustomComparatorOutput$0(Lnet/minecraft/entity/Entity;)Z to mdbcad25$fabric-object-builder-api-v1$lambda$getCustomComparatorOutput$0$0 in fabric-object-builder-v1.mixins.json:DetectorRailBlockMixin from mod fabric-object-builder-api-v1
[15:48:34] [main/DEBUG] (FabricLoader/Mixin) Mixing block.MixinRailBlocks from mixins.litematica.json into net.minecraft.block.DetectorRailBlock
[15:48:34] [main/DEBUG] (FabricLoader/Mixin) fabric-object-builder-v1.mixins.json:DetectorRailBlockMixin from mod fabric-object-builder-api-v1->@Inject::getCustomComparatorOutput(Lnet/minecraft/block/BlockState;Lnet/minecraft/world/World;Lnet/minecraft/util/math/BlockPos;Lorg/spongepowered/asm/mixin/injection/callback/CallbackInfoReturnable;)V does use it's CallbackInfoReturnable
[15:48:34] [main/DEBUG] (FabricLoader/Mixin) mixins.litematica.json:block.MixinRailBlocks from mod litematica->@Inject::litematica_fixRailRotation(Lnet/minecraft/block/BlockState;Lnet/minecraft/util/BlockRotation;Lorg/spongepowered/asm/mixin/injection/callback/CallbackInfoReturnable;)V does use it's CallbackInfoReturnable
[15:48:34] [main/DEBUG] (FabricLoader/Mixin) Mixing MobEntityMixin from fabric-entity-events-v1.mixins.json into net.minecraft.entity.mob.MobEntity
[15:48:34] [main/DEBUG] (FabricLoader/Mixin) Mixing ChiseledBookshelfBlockEntityMixin from fabric-transfer-api-v1.mixins.json into net.minecraft.block.entity.ChiseledBookshelfBlockEntity
[15:48:34] [main/DEBUG] (FabricLoader/Mixin) fabric-transfer-api-v1.mixins.json:ChiseledBookshelfBlockEntityMixin from mod fabric-transfer-api-v1->@Inject::setStackBypass(ILnet/minecraft/item/ItemStack;Lorg/spongepowered/asm/mixin/injection/callback/CallbackInfo;)V does use it's CallbackInfo
[15:48:34] [main/DEBUG] (FabricLoader/Mixin) Mixing BlockEntityTypeMixin from fabric-object-builder-v1.mixins.json into net.minecraft.block.entity.BlockEntityType
[15:48:34] [main/DEBUG] (FabricLoader/Mixin) Mixing BlockEntityTypeAccessor from fabric-api-lookup-api-v1.mixins.json into net.minecraft.block.entity.BlockEntityType
[15:48:34] [main/DEBUG] (FabricLoader/Mixin) fabric-object-builder-v1.mixins.json:BlockEntityTypeMixin from mod fabric-object-builder-api-v1->@Inject::mutableBlocks(Lnet/minecraft/block/entity/BlockEntityType$BlockEntityFactory;Ljava/util/Set;Lorg/spongepowered/asm/mixin/injection/callback/CallbackInfo;)V doesn't use it's CallbackInfo
[15:48:34] [main/DEBUG] (FabricLoader/Mixin) fabric-object-builder-v1.mixins.json:BlockEntityTypeMixin from mod fabric-object-builder-api-v1->@Inject::mutableBlocks(Lnet/minecraft/block/entity/BlockEntityType$BlockEntityFactory;Ljava/util/Set;Lorg/spongepowered/asm/mixin/injection/callback/CallbackInfo;)V has 0 override(s) in child classes
[15:48:34] [main/DEBUG] (FabricLoader/Mixin) fabric-object-builder-v1.mixins.json:BlockEntityTypeMixin from mod fabric-object-builder-api-v1->@Inject::mutableBlocks(Lnet/minecraft/block/entity/BlockEntityType$BlockEntityFactory;Ljava/util/Set;Lorg/spongepowered/asm/mixin/injection/callback/CallbackInfo;)V won't be passed a CallbackInfo as a result
[15:48:34] [main/DEBUG] (FabricLoader/Mixin) Mixing block.IMixinRedstoneWireBlock from mixins.litematica.json into net.minecraft.block.RedstoneWireBlock
[15:48:34] [main/DEBUG] (FabricLoader/Mixin) Mixing containerscan.ScreenHandlerAccessor from techutils.mixins.json into net.minecraft.screen.ScreenHandler
[15:48:34] [main/DEBUG] (FabricLoader/Mixin) Mixing AbstractFurnaceBlockEntityMixin from fabric-item-api-v1.mixins.json into net.minecraft.block.entity.AbstractFurnaceBlockEntity
[15:48:34] [main/DEBUG] (FabricLoader/Mixin) Mixing AbstractFurnaceBlockEntityMixin from fabric-transfer-api-v1.mixins.json into net.minecraft.block.entity.AbstractFurnaceBlockEntity
[15:48:34] [main/DEBUG] (FabricLoader/Mixin) fabric-item-api-v1.mixins.json:AbstractFurnaceBlockEntityMixin from mod fabric-item-api-v1->@Inject::getStackRemainder(Lnet/minecraft/server/world/ServerWorld;Lnet/minecraft/util/math/BlockPos;Lnet/minecraft/block/BlockState;Lnet/minecraft/block/entity/AbstractFurnaceBlockEntity;Lorg/spongepowered/asm/mixin/injection/callback/CallbackInfo;)V doesn't use it's CallbackInfo
[15:48:34] [main/DEBUG] (FabricLoader/Mixin) fabric-transfer-api-v1.mixins.json:AbstractFurnaceBlockEntityMixin from mod fabric-transfer-api-v1->@Inject::setStackSuppressUpdate(ILnet/minecraft/item/ItemStack;Lorg/spongepowered/asm/mixin/injection/callback/CallbackInfo;)V does use it's CallbackInfo
[15:48:34] [main/DEBUG] (FabricLoader/Mixin) Mixing entity.IMixinSignBlockEntity from mixins.litematica.json into net.minecraft.block.entity.SignBlockEntity
[15:48:34] [main/DEBUG] (FabricLoader/Mixin) Mixing WoodTypeMixin from fabric-object-builder-v1.client.mixins.json into net.minecraft.block.WoodType
[15:48:34] [main/DEBUG] (FabricLoader/Mixin) fabric-object-builder-v1.client.mixins.json:WoodTypeMixin from mod fabric-object-builder-api-v1->@Inject::onReturnRegister(Lnet/minecraft/block/WoodType;Lorg/spongepowered/asm/mixin/injection/callback/CallbackInfoReturnable;)V doesn't use it's CallbackInfoReturnable
[15:48:34] [main/DEBUG] (FabricLoader/Mixin) Mixing block.MixinRailBlocks from mixins.litematica.json into net.minecraft.block.RailBlock
[15:48:34] [main/DEBUG] (FabricLoader/Mixin) mixins.litematica.json:block.MixinRailBlocks from mod litematica->@Inject::litematica_fixRailRotation(Lnet/minecraft/block/BlockState;Lnet/minecraft/util/BlockRotation;Lorg/spongepowered/asm/mixin/injection/callback/CallbackInfoReturnable;)V does use it's CallbackInfoReturnable
[15:48:34] [main/DEBUG] (FabricLoader/Mixin) Mixing JukeboxBlockEntityMixin from fabric-transfer-api-v1.mixins.json into net.minecraft.block.entity.JukeboxBlockEntity
[15:48:34] [main/DEBUG] (FabricLoader/Mixin) fabric-transfer-api-v1.mixins.json:JukeboxBlockEntityMixin from mod fabric-transfer-api-v1->@Inject::setStackBypass(Lnet/minecraft/item/ItemStack;Lorg/spongepowered/asm/mixin/injection/callback/CallbackInfo;)V does use it's CallbackInfo
[15:48:34] [main/DEBUG] (FabricLoader/Mixin) Mixing block.IMixinVineBlock from mixins.litematica.json into net.minecraft.block.VineBlock
[15:48:34] [main/DEBUG] (FabricLoader/Mixin) Mixing BrewingStandBlockEntityMixin from fabric-item-api-v1.mixins.json into net.minecraft.block.entity.BrewingStandBlockEntity
[15:48:34] [main/DEBUG] (FabricLoader/Mixin) fabric-item-api-v1.mixins.json:BrewingStandBlockEntityMixin from mod fabric-item-api-v1->@Inject::captureItemStack(Lnet/minecraft/world/World;Lnet/minecraft/util/math/BlockPos;Lnet/minecraft/util/collection/DefaultedList;Lorg/spongepowered/asm/mixin/injection/callback/CallbackInfo;)V doesn't use it's CallbackInfo
[15:48:34] [main/DEBUG] (FabricLoader/Mixin) Mixing ItemStackMixin from fabric-item-api-v1.mixins.json into net.minecraft.item.ItemStack
[15:48:34] [main/DEBUG] (FabricLoader/Mixin) Renaming synthetic method lambda$hookDamage$0(Lorg/apache/commons/lang3/mutable/MutableBoolean;Ljava/util/function/Consumer;)V to mdbcad25$fabric-item-api-v1$lambda$hookDamage$0$0 in fabric-item-api-v1.mixins.json:ItemStackMixin from mod fabric-item-api-v1
[15:48:34] [main/DEBUG] (FabricLoader/Mixin) Mixing ItemStackMixin from fabric-item-api-v1.client.mixins.json into net.minecraft.item.ItemStack
[15:48:34] [main/DEBUG] (FabricLoader/Mixin) Mixing item.MixinItemStack from mixins.malilib.json into net.minecraft.item.ItemStack
[15:48:34] [main/DEBUG] (FabricLoader/Mixin) fabric-item-api-v1.mixins.json:ItemStackMixin from mod fabric-item-api-v1->@Inject::preAttributeModifiers(Lnet/minecraft/item/Item$TooltipContext;Lnet/minecraft/component/type/TooltipDisplayComponent;Lnet/minecraft/entity/player/PlayerEntity;Lnet/minecraft/item/tooltip/TooltipType;Ljava/util/function/Consumer;Lorg/spongepowered/asm/mixin/injection/callback/CallbackInfo;)V doesn't use it's CallbackInfo
[15:48:34] [main/DEBUG] (FabricLoader/Mixin) fabric-item-api-v1.mixins.json:ItemStackMixin from mod fabric-item-api-v1->@Inject::postTooltipsAdvanced(Lnet/minecraft/item/Item$TooltipContext;Lnet/minecraft/component/type/TooltipDisplayComponent;Lnet/minecraft/entity/player/PlayerEntity;Lnet/minecraft/item/tooltip/TooltipType;Ljava/util/function/Consumer;Lorg/spongepowered/asm/mixin/injection/callback/CallbackInfo;)V doesn't use it's CallbackInfo
[15:48:34] [main/DEBUG] (FabricLoader/Mixin) fabric-item-api-v1.client.mixins.json:ItemStackMixin from mod fabric-item-api-v1->@Inject::getTooltip(Lnet/minecraft/item/Item$TooltipContext;Lnet/minecraft/entity/player/PlayerEntity;Lnet/minecraft/item/tooltip/TooltipType;Lorg/spongepowered/asm/mixin/injection/callback/CallbackInfoReturnable;)V does use it's CallbackInfoReturnable
[15:48:34] [main/DEBUG] (FabricLoader/Mixin) mixins.malilib.json:item.MixinItemStack from mod malilib->@Inject::onGetTooltipComponentsFirst(Lnet/minecraft/item/Item$TooltipContext;Lnet/minecraft/component/type/TooltipDisplayComponent;Lnet/minecraft/entity/player/PlayerEntity;Lnet/minecraft/item/tooltip/TooltipType;Ljava/util/function/Consumer;Lorg/spongepowered/asm/mixin/injection/callback/CallbackInfo;)V doesn't use it's CallbackInfo
[15:48:34] [main/DEBUG] (FabricLoader/Mixin) mixins.malilib.json:item.MixinItemStack from mod malilib->@Inject::onGetTooltipComponentsMiddle(Lnet/minecraft/item/Item$TooltipContext;Lnet/minecraft/component/type/TooltipDisplayComponent;Lnet/minecraft/entity/player/PlayerEntity;Lnet/minecraft/item/tooltip/TooltipType;Ljava/util/function/Consumer;Lorg/spongepowered/asm/mixin/injection/callback/CallbackInfo;)V doesn't use it's CallbackInfo
[15:48:34] [main/DEBUG] (FabricLoader/Mixin) mixins.malilib.json:item.MixinItemStack from mod malilib->@Inject::onGetTooltipComponentsLast(Lnet/minecraft/item/Item$TooltipContext;Lnet/minecraft/component/type/TooltipDisplayComponent;Lnet/minecraft/entity/player/PlayerEntity;Lnet/minecraft/item/tooltip/TooltipType;Ljava/util/function/Consumer;Lorg/spongepowered/asm/mixin/injection/callback/CallbackInfo;)V doesn't use it's CallbackInfo
[15:48:34] [main/DEBUG] (FabricLoader/Mixin) Mixing AnvilScreenHandlerMixin from fabric-item-api-v1.mixins.json into net.minecraft.screen.AnvilScreenHandler
[15:48:34] [main/DEBUG] (FabricLoader/Mixin) Mixing HopperBlockEntityMixin from fabric-transfer-api-v1.mixins.json into net.minecraft.block.entity.HopperBlockEntity
[15:48:34] [main/DEBUG] (FabricLoader/Mixin) Renaming synthetic method lambda$hookExtract$1(Lnet/fabricmc/fabric/api/transfer/v1/item/ItemVariant;)Z to mdbcad25$fabric-transfer-api-v1$lambda$hookExtract$1$0 in fabric-transfer-api-v1.mixins.json:HopperBlockEntityMixin from mod fabric-transfer-api-v1
[15:48:34] [main/DEBUG] (FabricLoader/Mixin) Renaming synthetic method lambda$hookInsert$0(Lnet/fabricmc/fabric/api/transfer/v1/item/ItemVariant;)Z to mdbcad25$fabric-transfer-api-v1$lambda$hookInsert$0$1 in fabric-transfer-api-v1.mixins.json:HopperBlockEntityMixin from mod fabric-transfer-api-v1
[15:48:34] [main/DEBUG] (FabricLoader/Mixin) fabric-transfer-api-v1.mixins.json:HopperBlockEntityMixin from mod fabric-transfer-api-v1->@Inject::hookInsert(Lnet/minecraft/world/World;Lnet/minecraft/util/math/BlockPos;Lnet/minecraft/block/entity/HopperBlockEntity;Lorg/spongepowered/asm/mixin/injection/callback/CallbackInfoReturnable;)V does use it's CallbackInfoReturnable
[15:48:34] [main/DEBUG] (FabricLoader/Mixin) fabric-transfer-api-v1.mixins.json:HopperBlockEntityMixin from mod fabric-transfer-api-v1->@Inject::hookExtract(Lnet/minecraft/world/World;Lnet/minecraft/block/entity/Hopper;Lorg/spongepowered/asm/mixin/injection/callback/CallbackInfoReturnable;)V does use it's CallbackInfoReturnable
[15:48:34] [main/DEBUG] (FabricLoader/Mixin) Mixing DropperBlockMixin from fabric-transfer-api-v1.mixins.json into net.minecraft.block.DropperBlock
[15:48:34] [main/DEBUG] (FabricLoader/Mixin) Renaming synthetic method lambda$hookDispense$0(Lnet/fabricmc/fabric/api/transfer/v1/item/ItemVariant;)Z to mdbcad25$fabric-transfer-api-v1$lambda$hookDispense$0$0 in fabric-transfer-api-v1.mixins.json:DropperBlockMixin from mod fabric-transfer-api-v1
[15:48:34] [main/DEBUG] (FabricLoader/Mixin) fabric-transfer-api-v1.mixins.json:DropperBlockMixin from mod fabric-transfer-api-v1->@Inject::hookDispense(Lnet/minecraft/server/world/ServerWorld;Lnet/minecraft/block/BlockState;Lnet/minecraft/util/math/BlockPos;Lorg/spongepowered/asm/mixin/injection/callback/CallbackInfo;)V does use it's CallbackInfo
[15:48:34] [main/DEBUG] (FabricLoader/Mixin) Mixing BannerBlockEntityMixin from fabric-data-attachment-api-v1.mixins.json into net.minecraft.block.entity.BannerBlockEntity
[15:48:35] [main/DEBUG] (FabricLoader/Mixin) Mixing CrafterBlockMixin from fabric-transfer-api-v1.mixins.json into net.minecraft.block.CrafterBlock
[15:48:35] [main/DEBUG] (FabricLoader/Mixin) fabric-transfer-api-v1.mixins.json:CrafterBlockMixin from mod fabric-transfer-api-v1->@Inject::transferOrSpawnStack(Lnet/minecraft/server/world/ServerWorld;Lnet/minecraft/util/math/BlockPos;Lnet/minecraft/block/entity/CrafterBlockEntity;Lnet/minecraft/item/ItemStack;Lnet/minecraft/block/BlockState;Lnet/minecraft/recipe/RecipeEntry;Lorg/spongepowered/asm/mixin/injection/callback/CallbackInfo;)V doesn't use it's CallbackInfo
[15:48:35] [main/DEBUG] (FabricLoader/Mixin) fabric-transfer-api-v1.mixins.json:CrafterBlockMixin from mod fabric-transfer-api-v1->@Inject::transferOrSpawnStack(Lnet/minecraft/server/world/ServerWorld;Lnet/minecraft/util/math/BlockPos;Lnet/minecraft/block/entity/CrafterBlockEntity;Lnet/minecraft/item/ItemStack;Lnet/minecraft/block/BlockState;Lnet/minecraft/recipe/RecipeEntry;Lorg/spongepowered/asm/mixin/injection/callback/CallbackInfo;)V has 0 override(s) in child classes
[15:48:35] [main/DEBUG] (FabricLoader/Mixin) fabric-transfer-api-v1.mixins.json:CrafterBlockMixin from mod fabric-transfer-api-v1->@Inject::transferOrSpawnStack(Lnet/minecraft/server/world/ServerWorld;Lnet/minecraft/util/math/BlockPos;Lnet/minecraft/block/entity/CrafterBlockEntity;Lnet/minecraft/item/ItemStack;Lnet/minecraft/block/BlockState;Lnet/minecraft/recipe/RecipeEntry;Lorg/spongepowered/asm/mixin/injection/callback/CallbackInfo;)V won't be passed a CallbackInfo as a result
[15:48:35] [main/DEBUG] (FabricLoader/Mixin) fabric-transfer-api-v1.mixins.json:CrafterBlockMixin from mod fabric-transfer-api-v1->@Inject::transferOrSpawnStack(Lnet/minecraft/server/world/ServerWorld;Lnet/minecraft/util/math/BlockPos;Lnet/minecraft/block/entity/CrafterBlockEntity;Lnet/minecraft/item/ItemStack;Lnet/minecraft/block/BlockState;Lnet/minecraft/recipe/RecipeEntry;Lorg/spongepowered/asm/mixin/injection/callback/CallbackInfo;)V doesn't use it's CallbackInfo
[15:48:35] [main/DEBUG] (FabricLoader/Mixin) fabric-transfer-api-v1.mixins.json:CrafterBlockMixin from mod fabric-transfer-api-v1->@Inject::transferOrSpawnStack(Lnet/minecraft/server/world/ServerWorld;Lnet/minecraft/util/math/BlockPos;Lnet/minecraft/block/entity/CrafterBlockEntity;Lnet/minecraft/item/ItemStack;Lnet/minecraft/block/BlockState;Lnet/minecraft/recipe/RecipeEntry;Lorg/spongepowered/asm/mixin/injection/callback/CallbackInfo;)V has 0 override(s) in child classes
[15:48:35] [main/DEBUG] (FabricLoader/Mixin) fabric-transfer-api-v1.mixins.json:CrafterBlockMixin from mod fabric-transfer-api-v1->@Inject::transferOrSpawnStack(Lnet/minecraft/server/world/ServerWorld;Lnet/minecraft/util/math/BlockPos;Lnet/minecraft/block/entity/CrafterBlockEntity;Lnet/minecraft/item/ItemStack;Lnet/minecraft/block/BlockState;Lnet/minecraft/recipe/RecipeEntry;Lorg/spongepowered/asm/mixin/injection/callback/CallbackInfo;)V won't be passed a CallbackInfo as a result
[15:48:35] [main/DEBUG] (FabricLoader/Mixin) fabric-transfer-api-v1.mixins.json:CrafterBlockMixin from mod fabric-transfer-api-v1->@Inject::transferOrSpawnStack(Lnet/minecraft/server/world/ServerWorld;Lnet/minecraft/util/math/BlockPos;Lnet/minecraft/block/entity/CrafterBlockEntity;Lnet/minecraft/item/ItemStack;Lnet/minecraft/block/BlockState;Lnet/minecraft/recipe/RecipeEntry;Lorg/spongepowered/asm/mixin/injection/callback/CallbackInfo;)V doesn't use it's CallbackInfo
[15:48:35] [main/DEBUG] (FabricLoader/Mixin) fabric-transfer-api-v1.mixins.json:CrafterBlockMixin from mod fabric-transfer-api-v1->@Inject::transferOrSpawnStack(Lnet/minecraft/server/world/ServerWorld;Lnet/minecraft/util/math/BlockPos;Lnet/minecraft/block/entity/CrafterBlockEntity;Lnet/minecraft/item/ItemStack;Lnet/minecraft/block/BlockState;Lnet/minecraft/recipe/RecipeEntry;Lorg/spongepowered/asm/mixin/injection/callback/CallbackInfo;)V has 0 override(s) in child classes
[15:48:35] [main/DEBUG] (FabricLoader/Mixin) fabric-transfer-api-v1.mixins.json:CrafterBlockMixin from mod fabric-transfer-api-v1->@Inject::transferOrSpawnStack(Lnet/minecraft/server/world/ServerWorld;Lnet/minecraft/util/math/BlockPos;Lnet/minecraft/block/entity/CrafterBlockEntity;Lnet/minecraft/item/ItemStack;Lnet/minecraft/block/BlockState;Lnet/minecraft/recipe/RecipeEntry;Lorg/spongepowered/asm/mixin/injection/callback/CallbackInfo;)V won't be passed a CallbackInfo as a result
[15:48:35] [main/DEBUG] (FabricLoader/Mixin) fabric-transfer-api-v1.mixins.json:CrafterBlockMixin from mod fabric-transfer-api-v1->@Inject::transferOrSpawnStack(Lnet/minecraft/server/world/ServerWorld;Lnet/minecraft/util/math/BlockPos;Lnet/minecraft/block/entity/CrafterBlockEntity;Lnet/minecraft/item/ItemStack;Lnet/minecraft/block/BlockState;Lnet/minecraft/recipe/RecipeEntry;Lorg/spongepowered/asm/mixin/injection/callback/CallbackInfo;)V doesn't use it's CallbackInfo
[15:48:35] [main/DEBUG] (FabricLoader/Mixin) fabric-transfer-api-v1.mixins.json:CrafterBlockMixin from mod fabric-transfer-api-v1->@Inject::transferOrSpawnStack(Lnet/minecraft/server/world/ServerWorld;Lnet/minecraft/util/math/BlockPos;Lnet/minecraft/block/entity/CrafterBlockEntity;Lnet/minecraft/item/ItemStack;Lnet/minecraft/block/BlockState;Lnet/minecraft/recipe/RecipeEntry;Lorg/spongepowered/asm/mixin/injection/callback/CallbackInfo;)V has 0 override(s) in child classes
[15:48:35] [main/DEBUG] (FabricLoader/Mixin) fabric-transfer-api-v1.mixins.json:CrafterBlockMixin from mod fabric-transfer-api-v1->@Inject::transferOrSpawnStack(Lnet/minecraft/server/world/ServerWorld;Lnet/minecraft/util/math/BlockPos;Lnet/minecraft/block/entity/CrafterBlockEntity;Lnet/minecraft/item/ItemStack;Lnet/minecraft/block/BlockState;Lnet/minecraft/recipe/RecipeEntry;Lorg/spongepowered/asm/mixin/injection/callback/CallbackInfo;)V won't be passed a CallbackInfo as a result
[15:48:35] [main/DEBUG] (FabricLoader/Mixin) Mixing ItemAccessor from fabric-item-api-v1.mixins.json into net.minecraft.item.Item
[15:48:35] [main/DEBUG] (FabricLoader/Mixin) Mixing ItemMixin from fabric-item-api-v1.mixins.json into net.minecraft.item.Item
[15:48:35] [main/DEBUG] (FabricLoader/Mixin) Mixing ItemMixin from fabric-transfer-api-v1.mixins.json into net.minecraft.item.Item
[15:48:35] [main/DEBUG] (FabricLoader/Mixin) fabric-item-api-v1.mixins.json:ItemMixin from mod fabric-item-api-v1->@Inject::onConstruct(Lnet/minecraft/item/Item$Settings;Lorg/spongepowered/asm/mixin/injection/callback/CallbackInfo;)V doesn't use it's CallbackInfo
[15:48:35] [main/DEBUG] (FabricLoader/Mixin) fabric-item-api-v1.mixins.json:ItemMixin from mod fabric-item-api-v1->@Inject::onConstruct(Lnet/minecraft/item/Item$Settings;Lorg/spongepowered/asm/mixin/injection/callback/CallbackInfo;)V has 0 override(s) in child classes
[15:48:35] [main/DEBUG] (FabricLoader/Mixin) fabric-item-api-v1.mixins.json:ItemMixin from mod fabric-item-api-v1->@Inject::onConstruct(Lnet/minecraft/item/Item$Settings;Lorg/spongepowered/asm/mixin/injection/callback/CallbackInfo;)V won't be passed a CallbackInfo as a result
[15:48:35] [main/DEBUG] (FabricLoader/Mixin) Mixing item.MixinBlockItem from mixins.litematica.json into net.minecraft.item.BlockItem
[15:48:35] [main/DEBUG] (FabricLoader/Mixin) mixins.litematica.json:item.MixinBlockItem from mod litematica->@Inject::litematica_modifyPlacementState(Lnet/minecraft/item/ItemPlacementContext;Lorg/spongepowered/asm/mixin/injection/callback/CallbackInfoReturnable;)V does use it's CallbackInfoReturnable
[15:48:35] [main/DEBUG] (FabricLoader/Mixin) Mixing AxeItemAccessor from fabric-content-registries-v0.mixins.json into net.minecraft.item.AxeItem
[15:48:35] [main/DEBUG] (FabricLoader/Mixin) Renaming @Accessor method getStrippedBlocks()Ljava/util/Map; to getStrippedBlocks$fabric-content-registries-v0_$md$bcad25$0 in fabric-content-registries-v0.mixins.json:AxeItemAccessor from mod fabric-content-registries-v0
[15:48:35] [main/DEBUG] (FabricLoader/Mixin) Renaming @Accessor method setStrippedBlocks(Ljava/util/Map;)V to setStrippedBlocks$fabric-content-registries-v0_$md$bcad25$1 in fabric-content-registries-v0.mixins.json:AxeItemAccessor from mod fabric-content-registries-v0
[15:48:35] [main/DEBUG] (FabricLoader/Mixin) Mixing HoeItemAccessor from fabric-content-registries-v0.mixins.json into net.minecraft.item.HoeItem
[15:48:35] [main/DEBUG] (FabricLoader/Mixin) Renaming @Accessor method getTillingActions()Ljava/util/Map; to getTillingActions$fabric-content-registries-v0_$md$bcad25$0 in fabric-content-registries-v0.mixins.json:HoeItemAccessor from mod fabric-content-registries-v0
[15:48:35] [main/DEBUG] (FabricLoader/Mixin) Mixing ShovelItemAccessor from fabric-content-registries-v0.mixins.json into net.minecraft.item.ShovelItem
[15:48:35] [main/DEBUG] (FabricLoader/Mixin) Renaming @Accessor method getPathStates()Ljava/util/Map; to getPathStates$fabric-content-registries-v0_$md$bcad25$0 in fabric-content-registries-v0.mixins.json:ShovelItemAccessor from mod fabric-content-registries-v0
[15:48:35] [main/DEBUG] (FabricLoader/Mixin) Mixing BucketItemAccessor from fabric-transfer-api-v1.mixins.json into net.minecraft.item.BucketItem
[15:48:35] [main/DEBUG] (FabricLoader/Mixin) Mixing BucketItemMixin from fabric-transfer-api-v1.mixins.json into net.minecraft.item.BucketItem
[15:48:35] [main/DEBUG] (FabricLoader/Mixin) Mixing ItemSettingsMixin from fabric-item-api-v1.mixins.json into net.minecraft.item.Item$Settings
[15:48:35] [main/DEBUG] (FabricLoader/Mixin) Mixing TagKeyMixin from fabric-convention-tags-api-v2.mixins.json into net.minecraft.registry.tag.TagKey
[15:48:35] [main/DEBUG] (FabricLoader/Mixin) Mixing BundleContentsComponentAccessor from fabric-transfer-api-v1.mixins.json into net.minecraft.component.type.BundleContentsComponent
[15:48:35] [main/DEBUG] (FabricLoader/Mixin) Renaming @Invoker method getOccupancy(Lnet/minecraft/item/ItemStack;)Lorg/apache/commons/lang3/math/Fraction; to getOccupancy$fabric-transfer-api-v1_$md$bcad25$0 in fabric-transfer-api-v1.mixins.json:BundleContentsComponentAccessor from mod fabric-transfer-api-v1
[15:48:35] [main/DEBUG] (FabricLoader/Mixin) Mixing AttachmentTargetsMixin from fabric-data-attachment-api-v1.mixins.json into net.minecraft.world.chunk.Chunk
[15:48:35] [main/DEBUG] (FabricLoader/Mixin) Mixing ChunkMixin from fabric-data-attachment-api-v1.mixins.json into net.minecraft.world.chunk.Chunk
[15:48:35] [main/DEBUG] (FabricLoader/Mixin) Mixing WorldChunkMixin from fabric-lifecycle-events-v1.client.mixins.json into net.minecraft.world.chunk.WorldChunk
[15:48:35] [main/DEBUG] (FabricLoader/Mixin) Mixing WorldChunkMixin from fabric-data-attachment-api-v1.mixins.json into net.minecraft.world.chunk.WorldChunk
[15:48:35] [main/DEBUG] (FabricLoader/Mixin) Renaming synthetic method lambda$fabric_syncChange$0(Lnet/fabricmc/fabric/api/attachment/v1/AttachmentType;Lnet/fabricmc/fabric/impl/attachment/sync/s2c/AttachmentSyncPayloadS2C;Lnet/minecraft/server/network/ServerPlayerEntity;)V to mdbcad25$fabric-data-attachment-api-v1$lambda$fabric_syncChange$0$0 in fabric-data-attachment-api-v1.mixins.json:WorldChunkMixin from mod fabric-data-attachment-api-v1
[15:48:35] [main/DEBUG] (FabricLoader/Mixin) Mixing world.MixinWorldChunk from mixins.litematica.json into net.minecraft.world.chunk.WorldChunk
[15:48:35] [main/DEBUG] (FabricLoader/Mixin) fabric-lifecycle-events-v1.client.mixins.json:WorldChunkMixin from mod fabric-lifecycle-events-v1->@Inject::onRemoveBlockEntity(Lnet/minecraft/block/entity/BlockEntity;Lorg/spongepowered/asm/mixin/injection/callback/CallbackInfo;)V doesn't use it's CallbackInfo
[15:48:35] [main/DEBUG] (FabricLoader/Mixin) fabric-lifecycle-events-v1.client.mixins.json:WorldChunkMixin from mod fabric-lifecycle-events-v1->@Inject::onRemoveBlockEntity(Lnet/minecraft/block/entity/BlockEntity;Lorg/spongepowered/asm/mixin/injection/callback/CallbackInfo;)V has 0 override(s) in child classes
[15:48:35] [main/DEBUG] (FabricLoader/Mixin) fabric-lifecycle-events-v1.client.mixins.json:WorldChunkMixin from mod fabric-lifecycle-events-v1->@Inject::onRemoveBlockEntity(Lnet/minecraft/block/entity/BlockEntity;Lorg/spongepowered/asm/mixin/injection/callback/CallbackInfo;)V won't be passed a CallbackInfo as a result
[15:48:35] [main/DEBUG] (FabricLoader/Mixin) fabric-lifecycle-events-v1.client.mixins.json:WorldChunkMixin from mod fabric-lifecycle-events-v1->@Inject::onRemoveBlockEntity(Lnet/minecraft/util/math/BlockPos;Lorg/spongepowered/asm/mixin/injection/callback/CallbackInfo;)V doesn't use it's CallbackInfo
[15:48:35] [main/DEBUG] (FabricLoader/Mixin) fabric-lifecycle-events-v1.client.mixins.json:WorldChunkMixin from mod fabric-lifecycle-events-v1->@Inject::onRemoveBlockEntity(Lnet/minecraft/util/math/BlockPos;Lorg/spongepowered/asm/mixin/injection/callback/CallbackInfo;)V has 0 override(s) in child classes
[15:48:35] [main/DEBUG] (FabricLoader/Mixin) fabric-lifecycle-events-v1.client.mixins.json:WorldChunkMixin from mod fabric-lifecycle-events-v1->@Inject::onRemoveBlockEntity(Lnet/minecraft/util/math/BlockPos;Lorg/spongepowered/asm/mixin/injection/callback/CallbackInfo;)V won't be passed a CallbackInfo as a result
[15:48:35] [main/DEBUG] (FabricLoader/Mixin) fabric-data-attachment-api-v1.mixins.json:WorldChunkMixin from mod fabric-data-attachment-api-v1->@Inject::transferProtoChunkAttachment(Lnet/minecraft/server/world/ServerWorld;Lnet/minecraft/world/chunk/ProtoChunk;Lnet/minecraft/world/chunk/WorldChunk$EntityLoader;Lorg/spongepowered/asm/mixin/injection/callback/CallbackInfo;)V doesn't use it's CallbackInfo
[15:48:35] [main/DEBUG] (FabricLoader/Mixin) fabric-data-attachment-api-v1.mixins.json:WorldChunkMixin from mod fabric-data-attachment-api-v1->@Inject::transferProtoChunkAttachment(Lnet/minecraft/server/world/ServerWorld;Lnet/minecraft/world/chunk/ProtoChunk;Lnet/minecraft/world/chunk/WorldChunk$EntityLoader;Lorg/spongepowered/asm/mixin/injection/callback/CallbackInfo;)V has 0 override(s) in child classes
[15:48:35] [main/DEBUG] (FabricLoader/Mixin) fabric-data-attachment-api-v1.mixins.json:WorldChunkMixin from mod fabric-data-attachment-api-v1->@Inject::transferProtoChunkAttachment(Lnet/minecraft/server/world/ServerWorld;Lnet/minecraft/world/chunk/ProtoChunk;Lnet/minecraft/world/chunk/WorldChunk$EntityLoader;Lorg/spongepowered/asm/mixin/injection/callback/CallbackInfo;)V won't be passed a CallbackInfo as a result
[15:48:35] [main/DEBUG] (FabricLoader/Mixin) Mixing item.IMixinContainerComponent from mixins.malilib.json into net.minecraft.component.type.ContainerComponent
[15:48:35] [main/DEBUG] (FabricLoader/Mixin) Mixing ContainerComponentAccessor from fabric-transfer-api-v1.mixins.json into net.minecraft.component.type.ContainerComponent
[15:48:35] [main/DEBUG] (FabricLoader/Mixin) Mixing LootTableAccessor from fabric-loot-api-v3.mixins.json into net.minecraft.loot.LootTable
[15:48:35] [main/DEBUG] (FabricLoader/Mixin) Mixing LootTableMixin from fabric-loot-api-v3.mixins.json into net.minecraft.loot.LootTable
[15:48:36] [main/DEBUG] (FabricLoader/Mixin) Mixing EnchantRandomlyLootFunctionMixin from fabric-item-api-v1.mixins.json into net.minecraft.loot.function.EnchantRandomlyLootFunction
[15:48:36] [main/DEBUG] (FabricLoader/Mixin) Mixing entity.IMixinAbstractHorseEntity from mixins.malilib.json into net.minecraft.entity.passive.AbstractHorseEntity
[15:48:36] [main/DEBUG] (FabricLoader/Mixin) Mixing entity.MixinAbstractHorseEntity from mixins.malilib.json into net.minecraft.entity.passive.AbstractHorseEntity
[15:48:36] [main/DEBUG] (FabricLoader/Mixin) mixins.malilib.json:entity.MixinAbstractHorseEntity from mod malilib->@Inject::onNewInventory(Lorg/spongepowered/asm/mixin/injection/callback/CallbackInfo;)V doesn't use it's CallbackInfo
[15:48:36] [main/DEBUG] (FabricLoader/Mixin) mixins.malilib.json:entity.MixinAbstractHorseEntity from mod malilib->@Inject::onNewInventory(Lorg/spongepowered/asm/mixin/injection/callback/CallbackInfo;)V has 0 override(s) in child classes
[15:48:36] [main/DEBUG] (FabricLoader/Mixin) mixins.malilib.json:entity.MixinAbstractHorseEntity from mod malilib->@Inject::onNewInventory(Lorg/spongepowered/asm/mixin/injection/callback/CallbackInfo;)V won't be passed a CallbackInfo as a result
[15:48:36] [main/DEBUG] (FabricLoader/Mixin) Mixing EntityTypeBuilderMixin from fabric-object-builder-v1.mixins.json into net.minecraft.entity.EntityType$Builder
[15:48:36] [main/DEBUG] (FabricLoader/Mixin) fabric-object-builder-v1.mixins.json:EntityTypeBuilderMixin from mod fabric-object-builder-api-v1->@Inject::applyChildBuilders(Lnet/minecraft/registry/RegistryKey;Lorg/spongepowered/asm/mixin/injection/callback/CallbackInfoReturnable;)V does use it's CallbackInfoReturnable
[15:48:36] [main/DEBUG] (FabricLoader/Mixin) Mixing ServerPlayerEntityMixin from fabric-particles-v1.mixins.json into net.minecraft.server.network.ServerPlayerEntity
[15:48:36] [main/DEBUG] (FabricLoader/Mixin) Mixing ServerPlayerEntityMixin from fabric-events-interaction-v0.mixins.json into net.minecraft.server.network.ServerPlayerEntity
[15:48:36] [main/DEBUG] (FabricLoader/Mixin) Mixing ServerPlayerEntityMixin from fabric-entity-events-v1.mixins.json into net.minecraft.server.network.ServerPlayerEntity
[15:48:36] [main/DEBUG] (FabricLoader/Mixin) Mixing ServerPlayerEntityMixin from fabric-screen-handler-api-v1.mixins.json into net.minecraft.server.network.ServerPlayerEntity
[15:48:36] [main/DEBUG] (FabricLoader/Mixin) fabric-events-interaction-v0.mixins.json:ServerPlayerEntityMixin from mod fabric-events-interaction-v0->@Inject::onPlayerInteractEntity(Lnet/minecraft/entity/Entity;Lorg/spongepowered/asm/mixin/injection/callback/CallbackInfo;)V does use it's CallbackInfo
[15:48:36] [main/DEBUG] (FabricLoader/Mixin) fabric-entity-events-v1.mixins.json:ServerPlayerEntityMixin from mod fabric-entity-events-v1->@Inject::callOnKillForPlayer(Lnet/minecraft/entity/damage/DamageSource;Lorg/spongepowered/asm/mixin/injection/callback/CallbackInfo;)V doesn't use it's CallbackInfo
[15:48:36] [main/DEBUG] (FabricLoader/Mixin) fabric-entity-events-v1.mixins.json:ServerPlayerEntityMixin from mod fabric-entity-events-v1->@Inject::callOnKillForPlayer(Lnet/minecraft/entity/damage/DamageSource;Lorg/spongepowered/asm/mixin/injection/callback/CallbackInfo;)V has 0 override(s) in child classes
[15:48:36] [main/DEBUG] (FabricLoader/Mixin) fabric-entity-events-v1.mixins.json:ServerPlayerEntityMixin from mod fabric-entity-events-v1->@Inject::callOnKillForPlayer(Lnet/minecraft/entity/damage/DamageSource;Lorg/spongepowered/asm/mixin/injection/callback/CallbackInfo;)V won't be passed a CallbackInfo as a result
[15:48:36] [main/DEBUG] (FabricLoader/Mixin) fabric-entity-events-v1.mixins.json:ServerPlayerEntityMixin from mod fabric-entity-events-v1->@Inject::notifyDeath(Lnet/minecraft/entity/damage/DamageSource;Lorg/spongepowered/asm/mixin/injection/callback/CallbackInfo;)V doesn't use it's CallbackInfo
[15:48:36] [main/DEBUG] (FabricLoader/Mixin) fabric-entity-events-v1.mixins.json:ServerPlayerEntityMixin from mod fabric-entity-events-v1->@Inject::notifyDeath(Lnet/minecraft/entity/damage/DamageSource;Lorg/spongepowered/asm/mixin/injection/callback/CallbackInfo;)V has 0 override(s) in child classes
[15:48:36] [main/DEBUG] (FabricLoader/Mixin) fabric-entity-events-v1.mixins.json:ServerPlayerEntityMixin from mod fabric-entity-events-v1->@Inject::notifyDeath(Lnet/minecraft/entity/damage/DamageSource;Lorg/spongepowered/asm/mixin/injection/callback/CallbackInfo;)V won't be passed a CallbackInfo as a result
[15:48:36] [main/DEBUG] (FabricLoader/Mixin) fabric-entity-events-v1.mixins.json:ServerPlayerEntityMixin from mod fabric-entity-events-v1->@Inject::afterWorldChanged(Lnet/minecraft/server/world/ServerWorld;Lorg/spongepowered/asm/mixin/injection/callback/CallbackInfo;)V doesn't use it's CallbackInfo
[15:48:36] [main/DEBUG] (FabricLoader/Mixin) fabric-entity-events-v1.mixins.json:ServerPlayerEntityMixin from mod fabric-entity-events-v1->@Inject::afterWorldChanged(Lnet/minecraft/server/world/ServerWorld;Lorg/spongepowered/asm/mixin/injection/callback/CallbackInfo;)V has 0 override(s) in child classes
[15:48:36] [main/DEBUG] (FabricLoader/Mixin) fabric-entity-events-v1.mixins.json:ServerPlayerEntityMixin from mod fabric-entity-events-v1->@Inject::afterWorldChanged(Lnet/minecraft/server/world/ServerWorld;Lorg/spongepowered/asm/mixin/injection/callback/CallbackInfo;)V won't be passed a CallbackInfo as a result
[15:48:36] [main/DEBUG] (FabricLoader/Mixin) fabric-entity-events-v1.mixins.json:ServerPlayerEntityMixin from mod fabric-entity-events-v1->@Inject::onCopyFrom(Lnet/minecraft/server/network/ServerPlayerEntity;ZLorg/spongepowered/asm/mixin/injection/callback/CallbackInfo;)V doesn't use it's CallbackInfo
[15:48:36] [main/DEBUG] (FabricLoader/Mixin) fabric-entity-events-v1.mixins.json:ServerPlayerEntityMixin from mod fabric-entity-events-v1->@Inject::onCopyFrom(Lnet/minecraft/server/network/ServerPlayerEntity;ZLorg/spongepowered/asm/mixin/injection/callback/CallbackInfo;)V has 0 override(s) in child classes
[15:48:36] [main/DEBUG] (FabricLoader/Mixin) fabric-entity-events-v1.mixins.json:ServerPlayerEntityMixin from mod fabric-entity-events-v1->@Inject::onCopyFrom(Lnet/minecraft/server/network/ServerPlayerEntity;ZLorg/spongepowered/asm/mixin/injection/callback/CallbackInfo;)V won't be passed a CallbackInfo as a result
[15:48:36] [main/DEBUG] (FabricLoader/Mixin) fabric-screen-handler-api-v1.mixins.json:ServerPlayerEntityMixin from mod fabric-screen-handler-api-v1->@Inject::fabric_storeOpenedScreenHandler(Lnet/minecraft/screen/NamedScreenHandlerFactory;Lorg/spongepowered/asm/mixin/injection/callback/CallbackInfoReturnable;)V doesn't use it's CallbackInfoReturnable
[15:48:36] [main/DEBUG] (FabricLoader/Mixin) fabric-screen-handler-api-v1.mixins.json:ServerPlayerEntityMixin from mod fabric-screen-handler-api-v1->@Inject::fabric_storeOpenedScreenHandler(Lnet/minecraft/screen/NamedScreenHandlerFactory;Lorg/spongepowered/asm/mixin/injection/callback/CallbackInfoReturnable;)V has 0 override(s) in child classes
[15:48:36] [main/DEBUG] (FabricLoader/Mixin) fabric-screen-handler-api-v1.mixins.json:ServerPlayerEntityMixin from mod fabric-screen-handler-api-v1->@Inject::fabric_storeOpenedScreenHandler(Lnet/minecraft/screen/NamedScreenHandlerFactory;Lorg/spongepowered/asm/mixin/injection/callback/CallbackInfoReturnable;)V won't be passed a CallbackInfoReturnable as a result
[15:48:36] [main/DEBUG] (FabricLoader/Mixin) Mixing BreezeEntityMixin from fabric-particles-v1.mixins.json into net.minecraft.entity.mob.BreezeEntity
[15:48:36] [main/DEBUG] (FabricLoader/Mixin) Mixing VillagerEntityAccessor from fabric-content-registries-v0.mixins.json into net.minecraft.entity.passive.VillagerEntity
[15:48:36] [main/DEBUG] (FabricLoader/Mixin) Renaming @Accessor method fabric_setItemFoodValues(Ljava/util/Map;)V to fabric_setItemFoodValues$fabric-content-registries-v0_$md$bcad25$0 in fabric-content-registries-v0.mixins.json:VillagerEntityAccessor from mod fabric-content-registries-v0
[15:48:36] [main/DEBUG] (FabricLoader/Mixin) Mixing VillagerEntityMixin from fabric-content-registries-v0.mixins.json into net.minecraft.entity.passive.VillagerEntity
[15:48:36] [main/DEBUG] (FabricLoader/Mixin) Mixing entity.IMixinMerchantEntity from mixins.malilib.json into net.minecraft.entity.passive.MerchantEntity
[15:48:36] [main/DEBUG] (FabricLoader/Mixin) Mixing entity.IMixinPiglinEntity from mixins.malilib.json into net.minecraft.entity.mob.PiglinEntity
[15:48:36] [main/DEBUG] (FabricLoader/Mixin) Mixing entity.MixinPiglinEntity from mixins.malilib.json into net.minecraft.entity.mob.PiglinEntity
[15:48:36] [main/DEBUG] (FabricLoader/Mixin) mixins.malilib.json:entity.MixinPiglinEntity from mod malilib->@Inject::onNewInventory(Lnet/minecraft/entity/EntityType;Lnet/minecraft/world/World;Lorg/spongepowered/asm/mixin/injection/callback/CallbackInfo;)V doesn't use it's CallbackInfo
[15:48:36] [main/DEBUG] (FabricLoader/Mixin) mixins.malilib.json:entity.MixinPiglinEntity from mod malilib->@Inject::onNewInventory(Lnet/minecraft/entity/EntityType;Lnet/minecraft/world/World;Lorg/spongepowered/asm/mixin/injection/callback/CallbackInfo;)V has 0 override(s) in child classes
[15:48:36] [main/DEBUG] (FabricLoader/Mixin) mixins.malilib.json:entity.MixinPiglinEntity from mod malilib->@Inject::onNewInventory(Lnet/minecraft/entity/EntityType;Lnet/minecraft/world/World;Lorg/spongepowered/asm/mixin/injection/callback/CallbackInfo;)V won't be passed a CallbackInfo as a result
[15:48:36] [main/DEBUG] (FabricLoader/Mixin) Mixing WardenEntityMixin from fabric-particles-v1.mixins.json into net.minecraft.entity.mob.WardenEntity
[15:48:36] [main/DEBUG] (FabricLoader/Mixin) Mixing TrackedDataHandlerRegistryAccessor from fabric-object-builder-v1.mixins.json into net.minecraft.entity.data.TrackedDataHandlerRegistry
[15:48:36] [main/DEBUG] (FabricLoader/Mixin) Renaming @Accessor method fabric_getDataHandlers()Lnet/minecraft/util/collection/Int2ObjectBiMap; to fabric_getDataHandlers$fabric-object-builder-api-v1_$md$bcad25$0 in fabric-object-builder-v1.mixins.json:TrackedDataHandlerRegistryAccessor from mod fabric-object-builder-api-v1
[15:48:36] [main/DEBUG] (FabricLoader/Mixin) Mixing TrackedDataHandlerRegistryMixin from fabric-object-builder-v1.mixins.json into net.minecraft.entity.data.TrackedDataHandlerRegistry
[15:48:36] [main/DEBUG] (FabricLoader/Mixin) fabric-object-builder-v1.mixins.json:TrackedDataHandlerRegistryMixin from mod fabric-object-builder-api-v1->@Inject::storeVanillaHandlers(Lorg/spongepowered/asm/mixin/injection/callback/CallbackInfo;)V doesn't use it's CallbackInfo
[15:48:36] [main/DEBUG] (FabricLoader/Mixin) fabric-object-builder-v1.mixins.json:TrackedDataHandlerRegistryMixin from mod fabric-object-builder-api-v1->@Inject::onHeadRegister(Lnet/minecraft/entity/data/TrackedDataHandler;Lorg/spongepowered/asm/mixin/injection/callback/CallbackInfo;)V doesn't use it's CallbackInfo
[15:48:36] [main/DEBUG] (net.fabricmc.fabric.impl.object.builder.FabricTrackedDataRegistryImpl) Stored 35 vanilla handlers
[15:48:36] [main/DEBUG] (FabricLoader/Mixin) Mixing test.MixinBundleItem from mixins.malilib.json into net.minecraft.item.BundleItem
[15:48:36] [main/DEBUG] (FabricLoader/Mixin) mixins.malilib.json:test.MixinBundleItem from mod malilib->@Inject::malilib_getTooltipData(Lnet/minecraft/item/ItemStack;Lorg/spongepowered/asm/mixin/injection/callback/CallbackInfoReturnable;)V doesn't use it's CallbackInfoReturnable
[15:48:36] [main/DEBUG] (FabricLoader/Mixin) mixins.malilib.json:test.MixinBundleItem from mod malilib->@Inject::malilib_getTooltipData(Lnet/minecraft/item/ItemStack;Lorg/spongepowered/asm/mixin/injection/callback/CallbackInfoReturnable;)V has 0 override(s) in child classes
[15:48:36] [main/DEBUG] (FabricLoader/Mixin) mixins.malilib.json:test.MixinBundleItem from mod malilib->@Inject::malilib_getTooltipData(Lnet/minecraft/item/ItemStack;Lorg/spongepowered/asm/mixin/injection/callback/CallbackInfoReturnable;)V won't be passed a CallbackInfoReturnable as a result
[15:48:37] [main/DEBUG] (FabricLoader/Mixin) Mixing HoneycombItemMixin from fabric-content-registries-v0.mixins.json into net.minecraft.item.HoneycombItem
[15:48:37] [main/DEBUG] (FabricLoader/Mixin) fabric-content-registries-v0.mixins.json:HoneycombItemMixin from mod fabric-content-registries-v0->@Inject::createUnwaxedToWaxedMap(Lorg/spongepowered/asm/mixin/injection/callback/CallbackInfoReturnable;)V does use it's CallbackInfoReturnable
[15:48:37] [main/DEBUG] (FabricLoader/Mixin) Mixing BrushItemMixin from fabric-particles-v1.mixins.json into net.minecraft.item.BrushItem
[15:48:37] [main/DEBUG] (FabricLoader/Mixin) Mixing EntitySelectorOptionsAccessor from fabric-command-api-v2.mixins.json into net.minecraft.command.EntitySelectorOptions
[15:48:37] [main/DEBUG] (FabricLoader/Mixin) Renaming @Invoker method callPutOption(Ljava/lang/String;Lnet/minecraft/command/EntitySelectorOptions$SelectorHandler;Ljava/util/function/Predicate;Lnet/minecraft/text/Text;)V to callPutOption$fabric-command-api-v2_$md$bcad25$0 in fabric-command-api-v2.mixins.json:EntitySelectorOptionsAccessor from mod fabric-command-api-v2
[15:48:37] [main/DEBUG] (FabricLoader/Mixin) Mixing EntitySelectorReaderMixin from fabric-command-api-v2.mixins.json into net.minecraft.command.EntitySelectorReader
[15:48:37] [main/DEBUG] (FabricLoader/Mixin) Generating mapped inner class net/minecraft/block/entity/ChiseledBookshelfBlockEntity$Anonymous$c8498ad1e63046cd850f3839022bf1ea (originally net/fabricmc/fabric/mixin/transfer/ChiseledBookshelfBlockEntityMixin$1)
[15:48:37] [main/DEBUG] (FabricLoader/Mixin) Mixing entity.MixinSimpleInventory from mixins.malilib.json into net.minecraft.inventory.SimpleInventory
[15:48:37] [main/DEBUG] (FabricLoader/Mixin) Mixing SimpleInventoryMixin from fabric-transfer-api-v1.mixins.json into net.minecraft.inventory.SimpleInventory
[15:48:37] [main/DEBUG] (FabricLoader/Mixin) Mixing CraftingRecipeMixin from fabric-item-api-v1.mixins.json into net.minecraft.recipe.CraftingRecipe
[15:48:37] [main/DEBUG] (FabricLoader/Mixin) Mixing ingredient.IngredientMixin from fabric-recipe-api-v1.mixins.json into net.minecraft.recipe.Ingredient
[15:48:37] [main/DEBUG] (FabricLoader/Mixin) Renaming synthetic method lambda$injectCodec$2(Lnet/minecraft/recipe/Ingredient;)Lcom/mojang/datafixers/util/Either; to mdbcad25$fabric-recipe-api-v1$lambda$injectCodec$2$0 in fabric-recipe-api-v1.mixins.json:ingredient.IngredientMixin from mod fabric-recipe-api-v1
[15:48:37] [main/DEBUG] (FabricLoader/Mixin) Renaming synthetic method lambda$injectCodec$1(Lcom/mojang/datafixers/util/Either;)Lnet/minecraft/recipe/Ingredient; to mdbcad25$fabric-recipe-api-v1$lambda$injectCodec$1$1 in fabric-recipe-api-v1.mixins.json:ingredient.IngredientMixin from mod fabric-recipe-api-v1
[15:48:37] [main/DEBUG] (FabricLoader/Mixin) Renaming synthetic method lambda$injectCodec$0(Lnet/minecraft/recipe/Ingredient;)Lnet/minecraft/recipe/Ingredient; to mdbcad25$fabric-recipe-api-v1$lambda$injectCodec$0$2 in fabric-recipe-api-v1.mixins.json:ingredient.IngredientMixin from mod fabric-recipe-api-v1
[15:48:37] [main/DEBUG] (FabricLoader/Mixin) Mixing recipe.IMixinIngredient from mixins.malilib.json into net.minecraft.recipe.Ingredient
[15:48:37] [main/DEBUG] (FabricLoader/Mixin) fabric-recipe-api-v1.mixins.json:ingredient.IngredientMixin from mod fabric-recipe-api-v1->@Inject::injectCodec(Lorg/spongepowered/asm/mixin/injection/callback/CallbackInfo;)V doesn't use it's CallbackInfo
[15:48:37] [main/DEBUG] (FabricLoader/Mixin) fabric-recipe-api-v1.mixins.json:ingredient.IngredientMixin from mod fabric-recipe-api-v1->@Inject::onGetEntries(Lnet/minecraft/recipe/Ingredient;Lorg/spongepowered/asm/mixin/injection/callback/CallbackInfoReturnable;)V does use it's CallbackInfoReturnable
[15:48:37] [main/DEBUG] (FabricLoader/Mixin) fabric-recipe-api-v1.mixins.json:ingredient.IngredientMixin from mod fabric-recipe-api-v1->@Inject::onGetEntries(Lnet/minecraft/recipe/Ingredient;Lorg/spongepowered/asm/mixin/injection/callback/CallbackInfoReturnable;)V does use it's CallbackInfoReturnable
[15:48:37] [main/DEBUG] (FabricLoader/Mixin) fabric-recipe-api-v1.mixins.json:ingredient.IngredientMixin from mod fabric-recipe-api-v1->@Inject::onGetEntries(Lnet/minecraft/recipe/Ingredient;Lorg/spongepowered/asm/mixin/injection/callback/CallbackInfoReturnable;)V does use it's CallbackInfoReturnable
[15:48:37] [main/DEBUG] (FabricLoader/Mixin) fabric-recipe-api-v1.mixins.json:ingredient.IngredientMixin from mod fabric-recipe-api-v1->@Inject::onHeadEquals(Ljava/lang/Object;Lorg/spongepowered/asm/mixin/injection/callback/CallbackInfoReturnable;)V does use it's CallbackInfoReturnable
[15:48:37] [main/DEBUG] (FabricLoader/Mixin) Mixing ingredient.ShapelessRecipeMixin from fabric-recipe-api-v1.mixins.json into net.minecraft.recipe.ShapelessRecipe
[15:48:37] [main/DEBUG] (FabricLoader/Mixin) fabric-recipe-api-v1.mixins.json:ingredient.ShapelessRecipeMixin from mod fabric-recipe-api-v1->@Inject::cacheRequiresTesting(Ljava/lang/String;Lnet/minecraft/recipe/book/CraftingRecipeCategory;Lnet/minecraft/item/ItemStack;Ljava/util/List;Lorg/spongepowered/asm/mixin/injection/callback/CallbackInfo;)V doesn't use it's CallbackInfo
[15:48:37] [main/DEBUG] (FabricLoader/Mixin) fabric-recipe-api-v1.mixins.json:ingredient.ShapelessRecipeMixin from mod fabric-recipe-api-v1->@Inject::cacheRequiresTesting(Ljava/lang/String;Lnet/minecraft/recipe/book/CraftingRecipeCategory;Lnet/minecraft/item/ItemStack;Ljava/util/List;Lorg/spongepowered/asm/mixin/injection/callback/CallbackInfo;)V has 0 override(s) in child classes
[15:48:37] [main/DEBUG] (FabricLoader/Mixin) fabric-recipe-api-v1.mixins.json:ingredient.ShapelessRecipeMixin from mod fabric-recipe-api-v1->@Inject::cacheRequiresTesting(Ljava/lang/String;Lnet/minecraft/recipe/book/CraftingRecipeCategory;Lnet/minecraft/item/ItemStack;Ljava/util/List;Lorg/spongepowered/asm/mixin/injection/callback/CallbackInfo;)V won't be passed a CallbackInfo as a result
[15:48:37] [main/DEBUG] (FabricLoader/Mixin) fabric-recipe-api-v1.mixins.json:ingredient.ShapelessRecipeMixin from mod fabric-recipe-api-v1->@Inject::customIngredientMatch(Lnet/minecraft/recipe/input/CraftingRecipeInput;Lnet/minecraft/world/World;Lorg/spongepowered/asm/mixin/injection/callback/CallbackInfoReturnable;)V does use it's CallbackInfoReturnable
[15:48:37] [main/DEBUG] (FabricLoader/Mixin) Mixing ChunkGeneratingMixin from fabric-lifecycle-events-v1.mixins.json into net.minecraft.world.chunk.ChunkGenerating
[15:48:37] [main/DEBUG] (FabricLoader/Mixin) fabric-lifecycle-events-v1.mixins.json:ChunkGeneratingMixin from mod fabric-lifecycle-events-v1->@Inject::onChunkLoad(Lnet/minecraft/world/chunk/Chunk;Lnet/minecraft/world/chunk/ChunkGenerationContext;Lnet/minecraft/world/chunk/AbstractChunkHolder;Lorg/spongepowered/asm/mixin/injection/callback/CallbackInfoReturnable;)V does use it's CallbackInfoReturnable
[15:48:38] [main/DEBUG] (FabricLoader/Mixin) Mixing StructureTemplateManagerMixin from fabric-gametest-api-v1.mixins.json into net.minecraft.structure.StructureTemplateManager
[15:48:38] [main/DEBUG] (FabricLoader/Mixin) Renaming @Unique method streamTemplatesFromResource()Ljava/util/stream/Stream; to mdbcad25$fabric-gametest-api-v1$streamTemplatesFromResource$0 in fabric-gametest-api-v1.mixins.json:StructureTemplateManagerMixin from mod fabric-gametest-api-v1
[15:48:38] [main/DEBUG] (FabricLoader/Mixin) fabric-gametest-api-v1.mixins.json:StructureTemplateManagerMixin from mod fabric-gametest-api-v1->@Inject::addFabricTemplateProvider(Lnet/minecraft/resource/ResourceManager;Lnet/minecraft/world/level/storage/LevelStorage$Session;Lcom/mojang/datafixers/DataFixer;Lnet/minecraft/registry/RegistryEntryLookup;Lorg/spongepowered/asm/mixin/injection/callback/CallbackInfo;)V doesn't use it's CallbackInfo
[15:48:38] [main/DEBUG] (FabricLoader/Mixin) fabric-gametest-api-v1.mixins.json:StructureTemplateManagerMixin from mod fabric-gametest-api-v1->@Inject::addFabricTemplateProvider(Lnet/minecraft/resource/ResourceManager;Lnet/minecraft/world/level/storage/LevelStorage$Session;Lcom/mojang/datafixers/DataFixer;Lnet/minecraft/registry/RegistryEntryLookup;Lorg/spongepowered/asm/mixin/injection/callback/CallbackInfo;)V has 0 override(s) in child classes
[15:48:38] [main/DEBUG] (FabricLoader/Mixin) fabric-gametest-api-v1.mixins.json:StructureTemplateManagerMixin from mod fabric-gametest-api-v1->@Inject::addFabricTemplateProvider(Lnet/minecraft/resource/ResourceManager;Lnet/minecraft/world/level/storage/LevelStorage$Session;Lcom/mojang/datafixers/DataFixer;Lnet/minecraft/registry/RegistryEntryLookup;Lorg/spongepowered/asm/mixin/injection/callback/CallbackInfo;)V won't be passed a CallbackInfo as a result
[15:48:38] [main/DEBUG] (FabricLoader/Mixin) Mixing BiomeSourceMixin from fabric-biome-api-v1.mixins.json into net.minecraft.world.biome.source.BiomeSource
[15:48:38] [main/DEBUG] (FabricLoader/Mixin) Mixing MultiNoiseBiomeSourceMixin from fabric-biome-api-v1.mixins.json into net.minecraft.world.biome.source.MultiNoiseBiomeSource
[15:48:38] [main/DEBUG] (FabricLoader/Mixin) Mixing NetherBiomePresetMixin from fabric-biome-api-v1.mixins.json into net.minecraft.world.biome.source.MultiNoiseBiomeSourceParameterList$Preset$1
[15:48:38] [main/DEBUG] (FabricLoader/Mixin) fabric-biome-api-v1.mixins.json:NetherBiomePresetMixin from mod fabric-biome-api-v1->@Inject::apply(Ljava/util/function/Function;Lorg/spongepowered/asm/mixin/injection/callback/CallbackInfoReturnable;)V does use it's CallbackInfoReturnable
[15:48:38] [main/DEBUG] (FabricLoader/Mixin) Mixing RegistryOpsAccessor from fabric-resource-conditions-api-v1.mixins.json into net.minecraft.registry.RegistryOps
[15:48:38] [main/DEBUG] (FabricLoader/Mixin) Mixing TheEndBiomeSourceMixin from fabric-biome-api-v1.mixins.json into net.minecraft.world.biome.source.TheEndBiomeSource
[15:48:38] [main/DEBUG] (FabricLoader/Mixin) Renaming synthetic method lambda$init$1(Lnet/minecraft/registry/RegistryEntryLookup;)Lnet/fabricmc/fabric/impl/biome/TheEndBiomeData$Overrides; to mdbcad25$fabric-biome-api-v1$lambda$init$1$0 in fabric-biome-api-v1.mixins.json:TheEndBiomeSourceMixin from mod fabric-biome-api-v1
[15:48:38] [main/DEBUG] (FabricLoader/Mixin) Renaming synthetic method lambda$modifyCodec$0(Lcom/mojang/serialization/codecs/RecordCodecBuilder$Instance;)Lcom/mojang/datafixers/kinds/App; to mdbcad25$fabric-biome-api-v1$lambda$modifyCodec$0$1 in fabric-biome-api-v1.mixins.json:TheEndBiomeSourceMixin from mod fabric-biome-api-v1
[15:48:38] [main/DEBUG] (FabricLoader/Mixin) fabric-biome-api-v1.mixins.json:TheEndBiomeSourceMixin from mod fabric-biome-api-v1->@Inject::modifyCodec(Lorg/spongepowered/asm/mixin/injection/callback/CallbackInfo;)V doesn't use it's CallbackInfo
[15:48:38] [main/DEBUG] (FabricLoader/Mixin) fabric-biome-api-v1.mixins.json:TheEndBiomeSourceMixin from mod fabric-biome-api-v1->@Inject::rememberLookup(Lnet/minecraft/registry/RegistryEntryLookup;Lorg/spongepowered/asm/mixin/injection/callback/CallbackInfoReturnable;)V doesn't use it's CallbackInfoReturnable
[15:48:38] [main/DEBUG] (FabricLoader/Mixin) fabric-biome-api-v1.mixins.json:TheEndBiomeSourceMixin from mod fabric-biome-api-v1->@Inject::clearLookup(Lnet/minecraft/registry/RegistryEntryLookup;Lorg/spongepowered/asm/mixin/injection/callback/CallbackInfoReturnable;)V doesn't use it's CallbackInfoReturnable
[15:48:38] [main/DEBUG] (FabricLoader/Mixin) fabric-biome-api-v1.mixins.json:TheEndBiomeSourceMixin from mod fabric-biome-api-v1->@Inject::init(Lnet/minecraft/registry/entry/RegistryEntry;Lnet/minecraft/registry/entry/RegistryEntry;Lnet/minecraft/registry/entry/RegistryEntry;Lnet/minecraft/registry/entry/RegistryEntry;Lnet/minecraft/registry/entry/RegistryEntry;Lorg/spongepowered/asm/mixin/injection/callback/CallbackInfo;)V doesn't use it's CallbackInfo
[15:48:38] [main/DEBUG] (FabricLoader/Mixin) fabric-biome-api-v1.mixins.json:TheEndBiomeSourceMixin from mod fabric-biome-api-v1->@Inject::init(Lnet/minecraft/registry/entry/RegistryEntry;Lnet/minecraft/registry/entry/RegistryEntry;Lnet/minecraft/registry/entry/RegistryEntry;Lnet/minecraft/registry/entry/RegistryEntry;Lnet/minecraft/registry/entry/RegistryEntry;Lorg/spongepowered/asm/mixin/injection/callback/CallbackInfo;)V has 0 override(s) in child classes
[15:48:38] [main/DEBUG] (FabricLoader/Mixin) fabric-biome-api-v1.mixins.json:TheEndBiomeSourceMixin from mod fabric-biome-api-v1->@Inject::init(Lnet/minecraft/registry/entry/RegistryEntry;Lnet/minecraft/registry/entry/RegistryEntry;Lnet/minecraft/registry/entry/RegistryEntry;Lnet/minecraft/registry/entry/RegistryEntry;Lnet/minecraft/registry/entry/RegistryEntry;Lorg/spongepowered/asm/mixin/injection/callback/CallbackInfo;)V won't be passed a CallbackInfo as a result
[15:48:38] [main/DEBUG] (FabricLoader/Mixin) fabric-biome-api-v1.mixins.json:TheEndBiomeSourceMixin from mod fabric-biome-api-v1->@Inject::getWeightedEndBiome(IIILnet/minecraft/world/biome/source/util/MultiNoiseUtil$MultiNoiseSampler;Lorg/spongepowered/asm/mixin/injection/callback/CallbackInfoReturnable;)V does use it's CallbackInfoReturnable
[15:48:38] [main/DEBUG] (FabricLoader/Mixin) fabric-biome-api-v1.mixins.json:TheEndBiomeSourceMixin from mod fabric-biome-api-v1->@Inject::getWeightedEndBiome(IIILnet/minecraft/world/biome/source/util/MultiNoiseUtil$MultiNoiseSampler;Lorg/spongepowered/asm/mixin/injection/callback/CallbackInfoReturnable;)V does use it's CallbackInfoReturnable
[15:48:38] [main/DEBUG] (FabricLoader/Mixin) fabric-biome-api-v1.mixins.json:TheEndBiomeSourceMixin from mod fabric-biome-api-v1->@Inject::getWeightedEndBiome(IIILnet/minecraft/world/biome/source/util/MultiNoiseUtil$MultiNoiseSampler;Lorg/spongepowered/asm/mixin/injection/callback/CallbackInfoReturnable;)V does use it's CallbackInfoReturnable
[15:48:38] [main/DEBUG] (FabricLoader/Mixin) fabric-biome-api-v1.mixins.json:TheEndBiomeSourceMixin from mod fabric-biome-api-v1->@Inject::getWeightedEndBiome(IIILnet/minecraft/world/biome/source/util/MultiNoiseUtil$MultiNoiseSampler;Lorg/spongepowered/asm/mixin/injection/callback/CallbackInfoReturnable;)V does use it's CallbackInfoReturnable
[15:48:38] [main/DEBUG] (FabricLoader/Mixin) fabric-biome-api-v1.mixins.json:TheEndBiomeSourceMixin from mod fabric-biome-api-v1->@Inject::getWeightedEndBiome(IIILnet/minecraft/world/biome/source/util/MultiNoiseUtil$MultiNoiseSampler;Lorg/spongepowered/asm/mixin/injection/callback/CallbackInfoReturnable;)V does use it's CallbackInfoReturnable
[15:48:38] [main/DEBUG] (FabricLoader/Mixin) Mixing DebugChunkGeneratorAccessor from fabric-registry-sync-v0.mixins.json into net.minecraft.world.gen.chunk.DebugChunkGenerator
[15:48:38] [main/DEBUG] (FabricLoader/Mixin) Renaming @Accessor method setBLOCK_STATES(Ljava/util/List;)V to setBLOCK_STATES$fabric-registry-sync-v0_$md$bcad25$0 in fabric-registry-sync-v0.mixins.json:DebugChunkGeneratorAccessor from mod fabric-registry-sync-v0
[15:48:38] [main/DEBUG] (FabricLoader/Mixin) Renaming @Accessor method setX_SIDE_LENGTH(I)V to setX_SIDE_LENGTH$fabric-registry-sync-v0_$md$bcad25$1 in fabric-registry-sync-v0.mixins.json:DebugChunkGeneratorAccessor from mod fabric-registry-sync-v0
[15:48:38] [main/DEBUG] (FabricLoader/Mixin) Renaming @Accessor method setZ_SIDE_LENGTH(I)V to setZ_SIDE_LENGTH$fabric-registry-sync-v0_$md$bcad25$2 in fabric-registry-sync-v0.mixins.json:DebugChunkGeneratorAccessor from mod fabric-registry-sync-v0
[15:48:38] [main/DEBUG] (FabricLoader/Mixin) Mixing GameRulesBooleanRuleAccessor from fabric-game-rule-api-v1.mixins.json into net.minecraft.world.GameRules$BooleanRule
[15:48:38] [main/DEBUG] (FabricLoader/Mixin) Renaming @Invoker method invokeCreate(ZLjava/util/function/BiConsumer;)Lnet/minecraft/world/GameRules$Type; to invokeCreate$fabric-game-rule-api-v1_$md$bcad25$0 in fabric-game-rule-api-v1.mixins.json:GameRulesBooleanRuleAccessor from mod fabric-game-rule-api-v1
[15:48:38] [main/DEBUG] (FabricLoader/Mixin) Mixing GameRulesAccessor from fabric-game-rule-api-v1.mixins.json into net.minecraft.world.GameRules
[15:48:38] [main/DEBUG] (FabricLoader/Mixin) Renaming @Invoker method callRegister(Ljava/lang/String;Lnet/minecraft/world/GameRules$Category;Lnet/minecraft/world/GameRules$Type;)Lnet/minecraft/world/GameRules$Key; to callRegister$fabric-game-rule-api-v1_$md$bcad25$0 in fabric-game-rule-api-v1.mixins.json:GameRulesAccessor from mod fabric-game-rule-api-v1
[15:48:38] [main/DEBUG] (FabricLoader/Mixin) Renaming @Accessor method getRuleTypes()Ljava/util/Map; to getRuleTypes$fabric-game-rule-api-v1_$md$bcad25$1 in fabric-game-rule-api-v1.mixins.json:GameRulesAccessor from mod fabric-game-rule-api-v1
[15:48:38] [main/DEBUG] (FabricLoader/Mixin) Mixing GameRulesKeyMixin from fabric-game-rule-api-v1.mixins.json into net.minecraft.world.GameRules$Key
[15:48:38] [main/DEBUG] (FabricLoader/Mixin) Mixing MinecraftServerMixin from fabric-lifecycle-events-v1.mixins.json into net.minecraft.server.MinecraftServer
[15:48:38] [main/DEBUG] (FabricLoader/Mixin) Renaming synthetic method lambda$endResourceReload$0(Ljava/lang/Void;Ljava/lang/Throwable;)Ljava/lang/Void; to mdbcad25$fabric-lifecycle-events-v1$lambda$endResourceReload$0$0 in fabric-lifecycle-events-v1.mixins.json:MinecraftServerMixin from mod fabric-lifecycle-events-v1
[15:48:38] [main/DEBUG] (FabricLoader/Mixin) Mixing modification.MinecraftServerMixin from fabric-biome-api-v1.mixins.json into net.minecraft.server.MinecraftServer
[15:48:38] [main/DEBUG] (FabricLoader/Mixin) Mixing server.MixinMinecraftServer from mixins.malilib.json into net.minecraft.server.MinecraftServer
[15:48:38] [main/DEBUG] (FabricLoader/Mixin) Mixing server.MixinMinecraftServer from mixins.litematica.json into net.minecraft.server.MinecraftServer
[15:48:38] [main/DEBUG] (FabricLoader/Mixin) Mixing MinecraftServerMixin from fabric-message-api-v1.mixins.json into net.minecraft.server.MinecraftServer
[15:48:38] [main/DEBUG] (FabricLoader/Mixin) Renaming synthetic method lambda$onGetChatDecorator$0(Lnet/minecraft/server/network/ServerPlayerEntity;Lnet/minecraft/text/Text;)Lnet/minecraft/text/Text; to mdbcad25$fabric-message-api-v1$lambda$onGetChatDecorator$0$1 in fabric-message-api-v1.mixins.json:MinecraftServerMixin from mod fabric-message-api-v1
[15:48:38] [main/DEBUG] (FabricLoader/Mixin) Mixing MinecraftServerMixin from fabric-resource-loader-v0.mixins.json into net.minecraft.server.MinecraftServer
[15:48:38] [main/DEBUG] (FabricLoader/Mixin) Renaming synthetic method lambda$init$0(Lnet/minecraft/resource/ResourcePack;)Ljava/util/stream/Stream; to mdbcad25$fabric-resource-loader-v0$lambda$init$0$2 in fabric-resource-loader-v0.mixins.json:MinecraftServerMixin from mod fabric-resource-loader-v0
[15:48:38] [main/DEBUG] (FabricLoader/Mixin) fabric-lifecycle-events-v1.mixins.json:MinecraftServerMixin from mod fabric-lifecycle-events-v1->@Inject::beforeSetupServer(Lorg/spongepowered/asm/mixin/injection/callback/CallbackInfo;)V doesn't use it's CallbackInfo
[15:48:38] [main/DEBUG] (FabricLoader/Mixin) fabric-lifecycle-events-v1.mixins.json:MinecraftServerMixin from mod fabric-lifecycle-events-v1->@Inject::beforeSetupServer(Lorg/spongepowered/asm/mixin/injection/callback/CallbackInfo;)V has 0 override(s) in child classes
[15:48:38] [main/DEBUG] (FabricLoader/Mixin) fabric-lifecycle-events-v1.mixins.json:MinecraftServerMixin from mod fabric-lifecycle-events-v1->@Inject::beforeSetupServer(Lorg/spongepowered/asm/mixin/injection/callback/CallbackInfo;)V won't be passed a CallbackInfo as a result
[15:48:38] [main/DEBUG] (FabricLoader/Mixin) fabric-lifecycle-events-v1.mixins.json:MinecraftServerMixin from mod fabric-lifecycle-events-v1->@Inject::afterSetupServer(Lorg/spongepowered/asm/mixin/injection/callback/CallbackInfo;)V doesn't use it's CallbackInfo
[15:48:38] [main/DEBUG] (FabricLoader/Mixin) fabric-lifecycle-events-v1.mixins.json:MinecraftServerMixin from mod fabric-lifecycle-events-v1->@Inject::afterSetupServer(Lorg/spongepowered/asm/mixin/injection/callback/CallbackInfo;)V has 0 override(s) in child classes
[15:48:38] [main/DEBUG] (FabricLoader/Mixin) fabric-lifecycle-events-v1.mixins.json:MinecraftServerMixin from mod fabric-lifecycle-events-v1->@Inject::afterSetupServer(Lorg/spongepowered/asm/mixin/injection/callback/CallbackInfo;)V won't be passed a CallbackInfo as a result
[15:48:38] [main/DEBUG] (FabricLoader/Mixin) fabric-lifecycle-events-v1.mixins.json:MinecraftServerMixin from mod fabric-lifecycle-events-v1->@Inject::beforeShutdownServer(Lorg/spongepowered/asm/mixin/injection/callback/CallbackInfo;)V doesn't use it's CallbackInfo
[15:48:38] [main/DEBUG] (FabricLoader/Mixin) fabric-lifecycle-events-v1.mixins.json:MinecraftServerMixin from mod fabric-lifecycle-events-v1->@Inject::beforeShutdownServer(Lorg/spongepowered/asm/mixin/injection/callback/CallbackInfo;)V has 0 override(s) in child classes
[15:48:38] [main/DEBUG] (FabricLoader/Mixin) fabric-lifecycle-events-v1.mixins.json:MinecraftServerMixin from mod fabric-lifecycle-events-v1->@Inject::beforeShutdownServer(Lorg/spongepowered/asm/mixin/injection/callback/CallbackInfo;)V won't be passed a CallbackInfo as a result
[15:48:38] [main/DEBUG] (FabricLoader/Mixin) fabric-lifecycle-events-v1.mixins.json:MinecraftServerMixin from mod fabric-lifecycle-events-v1->@Inject::afterShutdownServer(Lorg/spongepowered/asm/mixin/injection/callback/CallbackInfo;)V doesn't use it's CallbackInfo
[15:48:38] [main/DEBUG] (FabricLoader/Mixin) fabric-lifecycle-events-v1.mixins.json:MinecraftServerMixin from mod fabric-lifecycle-events-v1->@Inject::afterShutdownServer(Lorg/spongepowered/asm/mixin/injection/callback/CallbackInfo;)V has 0 override(s) in child classes
[15:48:38] [main/DEBUG] (FabricLoader/Mixin) fabric-lifecycle-events-v1.mixins.json:MinecraftServerMixin from mod fabric-lifecycle-events-v1->@Inject::afterShutdownServer(Lorg/spongepowered/asm/mixin/injection/callback/CallbackInfo;)V won't be passed a CallbackInfo as a result
[15:48:38] [main/DEBUG] (FabricLoader/Mixin) fabric-lifecycle-events-v1.mixins.json:MinecraftServerMixin from mod fabric-lifecycle-events-v1->@Inject::onStartTick(Ljava/util/function/BooleanSupplier;Lorg/spongepowered/asm/mixin/injection/callback/CallbackInfo;)V doesn't use it's CallbackInfo
[15:48:38] [main/DEBUG] (FabricLoader/Mixin) fabric-lifecycle-events-v1.mixins.json:MinecraftServerMixin from mod fabric-lifecycle-events-v1->@Inject::onStartTick(Ljava/util/function/BooleanSupplier;Lorg/spongepowered/asm/mixin/injection/callback/CallbackInfo;)V has 0 override(s) in child classes
[15:48:38] [main/DEBUG] (FabricLoader/Mixin) fabric-lifecycle-events-v1.mixins.json:MinecraftServerMixin from mod fabric-lifecycle-events-v1->@Inject::onStartTick(Ljava/util/function/BooleanSupplier;Lorg/spongepowered/asm/mixin/injection/callback/CallbackInfo;)V won't be passed a CallbackInfo as a result
[15:48:38] [main/DEBUG] (FabricLoader/Mixin) fabric-lifecycle-events-v1.mixins.json:MinecraftServerMixin from mod fabric-lifecycle-events-v1->@Inject::onEndTick(Ljava/util/function/BooleanSupplier;Lorg/spongepowered/asm/mixin/injection/callback/CallbackInfo;)V doesn't use it's CallbackInfo
[15:48:38] [main/DEBUG] (FabricLoader/Mixin) fabric-lifecycle-events-v1.mixins.json:MinecraftServerMixin from mod fabric-lifecycle-events-v1->@Inject::onEndTick(Ljava/util/function/BooleanSupplier;Lorg/spongepowered/asm/mixin/injection/callback/CallbackInfo;)V has 0 override(s) in child classes
[15:48:38] [main/DEBUG] (FabricLoader/Mixin) fabric-lifecycle-events-v1.mixins.json:MinecraftServerMixin from mod fabric-lifecycle-events-v1->@Inject::onEndTick(Ljava/util/function/BooleanSupplier;Lorg/spongepowered/asm/mixin/injection/callback/CallbackInfo;)V won't be passed a CallbackInfo as a result
[15:48:38] [main/DEBUG] (FabricLoader/Mixin) fabric-lifecycle-events-v1.mixins.json:MinecraftServerMixin from mod fabric-lifecycle-events-v1->@Inject::onUnloadWorldAtShutdown(Lorg/spongepowered/asm/mixin/injection/callback/CallbackInfo;)V doesn't use it's CallbackInfo
[15:48:38] [main/DEBUG] (FabricLoader/Mixin) fabric-lifecycle-events-v1.mixins.json:MinecraftServerMixin from mod fabric-lifecycle-events-v1->@Inject::onUnloadWorldAtShutdown(Lorg/spongepowered/asm/mixin/injection/callback/CallbackInfo;)V has 0 override(s) in child classes
[15:48:38] [main/DEBUG] (FabricLoader/Mixin) fabric-lifecycle-events-v1.mixins.json:MinecraftServerMixin from mod fabric-lifecycle-events-v1->@Inject::onUnloadWorldAtShutdown(Lorg/spongepowered/asm/mixin/injection/callback/CallbackInfo;)V won't be passed a CallbackInfo as a result
[15:48:38] [main/DEBUG] (FabricLoader/Mixin) fabric-lifecycle-events-v1.mixins.json:MinecraftServerMixin from mod fabric-lifecycle-events-v1->@Inject::startResourceReload(Ljava/util/Collection;Lorg/spongepowered/asm/mixin/injection/callback/CallbackInfoReturnable;)V doesn't use it's CallbackInfoReturnable
[15:48:38] [main/DEBUG] (FabricLoader/Mixin) fabric-lifecycle-events-v1.mixins.json:MinecraftServerMixin from mod fabric-lifecycle-events-v1->@Inject::startResourceReload(Ljava/util/Collection;Lorg/spongepowered/asm/mixin/injection/callback/CallbackInfoReturnable;)V has 0 override(s) in child classes
[15:48:38] [main/DEBUG] (FabricLoader/Mixin) fabric-lifecycle-events-v1.mixins.json:MinecraftServerMixin from mod fabric-lifecycle-events-v1->@Inject::startResourceReload(Ljava/util/Collection;Lorg/spongepowered/asm/mixin/injection/callback/CallbackInfoReturnable;)V won't be passed a CallbackInfoReturnable as a result
[15:48:38] [main/DEBUG] (FabricLoader/Mixin) fabric-lifecycle-events-v1.mixins.json:MinecraftServerMixin from mod fabric-lifecycle-events-v1->@Inject::endResourceReload(Ljava/util/Collection;Lorg/spongepowered/asm/mixin/injection/callback/CallbackInfoReturnable;)V does use it's CallbackInfoReturnable
[15:48:38] [main/DEBUG] (FabricLoader/Mixin) fabric-lifecycle-events-v1.mixins.json:MinecraftServerMixin from mod fabric-lifecycle-events-v1->@Inject::startSave(ZZZLorg/spongepowered/asm/mixin/injection/callback/CallbackInfoReturnable;)V doesn't use it's CallbackInfoReturnable
[15:48:38] [main/DEBUG] (FabricLoader/Mixin) fabric-lifecycle-events-v1.mixins.json:MinecraftServerMixin from mod fabric-lifecycle-events-v1->@Inject::startSave(ZZZLorg/spongepowered/asm/mixin/injection/callback/CallbackInfoReturnable;)V has 0 override(s) in child classes
[15:48:38] [main/DEBUG] (FabricLoader/Mixin) fabric-lifecycle-events-v1.mixins.json:MinecraftServerMixin from mod fabric-lifecycle-events-v1->@Inject::startSave(ZZZLorg/spongepowered/asm/mixin/injection/callback/CallbackInfoReturnable;)V won't be passed a CallbackInfoReturnable as a result
[15:48:38] [main/DEBUG] (FabricLoader/Mixin) fabric-lifecycle-events-v1.mixins.json:MinecraftServerMixin from mod fabric-lifecycle-events-v1->@Inject::endSave(ZZZLorg/spongepowered/asm/mixin/injection/callback/CallbackInfoReturnable;)V doesn't use it's CallbackInfoReturnable
[15:48:38] [main/DEBUG] (FabricLoader/Mixin) fabric-lifecycle-events-v1.mixins.json:MinecraftServerMixin from mod fabric-lifecycle-events-v1->@Inject::endSave(ZZZLorg/spongepowered/asm/mixin/injection/callback/CallbackInfoReturnable;)V has 0 override(s) in child classes
[15:48:38] [main/DEBUG] (FabricLoader/Mixin) fabric-lifecycle-events-v1.mixins.json:MinecraftServerMixin from mod fabric-lifecycle-events-v1->@Inject::endSave(ZZZLorg/spongepowered/asm/mixin/injection/callback/CallbackInfoReturnable;)V won't be passed a CallbackInfoReturnable as a result
[15:48:38] [main/DEBUG] (FabricLoader/Mixin) fabric-biome-api-v1.mixins.json:modification.MinecraftServerMixin from mod fabric-biome-api-v1->@Inject::finalizeWorldGen(Lorg/spongepowered/asm/mixin/injection/callback/CallbackInfo;)V doesn't use it's CallbackInfo
[15:48:38] [main/DEBUG] (FabricLoader/Mixin) fabric-biome-api-v1.mixins.json:modification.MinecraftServerMixin from mod fabric-biome-api-v1->@Inject::finalizeWorldGen(Lorg/spongepowered/asm/mixin/injection/callback/CallbackInfo;)V has 0 override(s) in child classes
[15:48:38] [main/DEBUG] (FabricLoader/Mixin) fabric-biome-api-v1.mixins.json:modification.MinecraftServerMixin from mod fabric-biome-api-v1->@Inject::finalizeWorldGen(Lorg/spongepowered/asm/mixin/injection/callback/CallbackInfo;)V won't be passed a CallbackInfo as a result
[15:48:38] [main/DEBUG] (FabricLoader/Mixin) mixins.malilib.json:server.MixinMinecraftServer from mod malilib->@Inject::malilib_onServerStarting(Lorg/spongepowered/asm/mixin/injection/callback/CallbackInfo;)V doesn't use it's CallbackInfo
[15:48:38] [main/DEBUG] (FabricLoader/Mixin) mixins.malilib.json:server.MixinMinecraftServer from mod malilib->@Inject::malilib_onServerStarting(Lorg/spongepowered/asm/mixin/injection/callback/CallbackInfo;)V has 0 override(s) in child classes
[15:48:38] [main/DEBUG] (FabricLoader/Mixin) mixins.malilib.json:server.MixinMinecraftServer from mod malilib->@Inject::malilib_onServerStarting(Lorg/spongepowered/asm/mixin/injection/callback/CallbackInfo;)V won't be passed a CallbackInfo as a result
[15:48:38] [main/DEBUG] (FabricLoader/Mixin) mixins.malilib.json:server.MixinMinecraftServer from mod malilib->@Inject::malilib_onServerStarted(Lorg/spongepowered/asm/mixin/injection/callback/CallbackInfo;)V doesn't use it's CallbackInfo
[15:48:38] [main/DEBUG] (FabricLoader/Mixin) mixins.malilib.json:server.MixinMinecraftServer from mod malilib->@Inject::malilib_onServerStarted(Lorg/spongepowered/asm/mixin/injection/callback/CallbackInfo;)V has 0 override(s) in child classes
[15:48:38] [main/DEBUG] (FabricLoader/Mixin) mixins.malilib.json:server.MixinMinecraftServer from mod malilib->@Inject::malilib_onServerStarted(Lorg/spongepowered/asm/mixin/injection/callback/CallbackInfo;)V won't be passed a CallbackInfo as a result
[15:48:38] [main/DEBUG] (FabricLoader/Mixin) mixins.malilib.json:server.MixinMinecraftServer from mod malilib->@Inject::malilib_onServerStopping(Lorg/spongepowered/asm/mixin/injection/callback/CallbackInfo;)V doesn't use it's CallbackInfo
[15:48:38] [main/DEBUG] (FabricLoader/Mixin) mixins.malilib.json:server.MixinMinecraftServer from mod malilib->@Inject::malilib_onServerStopping(Lorg/spongepowered/asm/mixin/injection/callback/CallbackInfo;)V has 0 override(s) in child classes
[15:48:38] [main/DEBUG] (FabricLoader/Mixin) mixins.malilib.json:server.MixinMinecraftServer from mod malilib->@Inject::malilib_onServerStopping(Lorg/spongepowered/asm/mixin/injection/callback/CallbackInfo;)V won't be passed a CallbackInfo as a result
[15:48:38] [main/DEBUG] (FabricLoader/Mixin) mixins.malilib.json:server.MixinMinecraftServer from mod malilib->@Inject::malilib_onServerStopped(Lorg/spongepowered/asm/mixin/injection/callback/CallbackInfo;)V doesn't use it's CallbackInfo
[15:48:38] [main/DEBUG] (FabricLoader/Mixin) mixins.malilib.json:server.MixinMinecraftServer from mod malilib->@Inject::malilib_onServerStopped(Lorg/spongepowered/asm/mixin/injection/callback/CallbackInfo;)V has 0 override(s) in child classes
[15:48:38] [main/DEBUG] (FabricLoader/Mixin) mixins.malilib.json:server.MixinMinecraftServer from mod malilib->@Inject::malilib_onServerStopped(Lorg/spongepowered/asm/mixin/injection/callback/CallbackInfo;)V won't be passed a CallbackInfo as a result
[15:48:38] [main/DEBUG] (FabricLoader/Mixin) mixins.malilib.json:server.MixinMinecraftServer from mod malilib->@Inject::malilib_onServerTick(JLorg/spongepowered/asm/mixin/injection/callback/CallbackInfo;)V doesn't use it's CallbackInfo
[15:48:38] [main/DEBUG] (FabricLoader/Mixin) mixins.malilib.json:server.MixinMinecraftServer from mod malilib->@Inject::malilib_onServerTick(JLorg/spongepowered/asm/mixin/injection/callback/CallbackInfo;)V has 0 override(s) in child classes
[15:48:38] [main/DEBUG] (FabricLoader/Mixin) mixins.malilib.json:server.MixinMinecraftServer from mod malilib->@Inject::malilib_onServerTick(JLorg/spongepowered/asm/mixin/injection/callback/CallbackInfo;)V won't be passed a CallbackInfo as a result
[15:48:38] [main/DEBUG] (FabricLoader/Mixin) mixins.litematica.json:server.MixinMinecraftServer from mod litematica->@Inject::litematica_onServerTickOmegaHackFixBecauseLunarBreaksMinecraftEvenThoughABooleanSupplierIsAlwaysSupposedToBeThereEvenAccordingToMojangMappingsButIsNotWhenYouAreRunningLunarAndTheyCannotExplainWhyThisWouldBreakButItDoesEvenThoughNothingHasChangedInMinecraftUnlessYouArePlayingWithLunar(JLorg/spongepowered/asm/mixin/injection/callback/CallbackInfo;)V doesn't use it's CallbackInfo
[15:48:38] [main/DEBUG] (FabricLoader/Mixin) mixins.litematica.json:server.MixinMinecraftServer from mod litematica->@Inject::litematica_onServerTickOmegaHackFixBecauseLunarBreaksMinecraftEvenThoughABooleanSupplierIsAlwaysSupposedToBeThereEvenAccordingToMojangMappingsButIsNotWhenYouAreRunningLunarAndTheyCannotExplainWhyThisWouldBreakButItDoesEvenThoughNothingHasChangedInMinecraftUnlessYouArePlayingWithLunar(JLorg/spongepowered/asm/mixin/injection/callback/CallbackInfo;)V has 0 override(s) in child classes
[15:48:38] [main/DEBUG] (FabricLoader/Mixin) mixins.litematica.json:server.MixinMinecraftServer from mod litematica->@Inject::litematica_onServerTickOmegaHackFixBecauseLunarBreaksMinecraftEvenThoughABooleanSupplierIsAlwaysSupposedToBeThereEvenAccordingToMojangMappingsButIsNotWhenYouAreRunningLunarAndTheyCannotExplainWhyThisWouldBreakButItDoesEvenThoughNothingHasChangedInMinecraftUnlessYouArePlayingWithLunar(JLorg/spongepowered/asm/mixin/injection/callback/CallbackInfo;)V won't be passed a CallbackInfo as a result
[15:48:38] [main/DEBUG] (FabricLoader/Mixin) fabric-message-api-v1.mixins.json:MinecraftServerMixin from mod fabric-message-api-v1->@Inject::onGetChatDecorator(Lorg/spongepowered/asm/mixin/injection/callback/CallbackInfoReturnable;)V does use it's CallbackInfoReturnable
[15:48:38] [main/DEBUG] (FabricLoader/Mixin) fabric-resource-loader-v0.mixins.json:MinecraftServerMixin from mod fabric-resource-loader-v0->@Inject::init(Ljava/lang/Thread;Lnet/minecraft/world/level/storage/LevelStorage$Session;Lnet/minecraft/resource/ResourcePackManager;Lnet/minecraft/server/SaveLoader;Ljava/net/Proxy;Lcom/mojang/datafixers/DataFixer;Lnet/minecraft/util/ApiServices;Lnet/minecraft/server/WorldGenerationProgressListenerFactory;Lorg/spongepowered/asm/mixin/injection/callback/CallbackInfo;)V doesn't use it's CallbackInfo
[15:48:38] [main/DEBUG] (FabricLoader/Mixin) fabric-resource-loader-v0.mixins.json:MinecraftServerMixin from mod fabric-resource-loader-v0->@Inject::init(Ljava/lang/Thread;Lnet/minecraft/world/level/storage/LevelStorage$Session;Lnet/minecraft/resource/ResourcePackManager;Lnet/minecraft/server/SaveLoader;Ljava/net/Proxy;Lcom/mojang/datafixers/DataFixer;Lnet/minecraft/util/ApiServices;Lnet/minecraft/server/WorldGenerationProgressListenerFactory;Lorg/spongepowered/asm/mixin/injection/callback/CallbackInfo;)V has 0 override(s) in child classes
[15:48:38] [main/DEBUG] (FabricLoader/Mixin) fabric-resource-loader-v0.mixins.json:MinecraftServerMixin from mod fabric-resource-loader-v0->@Inject::init(Ljava/lang/Thread;Lnet/minecraft/world/level/storage/LevelStorage$Session;Lnet/minecraft/resource/ResourcePackManager;Lnet/minecraft/server/SaveLoader;Ljava/net/Proxy;Lcom/mojang/datafixers/DataFixer;Lnet/minecraft/util/ApiServices;Lnet/minecraft/server/WorldGenerationProgressListenerFactory;Lorg/spongepowered/asm/mixin/injection/callback/CallbackInfo;)V won't be passed a CallbackInfo as a result
[15:48:38] [main/DEBUG] (FabricLoader/Mixin) Mixing client.item.BasicItemModelUnbakedMixin from fabric-renderer-api-v1.mixins.json into net.minecraft.client.render.item.model.BasicItemModel$Unbaked
[15:48:38] [main/DEBUG] (FabricLoader/Mixin) Mixing client.item.BasicItemModelMixin from fabric-renderer-api-v1.mixins.json into net.minecraft.client.render.item.model.BasicItemModel
[15:48:38] [main/DEBUG] (FabricLoader/Mixin) Renaming synthetic method lambda$fabric_setMesh$0(Lnet/fabricmc/fabric/api/renderer/v1/model/SpriteFinder;Lnet/fabricmc/fabric/api/renderer/v1/mesh/QuadView;)V to mdbcad25$fabric-renderer-api-v1$lambda$fabric_setMesh$0$0 in fabric-renderer-api-v1.mixins.json:client.item.BasicItemModelMixin from mod fabric-renderer-api-v1
[15:48:38] [main/DEBUG] (FabricLoader/Mixin) fabric-renderer-api-v1.mixins.json:client.item.BasicItemModelMixin from mod fabric-renderer-api-v1->@Inject::onReturnUpdate(Lorg/spongepowered/asm/mixin/injection/callback/CallbackInfo;)V doesn't use it's CallbackInfo
[15:48:38] [main/DEBUG] (FabricLoader/Mixin) fabric-renderer-api-v1.mixins.json:client.item.BasicItemModelMixin from mod fabric-renderer-api-v1->@Inject::onReturnUpdate(Lorg/spongepowered/asm/mixin/injection/callback/CallbackInfo;)V has 0 override(s) in child classes
[15:48:38] [main/DEBUG] (FabricLoader/Mixin) fabric-renderer-api-v1.mixins.json:client.item.BasicItemModelMixin from mod fabric-renderer-api-v1->@Inject::onReturnUpdate(Lorg/spongepowered/asm/mixin/injection/callback/CallbackInfo;)V won't be passed a CallbackInfo as a result
[15:48:38] [main/DEBUG] (FabricLoader/Mixin) Mixing SpecialModelTypesMixin from fabric-rendering-v1.mixins.json into net.minecraft.client.render.item.model.special.SpecialModelTypes
[15:48:38] [main/DEBUG] (FabricLoader/Mixin) fabric-rendering-v1.mixins.json:SpecialModelTypesMixin from mod fabric-rendering-v1->@Inject::onReturnClinit(Lorg/spongepowered/asm/mixin/injection/callback/CallbackInfo;)V doesn't use it's CallbackInfo
[15:48:38] [main/DEBUG] (FabricLoader/Mixin) Mixing TexturedRenderLayersMixin from fabric-object-builder-v1.client.mixins.json into net.minecraft.client.render.TexturedRenderLayers
[15:48:38] [main/DEBUG] (FabricLoader/Mixin) fabric-object-builder-v1.client.mixins.json:TexturedRenderLayersMixin from mod fabric-object-builder-api-v1->@Inject::onReturnClinit(Lorg/spongepowered/asm/mixin/injection/callback/CallbackInfo;)V doesn't use it's CallbackInfo
[15:48:38] [main/DEBUG] (FabricLoader/Mixin) Mixing client.sprite.SpriteAtlasTextureMixin from fabric-renderer-api-v1.mixins.json into net.minecraft.client.texture.SpriteAtlasTexture
[15:48:38] [main/DEBUG] (FabricLoader/Mixin) fabric-renderer-api-v1.mixins.json:client.sprite.SpriteAtlasTextureMixin from mod fabric-renderer-api-v1->@Inject::uploadHook(Lnet/minecraft/client/texture/SpriteLoader$StitchResult;Lorg/spongepowered/asm/mixin/injection/callback/CallbackInfo;)V doesn't use it's CallbackInfo
[15:48:38] [main/DEBUG] (FabricLoader/Mixin) fabric-renderer-api-v1.mixins.json:client.sprite.SpriteAtlasTextureMixin from mod fabric-renderer-api-v1->@Inject::uploadHook(Lnet/minecraft/client/texture/SpriteLoader$StitchResult;Lorg/spongepowered/asm/mixin/injection/callback/CallbackInfo;)V has 0 override(s) in child classes
[15:48:38] [main/DEBUG] (FabricLoader/Mixin) fabric-renderer-api-v1.mixins.json:client.sprite.SpriteAtlasTextureMixin from mod fabric-renderer-api-v1->@Inject::uploadHook(Lnet/minecraft/client/texture/SpriteLoader$StitchResult;Lorg/spongepowered/asm/mixin/injection/callback/CallbackInfo;)V won't be passed a CallbackInfo as a result
[15:48:38] [main/DEBUG] (FabricLoader/Mixin) Mixing render.IMixinAbstractTexture from mixins.malilib.json into net.minecraft.client.texture.AbstractTexture
[15:48:38] [main/DEBUG] (FabricLoader/Mixin) Mixing render.MixinRenderPipelines from mixins.malilib.json into net.minecraft.client.gl.RenderPipelines
[15:48:38] [main/DEBUG] (FabricLoader/Mixin) mixins.malilib.json:render.MixinRenderPipelines from mod malilib->@Inject::malilib_onRegisterPipelines(Lorg/spongepowered/asm/mixin/injection/callback/CallbackInfo;)V doesn't use it's CallbackInfo
[15:48:38] [main/INFO] (malilib) Sodium: [N/F], Iris: [N/F]
[15:48:38] [main/DEBUG] (FabricLoader/Mixin) Mixing ItemRendererAccessor from fabric-renderer-indigo.mixins.json into net.minecraft.client.render.item.ItemRenderer
[15:48:38] [main/DEBUG] (FabricLoader/Mixin) Renaming @Invoker method fabric_getDynamicDisplayGlintConsumer(Lnet/minecraft/client/render/VertexConsumerProvider;Lnet/minecraft/client/render/RenderLayer;Lnet/minecraft/client/util/math/MatrixStack$Entry;)Lnet/minecraft/client/render/VertexConsumer; to fabric_getDynamicDisplayGlintConsumer$fabric-renderer-indigo_$md$bcad25$0 in fabric-renderer-indigo.mixins.json:ItemRendererAccessor from mod fabric-renderer-indigo
[15:48:38] [main/DEBUG] (FabricLoader/Mixin) Mixing KeyedResourceReloadListenerClientMixin from fabric-resource-loader-v0.client.mixins.json into net.minecraft.client.render.item.ItemRenderer
[15:48:38] [main/DEBUG] (FabricLoader/Mixin) Mixing input.IMixinKeyBinding from mixins.litematica.json into net.minecraft.client.option.KeyBinding
[15:48:38] [main/DEBUG] (FabricLoader/Mixin) Mixing KeyBindingAccessor from fabric-key-binding-api-v1.mixins.json into net.minecraft.client.option.KeyBinding
[15:48:38] [main/DEBUG] (FabricLoader/Mixin) Renaming @Accessor method fabric_getCategoryMap()Ljava/util/Map; to fabric_getCategoryMap$fabric-key-binding-api-v1_$md$bcad25$0 in fabric-key-binding-api-v1.mixins.json:KeyBindingAccessor from mod fabric-key-binding-api-v1
[15:48:38] [main/DEBUG] (FabricLoader/Mixin) Mixing KeyBindingAccessor from fabric-events-interaction-v0.client.mixins.json into net.minecraft.client.option.KeyBinding
[15:48:38] [main/DEBUG] (FabricLoader/Mixin) Mixing AtlasSourceManagerAccessor from fabric-rendering-v1.mixins.json into net.minecraft.client.texture.atlas.AtlasSourceManager
[15:48:38] [main/DEBUG] (FabricLoader/Mixin) Renaming @Accessor method getAtlasSourceCodecs()Lnet/minecraft/util/dynamic/Codecs$IdMapper; to getAtlasSourceCodecs$fabric-rendering-v1_$md$bcad25$0 in fabric-rendering-v1.mixins.json:AtlasSourceManagerAccessor from mod fabric-rendering-v1
[15:48:38] [main/DEBUG] (FabricLoader/Mixin) Mixing ScreenAccessor from fabric-screen-api-v1.mixins.json into net.minecraft.client.gui.screen.Screen
[15:48:38] [main/DEBUG] (FabricLoader/Mixin) Mixing ScreenMixin from fabric-screen-api-v1.mixins.json into net.minecraft.client.gui.screen.Screen
[15:48:38] [main/DEBUG] (FabricLoader/Mixin) fabric-screen-api-v1.mixins.json:ScreenMixin from mod fabric-screen-api-v1->@Inject::beforeInitScreen(Lnet/minecraft/client/MinecraftClient;IILorg/spongepowered/asm/mixin/injection/callback/CallbackInfo;)V doesn't use it's CallbackInfo
[15:48:38] [main/DEBUG] (FabricLoader/Mixin) fabric-screen-api-v1.mixins.json:ScreenMixin from mod fabric-screen-api-v1->@Inject::beforeInitScreen(Lnet/minecraft/client/MinecraftClient;IILorg/spongepowered/asm/mixin/injection/callback/CallbackInfo;)V has 0 override(s) in child classes
[15:48:38] [main/DEBUG] (FabricLoader/Mixin) fabric-screen-api-v1.mixins.json:ScreenMixin from mod fabric-screen-api-v1->@Inject::beforeInitScreen(Lnet/minecraft/client/MinecraftClient;IILorg/spongepowered/asm/mixin/injection/callback/CallbackInfo;)V won't be passed a CallbackInfo as a result
[15:48:38] [main/DEBUG] (FabricLoader/Mixin) fabric-screen-api-v1.mixins.json:ScreenMixin from mod fabric-screen-api-v1->@Inject::afterInitScreen(Lnet/minecraft/client/MinecraftClient;IILorg/spongepowered/asm/mixin/injection/callback/CallbackInfo;)V doesn't use it's CallbackInfo
[15:48:38] [main/DEBUG] (FabricLoader/Mixin) fabric-screen-api-v1.mixins.json:ScreenMixin from mod fabric-screen-api-v1->@Inject::afterInitScreen(Lnet/minecraft/client/MinecraftClient;IILorg/spongepowered/asm/mixin/injection/callback/CallbackInfo;)V has 0 override(s) in child classes
[15:48:38] [main/DEBUG] (FabricLoader/Mixin) fabric-screen-api-v1.mixins.json:ScreenMixin from mod fabric-screen-api-v1->@Inject::afterInitScreen(Lnet/minecraft/client/MinecraftClient;IILorg/spongepowered/asm/mixin/injection/callback/CallbackInfo;)V won't be passed a CallbackInfo as a result
[15:48:38] [main/DEBUG] (FabricLoader/Mixin) fabric-screen-api-v1.mixins.json:ScreenMixin from mod fabric-screen-api-v1->@Inject::beforeResizeScreen(Lnet/minecraft/client/MinecraftClient;IILorg/spongepowered/asm/mixin/injection/callback/CallbackInfo;)V doesn't use it's CallbackInfo
[15:48:38] [main/DEBUG] (FabricLoader/Mixin) fabric-screen-api-v1.mixins.json:ScreenMixin from mod fabric-screen-api-v1->@Inject::beforeResizeScreen(Lnet/minecraft/client/MinecraftClient;IILorg/spongepowered/asm/mixin/injection/callback/CallbackInfo;)V has 0 override(s) in child classes
[15:48:38] [main/DEBUG] (FabricLoader/Mixin) fabric-screen-api-v1.mixins.json:ScreenMixin from mod fabric-screen-api-v1->@Inject::beforeResizeScreen(Lnet/minecraft/client/MinecraftClient;IILorg/spongepowered/asm/mixin/injection/callback/CallbackInfo;)V won't be passed a CallbackInfo as a result
[15:48:38] [main/DEBUG] (FabricLoader/Mixin) fabric-screen-api-v1.mixins.json:ScreenMixin from mod fabric-screen-api-v1->@Inject::afterResizeScreen(Lnet/minecraft/client/MinecraftClient;IILorg/spongepowered/asm/mixin/injection/callback/CallbackInfo;)V doesn't use it's CallbackInfo
[15:48:38] [main/DEBUG] (FabricLoader/Mixin) fabric-screen-api-v1.mixins.json:ScreenMixin from mod fabric-screen-api-v1->@Inject::afterResizeScreen(Lnet/minecraft/client/MinecraftClient;IILorg/spongepowered/asm/mixin/injection/callback/CallbackInfo;)V has 0 override(s) in child classes
[15:48:38] [main/DEBUG] (FabricLoader/Mixin) fabric-screen-api-v1.mixins.json:ScreenMixin from mod fabric-screen-api-v1->@Inject::afterResizeScreen(Lnet/minecraft/client/MinecraftClient;IILorg/spongepowered/asm/mixin/injection/callback/CallbackInfo;)V won't be passed a CallbackInfo as a result
[15:48:38] [main/DEBUG] (FabricLoader/Mixin) Mixing ClientWorldMixin from fabric-lifecycle-events-v1.client.mixins.json into net.minecraft.client.world.ClientWorld
[15:48:38] [main/DEBUG] (FabricLoader/Mixin) Mixing ClientWorldMixin from fabric-rendering-v1.mixins.json into net.minecraft.client.world.ClientWorld
[15:48:38] [main/DEBUG] (FabricLoader/Mixin) Renaming synthetic method lambda$new$1(Lnet/minecraft/world/biome/ColorResolver;)Lnet/minecraft/client/world/BiomeColorCache; to mdbcad25$fabric-rendering-v1$lambda$new$1$0 in fabric-rendering-v1.mixins.json:ClientWorldMixin from mod fabric-rendering-v1
[15:48:38] [main/DEBUG] (FabricLoader/Mixin) Renaming synthetic method lambda$new$0(Lnet/minecraft/world/biome/ColorResolver;Lnet/minecraft/util/math/BlockPos;)I to mdbcad25$fabric-rendering-v1$lambda$new$0$1 in fabric-rendering-v1.mixins.json:ClientWorldMixin from mod fabric-rendering-v1
[15:48:38] [main/DEBUG] (FabricLoader/Mixin) Mixing world.MixinClientWorld from mixins.litematica.json into net.minecraft.client.world.ClientWorld
[15:48:38] [main/DEBUG] (FabricLoader/Mixin) fabric-lifecycle-events-v1.client.mixins.json:ClientWorldMixin from mod fabric-lifecycle-events-v1->@Inject::tickWorldAfterBlockEntities(Lorg/spongepowered/asm/mixin/injection/callback/CallbackInfo;)V doesn't use it's CallbackInfo
[15:48:38] [main/DEBUG] (FabricLoader/Mixin) fabric-lifecycle-events-v1.client.mixins.json:ClientWorldMixin from mod fabric-lifecycle-events-v1->@Inject::tickWorldAfterBlockEntities(Lorg/spongepowered/asm/mixin/injection/callback/CallbackInfo;)V has 0 override(s) in child classes
[15:48:38] [main/DEBUG] (FabricLoader/Mixin) fabric-lifecycle-events-v1.client.mixins.json:ClientWorldMixin from mod fabric-lifecycle-events-v1->@Inject::tickWorldAfterBlockEntities(Lorg/spongepowered/asm/mixin/injection/callback/CallbackInfo;)V won't be passed a CallbackInfo as a result
[15:48:38] [main/DEBUG] (FabricLoader/Mixin) fabric-lifecycle-events-v1.client.mixins.json:ClientWorldMixin from mod fabric-lifecycle-events-v1->@Inject::startWorldTick(Lorg/spongepowered/asm/mixin/injection/callback/CallbackInfo;)V doesn't use it's CallbackInfo
[15:48:38] [main/DEBUG] (FabricLoader/Mixin) fabric-lifecycle-events-v1.client.mixins.json:ClientWorldMixin from mod fabric-lifecycle-events-v1->@Inject::startWorldTick(Lorg/spongepowered/asm/mixin/injection/callback/CallbackInfo;)V has 0 override(s) in child classes
[15:48:38] [main/DEBUG] (FabricLoader/Mixin) fabric-lifecycle-events-v1.client.mixins.json:ClientWorldMixin from mod fabric-lifecycle-events-v1->@Inject::startWorldTick(Lorg/spongepowered/asm/mixin/injection/callback/CallbackInfo;)V won't be passed a CallbackInfo as a result
[15:48:38] [main/DEBUG] (FabricLoader/Mixin) fabric-rendering-v1.mixins.json:ClientWorldMixin from mod fabric-rendering-v1->@Inject::onResetChunkColor(Lnet/minecraft/util/math/ChunkPos;Lorg/spongepowered/asm/mixin/injection/callback/CallbackInfo;)V doesn't use it's CallbackInfo
[15:48:38] [main/DEBUG] (FabricLoader/Mixin) fabric-rendering-v1.mixins.json:ClientWorldMixin from mod fabric-rendering-v1->@Inject::onResetChunkColor(Lnet/minecraft/util/math/ChunkPos;Lorg/spongepowered/asm/mixin/injection/callback/CallbackInfo;)V has 0 override(s) in child classes
[15:48:38] [main/DEBUG] (FabricLoader/Mixin) fabric-rendering-v1.mixins.json:ClientWorldMixin from mod fabric-rendering-v1->@Inject::onResetChunkColor(Lnet/minecraft/util/math/ChunkPos;Lorg/spongepowered/asm/mixin/injection/callback/CallbackInfo;)V won't be passed a CallbackInfo as a result
[15:48:38] [main/DEBUG] (FabricLoader/Mixin) fabric-rendering-v1.mixins.json:ClientWorldMixin from mod fabric-rendering-v1->@Inject::onReloadColor(Lorg/spongepowered/asm/mixin/injection/callback/CallbackInfo;)V doesn't use it's CallbackInfo
[15:48:38] [main/DEBUG] (FabricLoader/Mixin) fabric-rendering-v1.mixins.json:ClientWorldMixin from mod fabric-rendering-v1->@Inject::onReloadColor(Lorg/spongepowered/asm/mixin/injection/callback/CallbackInfo;)V has 0 override(s) in child classes
[15:48:38] [main/DEBUG] (FabricLoader/Mixin) fabric-rendering-v1.mixins.json:ClientWorldMixin from mod fabric-rendering-v1->@Inject::onReloadColor(Lorg/spongepowered/asm/mixin/injection/callback/CallbackInfo;)V won't be passed a CallbackInfo as a result
[15:48:38] [main/DEBUG] (FabricLoader/Mixin) mixins.litematica.json:world.MixinClientWorld from mod litematica->@Inject::litematica_onHandleBlockUpdate(Lnet/minecraft/util/math/BlockPos;Lnet/minecraft/block/BlockState;ILorg/spongepowered/asm/mixin/injection/callback/CallbackInfo;)V doesn't use it's CallbackInfo
[15:48:38] [main/DEBUG] (FabricLoader/Mixin) mixins.litematica.json:world.MixinClientWorld from mod litematica->@Inject::litematica_onHandleBlockUpdate(Lnet/minecraft/util/math/BlockPos;Lnet/minecraft/block/BlockState;ILorg/spongepowered/asm/mixin/injection/callback/CallbackInfo;)V has 0 override(s) in child classes
[15:48:38] [main/DEBUG] (FabricLoader/Mixin) mixins.litematica.json:world.MixinClientWorld from mod litematica->@Inject::litematica_onHandleBlockUpdate(Lnet/minecraft/util/math/BlockPos;Lnet/minecraft/block/BlockState;ILorg/spongepowered/asm/mixin/injection/callback/CallbackInfo;)V won't be passed a CallbackInfo as a result
[15:48:38] [main/DEBUG] (FabricLoader/Mixin) Mixing DefaultAttributeRegistryAccessor from fabric-object-builder-v1.mixins.json into net.minecraft.entity.attribute.DefaultAttributeRegistry
[15:48:38] [main/DEBUG] (FabricLoader/Mixin) Renaming @Accessor method getRegistry()Ljava/util/Map; to getRegistry$fabric-object-builder-api-v1_$md$bcad25$0 in fabric-object-builder-v1.mixins.json:DefaultAttributeRegistryAccessor from mod fabric-object-builder-api-v1
[15:48:38] [main/DEBUG] (FabricLoader/Mixin) Mixing DefaultAttributeRegistryMixin from fabric-object-builder-v1.mixins.json into net.minecraft.entity.attribute.DefaultAttributeRegistry
[15:48:38] [main/DEBUG] (FabricLoader/Mixin) fabric-object-builder-v1.mixins.json:DefaultAttributeRegistryMixin from mod fabric-object-builder-api-v1->@Inject::injectAttributes(Lorg/spongepowered/asm/mixin/injection/callback/CallbackInfo;)V doesn't use it's CallbackInfo
[15:48:38] [Render thread/DEBUG] (FabricLoader/Mixin) Mixing accessor.MinecraftClientAccessor from fabric-networking-api-v1.client.mixins.json into net.minecraft.client.MinecraftClient
[15:48:38] [Render thread/DEBUG] (FabricLoader/Mixin) Mixing MinecraftClientMixin from fabric-lifecycle-events-v1.client.mixins.json into net.minecraft.client.MinecraftClient
[15:48:38] [Render thread/DEBUG] (FabricLoader/Mixin) Mixing MinecraftClientMixin from fabric-registry-sync-v0.client.mixins.json into net.minecraft.client.MinecraftClient
[15:48:38] [Render thread/DEBUG] (FabricLoader/Mixin) Mixing MixinMinecraftClient from mixins.malilib.json into net.minecraft.client.MinecraftClient
[15:48:38] [Render thread/DEBUG] (FabricLoader/Mixin) Mixing MixinMinecraftClient from mixins.litematica.json into net.minecraft.client.MinecraftClient
[15:48:38] [Render thread/DEBUG] (FabricLoader/Mixin) Mixing MixinMinecraftClient_easyPlace from mixins.litematica.json into net.minecraft.client.MinecraftClient
[15:48:38] [Render thread/DEBUG] (FabricLoader/Mixin) Mixing MinecraftClientMixin from fabric-events-interaction-v0.client.mixins.json into net.minecraft.client.MinecraftClient
[15:48:38] [Render thread/DEBUG] (FabricLoader/Mixin) Mixing containerscan.MinecraftClientAccessor from techutils.mixins.json into net.minecraft.client.MinecraftClient
[15:48:38] [Render thread/DEBUG] (FabricLoader/Mixin) Mixing containerscan.MinecraftClientMixin from techutils.mixins.json into net.minecraft.client.MinecraftClient
[15:48:38] [Render thread/DEBUG] (FabricLoader/Mixin) Mixing MinecraftClientMixin from fabric-data-generation-api-v1.client.mixins.json into net.minecraft.client.MinecraftClient
[15:48:38] [Render thread/DEBUG] (FabricLoader/Mixin) Mixing MinecraftClientMixin from fabric-screen-api-v1.mixins.json into net.minecraft.client.MinecraftClient
[15:48:38] [Render thread/DEBUG] (FabricLoader/Mixin) Renaming @Unique field LOGGERLorg/slf4j/Logger; to fdbcad25$fabric-screen-api-v1$LOGGER$0 in fabric-screen-api-v1.mixins.json:MinecraftClientMixin from mod fabric-screen-api-v1
[15:48:38] [Render thread/DEBUG] (FabricLoader/Mixin) fabric-lifecycle-events-v1.client.mixins.json:MinecraftClientMixin from mod fabric-lifecycle-events-v1->@Inject::onStartTick(Lorg/spongepowered/asm/mixin/injection/callback/CallbackInfo;)V doesn't use it's CallbackInfo
[15:48:38] [Render thread/DEBUG] (FabricLoader/Mixin) fabric-lifecycle-events-v1.client.mixins.json:MinecraftClientMixin from mod fabric-lifecycle-events-v1->@Inject::onStartTick(Lorg/spongepowered/asm/mixin/injection/callback/CallbackInfo;)V has 0 override(s) in child classes
[15:48:38] [Render thread/DEBUG] (FabricLoader/Mixin) fabric-lifecycle-events-v1.client.mixins.json:MinecraftClientMixin from mod fabric-lifecycle-events-v1->@Inject::onStartTick(Lorg/spongepowered/asm/mixin/injection/callback/CallbackInfo;)V won't be passed a CallbackInfo as a result
[15:48:38] [Render thread/DEBUG] (FabricLoader/Mixin) fabric-lifecycle-events-v1.client.mixins.json:MinecraftClientMixin from mod fabric-lifecycle-events-v1->@Inject::onEndTick(Lorg/spongepowered/asm/mixin/injection/callback/CallbackInfo;)V doesn't use it's CallbackInfo
[15:48:38] [Render thread/DEBUG] (FabricLoader/Mixin) fabric-lifecycle-events-v1.client.mixins.json:MinecraftClientMixin from mod fabric-lifecycle-events-v1->@Inject::onEndTick(Lorg/spongepowered/asm/mixin/injection/callback/CallbackInfo;)V has 0 override(s) in child classes
[15:48:38] [Render thread/DEBUG] (FabricLoader/Mixin) fabric-lifecycle-events-v1.client.mixins.json:MinecraftClientMixin from mod fabric-lifecycle-events-v1->@Inject::onEndTick(Lorg/spongepowered/asm/mixin/injection/callback/CallbackInfo;)V won't be passed a CallbackInfo as a result
[15:48:38] [Render thread/DEBUG] (FabricLoader/Mixin) fabric-lifecycle-events-v1.client.mixins.json:MinecraftClientMixin from mod fabric-lifecycle-events-v1->@Inject::onStopping(Lorg/spongepowered/asm/mixin/injection/callback/CallbackInfo;)V doesn't use it's CallbackInfo
[15:48:38] [Render thread/DEBUG] (FabricLoader/Mixin) fabric-lifecycle-events-v1.client.mixins.json:MinecraftClientMixin from mod fabric-lifecycle-events-v1->@Inject::onStopping(Lorg/spongepowered/asm/mixin/injection/callback/CallbackInfo;)V has 0 override(s) in child classes
[15:48:38] [Render thread/DEBUG] (FabricLoader/Mixin) fabric-lifecycle-events-v1.client.mixins.json:MinecraftClientMixin from mod fabric-lifecycle-events-v1->@Inject::onStopping(Lorg/spongepowered/asm/mixin/injection/callback/CallbackInfo;)V won't be passed a CallbackInfo as a result
[15:48:38] [Render thread/DEBUG] (FabricLoader/Mixin) fabric-lifecycle-events-v1.client.mixins.json:MinecraftClientMixin from mod fabric-lifecycle-events-v1->@Inject::onStart(Lorg/spongepowered/asm/mixin/injection/callback/CallbackInfo;)V doesn't use it's CallbackInfo
[15:48:38] [Render thread/DEBUG] (FabricLoader/Mixin) fabric-lifecycle-events-v1.client.mixins.json:MinecraftClientMixin from mod fabric-lifecycle-events-v1->@Inject::onStart(Lorg/spongepowered/asm/mixin/injection/callback/CallbackInfo;)V has 0 override(s) in child classes
[15:48:38] [Render thread/DEBUG] (FabricLoader/Mixin) fabric-lifecycle-events-v1.client.mixins.json:MinecraftClientMixin from mod fabric-lifecycle-events-v1->@Inject::onStart(Lorg/spongepowered/asm/mixin/injection/callback/CallbackInfo;)V won't be passed a CallbackInfo as a result
[15:48:38] [Render thread/DEBUG] (FabricLoader/Mixin) fabric-lifecycle-events-v1.client.mixins.json:MinecraftClientMixin from mod fabric-lifecycle-events-v1->@Inject::afterClientWorldChange(Lnet/minecraft/client/world/ClientWorld;Lorg/spongepowered/asm/mixin/injection/callback/CallbackInfo;)V doesn't use it's CallbackInfo
[15:48:38] [Render thread/DEBUG] (FabricLoader/Mixin) fabric-lifecycle-events-v1.client.mixins.json:MinecraftClientMixin from mod fabric-lifecycle-events-v1->@Inject::afterClientWorldChange(Lnet/minecraft/client/world/ClientWorld;Lorg/spongepowered/asm/mixin/injection/callback/CallbackInfo;)V has 0 override(s) in child classes
[15:48:38] [Render thread/DEBUG] (FabricLoader/Mixin) fabric-lifecycle-events-v1.client.mixins.json:MinecraftClientMixin from mod fabric-lifecycle-events-v1->@Inject::afterClientWorldChange(Lnet/minecraft/client/world/ClientWorld;Lorg/spongepowered/asm/mixin/injection/callback/CallbackInfo;)V won't be passed a CallbackInfo as a result
[15:48:38] [Render thread/DEBUG] (FabricLoader/Mixin) fabric-registry-sync-v0.client.mixins.json:MinecraftClientMixin from mod fabric-registry-sync-v0->@Inject::disconnectAfter(Lnet/minecraft/client/gui/screen/Screen;ZLorg/spongepowered/asm/mixin/injection/callback/CallbackInfo;)V doesn't use it's CallbackInfo
[15:48:38] [Render thread/DEBUG] (FabricLoader/Mixin) fabric-registry-sync-v0.client.mixins.json:MinecraftClientMixin from mod fabric-registry-sync-v0->@Inject::disconnectAfter(Lnet/minecraft/client/gui/screen/Screen;ZLorg/spongepowered/asm/mixin/injection/callback/CallbackInfo;)V has 0 override(s) in child classes
[15:48:38] [Render thread/DEBUG] (FabricLoader/Mixin) fabric-registry-sync-v0.client.mixins.json:MinecraftClientMixin from mod fabric-registry-sync-v0->@Inject::disconnectAfter(Lnet/minecraft/client/gui/screen/Screen;ZLorg/spongepowered/asm/mixin/injection/callback/CallbackInfo;)V won't be passed a CallbackInfo as a result
[15:48:38] [Render thread/DEBUG] (FabricLoader/Mixin) fabric-registry-sync-v0.client.mixins.json:MinecraftClientMixin from mod fabric-registry-sync-v0->@Inject::afterModInit(Lorg/spongepowered/asm/mixin/injection/callback/CallbackInfo;)V doesn't use it's CallbackInfo
[15:48:38] [Render thread/DEBUG] (FabricLoader/Mixin) fabric-registry-sync-v0.client.mixins.json:MinecraftClientMixin from mod fabric-registry-sync-v0->@Inject::afterModInit(Lorg/spongepowered/asm/mixin/injection/callback/CallbackInfo;)V has 0 override(s) in child classes
[15:48:38] [Render thread/DEBUG] (FabricLoader/Mixin) fabric-registry-sync-v0.client.mixins.json:MinecraftClientMixin from mod fabric-registry-sync-v0->@Inject::afterModInit(Lorg/spongepowered/asm/mixin/injection/callback/CallbackInfo;)V won't be passed a CallbackInfo as a result
[15:48:38] [Render thread/DEBUG] (FabricLoader/Mixin) mixins.malilib.json:MixinMinecraftClient from mod malilib->@Inject::malilib_onPreGameInit(Lnet/minecraft/client/RunArgs;Lorg/spongepowered/asm/mixin/injection/callback/CallbackInfo;)V doesn't use it's CallbackInfo
[15:48:38] [Render thread/DEBUG] (FabricLoader/Mixin) mixins.malilib.json:MixinMinecraftClient from mod malilib->@Inject::malilib_onPreGameInit(Lnet/minecraft/client/RunArgs;Lorg/spongepowered/asm/mixin/injection/callback/CallbackInfo;)V has 0 override(s) in child classes
[15:48:38] [Render thread/DEBUG] (FabricLoader/Mixin) mixins.malilib.json:MixinMinecraftClient from mod malilib->@Inject::malilib_onPreGameInit(Lnet/minecraft/client/RunArgs;Lorg/spongepowered/asm/mixin/injection/callback/CallbackInfo;)V won't be passed a CallbackInfo as a result
[15:48:38] [Render thread/DEBUG] (FabricLoader/Mixin) mixins.malilib.json:MixinMinecraftClient from mod malilib->@Inject::malilib_onInitComplete(Lnet/minecraft/client/RunArgs;Lorg/spongepowered/asm/mixin/injection/callback/CallbackInfo;)V doesn't use it's CallbackInfo
[15:48:38] [Render thread/DEBUG] (FabricLoader/Mixin) mixins.malilib.json:MixinMinecraftClient from mod malilib->@Inject::malilib_onInitComplete(Lnet/minecraft/client/RunArgs;Lorg/spongepowered/asm/mixin/injection/callback/CallbackInfo;)V has 0 override(s) in child classes
[15:48:38] [Render thread/DEBUG] (FabricLoader/Mixin) mixins.malilib.json:MixinMinecraftClient from mod malilib->@Inject::malilib_onInitComplete(Lnet/minecraft/client/RunArgs;Lorg/spongepowered/asm/mixin/injection/callback/CallbackInfo;)V won't be passed a CallbackInfo as a result
[15:48:38] [Render thread/DEBUG] (FabricLoader/Mixin) mixins.malilib.json:MixinMinecraftClient from mod malilib->@Inject::malilib_onStartIntegratedServer(Lnet/minecraft/world/level/storage/LevelStorage$Session;Lnet/minecraft/resource/ResourcePackManager;Lnet/minecraft/server/SaveLoader;ZLorg/spongepowered/asm/mixin/injection/callback/CallbackInfo;)V doesn't use it's CallbackInfo
[15:48:38] [Render thread/DEBUG] (FabricLoader/Mixin) mixins.malilib.json:MixinMinecraftClient from mod malilib->@Inject::malilib_onStartIntegratedServer(Lnet/minecraft/world/level/storage/LevelStorage$Session;Lnet/minecraft/resource/ResourcePackManager;Lnet/minecraft/server/SaveLoader;ZLorg/spongepowered/asm/mixin/injection/callback/CallbackInfo;)V has 0 override(s) in child classes
[15:48:38] [Render thread/DEBUG] (FabricLoader/Mixin) mixins.malilib.json:MixinMinecraftClient from mod malilib->@Inject::malilib_onStartIntegratedServer(Lnet/minecraft/world/level/storage/LevelStorage$Session;Lnet/minecraft/resource/ResourcePackManager;Lnet/minecraft/server/SaveLoader;ZLorg/spongepowered/asm/mixin/injection/callback/CallbackInfo;)V won't be passed a CallbackInfo as a result
[15:48:38] [Render thread/DEBUG] (FabricLoader/Mixin) mixins.malilib.json:MixinMinecraftClient from mod malilib->@Inject::onPostKeyboardInput(Lorg/spongepowered/asm/mixin/injection/callback/CallbackInfo;)V doesn't use it's CallbackInfo
[15:48:38] [Render thread/DEBUG] (FabricLoader/Mixin) mixins.malilib.json:MixinMinecraftClient from mod malilib->@Inject::onPostKeyboardInput(Lorg/spongepowered/asm/mixin/injection/callback/CallbackInfo;)V has 0 override(s) in child classes
[15:48:38] [Render thread/DEBUG] (FabricLoader/Mixin) mixins.malilib.json:MixinMinecraftClient from mod malilib->@Inject::onPostKeyboardInput(Lorg/spongepowered/asm/mixin/injection/callback/CallbackInfo;)V won't be passed a CallbackInfo as a result
[15:48:38] [Render thread/DEBUG] (FabricLoader/Mixin) mixins.malilib.json:MixinMinecraftClient from mod malilib->@Inject::onLoadWorldPre(Lnet/minecraft/client/world/ClientWorld;Lnet/minecraft/client/gui/screen/DownloadingTerrainScreen$WorldEntryReason;Lorg/spongepowered/asm/mixin/injection/callback/CallbackInfo;)V doesn't use it's CallbackInfo
[15:48:38] [Render thread/DEBUG] (FabricLoader/Mixin) mixins.malilib.json:MixinMinecraftClient from mod malilib->@Inject::onLoadWorldPre(Lnet/minecraft/client/world/ClientWorld;Lnet/minecraft/client/gui/screen/DownloadingTerrainScreen$WorldEntryReason;Lorg/spongepowered/asm/mixin/injection/callback/CallbackInfo;)V has 0 override(s) in child classes
[15:48:38] [Render thread/DEBUG] (FabricLoader/Mixin) mixins.malilib.json:MixinMinecraftClient from mod malilib->@Inject::onLoadWorldPre(Lnet/minecraft/client/world/ClientWorld;Lnet/minecraft/client/gui/screen/DownloadingTerrainScreen$WorldEntryReason;Lorg/spongepowered/asm/mixin/injection/callback/CallbackInfo;)V won't be passed a CallbackInfo as a result
[15:48:38] [Render thread/DEBUG] (FabricLoader/Mixin) mixins.malilib.json:MixinMinecraftClient from mod malilib->@Inject::onLoadWorldPost(Lnet/minecraft/client/world/ClientWorld;Lnet/minecraft/client/gui/screen/DownloadingTerrainScreen$WorldEntryReason;Lorg/spongepowered/asm/mixin/injection/callback/CallbackInfo;)V doesn't use it's CallbackInfo
[15:48:38] [Render thread/DEBUG] (FabricLoader/Mixin) mixins.malilib.json:MixinMinecraftClient from mod malilib->@Inject::onLoadWorldPost(Lnet/minecraft/client/world/ClientWorld;Lnet/minecraft/client/gui/screen/DownloadingTerrainScreen$WorldEntryReason;Lorg/spongepowered/asm/mixin/injection/callback/CallbackInfo;)V has 0 override(s) in child classes
[15:48:38] [Render thread/DEBUG] (FabricLoader/Mixin) mixins.malilib.json:MixinMinecraftClient from mod malilib->@Inject::onLoadWorldPost(Lnet/minecraft/client/world/ClientWorld;Lnet/minecraft/client/gui/screen/DownloadingTerrainScreen$WorldEntryReason;Lorg/spongepowered/asm/mixin/injection/callback/CallbackInfo;)V won't be passed a CallbackInfo as a result
[15:48:38] [Render thread/DEBUG] (FabricLoader/Mixin) mixins.malilib.json:MixinMinecraftClient from mod malilib->@Inject::onReconfigurationPre(Lnet/minecraft/client/gui/screen/Screen;Lorg/spongepowered/asm/mixin/injection/callback/CallbackInfo;)V doesn't use it's CallbackInfo
[15:48:38] [Render thread/DEBUG] (FabricLoader/Mixin) mixins.malilib.json:MixinMinecraftClient from mod malilib->@Inject::onReconfigurationPre(Lnet/minecraft/client/gui/screen/Screen;Lorg/spongepowered/asm/mixin/injection/callback/CallbackInfo;)V has 0 override(s) in child classes
[15:48:38] [Render thread/DEBUG] (FabricLoader/Mixin) mixins.malilib.json:MixinMinecraftClient from mod malilib->@Inject::onReconfigurationPre(Lnet/minecraft/client/gui/screen/Screen;Lorg/spongepowered/asm/mixin/injection/callback/CallbackInfo;)V won't be passed a CallbackInfo as a result
[15:48:38] [Render thread/DEBUG] (FabricLoader/Mixin) mixins.malilib.json:MixinMinecraftClient from mod malilib->@Inject::onReconfigurationPost(Lnet/minecraft/client/gui/screen/Screen;Lorg/spongepowered/asm/mixin/injection/callback/CallbackInfo;)V doesn't use it's CallbackInfo
[15:48:38] [Render thread/DEBUG] (FabricLoader/Mixin) mixins.malilib.json:MixinMinecraftClient from mod malilib->@Inject::onReconfigurationPost(Lnet/minecraft/client/gui/screen/Screen;Lorg/spongepowered/asm/mixin/injection/callback/CallbackInfo;)V has 0 override(s) in child classes
[15:48:38] [Render thread/DEBUG] (FabricLoader/Mixin) mixins.malilib.json:MixinMinecraftClient from mod malilib->@Inject::onReconfigurationPost(Lnet/minecraft/client/gui/screen/Screen;Lorg/spongepowered/asm/mixin/injection/callback/CallbackInfo;)V won't be passed a CallbackInfo as a result
[15:48:38] [Render thread/DEBUG] (FabricLoader/Mixin) mixins.malilib.json:MixinMinecraftClient from mod malilib->@Inject::onDisconnectPre(Lnet/minecraft/client/gui/screen/Screen;ZLorg/spongepowered/asm/mixin/injection/callback/CallbackInfo;)V doesn't use it's CallbackInfo
[15:48:38] [Render thread/DEBUG] (FabricLoader/Mixin) mixins.malilib.json:MixinMinecraftClient from mod malilib->@Inject::onDisconnectPre(Lnet/minecraft/client/gui/screen/Screen;ZLorg/spongepowered/asm/mixin/injection/callback/CallbackInfo;)V has 0 override(s) in child classes
[15:48:38] [Render thread/DEBUG] (FabricLoader/Mixin) mixins.malilib.json:MixinMinecraftClient from mod malilib->@Inject::onDisconnectPre(Lnet/minecraft/client/gui/screen/Screen;ZLorg/spongepowered/asm/mixin/injection/callback/CallbackInfo;)V won't be passed a CallbackInfo as a result
[15:48:38] [Render thread/DEBUG] (FabricLoader/Mixin) mixins.malilib.json:MixinMinecraftClient from mod malilib->@Inject::onDisconnectPost(Lnet/minecraft/client/gui/screen/Screen;ZLorg/spongepowered/asm/mixin/injection/callback/CallbackInfo;)V doesn't use it's CallbackInfo
[15:48:38] [Render thread/DEBUG] (FabricLoader/Mixin) mixins.malilib.json:MixinMinecraftClient from mod malilib->@Inject::onDisconnectPost(Lnet/minecraft/client/gui/screen/Screen;ZLorg/spongepowered/asm/mixin/injection/callback/CallbackInfo;)V has 0 override(s) in child classes
[15:48:38] [Render thread/DEBUG] (FabricLoader/Mixin) mixins.malilib.json:MixinMinecraftClient from mod malilib->@Inject::onDisconnectPost(Lnet/minecraft/client/gui/screen/Screen;ZLorg/spongepowered/asm/mixin/injection/callback/CallbackInfo;)V won't be passed a CallbackInfo as a result
[15:48:38] [Render thread/DEBUG] (FabricLoader/Mixin) mixins.malilib.json:MixinMinecraftClient from mod malilib->@Inject::onLeftClickMouse(Lorg/spongepowered/asm/mixin/injection/callback/CallbackInfoReturnable;)V doesn't use it's CallbackInfoReturnable
[15:48:38] [Render thread/DEBUG] (FabricLoader/Mixin) mixins.malilib.json:MixinMinecraftClient from mod malilib->@Inject::onLeftClickMouse(Lorg/spongepowered/asm/mixin/injection/callback/CallbackInfoReturnable;)V has 0 override(s) in child classes
[15:48:38] [Render thread/DEBUG] (FabricLoader/Mixin) mixins.malilib.json:MixinMinecraftClient from mod malilib->@Inject::onLeftClickMouse(Lorg/spongepowered/asm/mixin/injection/callback/CallbackInfoReturnable;)V won't be passed a CallbackInfoReturnable as a result
[15:48:38] [Render thread/DEBUG] (FabricLoader/Mixin) mixins.malilib.json:MixinMinecraftClient from mod malilib->@Inject::onRightClickMouse(Lorg/spongepowered/asm/mixin/injection/callback/CallbackInfo;)V doesn't use it's CallbackInfo
[15:48:38] [Render thread/DEBUG] (FabricLoader/Mixin) mixins.malilib.json:MixinMinecraftClient from mod malilib->@Inject::onRightClickMouse(Lorg/spongepowered/asm/mixin/injection/callback/CallbackInfo;)V has 0 override(s) in child classes
[15:48:38] [Render thread/DEBUG] (FabricLoader/Mixin) mixins.malilib.json:MixinMinecraftClient from mod malilib->@Inject::onRightClickMouse(Lorg/spongepowered/asm/mixin/injection/callback/CallbackInfo;)V won't be passed a CallbackInfo as a result
[15:48:38] [Render thread/DEBUG] (FabricLoader/Mixin) mixins.litematica.json:MixinMinecraftClient from mod litematica->@Inject::handlePlacementRestriction(Lorg/spongepowered/asm/mixin/injection/callback/CallbackInfo;)V does use it's CallbackInfo
[15:48:38] [Render thread/DEBUG] (FabricLoader/Mixin) mixins.litematica.json:MixinMinecraftClient from mod litematica->@Inject::onRunTickStart(Lorg/spongepowered/asm/mixin/injection/callback/CallbackInfo;)V doesn't use it's CallbackInfo
[15:48:38] [Render thread/DEBUG] (FabricLoader/Mixin) mixins.litematica.json:MixinMinecraftClient from mod litematica->@Inject::onRunTickStart(Lorg/spongepowered/asm/mixin/injection/callback/CallbackInfo;)V has 0 override(s) in child classes
[15:48:38] [Render thread/DEBUG] (FabricLoader/Mixin) mixins.litematica.json:MixinMinecraftClient from mod litematica->@Inject::onRunTickStart(Lorg/spongepowered/asm/mixin/injection/callback/CallbackInfo;)V won't be passed a CallbackInfo as a result
[15:48:38] [Render thread/DEBUG] (FabricLoader/Mixin) fabric-events-interaction-v0.client.mixins.json:MinecraftClientMixin from mod fabric-events-interaction-v0->@Inject::injectUseEntityCallback(Lorg/spongepowered/asm/mixin/injection/callback/CallbackInfo;)V does use it's CallbackInfo
[15:48:38] [Render thread/DEBUG] (FabricLoader/Mixin) fabric-events-interaction-v0.client.mixins.json:MinecraftClientMixin from mod fabric-events-interaction-v0->@Inject::injectHandleInputEventsForPreAttackCallback(Lorg/spongepowered/asm/mixin/injection/callback/CallbackInfo;)V doesn't use it's CallbackInfo
[15:48:38] [Render thread/DEBUG] (FabricLoader/Mixin) fabric-events-interaction-v0.client.mixins.json:MinecraftClientMixin from mod fabric-events-interaction-v0->@Inject::injectHandleInputEventsForPreAttackCallback(Lorg/spongepowered/asm/mixin/injection/callback/CallbackInfo;)V has 0 override(s) in child classes
[15:48:38] [Render thread/DEBUG] (FabricLoader/Mixin) fabric-events-interaction-v0.client.mixins.json:MinecraftClientMixin from mod fabric-events-interaction-v0->@Inject::injectHandleInputEventsForPreAttackCallback(Lorg/spongepowered/asm/mixin/injection/callback/CallbackInfo;)V won't be passed a CallbackInfo as a result
[15:48:38] [Render thread/DEBUG] (FabricLoader/Mixin) fabric-events-interaction-v0.client.mixins.json:MinecraftClientMixin from mod fabric-events-interaction-v0->@Inject::injectDoAttackForCancelling(Lorg/spongepowered/asm/mixin/injection/callback/CallbackInfoReturnable;)V does use it's CallbackInfoReturnable
[15:48:38] [Render thread/DEBUG] (FabricLoader/Mixin) fabric-events-interaction-v0.client.mixins.json:MinecraftClientMixin from mod fabric-events-interaction-v0->@Inject::injectHandleBlockBreakingForCancelling(ZLorg/spongepowered/asm/mixin/injection/callback/CallbackInfo;)V does use it's CallbackInfo
[15:48:38] [Render thread/DEBUG] (FabricLoader/Mixin) techutils.mixins.json:containerscan.MinecraftClientMixin from mod techutils->@Inject::onScreen(Lnet/minecraft/client/gui/screen/Screen;Lorg/spongepowered/asm/mixin/injection/callback/CallbackInfo;)V does use it's CallbackInfo
[15:48:38] [Render thread/DEBUG] (FabricLoader/Mixin) fabric-data-generation-api-v1.client.mixins.json:MinecraftClientMixin from mod fabric-data-generation-api-v1->@Inject::main(Lorg/spongepowered/asm/mixin/injection/callback/CallbackInfo;)V doesn't use it's CallbackInfo
[15:48:38] [Render thread/DEBUG] (FabricLoader/Mixin) fabric-data-generation-api-v1.client.mixins.json:MinecraftClientMixin from mod fabric-data-generation-api-v1->@Inject::main(Lorg/spongepowered/asm/mixin/injection/callback/CallbackInfo;)V has 0 override(s) in child classes
[15:48:38] [Render thread/DEBUG] (FabricLoader/Mixin) fabric-data-generation-api-v1.client.mixins.json:MinecraftClientMixin from mod fabric-data-generation-api-v1->@Inject::main(Lorg/spongepowered/asm/mixin/injection/callback/CallbackInfo;)V won't be passed a CallbackInfo as a result
[15:48:38] [Render thread/DEBUG] (FabricLoader/Mixin) fabric-screen-api-v1.mixins.json:MinecraftClientMixin from mod fabric-screen-api-v1->@Inject::checkThreadOnDev(Lnet/minecraft/client/gui/screen/Screen;Lorg/spongepowered/asm/mixin/injection/callback/CallbackInfo;)V doesn't use it's CallbackInfo
[15:48:38] [Render thread/DEBUG] (FabricLoader/Mixin) fabric-screen-api-v1.mixins.json:MinecraftClientMixin from mod fabric-screen-api-v1->@Inject::checkThreadOnDev(Lnet/minecraft/client/gui/screen/Screen;Lorg/spongepowered/asm/mixin/injection/callback/CallbackInfo;)V has 0 override(s) in child classes
[15:48:38] [Render thread/DEBUG] (FabricLoader/Mixin) fabric-screen-api-v1.mixins.json:MinecraftClientMixin from mod fabric-screen-api-v1->@Inject::checkThreadOnDev(Lnet/minecraft/client/gui/screen/Screen;Lorg/spongepowered/asm/mixin/injection/callback/CallbackInfo;)V won't be passed a CallbackInfo as a result
[15:48:38] [Render thread/DEBUG] (FabricLoader/Mixin) fabric-screen-api-v1.mixins.json:MinecraftClientMixin from mod fabric-screen-api-v1->@Inject::onScreenRemove(Lnet/minecraft/client/gui/screen/Screen;Lorg/spongepowered/asm/mixin/injection/callback/CallbackInfo;)V doesn't use it's CallbackInfo
[15:48:38] [Render thread/DEBUG] (FabricLoader/Mixin) fabric-screen-api-v1.mixins.json:MinecraftClientMixin from mod fabric-screen-api-v1->@Inject::onScreenRemove(Lnet/minecraft/client/gui/screen/Screen;Lorg/spongepowered/asm/mixin/injection/callback/CallbackInfo;)V has 0 override(s) in child classes
[15:48:38] [Render thread/DEBUG] (FabricLoader/Mixin) fabric-screen-api-v1.mixins.json:MinecraftClientMixin from mod fabric-screen-api-v1->@Inject::onScreenRemove(Lnet/minecraft/client/gui/screen/Screen;Lorg/spongepowered/asm/mixin/injection/callback/CallbackInfo;)V won't be passed a CallbackInfo as a result
[15:48:38] [Render thread/DEBUG] (FabricLoader/Mixin) fabric-screen-api-v1.mixins.json:MinecraftClientMixin from mod fabric-screen-api-v1->@Inject::onScreenRemoveBecauseStopping(Lorg/spongepowered/asm/mixin/injection/callback/CallbackInfo;)V doesn't use it's CallbackInfo
[15:48:38] [Render thread/DEBUG] (FabricLoader/Mixin) fabric-screen-api-v1.mixins.json:MinecraftClientMixin from mod fabric-screen-api-v1->@Inject::onScreenRemoveBecauseStopping(Lorg/spongepowered/asm/mixin/injection/callback/CallbackInfo;)V has 0 override(s) in child classes
[15:48:38] [Render thread/DEBUG] (FabricLoader/Mixin) fabric-screen-api-v1.mixins.json:MinecraftClientMixin from mod fabric-screen-api-v1->@Inject::onScreenRemoveBecauseStopping(Lorg/spongepowered/asm/mixin/injection/callback/CallbackInfo;)V won't be passed a CallbackInfo as a result
[15:48:38] [Render thread/DEBUG] (FabricLoader/Mixin) fabric-screen-api-v1.mixins.json:MinecraftClientMixin from mod fabric-screen-api-v1->@Inject::beforeScreenTick(Lorg/spongepowered/asm/mixin/injection/callback/CallbackInfo;)V doesn't use it's CallbackInfo
[15:48:38] [Render thread/DEBUG] (FabricLoader/Mixin) fabric-screen-api-v1.mixins.json:MinecraftClientMixin from mod fabric-screen-api-v1->@Inject::beforeScreenTick(Lorg/spongepowered/asm/mixin/injection/callback/CallbackInfo;)V has 0 override(s) in child classes
[15:48:38] [Render thread/DEBUG] (FabricLoader/Mixin) fabric-screen-api-v1.mixins.json:MinecraftClientMixin from mod fabric-screen-api-v1->@Inject::beforeScreenTick(Lorg/spongepowered/asm/mixin/injection/callback/CallbackInfo;)V won't be passed a CallbackInfo as a result
[15:48:38] [Render thread/DEBUG] (FabricLoader/Mixin) fabric-screen-api-v1.mixins.json:MinecraftClientMixin from mod fabric-screen-api-v1->@Inject::afterScreenTick(Lorg/spongepowered/asm/mixin/injection/callback/CallbackInfo;)V doesn't use it's CallbackInfo
[15:48:38] [Render thread/DEBUG] (FabricLoader/Mixin) fabric-screen-api-v1.mixins.json:MinecraftClientMixin from mod fabric-screen-api-v1->@Inject::afterScreenTick(Lorg/spongepowered/asm/mixin/injection/callback/CallbackInfo;)V has 0 override(s) in child classes
[15:48:38] [Render thread/DEBUG] (FabricLoader/Mixin) fabric-screen-api-v1.mixins.json:MinecraftClientMixin from mod fabric-screen-api-v1->@Inject::afterScreenTick(Lorg/spongepowered/asm/mixin/injection/callback/CallbackInfo;)V won't be passed a CallbackInfo as a result
[15:48:38] [Render thread/DEBUG] (FabricLoader/Mixin) fabric-screen-api-v1.mixins.json:MinecraftClientMixin from mod fabric-screen-api-v1->@Inject::beforeLoadingScreenTick(Lorg/spongepowered/asm/mixin/injection/callback/CallbackInfo;)V doesn't use it's CallbackInfo
[15:48:38] [Render thread/DEBUG] (FabricLoader/Mixin) fabric-screen-api-v1.mixins.json:MinecraftClientMixin from mod fabric-screen-api-v1->@Inject::beforeLoadingScreenTick(Lorg/spongepowered/asm/mixin/injection/callback/CallbackInfo;)V has 0 override(s) in child classes
[15:48:38] [Render thread/DEBUG] (FabricLoader/Mixin) fabric-screen-api-v1.mixins.json:MinecraftClientMixin from mod fabric-screen-api-v1->@Inject::beforeLoadingScreenTick(Lorg/spongepowered/asm/mixin/injection/callback/CallbackInfo;)V won't be passed a CallbackInfo as a result
[15:48:38] [Render thread/DEBUG] (FabricLoader/Mixin) fabric-screen-api-v1.mixins.json:MinecraftClientMixin from mod fabric-screen-api-v1->@Inject::afterLoadingScreenTick(Lorg/spongepowered/asm/mixin/injection/callback/CallbackInfo;)V doesn't use it's CallbackInfo
[15:48:38] [Render thread/DEBUG] (FabricLoader/Mixin) fabric-screen-api-v1.mixins.json:MinecraftClientMixin from mod fabric-screen-api-v1->@Inject::afterLoadingScreenTick(Lorg/spongepowered/asm/mixin/injection/callback/CallbackInfo;)V has 0 override(s) in child classes
[15:48:38] [Render thread/DEBUG] (FabricLoader/Mixin) fabric-screen-api-v1.mixins.json:MinecraftClientMixin from mod fabric-screen-api-v1->@Inject::afterLoadingScreenTick(Lorg/spongepowered/asm/mixin/injection/callback/CallbackInfo;)V won't be passed a CallbackInfo as a result
[15:48:38] [Render thread/DEBUG] (FabricLoader/Mixin) Mixing screen.MixinChatScreen from mixins.malilib.json into net.minecraft.client.gui.screen.ChatScreen
[15:48:38] [Render thread/DEBUG] (FabricLoader/Mixin) mixins.malilib.json:screen.MixinChatScreen from mod malilib->@Inject::malilib_onSendChatMessage(Ljava/lang/String;ZLorg/spongepowered/asm/mixin/injection/callback/CallbackInfo;)V does use it's CallbackInfo
[15:48:38] [Render thread/DEBUG] (FabricLoader/Mixin) Mixing screen.MixinInventoryScreen from mixins.malilib.json into net.minecraft.client.gui.screen.ingame.InventoryScreen
[15:48:38] [Render thread/DEBUG] (FabricLoader/Mixin) mixins.malilib.json:screen.MixinInventoryScreen from mod malilib->@Inject::malilib_onPostInventoryStatusEffects(Lnet/minecraft/client/gui/DrawContext;IIFLorg/spongepowered/asm/mixin/injection/callback/CallbackInfo;)V doesn't use it's CallbackInfo
[15:48:38] [Render thread/DEBUG] (FabricLoader/Mixin) mixins.malilib.json:screen.MixinInventoryScreen from mod malilib->@Inject::malilib_onPostInventoryStatusEffects(Lnet/minecraft/client/gui/DrawContext;IIFLorg/spongepowered/asm/mixin/injection/callback/CallbackInfo;)V has 0 override(s) in child classes
[15:48:38] [Render thread/DEBUG] (FabricLoader/Mixin) mixins.malilib.json:screen.MixinInventoryScreen from mod malilib->@Inject::malilib_onPostInventoryStatusEffects(Lnet/minecraft/client/gui/DrawContext;IIFLorg/spongepowered/asm/mixin/injection/callback/CallbackInfo;)V won't be passed a CallbackInfo as a result
[15:48:38] [Render thread/DEBUG] (FabricLoader/Mixin) Mixing HandledScreenMixin from tweakerxihe.client.mixins.json into net.minecraft.client.gui.screen.ingame.HandledScreen
[15:48:38] [Render thread/DEBUG] (FabricLoader/Mixin) tweakerxihe.client.mixins.json:HandledScreenMixin from mod tweakerxihe: Class version 65 required is higher than the class version supported by the current version of Mixin (JAVA_17 supports class version 61)
[15:48:38] [Render thread/DEBUG] (FabricLoader/Mixin) Mixing screen.IMixinHandledScreen from mixins.malilib.json into net.minecraft.client.gui.screen.ingame.HandledScreen
[15:48:38] [Render thread/DEBUG] (FabricLoader/Mixin) Mixing screen.MixinHandledScreen from mixins.malilib.json into net.minecraft.client.gui.screen.ingame.HandledScreen
[15:48:38] [Render thread/DEBUG] (FabricLoader/Mixin) Mixing screen.IMixinHandledScreen from mixins.litematica.json into net.minecraft.client.gui.screen.ingame.HandledScreen
[15:48:38] [Render thread/DEBUG] (FabricLoader/Mixin) Mixing screen.MixinHandledScreen from mixins.litematica.json into net.minecraft.client.gui.screen.ingame.HandledScreen
[15:48:38] [Render thread/DEBUG] (FabricLoader/Mixin) Mixing containerscan.HandledScreenMixin from techutils.mixins.json into net.minecraft.client.gui.screen.ingame.HandledScreen
[15:48:38] [Render thread/DEBUG] (FabricLoader/Mixin) Mixing HandledScreenMixin from fabric-screen-api-v1.mixins.json into net.minecraft.client.gui.screen.ingame.HandledScreen
[15:48:38] [Render thread/DEBUG] (FabricLoader/Mixin) tweakerxihe.client.mixins.json:HandledScreenMixin from mod tweakerxihe->@Inject::onDrawSlot(Lnet/minecraft/client/gui/DrawContext;Lnet/minecraft/screen/slot/Slot;Lorg/spongepowered/asm/mixin/injection/callback/CallbackInfo;)V doesn't use it's CallbackInfo
[15:48:38] [Render thread/DEBUG] (FabricLoader/Mixin) tweakerxihe.client.mixins.json:HandledScreenMixin from mod tweakerxihe->@Inject::onDrawSlot(Lnet/minecraft/client/gui/DrawContext;Lnet/minecraft/screen/slot/Slot;Lorg/spongepowered/asm/mixin/injection/callback/CallbackInfo;)V has 0 override(s) in child classes
[15:48:38] [Render thread/DEBUG] (FabricLoader/Mixin) tweakerxihe.client.mixins.json:HandledScreenMixin from mod tweakerxihe->@Inject::onDrawSlot(Lnet/minecraft/client/gui/DrawContext;Lnet/minecraft/screen/slot/Slot;Lorg/spongepowered/asm/mixin/injection/callback/CallbackInfo;)V won't be passed a CallbackInfo as a result
[15:48:38] [Render thread/DEBUG] (FabricLoader/Mixin) mixins.malilib.json:screen.MixinHandledScreen from mod malilib->@Inject::malilib_onRenderMouseoverTooltip(Lnet/minecraft/client/gui/DrawContext;IILorg/spongepowered/asm/mixin/injection/callback/CallbackInfo;)V doesn't use it's CallbackInfo
[15:48:38] [Render thread/DEBUG] (FabricLoader/Mixin) mixins.malilib.json:screen.MixinHandledScreen from mod malilib->@Inject::malilib_onRenderMouseoverTooltip(Lnet/minecraft/client/gui/DrawContext;IILorg/spongepowered/asm/mixin/injection/callback/CallbackInfo;)V has 0 override(s) in child classes
[15:48:38] [Render thread/DEBUG] (FabricLoader/Mixin) mixins.malilib.json:screen.MixinHandledScreen from mod malilib->@Inject::malilib_onRenderMouseoverTooltip(Lnet/minecraft/client/gui/DrawContext;IILorg/spongepowered/asm/mixin/injection/callback/CallbackInfo;)V won't be passed a CallbackInfo as a result
[15:48:38] [Render thread/DEBUG] (FabricLoader/Mixin) mixins.litematica.json:screen.MixinHandledScreen from mod litematica->@Inject::litematica_renderSlotHighlightsPre(Lnet/minecraft/client/gui/DrawContext;IIFLorg/spongepowered/asm/mixin/injection/callback/CallbackInfo;)V doesn't use it's CallbackInfo
[15:48:38] [Render thread/DEBUG] (FabricLoader/Mixin) mixins.litematica.json:screen.MixinHandledScreen from mod litematica->@Inject::litematica_renderSlotHighlightsPre(Lnet/minecraft/client/gui/DrawContext;IIFLorg/spongepowered/asm/mixin/injection/callback/CallbackInfo;)V has 0 override(s) in child classes
[15:48:38] [Render thread/DEBUG] (FabricLoader/Mixin) mixins.litematica.json:screen.MixinHandledScreen from mod litematica->@Inject::litematica_renderSlotHighlightsPre(Lnet/minecraft/client/gui/DrawContext;IIFLorg/spongepowered/asm/mixin/injection/callback/CallbackInfo;)V won't be passed a CallbackInfo as a result
[15:48:38] [Render thread/DEBUG] (FabricLoader/Mixin) mixins.litematica.json:screen.MixinHandledScreen from mod litematica->@Inject::litematica_renderSlotHighlightsPost(Lnet/minecraft/client/gui/DrawContext;IIFLorg/spongepowered/asm/mixin/injection/callback/CallbackInfo;)V doesn't use it's CallbackInfo
[15:48:38] [Render thread/DEBUG] (FabricLoader/Mixin) mixins.litematica.json:screen.MixinHandledScreen from mod litematica->@Inject::litematica_renderSlotHighlightsPost(Lnet/minecraft/client/gui/DrawContext;IIFLorg/spongepowered/asm/mixin/injection/callback/CallbackInfo;)V has 0 override(s) in child classes
[15:48:38] [Render thread/DEBUG] (FabricLoader/Mixin) mixins.litematica.json:screen.MixinHandledScreen from mod litematica->@Inject::litematica_renderSlotHighlightsPost(Lnet/minecraft/client/gui/DrawContext;IIFLorg/spongepowered/asm/mixin/injection/callback/CallbackInfo;)V won't be passed a CallbackInfo as a result
[15:48:38] [Render thread/DEBUG] (FabricLoader/Mixin) techutils.mixins.json:containerscan.HandledScreenMixin from mod techutils->@Inject::finalizeDraw(Lorg/spongepowered/asm/mixin/injection/callback/CallbackInfo;)V doesn't use it's CallbackInfo
[15:48:38] [Render thread/DEBUG] (FabricLoader/Mixin) techutils.mixins.json:containerscan.HandledScreenMixin from mod techutils->@Inject::finalizeDraw(Lorg/spongepowered/asm/mixin/injection/callback/CallbackInfo;)V has 0 override(s) in child classes
[15:48:38] [Render thread/DEBUG] (FabricLoader/Mixin) techutils.mixins.json:containerscan.HandledScreenMixin from mod techutils->@Inject::finalizeDraw(Lorg/spongepowered/asm/mixin/injection/callback/CallbackInfo;)V won't be passed a CallbackInfo as a result
[15:48:38] [Render thread/DEBUG] (FabricLoader/Mixin) techutils.mixins.json:containerscan.HandledScreenMixin from mod techutils->@Inject::finalizeDraw(Lorg/spongepowered/asm/mixin/injection/callback/CallbackInfo;)V doesn't use it's CallbackInfo
[15:48:38] [Render thread/DEBUG] (FabricLoader/Mixin) techutils.mixins.json:containerscan.HandledScreenMixin from mod techutils->@Inject::finalizeDraw(Lorg/spongepowered/asm/mixin/injection/callback/CallbackInfo;)V has 0 override(s) in child classes
[15:48:38] [Render thread/DEBUG] (FabricLoader/Mixin) techutils.mixins.json:containerscan.HandledScreenMixin from mod techutils->@Inject::finalizeDraw(Lorg/spongepowered/asm/mixin/injection/callback/CallbackInfo;)V won't be passed a CallbackInfo as a result
[15:48:38] [Render thread/DEBUG] (FabricLoader/Mixin) techutils.mixins.json:containerscan.HandledScreenMixin from mod techutils->@Inject::trySetFocusedSlotBackToPrev(Lorg/spongepowered/asm/mixin/injection/callback/CallbackInfo;)V doesn't use it's CallbackInfo
[15:48:38] [Render thread/DEBUG] (FabricLoader/Mixin) techutils.mixins.json:containerscan.HandledScreenMixin from mod techutils->@Inject::trySetFocusedSlotBackToPrev(Lorg/spongepowered/asm/mixin/injection/callback/CallbackInfo;)V has 0 override(s) in child classes
[15:48:38] [Render thread/DEBUG] (FabricLoader/Mixin) techutils.mixins.json:containerscan.HandledScreenMixin from mod techutils->@Inject::trySetFocusedSlotBackToPrev(Lorg/spongepowered/asm/mixin/injection/callback/CallbackInfo;)V won't be passed a CallbackInfo as a result
[15:48:38] [Render thread/DEBUG] (FabricLoader/Mixin) fabric-screen-api-v1.mixins.json:HandledScreenMixin from mod fabric-screen-api-v1->@Inject::callSuperMouseReleased(DDILorg/spongepowered/asm/mixin/injection/callback/CallbackInfoReturnable;)V does use it's CallbackInfoReturnable
[15:48:38] [Render thread/DEBUG] (FabricLoader/Mixin) fabric-screen-api-v1.mixins.json:HandledScreenMixin from mod fabric-screen-api-v1->@Inject::callSuperMouseReleased(DDIDDLorg/spongepowered/asm/mixin/injection/callback/CallbackInfoReturnable;)V does use it's CallbackInfoReturnable
[15:48:38] [Render thread/DEBUG] (FabricLoader/Mixin) Mixing VanillaResourcePackProviderMixin from fabric-resource-loader-v0.client.mixins.json into net.minecraft.resource.VanillaResourcePackProvider
[15:48:38] [Render thread/DEBUG] (FabricLoader/Mixin) fabric-resource-loader-v0.client.mixins.json:VanillaResourcePackProviderMixin from mod fabric-resource-loader-v0->@Inject::addBuiltinResourcePacks(Ljava/util/function/Consumer;Lorg/spongepowered/asm/mixin/injection/callback/CallbackInfo;)V doesn't use it's CallbackInfo
[15:48:38] [Render thread/DEBUG] (FabricLoader/Mixin) fabric-resource-loader-v0.client.mixins.json:VanillaResourcePackProviderMixin from mod fabric-resource-loader-v0->@Inject::addBuiltinResourcePacks(Ljava/util/function/Consumer;Lorg/spongepowered/asm/mixin/injection/callback/CallbackInfo;)V has 0 override(s) in child classes
[15:48:38] [Render thread/DEBUG] (FabricLoader/Mixin) fabric-resource-loader-v0.client.mixins.json:VanillaResourcePackProviderMixin from mod fabric-resource-loader-v0->@Inject::addBuiltinResourcePacks(Ljava/util/function/Consumer;Lorg/spongepowered/asm/mixin/injection/callback/CallbackInfo;)V won't be passed a CallbackInfo as a result
[15:48:38] [Render thread/ERROR] (net.minecraft.client.resource.ResourceIndex) Can't open the resource index file: D:\Program Files\gradle-8.9\caches\fabric-loom\assets\indexes\1.21.7-26.json
[15:48:39] [Render thread/DEBUG] (FabricLoader/Mixin) Mixing ResourcePackManagerMixin from fabric-resource-loader-v0.mixins.json into net.minecraft.resource.ResourcePackManager
[15:48:39] [Render thread/DEBUG] (FabricLoader/Mixin) Renaming synthetic method lambda$handleAutoDisable$0(Ljava/util/Set;Lnet/minecraft/resource/ResourcePackProfile;)Z to mdbcad25$fabric-resource-loader-v0$lambda$handleAutoDisable$0$0 in fabric-resource-loader-v0.mixins.json:ResourcePackManagerMixin from mod fabric-resource-loader-v0
[15:48:39] [Render thread/DEBUG] (FabricLoader/Mixin) fabric-resource-loader-v0.mixins.json:ResourcePackManagerMixin from mod fabric-resource-loader-v0->@Inject::construct([Lnet/minecraft/resource/ResourcePackProvider;Lorg/spongepowered/asm/mixin/injection/callback/CallbackInfo;)V doesn't use it's CallbackInfo
[15:48:39] [Render thread/DEBUG] (FabricLoader/Mixin) fabric-resource-loader-v0.mixins.json:ResourcePackManagerMixin from mod fabric-resource-loader-v0->@Inject::construct([Lnet/minecraft/resource/ResourcePackProvider;Lorg/spongepowered/asm/mixin/injection/callback/CallbackInfo;)V has 0 override(s) in child classes
[15:48:39] [Render thread/DEBUG] (FabricLoader/Mixin) fabric-resource-loader-v0.mixins.json:ResourcePackManagerMixin from mod fabric-resource-loader-v0->@Inject::construct([Lnet/minecraft/resource/ResourcePackProvider;Lorg/spongepowered/asm/mixin/injection/callback/CallbackInfo;)V won't be passed a CallbackInfo as a result
[15:48:39] [Render thread/DEBUG] (FabricLoader/Mixin) fabric-resource-loader-v0.mixins.json:ResourcePackManagerMixin from mod fabric-resource-loader-v0->@Inject::handleAutoEnableDisable(Ljava/util/Collection;Lorg/spongepowered/asm/mixin/injection/callback/CallbackInfoReturnable;)V doesn't use it's CallbackInfoReturnable
[15:48:39] [Render thread/DEBUG] (FabricLoader/Mixin) fabric-resource-loader-v0.mixins.json:ResourcePackManagerMixin from mod fabric-resource-loader-v0->@Inject::handleAutoEnableDisable(Ljava/util/Collection;Lorg/spongepowered/asm/mixin/injection/callback/CallbackInfoReturnable;)V has 0 override(s) in child classes
[15:48:39] [Render thread/DEBUG] (FabricLoader/Mixin) fabric-resource-loader-v0.mixins.json:ResourcePackManagerMixin from mod fabric-resource-loader-v0->@Inject::handleAutoEnableDisable(Ljava/util/Collection;Lorg/spongepowered/asm/mixin/injection/callback/CallbackInfoReturnable;)V won't be passed a CallbackInfoReturnable as a result
[15:48:39] [Render thread/DEBUG] (FabricLoader/Mixin) fabric-resource-loader-v0.mixins.json:ResourcePackManagerMixin from mod fabric-resource-loader-v0->@Inject::handleAutoEnable(Ljava/lang/String;Lorg/spongepowered/asm/mixin/injection/callback/CallbackInfoReturnable;)V doesn't use it's CallbackInfoReturnable
[15:48:39] [Render thread/DEBUG] (FabricLoader/Mixin) fabric-resource-loader-v0.mixins.json:ResourcePackManagerMixin from mod fabric-resource-loader-v0->@Inject::handleAutoEnable(Ljava/lang/String;Lorg/spongepowered/asm/mixin/injection/callback/CallbackInfoReturnable;)V has 0 override(s) in child classes
[15:48:39] [Render thread/DEBUG] (FabricLoader/Mixin) fabric-resource-loader-v0.mixins.json:ResourcePackManagerMixin from mod fabric-resource-loader-v0->@Inject::handleAutoEnable(Ljava/lang/String;Lorg/spongepowered/asm/mixin/injection/callback/CallbackInfoReturnable;)V won't be passed a CallbackInfoReturnable as a result
[15:48:39] [Render thread/DEBUG] (FabricLoader/Mixin) fabric-resource-loader-v0.mixins.json:ResourcePackManagerMixin from mod fabric-resource-loader-v0->@Inject::handleAutoDisable(Ljava/lang/String;Lorg/spongepowered/asm/mixin/injection/callback/CallbackInfoReturnable;)V doesn't use it's CallbackInfoReturnable
[15:48:39] [Render thread/DEBUG] (FabricLoader/Mixin) fabric-resource-loader-v0.mixins.json:ResourcePackManagerMixin from mod fabric-resource-loader-v0->@Inject::handleAutoDisable(Ljava/lang/String;Lorg/spongepowered/asm/mixin/injection/callback/CallbackInfoReturnable;)V has 0 override(s) in child classes
[15:48:39] [Render thread/DEBUG] (FabricLoader/Mixin) fabric-resource-loader-v0.mixins.json:ResourcePackManagerMixin from mod fabric-resource-loader-v0->@Inject::handleAutoDisable(Ljava/lang/String;Lorg/spongepowered/asm/mixin/injection/callback/CallbackInfoReturnable;)V won't be passed a CallbackInfoReturnable as a result
[15:48:39] [Render thread/INFO] (com.mojang.authlib.yggdrasil.YggdrasilAuthenticationService) Environment: Environment[sessionHost=https://sessionserver.mojang.com, servicesHost=https://api.minecraftservices.com, name=PROD]
[15:48:39] [Yggdrasil Key Fetcher/DEBUG] (com.mojang.authlib.minecraft.client.MinecraftClient) Connecting to https://api.minecraftservices.com/publickeys
[15:48:39] [Download-1/DEBUG] (com.mojang.authlib.minecraft.client.MinecraftClient) Connecting to https://sessionserver.mojang.com/session/minecraft/profile/b82821b387263f56a04679edba0ca58e?unsigned=false
[15:48:39] [Render thread/INFO] (net.minecraft.client.MinecraftClient) Setting user: Player885
[15:48:39] [Render thread/DEBUG] (FabricLoader/Entrypoint) Iterating over entrypoint 'main'
[15:48:39] [Render thread/DEBUG] (FabricLoader/Mixin) Mixing LootTableBuilderMixin from fabric-loot-api-v2.mixins.json into net.minecraft.loot.LootTable$Builder
[15:48:39] [Render thread/DEBUG] (FabricLoader/Mixin) Mixing LootTableBuilderMixin from fabric-loot-api-v3.mixins.json into net.minecraft.loot.LootTable$Builder
[15:48:39] [Render thread/DEBUG] (FabricLoader/Mixin) Mixing ServerConfigurationNetworkHandlerMixin from fabric-networking-api-v1.mixins.json into net.minecraft.server.network.ServerConfigurationNetworkHandler
[15:48:39] [Render thread/DEBUG] (FabricLoader/Mixin) Renaming synthetic method lambda$bindChannelInfo$0(Lnet/minecraft/network/RegistryByteBuf;)Lnet/minecraft/network/RegistryByteBuf; to mdbcad25$fabric-networking-api-v1$lambda$bindChannelInfo$0$0 in fabric-networking-api-v1.mixins.json:ServerConfigurationNetworkHandlerMixin from mod fabric-networking-api-v1
[15:48:39] [Render thread/DEBUG] (FabricLoader/Mixin) Mixing ServerConfigurationNetworkHandlerMixin from fabric-resource-loader-v0.mixins.json into net.minecraft.server.network.ServerConfigurationNetworkHandler
[15:48:39] [Render thread/DEBUG] (FabricLoader/Mixin) fabric-networking-api-v1.mixins.json:ServerConfigurationNetworkHandlerMixin from mod fabric-networking-api-v1->@Inject::initAddon(Lorg/spongepowered/asm/mixin/injection/callback/CallbackInfo;)V doesn't use it's CallbackInfo
[15:48:39] [Render thread/DEBUG] (FabricLoader/Mixin) fabric-networking-api-v1.mixins.json:ServerConfigurationNetworkHandlerMixin from mod fabric-networking-api-v1->@Inject::initAddon(Lorg/spongepowered/asm/mixin/injection/callback/CallbackInfo;)V has 0 override(s) in child classes
[15:48:39] [Render thread/DEBUG] (FabricLoader/Mixin) fabric-networking-api-v1.mixins.json:ServerConfigurationNetworkHandlerMixin from mod fabric-networking-api-v1->@Inject::initAddon(Lorg/spongepowered/asm/mixin/injection/callback/CallbackInfo;)V won't be passed a CallbackInfo as a result
[15:48:39] [Render thread/DEBUG] (FabricLoader/Mixin) fabric-networking-api-v1.mixins.json:ServerConfigurationNetworkHandlerMixin from mod fabric-networking-api-v1->@Inject::onClientReady(Lorg/spongepowered/asm/mixin/injection/callback/CallbackInfo;)V does use it's CallbackInfo
[15:48:39] [Render thread/DEBUG] (FabricLoader/Mixin) Mixing ServerCommonNetworkHandlerMixin from fabric-networking-api-v1.mixins.json into net.minecraft.server.network.ServerCommonNetworkHandler
[15:48:39] [Render thread/DEBUG] (FabricLoader/Mixin) Mixing accessor.ServerCommonNetworkHandlerAccessor from fabric-networking-api-v1.mixins.json into net.minecraft.server.network.ServerCommonNetworkHandler
[15:48:39] [Render thread/DEBUG] (FabricLoader/Mixin) fabric-networking-api-v1.mixins.json:ServerCommonNetworkHandlerMixin from mod fabric-networking-api-v1->@Inject::handleCustomPayloadReceivedAsync(Lnet/minecraft/network/packet/c2s/common/CustomPayloadC2SPacket;Lorg/spongepowered/asm/mixin/injection/callback/CallbackInfo;)V does use it's CallbackInfo
[15:48:39] [Render thread/DEBUG] (FabricLoader/Mixin) fabric-networking-api-v1.mixins.json:ServerCommonNetworkHandlerMixin from mod fabric-networking-api-v1->@Inject::onPlayPong(Lnet/minecraft/network/packet/c2s/common/CommonPongC2SPacket;Lorg/spongepowered/asm/mixin/injection/callback/CallbackInfo;)V doesn't use it's CallbackInfo
[15:48:39] [Render thread/DEBUG] (FabricLoader/Mixin) fabric-networking-api-v1.mixins.json:ServerCommonNetworkHandlerMixin from mod fabric-networking-api-v1->@Inject::onPlayPong(Lnet/minecraft/network/packet/c2s/common/CommonPongC2SPacket;Lorg/spongepowered/asm/mixin/injection/callback/CallbackInfo;)V has 0 override(s) in child classes
[15:48:39] [Render thread/DEBUG] (FabricLoader/Mixin) fabric-networking-api-v1.mixins.json:ServerCommonNetworkHandlerMixin from mod fabric-networking-api-v1->@Inject::onPlayPong(Lnet/minecraft/network/packet/c2s/common/CommonPongC2SPacket;Lorg/spongepowered/asm/mixin/injection/callback/CallbackInfo;)V won't be passed a CallbackInfo as a result
[15:48:39] [Render thread/DEBUG] (FabricLoader/Mixin) Mixing CustomPayloadC2SPacketMixin from fabric-networking-api-v1.mixins.json into net.minecraft.network.packet.c2s.common.CustomPayloadC2SPacket
[15:48:39] [Render thread/DEBUG] (FabricLoader/Mixin) Renaming synthetic method lambda$wrapCodec$0(Lnet/minecraft/network/PacketByteBuf;Lnet/minecraft/util/Identifier;)Lnet/minecraft/network/packet/CustomPayload$Type; to mdbcad25$fabric-networking-api-v1$lambda$wrapCodec$0$0 in fabric-networking-api-v1.mixins.json:CustomPayloadC2SPacketMixin from mod fabric-networking-api-v1
[15:48:39] [Render thread/DEBUG] (FabricLoader/Mixin) Mixing CustomPayloadC2SPacketAccessor from fabric-data-attachment-api-v1.mixins.json into net.minecraft.network.packet.c2s.common.CustomPayloadC2SPacket
[15:48:39] [Render thread/DEBUG] (FabricLoader/Mixin) Mixing CustomPayloadPacketCodecMixin from fabric-networking-api-v1.mixins.json into net.minecraft.network.packet.CustomPayload$1
[15:48:39] [Render thread/DEBUG] (FabricLoader/Mixin) Mixing ServerPlayNetworkHandlerMixin from fabric-networking-api-v1.mixins.json into net.minecraft.server.network.ServerPlayNetworkHandler
[15:48:39] [Render thread/DEBUG] (FabricLoader/Mixin) Mixing ServerPlayNetworkHandlerMixin from fabric-events-interaction-v0.mixins.json into net.minecraft.server.network.ServerPlayNetworkHandler
[15:48:39] [Render thread/DEBUG] (FabricLoader/Mixin) Mixing network.MixinServerPlayNetworkHandler from mixins.litematica.json into net.minecraft.server.network.ServerPlayNetworkHandler
[15:48:39] [Render thread/DEBUG] (FabricLoader/Mixin) fabric-networking-api-v1.mixins.json:ServerPlayNetworkHandlerMixin from mod fabric-networking-api-v1->@Inject::initAddon(Lorg/spongepowered/asm/mixin/injection/callback/CallbackInfo;)V doesn't use it's CallbackInfo
[15:48:39] [Render thread/DEBUG] (FabricLoader/Mixin) fabric-networking-api-v1.mixins.json:ServerPlayNetworkHandlerMixin from mod fabric-networking-api-v1->@Inject::initAddon(Lorg/spongepowered/asm/mixin/injection/callback/CallbackInfo;)V has 0 override(s) in child classes
[15:48:39] [Render thread/DEBUG] (FabricLoader/Mixin) fabric-networking-api-v1.mixins.json:ServerPlayNetworkHandlerMixin from mod fabric-networking-api-v1->@Inject::initAddon(Lorg/spongepowered/asm/mixin/injection/callback/CallbackInfo;)V won't be passed a CallbackInfo as a result
[15:48:39] [Render thread/DEBUG] (FabricLoader/Mixin) fabric-networking-api-v1.mixins.json:ServerPlayNetworkHandlerMixin from mod fabric-networking-api-v1->@Inject::handleCustomPayloadReceivedAsync(Lnet/minecraft/network/packet/c2s/common/CustomPayloadC2SPacket;Lorg/spongepowered/asm/mixin/injection/callback/CallbackInfo;)V does use it's CallbackInfo
[15:48:39] [Render thread/DEBUG] (FabricLoader/Mixin) Mixing ResourceFinderAccessor from fabric-resource-conditions-api-v1.mixins.json into net.minecraft.resource.ResourceFinder
[15:48:39] [Render thread/DEBUG] (FabricLoader/Mixin) Mixing ResourceFinderAccessor from fabric-loot-api-v3.mixins.json into net.minecraft.resource.ResourceFinder
[15:48:39] [Render thread/DEBUG] (FabricLoader/Mixin) Unexpected: Registered method getDirectoryName()Ljava/lang/String; in net.minecraft.resource.ResourceFinder was not merged
[15:48:39] [Render thread/INFO] (com.chocohead.mm.MM) Definitely not up to no good
[15:48:39] [Render thread/DEBUG] (FabricLoader/Entrypoint) Iterating over entrypoint 'client'
[15:48:39] [Render thread/DEBUG] (FabricLoader/Mixin) Mixing ClientPlayNetworkHandlerMixin from fabric-message-api-v1.client.mixins.json into net.minecraft.client.network.ClientPlayNetworkHandler
[15:48:39] [Render thread/DEBUG] (FabricLoader/Mixin) Mixing ClientPlayNetworkHandlerMixin from fabric-networking-api-v1.client.mixins.json into net.minecraft.client.network.ClientPlayNetworkHandler
[15:48:39] [Render thread/DEBUG] (FabricLoader/Mixin) Mixing ClientPlayNetworkHandlerMixin from fabric-lifecycle-events-v1.client.mixins.json into net.minecraft.client.network.ClientPlayNetworkHandler
[15:48:39] [Render thread/DEBUG] (FabricLoader/Mixin) Mixing ClientPlayNetworkHandlerMixin from fabric-data-attachment-api-v1.client.mixins.json into net.minecraft.client.network.ClientPlayNetworkHandler
[15:48:39] [Render thread/DEBUG] (FabricLoader/Mixin) Mixing ClientPlayNetworkHandlerMixin from fabric-command-api-v2.client.mixins.json into net.minecraft.client.network.ClientPlayNetworkHandler
[15:48:39] [Render thread/DEBUG] (FabricLoader/Mixin) Mixing network.MixinClientPlayNetworkHandler from mixins.malilib.json into net.minecraft.client.network.ClientPlayNetworkHandler
[15:48:39] [Render thread/DEBUG] (FabricLoader/Mixin) Mixing network.MixinClientPlayNetworkHandler from mixins.litematica.json into net.minecraft.client.network.ClientPlayNetworkHandler
[15:48:39] [Render thread/DEBUG] (FabricLoader/Mixin) Mixing worldeditsync.ClientPlayNetworkHandlerMixin from techutils.mixins.json into net.minecraft.client.network.ClientPlayNetworkHandler
[15:48:39] [Render thread/DEBUG] (FabricLoader/Mixin) Renaming synthetic method lambda$registerWorldEdit$0(Ldev/kikugie/techutils/feature/worldedit/WorldEditSync;)V to mdbcad25$techutils$lambda$registerWorldEdit$0$0 in techutils.mixins.json:worldeditsync.ClientPlayNetworkHandlerMixin from mod techutils
[15:48:39] [Render thread/DEBUG] (FabricLoader/Mixin) fabric-message-api-v1.client.mixins.json:ClientPlayNetworkHandlerMixin from mod fabric-message-api-v1->@Inject::fabric_allowSendChatMessage(Ljava/lang/String;Lorg/spongepowered/asm/mixin/injection/callback/CallbackInfo;)V does use it's CallbackInfo
[15:48:39] [Render thread/DEBUG] (FabricLoader/Mixin) fabric-message-api-v1.client.mixins.json:ClientPlayNetworkHandlerMixin from mod fabric-message-api-v1->@Inject::fabric_allowSendCommandMessage(Ljava/lang/String;Lorg/spongepowered/asm/mixin/injection/callback/CallbackInfo;)V does use it's CallbackInfo
[15:48:39] [Render thread/DEBUG] (FabricLoader/Mixin) fabric-networking-api-v1.client.mixins.json:ClientPlayNetworkHandlerMixin from mod fabric-networking-api-v1->@Inject::initAddon(Lorg/spongepowered/asm/mixin/injection/callback/CallbackInfo;)V doesn't use it's CallbackInfo
[15:48:39] [Render thread/DEBUG] (FabricLoader/Mixin) fabric-networking-api-v1.client.mixins.json:ClientPlayNetworkHandlerMixin from mod fabric-networking-api-v1->@Inject::initAddon(Lorg/spongepowered/asm/mixin/injection/callback/CallbackInfo;)V has 0 override(s) in child classes
[15:48:39] [Render thread/DEBUG] (FabricLoader/Mixin) fabric-networking-api-v1.client.mixins.json:ClientPlayNetworkHandlerMixin from mod fabric-networking-api-v1->@Inject::initAddon(Lorg/spongepowered/asm/mixin/injection/callback/CallbackInfo;)V won't be passed a CallbackInfo as a result
[15:48:39] [Render thread/DEBUG] (FabricLoader/Mixin) fabric-networking-api-v1.client.mixins.json:ClientPlayNetworkHandlerMixin from mod fabric-networking-api-v1->@Inject::handleServerPlayReady(Lnet/minecraft/network/packet/s2c/play/GameJoinS2CPacket;Lorg/spongepowered/asm/mixin/injection/callback/CallbackInfo;)V doesn't use it's CallbackInfo
[15:48:39] [Render thread/DEBUG] (FabricLoader/Mixin) fabric-networking-api-v1.client.mixins.json:ClientPlayNetworkHandlerMixin from mod fabric-networking-api-v1->@Inject::handleServerPlayReady(Lnet/minecraft/network/packet/s2c/play/GameJoinS2CPacket;Lorg/spongepowered/asm/mixin/injection/callback/CallbackInfo;)V has 0 override(s) in child classes
[15:48:39] [Render thread/DEBUG] (FabricLoader/Mixin) fabric-networking-api-v1.client.mixins.json:ClientPlayNetworkHandlerMixin from mod fabric-networking-api-v1->@Inject::handleServerPlayReady(Lnet/minecraft/network/packet/s2c/play/GameJoinS2CPacket;Lorg/spongepowered/asm/mixin/injection/callback/CallbackInfo;)V won't be passed a CallbackInfo as a result
[15:48:39] [Render thread/DEBUG] (FabricLoader/Mixin) fabric-lifecycle-events-v1.client.mixins.json:ClientPlayNetworkHandlerMixin from mod fabric-lifecycle-events-v1->@Inject::onPlayerRespawn(Lnet/minecraft/network/packet/s2c/play/PlayerRespawnS2CPacket;Lorg/spongepowered/asm/mixin/injection/callback/CallbackInfo;)V doesn't use it's CallbackInfo
[15:48:39] [Render thread/DEBUG] (FabricLoader/Mixin) fabric-lifecycle-events-v1.client.mixins.json:ClientPlayNetworkHandlerMixin from mod fabric-lifecycle-events-v1->@Inject::onPlayerRespawn(Lnet/minecraft/network/packet/s2c/play/PlayerRespawnS2CPacket;Lorg/spongepowered/asm/mixin/injection/callback/CallbackInfo;)V has 0 override(s) in child classes
[15:48:39] [Render thread/DEBUG] (FabricLoader/Mixin) fabric-lifecycle-events-v1.client.mixins.json:ClientPlayNetworkHandlerMixin from mod fabric-lifecycle-events-v1->@Inject::onPlayerRespawn(Lnet/minecraft/network/packet/s2c/play/PlayerRespawnS2CPacket;Lorg/spongepowered/asm/mixin/injection/callback/CallbackInfo;)V won't be passed a CallbackInfo as a result
[15:48:39] [Render thread/DEBUG] (FabricLoader/Mixin) fabric-lifecycle-events-v1.client.mixins.json:ClientPlayNetworkHandlerMixin from mod fabric-lifecycle-events-v1->@Inject::onGameJoin(Lnet/minecraft/network/packet/s2c/play/GameJoinS2CPacket;Lorg/spongepowered/asm/mixin/injection/callback/CallbackInfo;)V doesn't use it's CallbackInfo
[15:48:39] [Render thread/DEBUG] (FabricLoader/Mixin) fabric-lifecycle-events-v1.client.mixins.json:ClientPlayNetworkHandlerMixin from mod fabric-lifecycle-events-v1->@Inject::onGameJoin(Lnet/minecraft/network/packet/s2c/play/GameJoinS2CPacket;Lorg/spongepowered/asm/mixin/injection/callback/CallbackInfo;)V has 0 override(s) in child classes
[15:48:39] [Render thread/DEBUG] (FabricLoader/Mixin) fabric-lifecycle-events-v1.client.mixins.json:ClientPlayNetworkHandlerMixin from mod fabric-lifecycle-events-v1->@Inject::onGameJoin(Lnet/minecraft/network/packet/s2c/play/GameJoinS2CPacket;Lorg/spongepowered/asm/mixin/injection/callback/CallbackInfo;)V won't be passed a CallbackInfo as a result
[15:48:39] [Render thread/DEBUG] (FabricLoader/Mixin) fabric-lifecycle-events-v1.client.mixins.json:ClientPlayNetworkHandlerMixin from mod fabric-lifecycle-events-v1->@Inject::onClearWorld(Lorg/spongepowered/asm/mixin/injection/callback/CallbackInfo;)V doesn't use it's CallbackInfo
[15:48:39] [Render thread/DEBUG] (FabricLoader/Mixin) fabric-lifecycle-events-v1.client.mixins.json:ClientPlayNetworkHandlerMixin from mod fabric-lifecycle-events-v1->@Inject::onClearWorld(Lorg/spongepowered/asm/mixin/injection/callback/CallbackInfo;)V has 0 override(s) in child classes
[15:48:39] [Render thread/DEBUG] (FabricLoader/Mixin) fabric-lifecycle-events-v1.client.mixins.json:ClientPlayNetworkHandlerMixin from mod fabric-lifecycle-events-v1->@Inject::onClearWorld(Lorg/spongepowered/asm/mixin/injection/callback/CallbackInfo;)V won't be passed a CallbackInfo as a result
[15:48:39] [Render thread/DEBUG] (FabricLoader/Mixin) fabric-lifecycle-events-v1.client.mixins.json:ClientPlayNetworkHandlerMixin from mod fabric-lifecycle-events-v1->@Inject::invokeTagsLoaded(Lnet/minecraft/network/packet/s2c/common/SynchronizeTagsS2CPacket;Lorg/spongepowered/asm/mixin/injection/callback/CallbackInfo;)V doesn't use it's CallbackInfo
[15:48:39] [Render thread/DEBUG] (FabricLoader/Mixin) fabric-lifecycle-events-v1.client.mixins.json:ClientPlayNetworkHandlerMixin from mod fabric-lifecycle-events-v1->@Inject::invokeTagsLoaded(Lnet/minecraft/network/packet/s2c/common/SynchronizeTagsS2CPacket;Lorg/spongepowered/asm/mixin/injection/callback/CallbackInfo;)V has 0 override(s) in child classes
[15:48:39] [Render thread/DEBUG] (FabricLoader/Mixin) fabric-lifecycle-events-v1.client.mixins.json:ClientPlayNetworkHandlerMixin from mod fabric-lifecycle-events-v1->@Inject::invokeTagsLoaded(Lnet/minecraft/network/packet/s2c/common/SynchronizeTagsS2CPacket;Lorg/spongepowered/asm/mixin/injection/callback/CallbackInfo;)V won't be passed a CallbackInfo as a result
[15:48:39] [Render thread/DEBUG] (FabricLoader/Mixin) fabric-command-api-v2.client.mixins.json:ClientPlayNetworkHandlerMixin from mod fabric-command-api-v2->@Inject::onGameJoin(Lnet/minecraft/network/packet/s2c/play/GameJoinS2CPacket;Lorg/spongepowered/asm/mixin/injection/callback/CallbackInfo;)V doesn't use it's CallbackInfo
[15:48:39] [Render thread/DEBUG] (FabricLoader/Mixin) fabric-command-api-v2.client.mixins.json:ClientPlayNetworkHandlerMixin from mod fabric-command-api-v2->@Inject::onGameJoin(Lnet/minecraft/network/packet/s2c/play/GameJoinS2CPacket;Lorg/spongepowered/asm/mixin/injection/callback/CallbackInfo;)V has 0 override(s) in child classes
[15:48:39] [Render thread/DEBUG] (FabricLoader/Mixin) fabric-command-api-v2.client.mixins.json:ClientPlayNetworkHandlerMixin from mod fabric-command-api-v2->@Inject::onGameJoin(Lnet/minecraft/network/packet/s2c/play/GameJoinS2CPacket;Lorg/spongepowered/asm/mixin/injection/callback/CallbackInfo;)V won't be passed a CallbackInfo as a result
[15:48:39] [Render thread/DEBUG] (FabricLoader/Mixin) fabric-command-api-v2.client.mixins.json:ClientPlayNetworkHandlerMixin from mod fabric-command-api-v2->@Inject::onOnCommandTree(Lnet/minecraft/network/packet/s2c/play/CommandTreeS2CPacket;Lorg/spongepowered/asm/mixin/injection/callback/CallbackInfo;)V doesn't use it's CallbackInfo
[15:48:39] [Render thread/DEBUG] (FabricLoader/Mixin) fabric-command-api-v2.client.mixins.json:ClientPlayNetworkHandlerMixin from mod fabric-command-api-v2->@Inject::onOnCommandTree(Lnet/minecraft/network/packet/s2c/play/CommandTreeS2CPacket;Lorg/spongepowered/asm/mixin/injection/callback/CallbackInfo;)V has 0 override(s) in child classes
[15:48:39] [Render thread/DEBUG] (FabricLoader/Mixin) fabric-command-api-v2.client.mixins.json:ClientPlayNetworkHandlerMixin from mod fabric-command-api-v2->@Inject::onOnCommandTree(Lnet/minecraft/network/packet/s2c/play/CommandTreeS2CPacket;Lorg/spongepowered/asm/mixin/injection/callback/CallbackInfo;)V won't be passed a CallbackInfo as a result
[15:48:39] [Render thread/DEBUG] (FabricLoader/Mixin) fabric-command-api-v2.client.mixins.json:ClientPlayNetworkHandlerMixin from mod fabric-command-api-v2->@Inject::onSendCommand(Ljava/lang/String;Lnet/minecraft/client/gui/screen/Screen;Lorg/spongepowered/asm/mixin/injection/callback/CallbackInfo;)V does use it's CallbackInfo
[15:48:39] [Render thread/DEBUG] (FabricLoader/Mixin) fabric-command-api-v2.client.mixins.json:ClientPlayNetworkHandlerMixin from mod fabric-command-api-v2->@Inject::onSendCommand(Ljava/lang/String;Lorg/spongepowered/asm/mixin/injection/callback/CallbackInfo;)V does use it's CallbackInfo
[15:48:39] [Render thread/DEBUG] (FabricLoader/Mixin) mixins.malilib.json:network.MixinClientPlayNetworkHandler from mod malilib->@Inject::malilib_onPreJoinGameHead(Lnet/minecraft/network/packet/s2c/play/GameJoinS2CPacket;Lorg/spongepowered/asm/mixin/injection/callback/CallbackInfo;)V doesn't use it's CallbackInfo
[15:48:39] [Render thread/DEBUG] (FabricLoader/Mixin) mixins.malilib.json:network.MixinClientPlayNetworkHandler from mod malilib->@Inject::malilib_onPreJoinGameHead(Lnet/minecraft/network/packet/s2c/play/GameJoinS2CPacket;Lorg/spongepowered/asm/mixin/injection/callback/CallbackInfo;)V has 0 override(s) in child classes
[15:48:39] [Render thread/DEBUG] (FabricLoader/Mixin) mixins.malilib.json:network.MixinClientPlayNetworkHandler from mod malilib->@Inject::malilib_onPreJoinGameHead(Lnet/minecraft/network/packet/s2c/play/GameJoinS2CPacket;Lorg/spongepowered/asm/mixin/injection/callback/CallbackInfo;)V won't be passed a CallbackInfo as a result
[15:48:39] [Render thread/DEBUG] (FabricLoader/Mixin) mixins.malilib.json:network.MixinClientPlayNetworkHandler from mod malilib->@Inject::malilib_onPreGameJoin(Lnet/minecraft/network/packet/s2c/play/GameJoinS2CPacket;Lorg/spongepowered/asm/mixin/injection/callback/CallbackInfo;)V doesn't use it's CallbackInfo
[15:48:39] [Render thread/DEBUG] (FabricLoader/Mixin) mixins.malilib.json:network.MixinClientPlayNetworkHandler from mod malilib->@Inject::malilib_onPreGameJoin(Lnet/minecraft/network/packet/s2c/play/GameJoinS2CPacket;Lorg/spongepowered/asm/mixin/injection/callback/CallbackInfo;)V has 0 override(s) in child classes
[15:48:39] [Render thread/DEBUG] (FabricLoader/Mixin) mixins.malilib.json:network.MixinClientPlayNetworkHandler from mod malilib->@Inject::malilib_onPreGameJoin(Lnet/minecraft/network/packet/s2c/play/GameJoinS2CPacket;Lorg/spongepowered/asm/mixin/injection/callback/CallbackInfo;)V won't be passed a CallbackInfo as a result
[15:48:39] [Render thread/DEBUG] (FabricLoader/Mixin) mixins.malilib.json:network.MixinClientPlayNetworkHandler from mod malilib->@Inject::malilib_onPostGameJoin(Lnet/minecraft/network/packet/s2c/play/GameJoinS2CPacket;Lorg/spongepowered/asm/mixin/injection/callback/CallbackInfo;)V doesn't use it's CallbackInfo
[15:48:39] [Render thread/DEBUG] (FabricLoader/Mixin) mixins.malilib.json:network.MixinClientPlayNetworkHandler from mod malilib->@Inject::malilib_onPostGameJoin(Lnet/minecraft/network/packet/s2c/play/GameJoinS2CPacket;Lorg/spongepowered/asm/mixin/injection/callback/CallbackInfo;)V has 0 override(s) in child classes
[15:48:39] [Render thread/DEBUG] (FabricLoader/Mixin) mixins.malilib.json:network.MixinClientPlayNetworkHandler from mod malilib->@Inject::malilib_onPostGameJoin(Lnet/minecraft/network/packet/s2c/play/GameJoinS2CPacket;Lorg/spongepowered/asm/mixin/injection/callback/CallbackInfo;)V won't be passed a CallbackInfo as a result
[15:48:39] [Render thread/DEBUG] (FabricLoader/Mixin) mixins.malilib.json:network.MixinClientPlayNetworkHandler from mod malilib->@Inject::malilib_onTimeUpdate(Lnet/minecraft/network/packet/s2c/play/WorldTimeUpdateS2CPacket;Lorg/spongepowered/asm/mixin/injection/callback/CallbackInfo;)V doesn't use it's CallbackInfo
[15:48:39] [Render thread/DEBUG] (FabricLoader/Mixin) mixins.malilib.json:network.MixinClientPlayNetworkHandler from mod malilib->@Inject::malilib_onTimeUpdate(Lnet/minecraft/network/packet/s2c/play/WorldTimeUpdateS2CPacket;Lorg/spongepowered/asm/mixin/injection/callback/CallbackInfo;)V has 0 override(s) in child classes
[15:48:39] [Render thread/DEBUG] (FabricLoader/Mixin) mixins.malilib.json:network.MixinClientPlayNetworkHandler from mod malilib->@Inject::malilib_onTimeUpdate(Lnet/minecraft/network/packet/s2c/play/WorldTimeUpdateS2CPacket;Lorg/spongepowered/asm/mixin/injection/callback/CallbackInfo;)V won't be passed a CallbackInfo as a result
[15:48:39] [Render thread/DEBUG] (FabricLoader/Mixin) mixins.malilib.json:network.MixinClientPlayNetworkHandler from mod malilib->@Inject::malilib_onUpdateTickRate(Lnet/minecraft/network/packet/s2c/play/UpdateTickRateS2CPacket;Lorg/spongepowered/asm/mixin/injection/callback/CallbackInfo;)V doesn't use it's CallbackInfo
[15:48:39] [Render thread/DEBUG] (FabricLoader/Mixin) mixins.malilib.json:network.MixinClientPlayNetworkHandler from mod malilib->@Inject::malilib_onUpdateTickRate(Lnet/minecraft/network/packet/s2c/play/UpdateTickRateS2CPacket;Lorg/spongepowered/asm/mixin/injection/callback/CallbackInfo;)V has 0 override(s) in child classes
[15:48:39] [Render thread/DEBUG] (FabricLoader/Mixin) mixins.malilib.json:network.MixinClientPlayNetworkHandler from mod malilib->@Inject::malilib_onUpdateTickRate(Lnet/minecraft/network/packet/s2c/play/UpdateTickRateS2CPacket;Lorg/spongepowered/asm/mixin/injection/callback/CallbackInfo;)V won't be passed a CallbackInfo as a result
[15:48:39] [Render thread/DEBUG] (FabricLoader/Mixin) mixins.malilib.json:network.MixinClientPlayNetworkHandler from mod malilib->@Inject::malilib_onUpdateTickRate(Lnet/minecraft/network/packet/s2c/play/UpdateTickRateS2CPacket;Lorg/spongepowered/asm/mixin/injection/callback/CallbackInfo;)V doesn't use it's CallbackInfo
[15:48:39] [Render thread/DEBUG] (FabricLoader/Mixin) mixins.malilib.json:network.MixinClientPlayNetworkHandler from mod malilib->@Inject::malilib_onUpdateTickRate(Lnet/minecraft/network/packet/s2c/play/UpdateTickRateS2CPacket;Lorg/spongepowered/asm/mixin/injection/callback/CallbackInfo;)V has 0 override(s) in child classes
[15:48:39] [Render thread/DEBUG] (FabricLoader/Mixin) mixins.malilib.json:network.MixinClientPlayNetworkHandler from mod malilib->@Inject::malilib_onUpdateTickRate(Lnet/minecraft/network/packet/s2c/play/UpdateTickRateS2CPacket;Lorg/spongepowered/asm/mixin/injection/callback/CallbackInfo;)V won't be passed a CallbackInfo as a result
[15:48:39] [Render thread/DEBUG] (FabricLoader/Mixin) mixins.litematica.json:network.MixinClientPlayNetworkHandler from mod litematica->@Inject::litematica_onUpdateChunk(Lnet/minecraft/network/packet/s2c/play/ChunkDataS2CPacket;Lorg/spongepowered/asm/mixin/injection/callback/CallbackInfo;)V doesn't use it's CallbackInfo
[15:48:39] [Render thread/DEBUG] (FabricLoader/Mixin) mixins.litematica.json:network.MixinClientPlayNetworkHandler from mod litematica->@Inject::litematica_onUpdateChunk(Lnet/minecraft/network/packet/s2c/play/ChunkDataS2CPacket;Lorg/spongepowered/asm/mixin/injection/callback/CallbackInfo;)V has 0 override(s) in child classes
[15:48:39] [Render thread/DEBUG] (FabricLoader/Mixin) mixins.litematica.json:network.MixinClientPlayNetworkHandler from mod litematica->@Inject::litematica_onUpdateChunk(Lnet/minecraft/network/packet/s2c/play/ChunkDataS2CPacket;Lorg/spongepowered/asm/mixin/injection/callback/CallbackInfo;)V won't be passed a CallbackInfo as a result
[15:48:39] [Render thread/DEBUG] (FabricLoader/Mixin) mixins.litematica.json:network.MixinClientPlayNetworkHandler from mod litematica->@Inject::litematica_onChunkUnload(Lnet/minecraft/network/packet/s2c/play/UnloadChunkS2CPacket;Lorg/spongepowered/asm/mixin/injection/callback/CallbackInfo;)V doesn't use it's CallbackInfo
[15:48:39] [Render thread/DEBUG] (FabricLoader/Mixin) mixins.litematica.json:network.MixinClientPlayNetworkHandler from mod litematica->@Inject::litematica_onChunkUnload(Lnet/minecraft/network/packet/s2c/play/UnloadChunkS2CPacket;Lorg/spongepowered/asm/mixin/injection/callback/CallbackInfo;)V has 0 override(s) in child classes
[15:48:39] [Render thread/DEBUG] (FabricLoader/Mixin) mixins.litematica.json:network.MixinClientPlayNetworkHandler from mod litematica->@Inject::litematica_onChunkUnload(Lnet/minecraft/network/packet/s2c/play/UnloadChunkS2CPacket;Lorg/spongepowered/asm/mixin/injection/callback/CallbackInfo;)V won't be passed a CallbackInfo as a result
[15:48:39] [Render thread/DEBUG] (FabricLoader/Mixin) mixins.litematica.json:network.MixinClientPlayNetworkHandler from mod litematica->@Inject::litematica_onGameMessage(Lnet/minecraft/network/packet/s2c/play/GameMessageS2CPacket;Lorg/spongepowered/asm/mixin/injection/callback/CallbackInfo;)V does use it's CallbackInfo
[15:48:39] [Render thread/DEBUG] (FabricLoader/Mixin) mixins.litematica.json:network.MixinClientPlayNetworkHandler from mod litematica->@Inject::litematica_onCustomPayload(Lnet/minecraft/network/packet/CustomPayload;Lorg/spongepowered/asm/mixin/injection/callback/CallbackInfo;)V doesn't use it's CallbackInfo
[15:48:39] [Render thread/DEBUG] (FabricLoader/Mixin) mixins.litematica.json:network.MixinClientPlayNetworkHandler from mod litematica->@Inject::litematica_onCustomPayload(Lnet/minecraft/network/packet/CustomPayload;Lorg/spongepowered/asm/mixin/injection/callback/CallbackInfo;)V has 0 override(s) in child classes
[15:48:39] [Render thread/DEBUG] (FabricLoader/Mixin) mixins.litematica.json:network.MixinClientPlayNetworkHandler from mod litematica->@Inject::litematica_onCustomPayload(Lnet/minecraft/network/packet/CustomPayload;Lorg/spongepowered/asm/mixin/injection/callback/CallbackInfo;)V won't be passed a CallbackInfo as a result
[15:48:39] [Render thread/DEBUG] (FabricLoader/Mixin) mixins.litematica.json:network.MixinClientPlayNetworkHandler from mod litematica->@Inject::litematica_onQueryResponse(Lnet/minecraft/network/packet/s2c/play/NbtQueryResponseS2CPacket;Lorg/spongepowered/asm/mixin/injection/callback/CallbackInfo;)V doesn't use it's CallbackInfo
[15:48:39] [Render thread/DEBUG] (FabricLoader/Mixin) mixins.litematica.json:network.MixinClientPlayNetworkHandler from mod litematica->@Inject::litematica_onQueryResponse(Lnet/minecraft/network/packet/s2c/play/NbtQueryResponseS2CPacket;Lorg/spongepowered/asm/mixin/injection/callback/CallbackInfo;)V has 0 override(s) in child classes
[15:48:39] [Render thread/DEBUG] (FabricLoader/Mixin) mixins.litematica.json:network.MixinClientPlayNetworkHandler from mod litematica->@Inject::litematica_onQueryResponse(Lnet/minecraft/network/packet/s2c/play/NbtQueryResponseS2CPacket;Lorg/spongepowered/asm/mixin/injection/callback/CallbackInfo;)V won't be passed a CallbackInfo as a result
[15:48:39] [Render thread/DEBUG] (FabricLoader/Mixin) mixins.litematica.json:network.MixinClientPlayNetworkHandler from mod litematica->@Inject::minihud_onCommandTree(Lorg/spongepowered/asm/mixin/injection/callback/CallbackInfo;)V doesn't use it's CallbackInfo
[15:48:39] [Render thread/DEBUG] (FabricLoader/Mixin) mixins.litematica.json:network.MixinClientPlayNetworkHandler from mod litematica->@Inject::minihud_onCommandTree(Lorg/spongepowered/asm/mixin/injection/callback/CallbackInfo;)V has 0 override(s) in child classes
[15:48:39] [Render thread/DEBUG] (FabricLoader/Mixin) mixins.litematica.json:network.MixinClientPlayNetworkHandler from mod litematica->@Inject::minihud_onCommandTree(Lorg/spongepowered/asm/mixin/injection/callback/CallbackInfo;)V won't be passed a CallbackInfo as a result
[15:48:39] [Render thread/DEBUG] (FabricLoader/Mixin) techutils.mixins.json:worldeditsync.ClientPlayNetworkHandlerMixin from mod techutils->@Inject::registerWorldEdit(Lnet/minecraft/network/packet/s2c/play/CommandTreeS2CPacket;Lorg/spongepowered/asm/mixin/injection/callback/CallbackInfo;)V doesn't use it's CallbackInfo
[15:48:39] [Render thread/DEBUG] (FabricLoader/Mixin) techutils.mixins.json:worldeditsync.ClientPlayNetworkHandlerMixin from mod techutils->@Inject::registerWorldEdit(Lnet/minecraft/network/packet/s2c/play/CommandTreeS2CPacket;Lorg/spongepowered/asm/mixin/injection/callback/CallbackInfo;)V has 0 override(s) in child classes
[15:48:39] [Render thread/DEBUG] (FabricLoader/Mixin) techutils.mixins.json:worldeditsync.ClientPlayNetworkHandlerMixin from mod techutils->@Inject::registerWorldEdit(Lnet/minecraft/network/packet/s2c/play/CommandTreeS2CPacket;Lorg/spongepowered/asm/mixin/injection/callback/CallbackInfo;)V won't be passed a CallbackInfo as a result
[15:48:39] [Render thread/DEBUG] (FabricLoader/Mixin) Mixing accessor.ClientCommonNetworkHandlerAccessor from fabric-networking-api-v1.client.mixins.json into net.minecraft.client.network.ClientCommonNetworkHandler
[15:48:39] [Render thread/DEBUG] (FabricLoader/Mixin) Mixing ClientCommonNetworkHandlerMixin from fabric-networking-api-v1.client.mixins.json into net.minecraft.client.network.ClientCommonNetworkHandler
[15:48:39] [Render thread/DEBUG] (FabricLoader/Mixin) Mixing network.MixinClientCommonNetworkHandler from mixins.litematica.json into net.minecraft.client.network.ClientCommonNetworkHandler
[15:48:39] [Render thread/DEBUG] (FabricLoader/Mixin) fabric-networking-api-v1.client.mixins.json:ClientCommonNetworkHandlerMixin from mod fabric-networking-api-v1->@Inject::onCustomPayload(Lnet/minecraft/network/packet/s2c/common/CustomPayloadS2CPacket;Lorg/spongepowered/asm/mixin/injection/callback/CallbackInfo;)V does use it's CallbackInfo
[15:48:39] [Render thread/DEBUG] (FabricLoader/Mixin) mixins.litematica.json:network.MixinClientCommonNetworkHandler from mod litematica->@Inject::litematica_onCustomPayload(Lnet/minecraft/network/packet/s2c/common/CustomPayloadS2CPacket;Lorg/spongepowered/asm/mixin/injection/callback/CallbackInfo;)V doesn't use it's CallbackInfo
[15:48:39] [Render thread/DEBUG] (FabricLoader/Mixin) mixins.litematica.json:network.MixinClientCommonNetworkHandler from mod litematica->@Inject::litematica_onCustomPayload(Lnet/minecraft/network/packet/s2c/common/CustomPayloadS2CPacket;Lorg/spongepowered/asm/mixin/injection/callback/CallbackInfo;)V has 0 override(s) in child classes
[15:48:39] [Render thread/DEBUG] (FabricLoader/Mixin) mixins.litematica.json:network.MixinClientCommonNetworkHandler from mod litematica->@Inject::litematica_onCustomPayload(Lnet/minecraft/network/packet/s2c/common/CustomPayloadS2CPacket;Lorg/spongepowered/asm/mixin/injection/callback/CallbackInfo;)V won't be passed a CallbackInfo as a result
[15:48:39] [Render thread/DEBUG] (FabricLoader/Mixin) Mixing mod.fapi.ClientPlayNetworkAddonMixin from techutils.mixins.json into net.fabricmc.fabric.impl.networking.client.ClientPlayNetworkAddon
[15:48:39] [Render thread/DEBUG] (FabricLoader/Mixin) Renaming synthetic method lambda$yoinkWorldEditPacket$0(Lnet/minecraft/network/packet/CustomPayload;Ldev/kikugie/techutils/feature/worldedit/WorldEditNetworkHandler;)V to mdbcad25$techutils$lambda$yoinkWorldEditPacket$0$0 in techutils.mixins.json:mod.fapi.ClientPlayNetworkAddonMixin from mod techutils
[15:48:39] [Render thread/DEBUG] (FabricLoader/Mixin) techutils.mixins.json:mod.fapi.ClientPlayNetworkAddonMixin from mod techutils->@Inject::yoinkWorldEditPacket(Lnet/fabricmc/fabric/api/client/networking/v1/ClientPlayNetworking$PlayPayloadHandler;Lnet/minecraft/network/packet/CustomPayload;Lorg/spongepowered/asm/mixin/injection/callback/CallbackInfo;)V doesn't use it's CallbackInfo
[15:48:39] [Render thread/DEBUG] (FabricLoader/Mixin) Mixing accessor.ClientLoginNetworkHandlerAccessor from fabric-networking-api-v1.client.mixins.json into net.minecraft.client.network.ClientLoginNetworkHandler
[15:48:39] [Render thread/DEBUG] (FabricLoader/Mixin) Mixing ClientLoginNetworkHandlerMixin from fabric-networking-api-v1.client.mixins.json into net.minecraft.client.network.ClientLoginNetworkHandler
[15:48:39] [Render thread/DEBUG] (FabricLoader/Mixin) fabric-networking-api-v1.client.mixins.json:ClientLoginNetworkHandlerMixin from mod fabric-networking-api-v1->@Inject::initAddon(Lorg/spongepowered/asm/mixin/injection/callback/CallbackInfo;)V doesn't use it's CallbackInfo
[15:48:39] [Render thread/DEBUG] (FabricLoader/Mixin) fabric-networking-api-v1.client.mixins.json:ClientLoginNetworkHandlerMixin from mod fabric-networking-api-v1->@Inject::initAddon(Lorg/spongepowered/asm/mixin/injection/callback/CallbackInfo;)V has 0 override(s) in child classes
[15:48:39] [Render thread/DEBUG] (FabricLoader/Mixin) fabric-networking-api-v1.client.mixins.json:ClientLoginNetworkHandlerMixin from mod fabric-networking-api-v1->@Inject::initAddon(Lorg/spongepowered/asm/mixin/injection/callback/CallbackInfo;)V won't be passed a CallbackInfo as a result
[15:48:39] [Render thread/DEBUG] (FabricLoader/Mixin) fabric-networking-api-v1.client.mixins.json:ClientLoginNetworkHandlerMixin from mod fabric-networking-api-v1->@Inject::handleQueryRequest(Lnet/minecraft/network/packet/s2c/login/LoginQueryRequestS2CPacket;Lorg/spongepowered/asm/mixin/injection/callback/CallbackInfo;)V does use it's CallbackInfo
[15:48:39] [Render thread/DEBUG] (FabricLoader/Mixin) Mixing ClientConfigurationNetworkHandlerMixin from fabric-networking-api-v1.client.mixins.json into net.minecraft.client.network.ClientConfigurationNetworkHandler
[15:48:39] [Render thread/DEBUG] (FabricLoader/Mixin) Mixing accessor.ClientConfigurationNetworkHandlerAccessor from fabric-networking-api-v1.client.mixins.json into net.minecraft.client.network.ClientConfigurationNetworkHandler
[15:48:39] [Render thread/DEBUG] (FabricLoader/Mixin) Mixing ClientConfigurationNetworkHandlerMixin from fabric-lifecycle-events-v1.client.mixins.json into net.minecraft.client.network.ClientConfigurationNetworkHandler
[15:48:39] [Render thread/DEBUG] (FabricLoader/Mixin) Mixing network.MixinClientConfigurationNetworkHandler from mixins.malilib.json into net.minecraft.client.network.ClientConfigurationNetworkHandler
[15:48:39] [Render thread/DEBUG] (FabricLoader/Mixin) fabric-networking-api-v1.client.mixins.json:ClientConfigurationNetworkHandlerMixin from mod fabric-networking-api-v1->@Inject::initAddon(Lorg/spongepowered/asm/mixin/injection/callback/CallbackInfo;)V doesn't use it's CallbackInfo
[15:48:39] [Render thread/DEBUG] (FabricLoader/Mixin) fabric-networking-api-v1.client.mixins.json:ClientConfigurationNetworkHandlerMixin from mod fabric-networking-api-v1->@Inject::initAddon(Lorg/spongepowered/asm/mixin/injection/callback/CallbackInfo;)V has 0 override(s) in child classes
[15:48:39] [Render thread/DEBUG] (FabricLoader/Mixin) fabric-networking-api-v1.client.mixins.json:ClientConfigurationNetworkHandlerMixin from mod fabric-networking-api-v1->@Inject::initAddon(Lorg/spongepowered/asm/mixin/injection/callback/CallbackInfo;)V won't be passed a CallbackInfo as a result
[15:48:39] [Render thread/DEBUG] (FabricLoader/Mixin) fabric-networking-api-v1.client.mixins.json:ClientConfigurationNetworkHandlerMixin from mod fabric-networking-api-v1->@Inject::handleComplete(Lnet/minecraft/network/packet/s2c/config/ReadyS2CPacket;Lorg/spongepowered/asm/mixin/injection/callback/CallbackInfo;)V doesn't use it's CallbackInfo
[15:48:39] [Render thread/DEBUG] (FabricLoader/Mixin) fabric-networking-api-v1.client.mixins.json:ClientConfigurationNetworkHandlerMixin from mod fabric-networking-api-v1->@Inject::handleComplete(Lnet/minecraft/network/packet/s2c/config/ReadyS2CPacket;Lorg/spongepowered/asm/mixin/injection/callback/CallbackInfo;)V has 0 override(s) in child classes
[15:48:39] [Render thread/DEBUG] (FabricLoader/Mixin) fabric-networking-api-v1.client.mixins.json:ClientConfigurationNetworkHandlerMixin from mod fabric-networking-api-v1->@Inject::handleComplete(Lnet/minecraft/network/packet/s2c/config/ReadyS2CPacket;Lorg/spongepowered/asm/mixin/injection/callback/CallbackInfo;)V won't be passed a CallbackInfo as a result
[15:48:39] [Render thread/DEBUG] (FabricLoader/Mixin) fabric-lifecycle-events-v1.client.mixins.json:ClientConfigurationNetworkHandlerMixin from mod fabric-lifecycle-events-v1->@Inject::invokeTagsLoaded(Lnet/minecraft/resource/ResourceFactory;Lorg/spongepowered/asm/mixin/injection/callback/CallbackInfoReturnable;)V does use it's CallbackInfoReturnable
[15:48:39] [Render thread/DEBUG] (FabricLoader/Mixin) mixins.malilib.json:network.MixinClientConfigurationNetworkHandler from mod malilib->@Inject::malilib_onPlayLogin(Lnet/minecraft/network/packet/s2c/config/ReadyS2CPacket;Lorg/spongepowered/asm/mixin/injection/callback/CallbackInfo;)V doesn't use it's CallbackInfo
[15:48:39] [Render thread/DEBUG] (FabricLoader/Mixin) mixins.malilib.json:network.MixinClientConfigurationNetworkHandler from mod malilib->@Inject::malilib_onPlayLogin(Lnet/minecraft/network/packet/s2c/config/ReadyS2CPacket;Lorg/spongepowered/asm/mixin/injection/callback/CallbackInfo;)V has 0 override(s) in child classes
[15:48:39] [Render thread/DEBUG] (FabricLoader/Mixin) mixins.malilib.json:network.MixinClientConfigurationNetworkHandler from mod malilib->@Inject::malilib_onPlayLogin(Lnet/minecraft/network/packet/s2c/config/ReadyS2CPacket;Lorg/spongepowered/asm/mixin/injection/callback/CallbackInfo;)V won't be passed a CallbackInfo as a result
[15:48:39] [Render thread/DEBUG] (FabricLoader/Mixin) Mixing ClientConnectionMixin from fabric-networking-api-v1.mixins.json into net.minecraft.network.ClientConnection
[15:48:39] [Render thread/DEBUG] (FabricLoader/Mixin) Renaming synthetic method lambda$fabric_getPendingChannelsNames$0(Lnet/minecraft/network/NetworkPhase;)Ljava/util/Collection; to mdbcad25$fabric-networking-api-v1$lambda$fabric_getPendingChannelsNames$0$0 in fabric-networking-api-v1.mixins.json:ClientConnectionMixin from mod fabric-networking-api-v1
[15:48:39] [Render thread/DEBUG] (FabricLoader/Mixin) Mixing ClientConnectionMixin from fabric-data-attachment-api-v1.mixins.json into net.minecraft.network.ClientConnection
[15:48:39] [Render thread/DEBUG] (FabricLoader/Mixin) Mixing ingredient.ClientConnectionMixin from fabric-recipe-api-v1.mixins.json into net.minecraft.network.ClientConnection
[15:48:39] [Render thread/DEBUG] (FabricLoader/Mixin) fabric-networking-api-v1.mixins.json:ClientConnectionMixin from mod fabric-networking-api-v1->@Inject::initAddedFields(Lnet/minecraft/network/NetworkSide;Lorg/spongepowered/asm/mixin/injection/callback/CallbackInfo;)V doesn't use it's CallbackInfo
[15:48:39] [Render thread/DEBUG] (FabricLoader/Mixin) fabric-networking-api-v1.mixins.json:ClientConnectionMixin from mod fabric-networking-api-v1->@Inject::initAddedFields(Lnet/minecraft/network/NetworkSide;Lorg/spongepowered/asm/mixin/injection/callback/CallbackInfo;)V has 0 override(s) in child classes
[15:48:39] [Render thread/DEBUG] (FabricLoader/Mixin) fabric-networking-api-v1.mixins.json:ClientConnectionMixin from mod fabric-networking-api-v1->@Inject::initAddedFields(Lnet/minecraft/network/NetworkSide;Lorg/spongepowered/asm/mixin/injection/callback/CallbackInfo;)V won't be passed a CallbackInfo as a result
[15:48:39] [Render thread/DEBUG] (FabricLoader/Mixin) fabric-networking-api-v1.mixins.json:ClientConnectionMixin from mod fabric-networking-api-v1->@Inject::checkPacket(Lnet/minecraft/network/packet/Packet;Lio/netty/channel/ChannelFutureListener;ZLorg/spongepowered/asm/mixin/injection/callback/CallbackInfo;)V doesn't use it's CallbackInfo
[15:48:39] [Render thread/DEBUG] (FabricLoader/Mixin) fabric-networking-api-v1.mixins.json:ClientConnectionMixin from mod fabric-networking-api-v1->@Inject::checkPacket(Lnet/minecraft/network/packet/Packet;Lio/netty/channel/ChannelFutureListener;ZLorg/spongepowered/asm/mixin/injection/callback/CallbackInfo;)V has 0 override(s) in child classes
[15:48:39] [Render thread/DEBUG] (FabricLoader/Mixin) fabric-networking-api-v1.mixins.json:ClientConnectionMixin from mod fabric-networking-api-v1->@Inject::checkPacket(Lnet/minecraft/network/packet/Packet;Lio/netty/channel/ChannelFutureListener;ZLorg/spongepowered/asm/mixin/injection/callback/CallbackInfo;)V won't be passed a CallbackInfo as a result
[15:48:39] [Render thread/DEBUG] (FabricLoader/Mixin) fabric-networking-api-v1.mixins.json:ClientConnectionMixin from mod fabric-networking-api-v1->@Inject::checkPacket(Lnet/minecraft/network/packet/Packet;Lio/netty/channel/ChannelFutureListener;ZLorg/spongepowered/asm/mixin/injection/callback/CallbackInfo;)V doesn't use it's CallbackInfo
[15:48:39] [Render thread/DEBUG] (FabricLoader/Mixin) fabric-networking-api-v1.mixins.json:ClientConnectionMixin from mod fabric-networking-api-v1->@Inject::checkPacket(Lnet/minecraft/network/packet/Packet;Lio/netty/channel/ChannelFutureListener;ZLorg/spongepowered/asm/mixin/injection/callback/CallbackInfo;)V has 0 override(s) in child classes
[15:48:39] [Render thread/DEBUG] (FabricLoader/Mixin) fabric-networking-api-v1.mixins.json:ClientConnectionMixin from mod fabric-networking-api-v1->@Inject::checkPacket(Lnet/minecraft/network/packet/Packet;Lio/netty/channel/ChannelFutureListener;ZLorg/spongepowered/asm/mixin/injection/callback/CallbackInfo;)V won't be passed a CallbackInfo as a result
[15:48:39] [Render thread/DEBUG] (FabricLoader/Mixin) fabric-networking-api-v1.mixins.json:ClientConnectionMixin from mod fabric-networking-api-v1->@Inject::unwatchAddon(Lnet/minecraft/network/state/NetworkState;Lnet/minecraft/network/listener/PacketListener;Lorg/spongepowered/asm/mixin/injection/callback/CallbackInfo;)V doesn't use it's CallbackInfo
[15:48:39] [Render thread/DEBUG] (FabricLoader/Mixin) fabric-networking-api-v1.mixins.json:ClientConnectionMixin from mod fabric-networking-api-v1->@Inject::unwatchAddon(Lnet/minecraft/network/state/NetworkState;Lnet/minecraft/network/listener/PacketListener;Lorg/spongepowered/asm/mixin/injection/callback/CallbackInfo;)V has 0 override(s) in child classes
[15:48:39] [Render thread/DEBUG] (FabricLoader/Mixin) fabric-networking-api-v1.mixins.json:ClientConnectionMixin from mod fabric-networking-api-v1->@Inject::unwatchAddon(Lnet/minecraft/network/state/NetworkState;Lnet/minecraft/network/listener/PacketListener;Lorg/spongepowered/asm/mixin/injection/callback/CallbackInfo;)V won't be passed a CallbackInfo as a result
[15:48:39] [Render thread/DEBUG] (FabricLoader/Mixin) fabric-networking-api-v1.mixins.json:ClientConnectionMixin from mod fabric-networking-api-v1->@Inject::disconnectAddon(Lio/netty/channel/ChannelHandlerContext;Lorg/spongepowered/asm/mixin/injection/callback/CallbackInfo;)V doesn't use it's CallbackInfo
[15:48:39] [Render thread/DEBUG] (FabricLoader/Mixin) fabric-networking-api-v1.mixins.json:ClientConnectionMixin from mod fabric-networking-api-v1->@Inject::disconnectAddon(Lio/netty/channel/ChannelHandlerContext;Lorg/spongepowered/asm/mixin/injection/callback/CallbackInfo;)V has 0 override(s) in child classes
[15:48:39] [Render thread/DEBUG] (FabricLoader/Mixin) fabric-networking-api-v1.mixins.json:ClientConnectionMixin from mod fabric-networking-api-v1->@Inject::disconnectAddon(Lio/netty/channel/ChannelHandlerContext;Lorg/spongepowered/asm/mixin/injection/callback/CallbackInfo;)V won't be passed a CallbackInfo as a result
[15:48:39] [Render thread/DEBUG] (FabricLoader/Mixin) fabric-networking-api-v1.mixins.json:ClientConnectionMixin from mod fabric-networking-api-v1->@Inject::disconnectAddon(Lorg/spongepowered/asm/mixin/injection/callback/CallbackInfo;)V doesn't use it's CallbackInfo
[15:48:39] [Render thread/DEBUG] (FabricLoader/Mixin) fabric-networking-api-v1.mixins.json:ClientConnectionMixin from mod fabric-networking-api-v1->@Inject::disconnectAddon(Lorg/spongepowered/asm/mixin/injection/callback/CallbackInfo;)V has 0 override(s) in child classes
[15:48:39] [Render thread/DEBUG] (FabricLoader/Mixin) fabric-networking-api-v1.mixins.json:ClientConnectionMixin from mod fabric-networking-api-v1->@Inject::disconnectAddon(Lorg/spongepowered/asm/mixin/injection/callback/CallbackInfo;)V won't be passed a CallbackInfo as a result
[15:48:39] [Render thread/INFO] (net.fabricmc.fabric.impl.client.indigo.Indigo) [Indigo] Registering Indigo renderer!
[15:48:39] [Render thread/DEBUG] (FabricLoader/Mixin) Mixing BlockStateModelUnbakedMixin from fabric-model-loading-api-v1.mixins.json into net.minecraft.client.render.model.BlockStateModel$Unbaked
[15:48:39] [Render thread/DEBUG] (FabricLoader/Mixin) Mixing client.block.model.BlockStateModelMixin from fabric-renderer-api-v1.mixins.json into net.minecraft.client.render.model.BlockStateModel
[15:48:39] [Render thread/DEBUG] (FabricLoader/Mixin) Mixing client.block.model.BlockModelPartMixin from fabric-renderer-api-v1.mixins.json into net.minecraft.client.render.model.BlockModelPart
[15:48:39] [Render thread/DEBUG] (FabricLoader/Mixin) Mixing client.block.model.SimpleBlockStateModelMixin from fabric-renderer-api-v1.mixins.json into net.minecraft.client.render.model.SimpleBlockStateModel
[15:48:39] [Render thread/DEBUG] (FabricLoader/Mixin) Mixing SimpleRegistryTagLookup2Accessor from fabric-tag-api-v1.mixins.json into net.minecraft.registry.SimpleRegistry$TagLookup$2
[15:48:39] [Render thread/DEBUG] (FabricLoader/Mixin) Mixing GameOptionsMixin from fabric-key-binding-api-v1.mixins.json into net.minecraft.client.option.GameOptions
[15:48:39] [Render thread/DEBUG] (FabricLoader/Mixin) Mixing GameOptionsMixin from fabric-resource-loader-v0.client.mixins.json into net.minecraft.client.option.GameOptions
[15:48:39] [Render thread/DEBUG] (FabricLoader/Mixin) fabric-key-binding-api-v1.mixins.json:GameOptionsMixin from mod fabric-key-binding-api-v1->@Inject::loadHook(Lorg/spongepowered/asm/mixin/injection/callback/CallbackInfo;)V doesn't use it's CallbackInfo
[15:48:39] [Render thread/DEBUG] (FabricLoader/Mixin) fabric-key-binding-api-v1.mixins.json:GameOptionsMixin from mod fabric-key-binding-api-v1->@Inject::loadHook(Lorg/spongepowered/asm/mixin/injection/callback/CallbackInfo;)V has 0 override(s) in child classes
[15:48:39] [Render thread/DEBUG] (FabricLoader/Mixin) fabric-key-binding-api-v1.mixins.json:GameOptionsMixin from mod fabric-key-binding-api-v1->@Inject::loadHook(Lorg/spongepowered/asm/mixin/injection/callback/CallbackInfo;)V won't be passed a CallbackInfo as a result
[15:48:39] [Render thread/DEBUG] (FabricLoader/Mixin) fabric-resource-loader-v0.client.mixins.json:GameOptionsMixin from mod fabric-resource-loader-v0->@Inject::onLoad(Lorg/spongepowered/asm/mixin/injection/callback/CallbackInfo;)V doesn't use it's CallbackInfo
[15:48:39] [Render thread/DEBUG] (FabricLoader/Mixin) fabric-resource-loader-v0.client.mixins.json:GameOptionsMixin from mod fabric-resource-loader-v0->@Inject::onLoad(Lorg/spongepowered/asm/mixin/injection/callback/CallbackInfo;)V has 0 override(s) in child classes
[15:48:39] [Render thread/DEBUG] (FabricLoader/Mixin) fabric-resource-loader-v0.client.mixins.json:GameOptionsMixin from mod fabric-resource-loader-v0->@Inject::onLoad(Lorg/spongepowered/asm/mixin/injection/callback/CallbackInfo;)V won't be passed a CallbackInfo as a result
[15:48:39] [Render thread/DEBUG] (FabricLoader/Mixin) fabric-resource-loader-v0.client.mixins.json:GameOptionsMixin from mod fabric-resource-loader-v0->@Inject::onLoad(Lorg/spongepowered/asm/mixin/injection/callback/CallbackInfo;)V doesn't use it's CallbackInfo
[15:48:39] [Render thread/DEBUG] (FabricLoader/Mixin) fabric-resource-loader-v0.client.mixins.json:GameOptionsMixin from mod fabric-resource-loader-v0->@Inject::onLoad(Lorg/spongepowered/asm/mixin/injection/callback/CallbackInfo;)V has 0 override(s) in child classes
[15:48:39] [Render thread/DEBUG] (FabricLoader/Mixin) fabric-resource-loader-v0.client.mixins.json:GameOptionsMixin from mod fabric-resource-loader-v0->@Inject::onLoad(Lorg/spongepowered/asm/mixin/injection/callback/CallbackInfo;)V won't be passed a CallbackInfo as a result
[15:48:39] [Render thread/DEBUG] (FabricLoader/Mixin) Mixing SoundInstanceMixin from fabric-sound-api-v1.mixins.json into net.minecraft.client.sound.SoundInstance
[15:48:39] [Render thread/DEBUG] (FabricLoader/Mixin) Mixing ResourcePackProfileMixin from fabric-resource-conditions-api-v1.mixins.json into net.minecraft.resource.ResourcePackProfile
[15:48:39] [Render thread/DEBUG] (FabricLoader/Mixin) Mixing ResourcePackProfileMixin from fabric-resource-loader-v0.mixins.json into net.minecraft.resource.ResourcePackProfile
[15:48:39] [Render thread/DEBUG] (FabricLoader/Mixin) Renaming synthetic method lambda$static$0(Ljava/util/Set;)Z to mdbcad25$fabric-resource-loader-v0$lambda$static$0$0 in fabric-resource-loader-v0.mixins.json:ResourcePackProfileMixin from mod fabric-resource-loader-v0
[15:48:39] [Render thread/DEBUG] (FabricLoader/Mixin) fabric-resource-loader-v0.mixins.json:ResourcePackProfileMixin from mod fabric-resource-loader-v0->@Inject::onCreateResourcePack(Lorg/spongepowered/asm/mixin/injection/callback/CallbackInfoReturnable;)V does use it's CallbackInfoReturnable
[15:48:39] [Download-1/DEBUG] (com.mojang.authlib.yggdrasil.YggdrasilMinecraftSessionService) Couldn't fetch profile properties for b82821b3-8726-3f56-a046-79edba0ca58e as the profile does not exist
[15:48:39] [Render thread/DEBUG] (FabricLoader/Mixin) Mixing GameOptionsWriteVisitorMixin from fabric-resource-loader-v0.client.mixins.json into net.minecraft.client.option.GameOptions$3
[15:48:39] [Render thread/INFO] (net.minecraft.client.MinecraftClient) Backend library: LWJGL version 3.3.3-snapshot
[15:48:40] [Render thread/ERROR] (net.minecraft.client.MinecraftClient) Couldn't set icon
java.io.FileNotFoundException: icons/icon_16x16.png
	at knot/net.minecraft.client.util.Icons.getIcon(Icons.java:41) ~[minecraft-clientOnly-8e4d1c984e-1.21.7-net.fabricmc.yarn.1_21_7.1.21.7+build.6-v2.jar:?]
	at knot/net.minecraft.client.util.Icons.getIcons(Icons.java:25) ~[minecraft-clientOnly-8e4d1c984e-1.21.7-net.fabricmc.yarn.1_21_7.1.21.7+build.6-v2.jar:?]
	at knot/net.minecraft.client.util.Window.setIcon(Window.java:168) ~[minecraft-clientOnly-8e4d1c984e-1.21.7-net.fabricmc.yarn.1_21_7.1.21.7+build.6-v2.jar:?]
	at knot/net.minecraft.client.MinecraftClient.<init>(MinecraftClient.java:527) [minecraft-clientOnly-8e4d1c984e-1.21.7-net.fabricmc.yarn.1_21_7.1.21.7+build.6-v2.jar:?]
	at knot/net.minecraft.client.main.Main.main(Main.java:249) [minecraft-clientOnly-8e4d1c984e-1.21.7-net.fabricmc.yarn.1_21_7.1.21.7+build.6-v2.jar:?]
	at net.fabricmc.loader.impl.game.minecraft.MinecraftGameProvider.launch(MinecraftGameProvider.java:480) [fabric-loader-0.16.14.jar:?]
	at net.fabricmc.loader.impl.launch.knot.Knot.launch(Knot.java:74) [fabric-loader-0.16.14.jar:?]
	at net.fabricmc.loader.impl.launch.knot.KnotClient.main(KnotClient.java:23) [fabric-loader-0.16.14.jar:?]
	at net.fabricmc.devlaunchinjector.Main.main(Main.java:86) [dev-launch-injector-0.2.1+build.8.jar:?]
[15:48:40] [Render thread/DEBUG] (FabricLoader/Mixin) Mixing input.MixinMouse from mixins.malilib.json into net.minecraft.client.Mouse
[15:48:40] [Render thread/DEBUG] (FabricLoader/Mixin) Mixing MouseMixin from fabric-screen-api-v1.mixins.json into net.minecraft.client.Mouse
[15:48:40] [Render thread/DEBUG] (FabricLoader/Mixin) mixins.malilib.json:input.MixinMouse from mod malilib->@Inject::hookOnMouseMove(JDDLorg/spongepowered/asm/mixin/injection/callback/CallbackInfo;)V doesn't use it's CallbackInfo
[15:48:40] [Render thread/DEBUG] (FabricLoader/Mixin) mixins.malilib.json:input.MixinMouse from mod malilib->@Inject::hookOnMouseMove(JDDLorg/spongepowered/asm/mixin/injection/callback/CallbackInfo;)V has 0 override(s) in child classes
[15:48:40] [Render thread/DEBUG] (FabricLoader/Mixin) mixins.malilib.json:input.MixinMouse from mod malilib->@Inject::hookOnMouseMove(JDDLorg/spongepowered/asm/mixin/injection/callback/CallbackInfo;)V won't be passed a CallbackInfo as a result
[15:48:40] [Render thread/DEBUG] (FabricLoader/Mixin) mixins.malilib.json:input.MixinMouse from mod malilib->@Inject::hookOnMouseScroll(JDDLorg/spongepowered/asm/mixin/injection/callback/CallbackInfo;)V does use it's CallbackInfo
[15:48:40] [Render thread/DEBUG] (FabricLoader/Mixin) mixins.malilib.json:input.MixinMouse from mod malilib->@Inject::hookOnMouseClick(JIIILorg/spongepowered/asm/mixin/injection/callback/CallbackInfo;)V does use it's CallbackInfo
[15:48:40] [Render thread/DEBUG] (FabricLoader/Mixin) Mixing input.MixinKeyboard from mixins.malilib.json into net.minecraft.client.Keyboard
[15:48:40] [Render thread/DEBUG] (FabricLoader/Mixin) Mixing KeyboardMixin from fabric-screen-api-v1.mixins.json into net.minecraft.client.Keyboard
[15:48:40] [Render thread/DEBUG] (FabricLoader/Mixin) mixins.malilib.json:input.MixinKeyboard from mod malilib->@Inject::onKeyboardInput(JIIIILorg/spongepowered/asm/mixin/injection/callback/CallbackInfo;)V does use it's CallbackInfo
[15:48:40] [Render thread/DEBUG] (FabricLoader/Mixin) Mixing render.MixinGlBackend from mixins.malilib.json into net.minecraft.client.gl.GlBackend
[15:48:40] [Render thread/DEBUG] (FabricLoader/Mixin) mixins.malilib.json:render.MixinGlBackend from mod malilib->@Inject::malilib_onGlBackendInit(JIZLjava/util/function/BiFunction;ZLorg/spongepowered/asm/mixin/injection/callback/CallbackInfo;)V doesn't use it's CallbackInfo
[15:48:40] [Render thread/DEBUG] (FabricLoader/Mixin) mixins.malilib.json:render.MixinGlBackend from mod malilib->@Inject::malilib_onGlBackendInit(JIZLjava/util/function/BiFunction;ZLorg/spongepowered/asm/mixin/injection/callback/CallbackInfo;)V has 0 override(s) in child classes
[15:48:40] [Render thread/DEBUG] (FabricLoader/Mixin) mixins.malilib.json:render.MixinGlBackend from mod malilib->@Inject::malilib_onGlBackendInit(JIZLjava/util/function/BiFunction;ZLorg/spongepowered/asm/mixin/injection/callback/CallbackInfo;)V won't be passed a CallbackInfo as a result
[15:48:40] [Render thread/DEBUG] (FabricLoader/Mixin) Mixing render.IMixinBufferBuilder from mixins.malilib.json into net.minecraft.client.render.BufferBuilder
[15:48:40] [Render thread/DEBUG] (FabricLoader/Mixin) Mixing render.MixinBufferBuilder from mixins.litematica.json into net.minecraft.client.render.BufferBuilder
[15:48:40] [Render thread/INFO] (net.minecraft.client.MinecraftClient) Using optional rendering extensions: GL_ARB_buffer_storage, GL_KHR_debug, GL_ARB_vertex_attrib_binding, GL_ARB_direct_state_access
[15:48:40] [Render thread/DEBUG] (FabricLoader/Mixin) Mixing LifecycledResourceManagerImplMixin from fabric-resource-loader-v0.mixins.json into net.minecraft.resource.LifecycledResourceManagerImpl
[15:48:40] [Render thread/DEBUG] (FabricLoader/Mixin) fabric-resource-loader-v0.mixins.json:LifecycledResourceManagerImplMixin from mod fabric-resource-loader-v0->@Inject::init(Lnet/minecraft/resource/ResourceType;Ljava/util/List;Lorg/spongepowered/asm/mixin/injection/callback/CallbackInfo;)V doesn't use it's CallbackInfo
[15:48:40] [Render thread/DEBUG] (FabricLoader/Mixin) fabric-resource-loader-v0.mixins.json:LifecycledResourceManagerImplMixin from mod fabric-resource-loader-v0->@Inject::init(Lnet/minecraft/resource/ResourceType;Ljava/util/List;Lorg/spongepowered/asm/mixin/injection/callback/CallbackInfo;)V has 0 override(s) in child classes
[15:48:40] [Render thread/DEBUG] (FabricLoader/Mixin) fabric-resource-loader-v0.mixins.json:LifecycledResourceManagerImplMixin from mod fabric-resource-loader-v0->@Inject::init(Lnet/minecraft/resource/ResourceType;Ljava/util/List;Lorg/spongepowered/asm/mixin/injection/callback/CallbackInfo;)V won't be passed a CallbackInfo as a result
[15:48:40] [Render thread/DEBUG] (net.fabricmc.fabric.impl.resource.loader.ModResourcePackUtil) [Fabric] Starting internal pack sorting with: [vanilla, fabric, fabric-api, fabric-api-base, fabric-api-lookup-api-v1, fabric-biome-api-v1, fabric-block-api-v1, fabric-block-view-api-v2, fabric-client-gametest-api-v1, fabric-command-api-v2, fabric-content-registries-v0, fabric-convention-tags-v1, fabric-convention-tags-v2, fabric-crash-report-info-v1, fabric-data-attachment-api-v1, fabric-data-generation-api-v1, fabric-dimensions-v1, fabric-entity-events-v1, fabric-events-interaction-v0, fabric-game-rule-api-v1, fabric-gametest-api-v1, fabric-item-api-v1, fabric-item-group-api-v1, fabric-item-group-api-v1_programmer_art, fabric-key-binding-api-v1, fabric-lifecycle-events-v1, fabric-loot-api-v2, fabric-loot-api-v3, fabric-message-api-v1, fabric-model-loading-api-v1, fabric-networking-api-v1, fabric-object-builder-api-v1, fabric-particles-v1, fabric-recipe-api-v1, fabric-registry-sync-v0, fabric-renderer-api-v1, fabric-renderer-indigo, fabric-rendering-fluids-v1, fabric-rendering-v1, fabric-resource-conditions-api-v1, fabric-resource-loader-v0, fabric-screen-api-v1, fabric-screen-handler-api-v1, fabric-sound-api-v1, fabric-tag-api-v1, fabric-transfer-api-v1, fabric-transitive-access-wideners-v1, fabricloader, litematica, malilib, mm, techutils]
[15:48:40] [Render thread/DEBUG] (net.fabricmc.fabric.impl.resource.loader.ModResourcePackUtil) [Fabric] Removed all internal packs, result: [vanilla, fabric]
[15:48:40] [Render thread/DEBUG] (net.fabricmc.fabric.impl.resource.loader.ModResourcePackUtil) [Fabric] cur @ fabric, auto-enabled fabric-api, currently enabled: [vanilla, fabric, fabric-api]
[15:48:40] [Render thread/DEBUG] (net.fabricmc.fabric.impl.resource.loader.ModResourcePackUtil) [Fabric] cur @ fabric, auto-enabled fabric-api-base, currently enabled: [vanilla, fabric, fabric-api, fabric-api-base]
[15:48:40] [Render thread/DEBUG] (net.fabricmc.fabric.impl.resource.loader.ModResourcePackUtil) [Fabric] cur @ fabric, auto-enabled fabric-api-lookup-api-v1, currently enabled: [vanilla, fabric, fabric-api, fabric-api-base, fabric-api-lookup-api-v1]
[15:48:40] [Render thread/DEBUG] (net.fabricmc.fabric.impl.resource.loader.ModResourcePackUtil) [Fabric] cur @ fabric, auto-enabled fabric-biome-api-v1, currently enabled: [vanilla, fabric, fabric-api, fabric-api-base, fabric-api-lookup-api-v1, fabric-biome-api-v1]
[15:48:40] [Render thread/DEBUG] (net.fabricmc.fabric.impl.resource.loader.ModResourcePackUtil) [Fabric] cur @ fabric, auto-enabled fabric-block-api-v1, currently enabled: [vanilla, fabric, fabric-api, fabric-api-base, fabric-api-lookup-api-v1, fabric-biome-api-v1, fabric-block-api-v1]
[15:48:40] [Render thread/DEBUG] (net.fabricmc.fabric.impl.resource.loader.ModResourcePackUtil) [Fabric] cur @ fabric, auto-enabled fabric-block-view-api-v2, currently enabled: [vanilla, fabric, fabric-api, fabric-api-base, fabric-api-lookup-api-v1, fabric-biome-api-v1, fabric-block-api-v1, fabric-block-view-api-v2]
[15:48:40] [Render thread/DEBUG] (net.fabricmc.fabric.impl.resource.loader.ModResourcePackUtil) [Fabric] cur @ fabric, auto-enabled fabric-client-gametest-api-v1, currently enabled: [vanilla, fabric, fabric-api, fabric-api-base, fabric-api-lookup-api-v1, fabric-biome-api-v1, fabric-block-api-v1, fabric-block-view-api-v2, fabric-client-gametest-api-v1]
[15:48:40] [Render thread/DEBUG] (net.fabricmc.fabric.impl.resource.loader.ModResourcePackUtil) [Fabric] cur @ fabric, auto-enabled fabric-command-api-v2, currently enabled: [vanilla, fabric, fabric-api, fabric-api-base, fabric-api-lookup-api-v1, fabric-biome-api-v1, fabric-block-api-v1, fabric-block-view-api-v2, fabric-client-gametest-api-v1, fabric-command-api-v2]
[15:48:40] [Render thread/DEBUG] (net.fabricmc.fabric.impl.resource.loader.ModResourcePackUtil) [Fabric] cur @ fabric, auto-enabled fabric-content-registries-v0, currently enabled: [vanilla, fabric, fabric-api, fabric-api-base, fabric-api-lookup-api-v1, fabric-biome-api-v1, fabric-block-api-v1, fabric-block-view-api-v2, fabric-client-gametest-api-v1, fabric-command-api-v2, fabric-content-registries-v0]
[15:48:40] [Render thread/DEBUG] (net.fabricmc.fabric.impl.resource.loader.ModResourcePackUtil) [Fabric] cur @ fabric, auto-enabled fabric-convention-tags-v1, currently enabled: [vanilla, fabric, fabric-api, fabric-api-base, fabric-api-lookup-api-v1, fabric-biome-api-v1, fabric-block-api-v1, fabric-block-view-api-v2, fabric-client-gametest-api-v1, fabric-command-api-v2, fabric-content-registries-v0, fabric-convention-tags-v1]
[15:48:40] [Render thread/DEBUG] (net.fabricmc.fabric.impl.resource.loader.ModResourcePackUtil) [Fabric] cur @ fabric, auto-enabled fabric-convention-tags-v2, currently enabled: [vanilla, fabric, fabric-api, fabric-api-base, fabric-api-lookup-api-v1, fabric-biome-api-v1, fabric-block-api-v1, fabric-block-view-api-v2, fabric-client-gametest-api-v1, fabric-command-api-v2, fabric-content-registries-v0, fabric-convention-tags-v1, fabric-convention-tags-v2]
[15:48:40] [Render thread/DEBUG] (net.fabricmc.fabric.impl.resource.loader.ModResourcePackUtil) [Fabric] cur @ fabric, auto-enabled fabric-crash-report-info-v1, currently enabled: [vanilla, fabric, fabric-api, fabric-api-base, fabric-api-lookup-api-v1, fabric-biome-api-v1, fabric-block-api-v1, fabric-block-view-api-v2, fabric-client-gametest-api-v1, fabric-command-api-v2, fabric-content-registries-v0, fabric-convention-tags-v1, fabric-convention-tags-v2, fabric-crash-report-info-v1]
[15:48:40] [Render thread/DEBUG] (net.fabricmc.fabric.impl.resource.loader.ModResourcePackUtil) [Fabric] cur @ fabric, auto-enabled fabric-data-attachment-api-v1, currently enabled: [vanilla, fabric, fabric-api, fabric-api-base, fabric-api-lookup-api-v1, fabric-biome-api-v1, fabric-block-api-v1, fabric-block-view-api-v2, fabric-client-gametest-api-v1, fabric-command-api-v2, fabric-content-registries-v0, fabric-convention-tags-v1, fabric-convention-tags-v2, fabric-crash-report-info-v1, fabric-data-attachment-api-v1]
[15:48:40] [Render thread/DEBUG] (net.fabricmc.fabric.impl.resource.loader.ModResourcePackUtil) [Fabric] cur @ fabric, auto-enabled fabric-data-generation-api-v1, currently enabled: [vanilla, fabric, fabric-api, fabric-api-base, fabric-api-lookup-api-v1, fabric-biome-api-v1, fabric-block-api-v1, fabric-block-view-api-v2, fabric-client-gametest-api-v1, fabric-command-api-v2, fabric-content-registries-v0, fabric-convention-tags-v1, fabric-convention-tags-v2, fabric-crash-report-info-v1, fabric-data-attachment-api-v1, fabric-data-generation-api-v1]
[15:48:40] [Render thread/DEBUG] (net.fabricmc.fabric.impl.resource.loader.ModResourcePackUtil) [Fabric] cur @ fabric, auto-enabled fabric-dimensions-v1, currently enabled: [vanilla, fabric, fabric-api, fabric-api-base, fabric-api-lookup-api-v1, fabric-biome-api-v1, fabric-block-api-v1, fabric-block-view-api-v2, fabric-client-gametest-api-v1, fabric-command-api-v2, fabric-content-registries-v0, fabric-convention-tags-v1, fabric-convention-tags-v2, fabric-crash-report-info-v1, fabric-data-attachment-api-v1, fabric-data-generation-api-v1, fabric-dimensions-v1]
[15:48:40] [Render thread/DEBUG] (net.fabricmc.fabric.impl.resource.loader.ModResourcePackUtil) [Fabric] cur @ fabric, auto-enabled fabric-entity-events-v1, currently enabled: [vanilla, fabric, fabric-api, fabric-api-base, fabric-api-lookup-api-v1, fabric-biome-api-v1, fabric-block-api-v1, fabric-block-view-api-v2, fabric-client-gametest-api-v1, fabric-command-api-v2, fabric-content-registries-v0, fabric-convention-tags-v1, fabric-convention-tags-v2, fabric-crash-report-info-v1, fabric-data-attachment-api-v1, fabric-data-generation-api-v1, fabric-dimensions-v1, fabric-entity-events-v1]
[15:48:40] [Render thread/DEBUG] (net.fabricmc.fabric.impl.resource.loader.ModResourcePackUtil) [Fabric] cur @ fabric, auto-enabled fabric-events-interaction-v0, currently enabled: [vanilla, fabric, fabric-api, fabric-api-base, fabric-api-lookup-api-v1, fabric-biome-api-v1, fabric-block-api-v1, fabric-block-view-api-v2, fabric-client-gametest-api-v1, fabric-command-api-v2, fabric-content-registries-v0, fabric-convention-tags-v1, fabric-convention-tags-v2, fabric-crash-report-info-v1, fabric-data-attachment-api-v1, fabric-data-generation-api-v1, fabric-dimensions-v1, fabric-entity-events-v1, fabric-events-interaction-v0]
[15:48:40] [Render thread/DEBUG] (net.fabricmc.fabric.impl.resource.loader.ModResourcePackUtil) [Fabric] cur @ fabric, auto-enabled fabric-game-rule-api-v1, currently enabled: [vanilla, fabric, fabric-api, fabric-api-base, fabric-api-lookup-api-v1, fabric-biome-api-v1, fabric-block-api-v1, fabric-block-view-api-v2, fabric-client-gametest-api-v1, fabric-command-api-v2, fabric-content-registries-v0, fabric-convention-tags-v1, fabric-convention-tags-v2, fabric-crash-report-info-v1, fabric-data-attachment-api-v1, fabric-data-generation-api-v1, fabric-dimensions-v1, fabric-entity-events-v1, fabric-events-interaction-v0, fabric-game-rule-api-v1]
[15:48:40] [Render thread/DEBUG] (net.fabricmc.fabric.impl.resource.loader.ModResourcePackUtil) [Fabric] cur @ fabric, auto-enabled fabric-gametest-api-v1, currently enabled: [vanilla, fabric, fabric-api, fabric-api-base, fabric-api-lookup-api-v1, fabric-biome-api-v1, fabric-block-api-v1, fabric-block-view-api-v2, fabric-client-gametest-api-v1, fabric-command-api-v2, fabric-content-registries-v0, fabric-convention-tags-v1, fabric-convention-tags-v2, fabric-crash-report-info-v1, fabric-data-attachment-api-v1, fabric-data-generation-api-v1, fabric-dimensions-v1, fabric-entity-events-v1, fabric-events-interaction-v0, fabric-game-rule-api-v1, fabric-gametest-api-v1]
[15:48:40] [Render thread/DEBUG] (net.fabricmc.fabric.impl.resource.loader.ModResourcePackUtil) [Fabric] cur @ fabric, auto-enabled fabric-item-api-v1, currently enabled: [vanilla, fabric, fabric-api, fabric-api-base, fabric-api-lookup-api-v1, fabric-biome-api-v1, fabric-block-api-v1, fabric-block-view-api-v2, fabric-client-gametest-api-v1, fabric-command-api-v2, fabric-content-registries-v0, fabric-convention-tags-v1, fabric-convention-tags-v2, fabric-crash-report-info-v1, fabric-data-attachment-api-v1, fabric-data-generation-api-v1, fabric-dimensions-v1, fabric-entity-events-v1, fabric-events-interaction-v0, fabric-game-rule-api-v1, fabric-gametest-api-v1, fabric-item-api-v1]
[15:48:40] [Render thread/DEBUG] (net.fabricmc.fabric.impl.resource.loader.ModResourcePackUtil) [Fabric] cur @ fabric, auto-enabled fabric-item-group-api-v1, currently enabled: [vanilla, fabric, fabric-api, fabric-api-base, fabric-api-lookup-api-v1, fabric-biome-api-v1, fabric-block-api-v1, fabric-block-view-api-v2, fabric-client-gametest-api-v1, fabric-command-api-v2, fabric-content-registries-v0, fabric-convention-tags-v1, fabric-convention-tags-v2, fabric-crash-report-info-v1, fabric-data-attachment-api-v1, fabric-data-generation-api-v1, fabric-dimensions-v1, fabric-entity-events-v1, fabric-events-interaction-v0, fabric-game-rule-api-v1, fabric-gametest-api-v1, fabric-item-api-v1, fabric-item-group-api-v1]
[15:48:40] [Render thread/DEBUG] (net.fabricmc.fabric.impl.resource.loader.ModResourcePackUtil) [Fabric] cur @ fabric, auto-enabled fabric-key-binding-api-v1, currently enabled: [vanilla, fabric, fabric-api, fabric-api-base, fabric-api-lookup-api-v1, fabric-biome-api-v1, fabric-block-api-v1, fabric-block-view-api-v2, fabric-client-gametest-api-v1, fabric-command-api-v2, fabric-content-registries-v0, fabric-convention-tags-v1, fabric-convention-tags-v2, fabric-crash-report-info-v1, fabric-data-attachment-api-v1, fabric-data-generation-api-v1, fabric-dimensions-v1, fabric-entity-events-v1, fabric-events-interaction-v0, fabric-game-rule-api-v1, fabric-gametest-api-v1, fabric-item-api-v1, fabric-item-group-api-v1, fabric-key-binding-api-v1]
[15:48:40] [Render thread/DEBUG] (net.fabricmc.fabric.impl.resource.loader.ModResourcePackUtil) [Fabric] cur @ fabric, auto-enabled fabric-lifecycle-events-v1, currently enabled: [vanilla, fabric, fabric-api, fabric-api-base, fabric-api-lookup-api-v1, fabric-biome-api-v1, fabric-block-api-v1, fabric-block-view-api-v2, fabric-client-gametest-api-v1, fabric-command-api-v2, fabric-content-registries-v0, fabric-convention-tags-v1, fabric-convention-tags-v2, fabric-crash-report-info-v1, fabric-data-attachment-api-v1, fabric-data-generation-api-v1, fabric-dimensions-v1, fabric-entity-events-v1, fabric-events-interaction-v0, fabric-game-rule-api-v1, fabric-gametest-api-v1, fabric-item-api-v1, fabric-item-group-api-v1, fabric-key-binding-api-v1, fabric-lifecycle-events-v1]
[15:48:40] [Render thread/DEBUG] (net.fabricmc.fabric.impl.resource.loader.ModResourcePackUtil) [Fabric] cur @ fabric, auto-enabled fabric-loot-api-v2, currently enabled: [vanilla, fabric, fabric-api, fabric-api-base, fabric-api-lookup-api-v1, fabric-biome-api-v1, fabric-block-api-v1, fabric-block-view-api-v2, fabric-client-gametest-api-v1, fabric-command-api-v2, fabric-content-registries-v0, fabric-convention-tags-v1, fabric-convention-tags-v2, fabric-crash-report-info-v1, fabric-data-attachment-api-v1, fabric-data-generation-api-v1, fabric-dimensions-v1, fabric-entity-events-v1, fabric-events-interaction-v0, fabric-game-rule-api-v1, fabric-gametest-api-v1, fabric-item-api-v1, fabric-item-group-api-v1, fabric-key-binding-api-v1, fabric-lifecycle-events-v1, fabric-loot-api-v2]
[15:48:40] [Render thread/DEBUG] (net.fabricmc.fabric.impl.resource.loader.ModResourcePackUtil) [Fabric] cur @ fabric, auto-enabled fabric-loot-api-v3, currently enabled: [vanilla, fabric, fabric-api, fabric-api-base, fabric-api-lookup-api-v1, fabric-biome-api-v1, fabric-block-api-v1, fabric-block-view-api-v2, fabric-client-gametest-api-v1, fabric-command-api-v2, fabric-content-registries-v0, fabric-convention-tags-v1, fabric-convention-tags-v2, fabric-crash-report-info-v1, fabric-data-attachment-api-v1, fabric-data-generation-api-v1, fabric-dimensions-v1, fabric-entity-events-v1, fabric-events-interaction-v0, fabric-game-rule-api-v1, fabric-gametest-api-v1, fabric-item-api-v1, fabric-item-group-api-v1, fabric-key-binding-api-v1, fabric-lifecycle-events-v1, fabric-loot-api-v2, fabric-loot-api-v3]
[15:48:40] [Render thread/DEBUG] (net.fabricmc.fabric.impl.resource.loader.ModResourcePackUtil) [Fabric] cur @ fabric, auto-enabled fabric-message-api-v1, currently enabled: [vanilla, fabric, fabric-api, fabric-api-base, fabric-api-lookup-api-v1, fabric-biome-api-v1, fabric-block-api-v1, fabric-block-view-api-v2, fabric-client-gametest-api-v1, fabric-command-api-v2, fabric-content-registries-v0, fabric-convention-tags-v1, fabric-convention-tags-v2, fabric-crash-report-info-v1, fabric-data-attachment-api-v1, fabric-data-generation-api-v1, fabric-dimensions-v1, fabric-entity-events-v1, fabric-events-interaction-v0, fabric-game-rule-api-v1, fabric-gametest-api-v1, fabric-item-api-v1, fabric-item-group-api-v1, fabric-key-binding-api-v1, fabric-lifecycle-events-v1, fabric-loot-api-v2, fabric-loot-api-v3, fabric-message-api-v1]
[15:48:40] [Render thread/DEBUG] (net.fabricmc.fabric.impl.resource.loader.ModResourcePackUtil) [Fabric] cur @ fabric, auto-enabled fabric-model-loading-api-v1, currently enabled: [vanilla, fabric, fabric-api, fabric-api-base, fabric-api-lookup-api-v1, fabric-biome-api-v1, fabric-block-api-v1, fabric-block-view-api-v2, fabric-client-gametest-api-v1, fabric-command-api-v2, fabric-content-registries-v0, fabric-convention-tags-v1, fabric-convention-tags-v2, fabric-crash-report-info-v1, fabric-data-attachment-api-v1, fabric-data-generation-api-v1, fabric-dimensions-v1, fabric-entity-events-v1, fabric-events-interaction-v0, fabric-game-rule-api-v1, fabric-gametest-api-v1, fabric-item-api-v1, fabric-item-group-api-v1, fabric-key-binding-api-v1, fabric-lifecycle-events-v1, fabric-loot-api-v2, fabric-loot-api-v3, fabric-message-api-v1, fabric-model-loading-api-v1]
[15:48:40] [Render thread/DEBUG] (net.fabricmc.fabric.impl.resource.loader.ModResourcePackUtil) [Fabric] cur @ fabric, auto-enabled fabric-networking-api-v1, currently enabled: [vanilla, fabric, fabric-api, fabric-api-base, fabric-api-lookup-api-v1, fabric-biome-api-v1, fabric-block-api-v1, fabric-block-view-api-v2, fabric-client-gametest-api-v1, fabric-command-api-v2, fabric-content-registries-v0, fabric-convention-tags-v1, fabric-convention-tags-v2, fabric-crash-report-info-v1, fabric-data-attachment-api-v1, fabric-data-generation-api-v1, fabric-dimensions-v1, fabric-entity-events-v1, fabric-events-interaction-v0, fabric-game-rule-api-v1, fabric-gametest-api-v1, fabric-item-api-v1, fabric-item-group-api-v1, fabric-key-binding-api-v1, fabric-lifecycle-events-v1, fabric-loot-api-v2, fabric-loot-api-v3, fabric-message-api-v1, fabric-model-loading-api-v1, fabric-networking-api-v1]
[15:48:40] [Render thread/DEBUG] (net.fabricmc.fabric.impl.resource.loader.ModResourcePackUtil) [Fabric] cur @ fabric, auto-enabled fabric-object-builder-api-v1, currently enabled: [vanilla, fabric, fabric-api, fabric-api-base, fabric-api-lookup-api-v1, fabric-biome-api-v1, fabric-block-api-v1, fabric-block-view-api-v2, fabric-client-gametest-api-v1, fabric-command-api-v2, fabric-content-registries-v0, fabric-convention-tags-v1, fabric-convention-tags-v2, fabric-crash-report-info-v1, fabric-data-attachment-api-v1, fabric-data-generation-api-v1, fabric-dimensions-v1, fabric-entity-events-v1, fabric-events-interaction-v0, fabric-game-rule-api-v1, fabric-gametest-api-v1, fabric-item-api-v1, fabric-item-group-api-v1, fabric-key-binding-api-v1, fabric-lifecycle-events-v1, fabric-loot-api-v2, fabric-loot-api-v3, fabric-message-api-v1, fabric-model-loading-api-v1, fabric-networking-api-v1, fabric-object-builder-api-v1]
[15:48:40] [Render thread/DEBUG] (net.fabricmc.fabric.impl.resource.loader.ModResourcePackUtil) [Fabric] cur @ fabric, auto-enabled fabric-particles-v1, currently enabled: [vanilla, fabric, fabric-api, fabric-api-base, fabric-api-lookup-api-v1, fabric-biome-api-v1, fabric-block-api-v1, fabric-block-view-api-v2, fabric-client-gametest-api-v1, fabric-command-api-v2, fabric-content-registries-v0, fabric-convention-tags-v1, fabric-convention-tags-v2, fabric-crash-report-info-v1, fabric-data-attachment-api-v1, fabric-data-generation-api-v1, fabric-dimensions-v1, fabric-entity-events-v1, fabric-events-interaction-v0, fabric-game-rule-api-v1, fabric-gametest-api-v1, fabric-item-api-v1, fabric-item-group-api-v1, fabric-key-binding-api-v1, fabric-lifecycle-events-v1, fabric-loot-api-v2, fabric-loot-api-v3, fabric-message-api-v1, fabric-model-loading-api-v1, fabric-networking-api-v1, fabric-object-builder-api-v1, fabric-particles-v1]
[15:48:40] [Render thread/DEBUG] (net.fabricmc.fabric.impl.resource.loader.ModResourcePackUtil) [Fabric] cur @ fabric, auto-enabled fabric-recipe-api-v1, currently enabled: [vanilla, fabric, fabric-api, fabric-api-base, fabric-api-lookup-api-v1, fabric-biome-api-v1, fabric-block-api-v1, fabric-block-view-api-v2, fabric-client-gametest-api-v1, fabric-command-api-v2, fabric-content-registries-v0, fabric-convention-tags-v1, fabric-convention-tags-v2, fabric-crash-report-info-v1, fabric-data-attachment-api-v1, fabric-data-generation-api-v1, fabric-dimensions-v1, fabric-entity-events-v1, fabric-events-interaction-v0, fabric-game-rule-api-v1, fabric-gametest-api-v1, fabric-item-api-v1, fabric-item-group-api-v1, fabric-key-binding-api-v1, fabric-lifecycle-events-v1, fabric-loot-api-v2, fabric-loot-api-v3, fabric-message-api-v1, fabric-model-loading-api-v1, fabric-networking-api-v1, fabric-object-builder-api-v1, fabric-particles-v1, fabric-recipe-api-v1]
[15:48:40] [Render thread/DEBUG] (net.fabricmc.fabric.impl.resource.loader.ModResourcePackUtil) [Fabric] cur @ fabric, auto-enabled fabric-registry-sync-v0, currently enabled: [vanilla, fabric, fabric-api, fabric-api-base, fabric-api-lookup-api-v1, fabric-biome-api-v1, fabric-block-api-v1, fabric-block-view-api-v2, fabric-client-gametest-api-v1, fabric-command-api-v2, fabric-content-registries-v0, fabric-convention-tags-v1, fabric-convention-tags-v2, fabric-crash-report-info-v1, fabric-data-attachment-api-v1, fabric-data-generation-api-v1, fabric-dimensions-v1, fabric-entity-events-v1, fabric-events-interaction-v0, fabric-game-rule-api-v1, fabric-gametest-api-v1, fabric-item-api-v1, fabric-item-group-api-v1, fabric-key-binding-api-v1, fabric-lifecycle-events-v1, fabric-loot-api-v2, fabric-loot-api-v3, fabric-message-api-v1, fabric-model-loading-api-v1, fabric-networking-api-v1, fabric-object-builder-api-v1, fabric-particles-v1, fabric-recipe-api-v1, fabric-registry-sync-v0]
[15:48:40] [Render thread/DEBUG] (net.fabricmc.fabric.impl.resource.loader.ModResourcePackUtil) [Fabric] cur @ fabric, auto-enabled fabric-renderer-api-v1, currently enabled: [vanilla, fabric, fabric-api, fabric-api-base, fabric-api-lookup-api-v1, fabric-biome-api-v1, fabric-block-api-v1, fabric-block-view-api-v2, fabric-client-gametest-api-v1, fabric-command-api-v2, fabric-content-registries-v0, fabric-convention-tags-v1, fabric-convention-tags-v2, fabric-crash-report-info-v1, fabric-data-attachment-api-v1, fabric-data-generation-api-v1, fabric-dimensions-v1, fabric-entity-events-v1, fabric-events-interaction-v0, fabric-game-rule-api-v1, fabric-gametest-api-v1, fabric-item-api-v1, fabric-item-group-api-v1, fabric-key-binding-api-v1, fabric-lifecycle-events-v1, fabric-loot-api-v2, fabric-loot-api-v3, fabric-message-api-v1, fabric-model-loading-api-v1, fabric-networking-api-v1, fabric-object-builder-api-v1, fabric-particles-v1, fabric-recipe-api-v1, fabric-registry-sync-v0, fabric-renderer-api-v1]
[15:48:40] [Render thread/DEBUG] (net.fabricmc.fabric.impl.resource.loader.ModResourcePackUtil) [Fabric] cur @ fabric, auto-enabled fabric-renderer-indigo, currently enabled: [vanilla, fabric, fabric-api, fabric-api-base, fabric-api-lookup-api-v1, fabric-biome-api-v1, fabric-block-api-v1, fabric-block-view-api-v2, fabric-client-gametest-api-v1, fabric-command-api-v2, fabric-content-registries-v0, fabric-convention-tags-v1, fabric-convention-tags-v2, fabric-crash-report-info-v1, fabric-data-attachment-api-v1, fabric-data-generation-api-v1, fabric-dimensions-v1, fabric-entity-events-v1, fabric-events-interaction-v0, fabric-game-rule-api-v1, fabric-gametest-api-v1, fabric-item-api-v1, fabric-item-group-api-v1, fabric-key-binding-api-v1, fabric-lifecycle-events-v1, fabric-loot-api-v2, fabric-loot-api-v3, fabric-message-api-v1, fabric-model-loading-api-v1, fabric-networking-api-v1, fabric-object-builder-api-v1, fabric-particles-v1, fabric-recipe-api-v1, fabric-registry-sync-v0, fabric-renderer-api-v1, fabric-renderer-indigo]
[15:48:40] [Render thread/DEBUG] (net.fabricmc.fabric.impl.resource.loader.ModResourcePackUtil) [Fabric] cur @ fabric, auto-enabled fabric-rendering-fluids-v1, currently enabled: [vanilla, fabric, fabric-api, fabric-api-base, fabric-api-lookup-api-v1, fabric-biome-api-v1, fabric-block-api-v1, fabric-block-view-api-v2, fabric-client-gametest-api-v1, fabric-command-api-v2, fabric-content-registries-v0, fabric-convention-tags-v1, fabric-convention-tags-v2, fabric-crash-report-info-v1, fabric-data-attachment-api-v1, fabric-data-generation-api-v1, fabric-dimensions-v1, fabric-entity-events-v1, fabric-events-interaction-v0, fabric-game-rule-api-v1, fabric-gametest-api-v1, fabric-item-api-v1, fabric-item-group-api-v1, fabric-key-binding-api-v1, fabric-lifecycle-events-v1, fabric-loot-api-v2, fabric-loot-api-v3, fabric-message-api-v1, fabric-model-loading-api-v1, fabric-networking-api-v1, fabric-object-builder-api-v1, fabric-particles-v1, fabric-recipe-api-v1, fabric-registry-sync-v0, fabric-renderer-api-v1, fabric-renderer-indigo, fabric-rendering-fluids-v1]
[15:48:40] [Render thread/DEBUG] (net.fabricmc.fabric.impl.resource.loader.ModResourcePackUtil) [Fabric] cur @ fabric, auto-enabled fabric-rendering-v1, currently enabled: [vanilla, fabric, fabric-api, fabric-api-base, fabric-api-lookup-api-v1, fabric-biome-api-v1, fabric-block-api-v1, fabric-block-view-api-v2, fabric-client-gametest-api-v1, fabric-command-api-v2, fabric-content-registries-v0, fabric-convention-tags-v1, fabric-convention-tags-v2, fabric-crash-report-info-v1, fabric-data-attachment-api-v1, fabric-data-generation-api-v1, fabric-dimensions-v1, fabric-entity-events-v1, fabric-events-interaction-v0, fabric-game-rule-api-v1, fabric-gametest-api-v1, fabric-item-api-v1, fabric-item-group-api-v1, fabric-key-binding-api-v1, fabric-lifecycle-events-v1, fabric-loot-api-v2, fabric-loot-api-v3, fabric-message-api-v1, fabric-model-loading-api-v1, fabric-networking-api-v1, fabric-object-builder-api-v1, fabric-particles-v1, fabric-recipe-api-v1, fabric-registry-sync-v0, fabric-renderer-api-v1, fabric-renderer-indigo, fabric-rendering-fluids-v1, fabric-rendering-v1]
[15:48:40] [Render thread/DEBUG] (net.fabricmc.fabric.impl.resource.loader.ModResourcePackUtil) [Fabric] cur @ fabric, auto-enabled fabric-resource-conditions-api-v1, currently enabled: [vanilla, fabric, fabric-api, fabric-api-base, fabric-api-lookup-api-v1, fabric-biome-api-v1, fabric-block-api-v1, fabric-block-view-api-v2, fabric-client-gametest-api-v1, fabric-command-api-v2, fabric-content-registries-v0, fabric-convention-tags-v1, fabric-convention-tags-v2, fabric-crash-report-info-v1, fabric-data-attachment-api-v1, fabric-data-generation-api-v1, fabric-dimensions-v1, fabric-entity-events-v1, fabric-events-interaction-v0, fabric-game-rule-api-v1, fabric-gametest-api-v1, fabric-item-api-v1, fabric-item-group-api-v1, fabric-key-binding-api-v1, fabric-lifecycle-events-v1, fabric-loot-api-v2, fabric-loot-api-v3, fabric-message-api-v1, fabric-model-loading-api-v1, fabric-networking-api-v1, fabric-object-builder-api-v1, fabric-particles-v1, fabric-recipe-api-v1, fabric-registry-sync-v0, fabric-renderer-api-v1, fabric-renderer-indigo, fabric-rendering-fluids-v1, fabric-rendering-v1, fabric-resource-conditions-api-v1]
[15:48:40] [Render thread/DEBUG] (net.fabricmc.fabric.impl.resource.loader.ModResourcePackUtil) [Fabric] cur @ fabric, auto-enabled fabric-resource-loader-v0, currently enabled: [vanilla, fabric, fabric-api, fabric-api-base, fabric-api-lookup-api-v1, fabric-biome-api-v1, fabric-block-api-v1, fabric-block-view-api-v2, fabric-client-gametest-api-v1, fabric-command-api-v2, fabric-content-registries-v0, fabric-convention-tags-v1, fabric-convention-tags-v2, fabric-crash-report-info-v1, fabric-data-attachment-api-v1, fabric-data-generation-api-v1, fabric-dimensions-v1, fabric-entity-events-v1, fabric-events-interaction-v0, fabric-game-rule-api-v1, fabric-gametest-api-v1, fabric-item-api-v1, fabric-item-group-api-v1, fabric-key-binding-api-v1, fabric-lifecycle-events-v1, fabric-loot-api-v2, fabric-loot-api-v3, fabric-message-api-v1, fabric-model-loading-api-v1, fabric-networking-api-v1, fabric-object-builder-api-v1, fabric-particles-v1, fabric-recipe-api-v1, fabric-registry-sync-v0, fabric-renderer-api-v1, fabric-renderer-indigo, fabric-rendering-fluids-v1, fabric-rendering-v1, fabric-resource-conditions-api-v1, fabric-resource-loader-v0]
[15:48:40] [Render thread/DEBUG] (net.fabricmc.fabric.impl.resource.loader.ModResourcePackUtil) [Fabric] cur @ fabric, auto-enabled fabric-screen-api-v1, currently enabled: [vanilla, fabric, fabric-api, fabric-api-base, fabric-api-lookup-api-v1, fabric-biome-api-v1, fabric-block-api-v1, fabric-block-view-api-v2, fabric-client-gametest-api-v1, fabric-command-api-v2, fabric-content-registries-v0, fabric-convention-tags-v1, fabric-convention-tags-v2, fabric-crash-report-info-v1, fabric-data-attachment-api-v1, fabric-data-generation-api-v1, fabric-dimensions-v1, fabric-entity-events-v1, fabric-events-interaction-v0, fabric-game-rule-api-v1, fabric-gametest-api-v1, fabric-item-api-v1, fabric-item-group-api-v1, fabric-key-binding-api-v1, fabric-lifecycle-events-v1, fabric-loot-api-v2, fabric-loot-api-v3, fabric-message-api-v1, fabric-model-loading-api-v1, fabric-networking-api-v1, fabric-object-builder-api-v1, fabric-particles-v1, fabric-recipe-api-v1, fabric-registry-sync-v0, fabric-renderer-api-v1, fabric-renderer-indigo, fabric-rendering-fluids-v1, fabric-rendering-v1, fabric-resource-conditions-api-v1, fabric-resource-loader-v0, fabric-screen-api-v1]
[15:48:40] [Render thread/DEBUG] (net.fabricmc.fabric.impl.resource.loader.ModResourcePackUtil) [Fabric] cur @ fabric, auto-enabled fabric-screen-handler-api-v1, currently enabled: [vanilla, fabric, fabric-api, fabric-api-base, fabric-api-lookup-api-v1, fabric-biome-api-v1, fabric-block-api-v1, fabric-block-view-api-v2, fabric-client-gametest-api-v1, fabric-command-api-v2, fabric-content-registries-v0, fabric-convention-tags-v1, fabric-convention-tags-v2, fabric-crash-report-info-v1, fabric-data-attachment-api-v1, fabric-data-generation-api-v1, fabric-dimensions-v1, fabric-entity-events-v1, fabric-events-interaction-v0, fabric-game-rule-api-v1, fabric-gametest-api-v1, fabric-item-api-v1, fabric-item-group-api-v1, fabric-key-binding-api-v1, fabric-lifecycle-events-v1, fabric-loot-api-v2, fabric-loot-api-v3, fabric-message-api-v1, fabric-model-loading-api-v1, fabric-networking-api-v1, fabric-object-builder-api-v1, fabric-particles-v1, fabric-recipe-api-v1, fabric-registry-sync-v0, fabric-renderer-api-v1, fabric-renderer-indigo, fabric-rendering-fluids-v1, fabric-rendering-v1, fabric-resource-conditions-api-v1, fabric-resource-loader-v0, fabric-screen-api-v1, fabric-screen-handler-api-v1]
[15:48:40] [Render thread/DEBUG] (net.fabricmc.fabric.impl.resource.loader.ModResourcePackUtil) [Fabric] cur @ fabric, auto-enabled fabric-sound-api-v1, currently enabled: [vanilla, fabric, fabric-api, fabric-api-base, fabric-api-lookup-api-v1, fabric-biome-api-v1, fabric-block-api-v1, fabric-block-view-api-v2, fabric-client-gametest-api-v1, fabric-command-api-v2, fabric-content-registries-v0, fabric-convention-tags-v1, fabric-convention-tags-v2, fabric-crash-report-info-v1, fabric-data-attachment-api-v1, fabric-data-generation-api-v1, fabric-dimensions-v1, fabric-entity-events-v1, fabric-events-interaction-v0, fabric-game-rule-api-v1, fabric-gametest-api-v1, fabric-item-api-v1, fabric-item-group-api-v1, fabric-key-binding-api-v1, fabric-lifecycle-events-v1, fabric-loot-api-v2, fabric-loot-api-v3, fabric-message-api-v1, fabric-model-loading-api-v1, fabric-networking-api-v1, fabric-object-builder-api-v1, fabric-particles-v1, fabric-recipe-api-v1, fabric-registry-sync-v0, fabric-renderer-api-v1, fabric-renderer-indigo, fabric-rendering-fluids-v1, fabric-rendering-v1, fabric-resource-conditions-api-v1, fabric-resource-loader-v0, fabric-screen-api-v1, fabric-screen-handler-api-v1, fabric-sound-api-v1]
[15:48:40] [Render thread/DEBUG] (net.fabricmc.fabric.impl.resource.loader.ModResourcePackUtil) [Fabric] cur @ fabric, auto-enabled fabric-tag-api-v1, currently enabled: [vanilla, fabric, fabric-api, fabric-api-base, fabric-api-lookup-api-v1, fabric-biome-api-v1, fabric-block-api-v1, fabric-block-view-api-v2, fabric-client-gametest-api-v1, fabric-command-api-v2, fabric-content-registries-v0, fabric-convention-tags-v1, fabric-convention-tags-v2, fabric-crash-report-info-v1, fabric-data-attachment-api-v1, fabric-data-generation-api-v1, fabric-dimensions-v1, fabric-entity-events-v1, fabric-events-interaction-v0, fabric-game-rule-api-v1, fabric-gametest-api-v1, fabric-item-api-v1, fabric-item-group-api-v1, fabric-key-binding-api-v1, fabric-lifecycle-events-v1, fabric-loot-api-v2, fabric-loot-api-v3, fabric-message-api-v1, fabric-model-loading-api-v1, fabric-networking-api-v1, fabric-object-builder-api-v1, fabric-particles-v1, fabric-recipe-api-v1, fabric-registry-sync-v0, fabric-renderer-api-v1, fabric-renderer-indigo, fabric-rendering-fluids-v1, fabric-rendering-v1, fabric-resource-conditions-api-v1, fabric-resource-loader-v0, fabric-screen-api-v1, fabric-screen-handler-api-v1, fabric-sound-api-v1, fabric-tag-api-v1]
[15:48:40] [Render thread/DEBUG] (net.fabricmc.fabric.impl.resource.loader.ModResourcePackUtil) [Fabric] cur @ fabric, auto-enabled fabric-transfer-api-v1, currently enabled: [vanilla, fabric, fabric-api, fabric-api-base, fabric-api-lookup-api-v1, fabric-biome-api-v1, fabric-block-api-v1, fabric-block-view-api-v2, fabric-client-gametest-api-v1, fabric-command-api-v2, fabric-content-registries-v0, fabric-convention-tags-v1, fabric-convention-tags-v2, fabric-crash-report-info-v1, fabric-data-attachment-api-v1, fabric-data-generation-api-v1, fabric-dimensions-v1, fabric-entity-events-v1, fabric-events-interaction-v0, fabric-game-rule-api-v1, fabric-gametest-api-v1, fabric-item-api-v1, fabric-item-group-api-v1, fabric-key-binding-api-v1, fabric-lifecycle-events-v1, fabric-loot-api-v2, fabric-loot-api-v3, fabric-message-api-v1, fabric-model-loading-api-v1, fabric-networking-api-v1, fabric-object-builder-api-v1, fabric-particles-v1, fabric-recipe-api-v1, fabric-registry-sync-v0, fabric-renderer-api-v1, fabric-renderer-indigo, fabric-rendering-fluids-v1, fabric-rendering-v1, fabric-resource-conditions-api-v1, fabric-resource-loader-v0, fabric-screen-api-v1, fabric-screen-handler-api-v1, fabric-sound-api-v1, fabric-tag-api-v1, fabric-transfer-api-v1]
[15:48:40] [Render thread/DEBUG] (net.fabricmc.fabric.impl.resource.loader.ModResourcePackUtil) [Fabric] cur @ fabric, auto-enabled fabric-transitive-access-wideners-v1, currently enabled: [vanilla, fabric, fabric-api, fabric-api-base, fabric-api-lookup-api-v1, fabric-biome-api-v1, fabric-block-api-v1, fabric-block-view-api-v2, fabric-client-gametest-api-v1, fabric-command-api-v2, fabric-content-registries-v0, fabric-convention-tags-v1, fabric-convention-tags-v2, fabric-crash-report-info-v1, fabric-data-attachment-api-v1, fabric-data-generation-api-v1, fabric-dimensions-v1, fabric-entity-events-v1, fabric-events-interaction-v0, fabric-game-rule-api-v1, fabric-gametest-api-v1, fabric-item-api-v1, fabric-item-group-api-v1, fabric-key-binding-api-v1, fabric-lifecycle-events-v1, fabric-loot-api-v2, fabric-loot-api-v3, fabric-message-api-v1, fabric-model-loading-api-v1, fabric-networking-api-v1, fabric-object-builder-api-v1, fabric-particles-v1, fabric-recipe-api-v1, fabric-registry-sync-v0, fabric-renderer-api-v1, fabric-renderer-indigo, fabric-rendering-fluids-v1, fabric-rendering-v1, fabric-resource-conditions-api-v1, fabric-resource-loader-v0, fabric-screen-api-v1, fabric-screen-handler-api-v1, fabric-sound-api-v1, fabric-tag-api-v1, fabric-transfer-api-v1, fabric-transitive-access-wideners-v1]
[15:48:40] [Render thread/DEBUG] (net.fabricmc.fabric.impl.resource.loader.ModResourcePackUtil) [Fabric] cur @ fabric, auto-enabled fabricloader, currently enabled: [vanilla, fabric, fabric-api, fabric-api-base, fabric-api-lookup-api-v1, fabric-biome-api-v1, fabric-block-api-v1, fabric-block-view-api-v2, fabric-client-gametest-api-v1, fabric-command-api-v2, fabric-content-registries-v0, fabric-convention-tags-v1, fabric-convention-tags-v2, fabric-crash-report-info-v1, fabric-data-attachment-api-v1, fabric-data-generation-api-v1, fabric-dimensions-v1, fabric-entity-events-v1, fabric-events-interaction-v0, fabric-game-rule-api-v1, fabric-gametest-api-v1, fabric-item-api-v1, fabric-item-group-api-v1, fabric-key-binding-api-v1, fabric-lifecycle-events-v1, fabric-loot-api-v2, fabric-loot-api-v3, fabric-message-api-v1, fabric-model-loading-api-v1, fabric-networking-api-v1, fabric-object-builder-api-v1, fabric-particles-v1, fabric-recipe-api-v1, fabric-registry-sync-v0, fabric-renderer-api-v1, fabric-renderer-indigo, fabric-rendering-fluids-v1, fabric-rendering-v1, fabric-resource-conditions-api-v1, fabric-resource-loader-v0, fabric-screen-api-v1, fabric-screen-handler-api-v1, fabric-sound-api-v1, fabric-tag-api-v1, fabric-transfer-api-v1, fabric-transitive-access-wideners-v1, fabricloader]
[15:48:40] [Render thread/DEBUG] (net.fabricmc.fabric.impl.resource.loader.ModResourcePackUtil) [Fabric] cur @ fabric, auto-enabled litematica, currently enabled: [vanilla, fabric, fabric-api, fabric-api-base, fabric-api-lookup-api-v1, fabric-biome-api-v1, fabric-block-api-v1, fabric-block-view-api-v2, fabric-client-gametest-api-v1, fabric-command-api-v2, fabric-content-registries-v0, fabric-convention-tags-v1, fabric-convention-tags-v2, fabric-crash-report-info-v1, fabric-data-attachment-api-v1, fabric-data-generation-api-v1, fabric-dimensions-v1, fabric-entity-events-v1, fabric-events-interaction-v0, fabric-game-rule-api-v1, fabric-gametest-api-v1, fabric-item-api-v1, fabric-item-group-api-v1, fabric-key-binding-api-v1, fabric-lifecycle-events-v1, fabric-loot-api-v2, fabric-loot-api-v3, fabric-message-api-v1, fabric-model-loading-api-v1, fabric-networking-api-v1, fabric-object-builder-api-v1, fabric-particles-v1, fabric-recipe-api-v1, fabric-registry-sync-v0, fabric-renderer-api-v1, fabric-renderer-indigo, fabric-rendering-fluids-v1, fabric-rendering-v1, fabric-resource-conditions-api-v1, fabric-resource-loader-v0, fabric-screen-api-v1, fabric-screen-handler-api-v1, fabric-sound-api-v1, fabric-tag-api-v1, fabric-transfer-api-v1, fabric-transitive-access-wideners-v1, fabricloader, litematica]
[15:48:40] [Render thread/DEBUG] (net.fabricmc.fabric.impl.resource.loader.ModResourcePackUtil) [Fabric] cur @ fabric, auto-enabled malilib, currently enabled: [vanilla, fabric, fabric-api, fabric-api-base, fabric-api-lookup-api-v1, fabric-biome-api-v1, fabric-block-api-v1, fabric-block-view-api-v2, fabric-client-gametest-api-v1, fabric-command-api-v2, fabric-content-registries-v0, fabric-convention-tags-v1, fabric-convention-tags-v2, fabric-crash-report-info-v1, fabric-data-attachment-api-v1, fabric-data-generation-api-v1, fabric-dimensions-v1, fabric-entity-events-v1, fabric-events-interaction-v0, fabric-game-rule-api-v1, fabric-gametest-api-v1, fabric-item-api-v1, fabric-item-group-api-v1, fabric-key-binding-api-v1, fabric-lifecycle-events-v1, fabric-loot-api-v2, fabric-loot-api-v3, fabric-message-api-v1, fabric-model-loading-api-v1, fabric-networking-api-v1, fabric-object-builder-api-v1, fabric-particles-v1, fabric-recipe-api-v1, fabric-registry-sync-v0, fabric-renderer-api-v1, fabric-renderer-indigo, fabric-rendering-fluids-v1, fabric-rendering-v1, fabric-resource-conditions-api-v1, fabric-resource-loader-v0, fabric-screen-api-v1, fabric-screen-handler-api-v1, fabric-sound-api-v1, fabric-tag-api-v1, fabric-transfer-api-v1, fabric-transitive-access-wideners-v1, fabricloader, litematica, malilib]
[15:48:40] [Render thread/DEBUG] (net.fabricmc.fabric.impl.resource.loader.ModResourcePackUtil) [Fabric] cur @ fabric, auto-enabled mm, currently enabled: [vanilla, fabric, fabric-api, fabric-api-base, fabric-api-lookup-api-v1, fabric-biome-api-v1, fabric-block-api-v1, fabric-block-view-api-v2, fabric-client-gametest-api-v1, fabric-command-api-v2, fabric-content-registries-v0, fabric-convention-tags-v1, fabric-convention-tags-v2, fabric-crash-report-info-v1, fabric-data-attachment-api-v1, fabric-data-generation-api-v1, fabric-dimensions-v1, fabric-entity-events-v1, fabric-events-interaction-v0, fabric-game-rule-api-v1, fabric-gametest-api-v1, fabric-item-api-v1, fabric-item-group-api-v1, fabric-key-binding-api-v1, fabric-lifecycle-events-v1, fabric-loot-api-v2, fabric-loot-api-v3, fabric-message-api-v1, fabric-model-loading-api-v1, fabric-networking-api-v1, fabric-object-builder-api-v1, fabric-particles-v1, fabric-recipe-api-v1, fabric-registry-sync-v0, fabric-renderer-api-v1, fabric-renderer-indigo, fabric-rendering-fluids-v1, fabric-rendering-v1, fabric-resource-conditions-api-v1, fabric-resource-loader-v0, fabric-screen-api-v1, fabric-screen-handler-api-v1, fabric-sound-api-v1, fabric-tag-api-v1, fabric-transfer-api-v1, fabric-transitive-access-wideners-v1, fabricloader, litematica, malilib, mm]
[15:48:40] [Render thread/DEBUG] (net.fabricmc.fabric.impl.resource.loader.ModResourcePackUtil) [Fabric] cur @ fabric, auto-enabled techutils, currently enabled: [vanilla, fabric, fabric-api, fabric-api-base, fabric-api-lookup-api-v1, fabric-biome-api-v1, fabric-block-api-v1, fabric-block-view-api-v2, fabric-client-gametest-api-v1, fabric-command-api-v2, fabric-content-registries-v0, fabric-convention-tags-v1, fabric-convention-tags-v2, fabric-crash-report-info-v1, fabric-data-attachment-api-v1, fabric-data-generation-api-v1, fabric-dimensions-v1, fabric-entity-events-v1, fabric-events-interaction-v0, fabric-game-rule-api-v1, fabric-gametest-api-v1, fabric-item-api-v1, fabric-item-group-api-v1, fabric-key-binding-api-v1, fabric-lifecycle-events-v1, fabric-loot-api-v2, fabric-loot-api-v3, fabric-message-api-v1, fabric-model-loading-api-v1, fabric-networking-api-v1, fabric-object-builder-api-v1, fabric-particles-v1, fabric-recipe-api-v1, fabric-registry-sync-v0, fabric-renderer-api-v1, fabric-renderer-indigo, fabric-rendering-fluids-v1, fabric-rendering-v1, fabric-resource-conditions-api-v1, fabric-resource-loader-v0, fabric-screen-api-v1, fabric-screen-handler-api-v1, fabric-sound-api-v1, fabric-tag-api-v1, fabric-transfer-api-v1, fabric-transitive-access-wideners-v1, fabricloader, litematica, malilib, mm, techutils]
[15:48:40] [Render thread/DEBUG] (net.fabricmc.fabric.impl.resource.loader.ModResourcePackUtil) [Fabric] Final sorting result: [vanilla, fabric, fabric-api, fabric-api-base, fabric-api-lookup-api-v1, fabric-biome-api-v1, fabric-block-api-v1, fabric-block-view-api-v2, fabric-client-gametest-api-v1, fabric-command-api-v2, fabric-content-registries-v0, fabric-convention-tags-v1, fabric-convention-tags-v2, fabric-crash-report-info-v1, fabric-data-attachment-api-v1, fabric-data-generation-api-v1, fabric-dimensions-v1, fabric-entity-events-v1, fabric-events-interaction-v0, fabric-game-rule-api-v1, fabric-gametest-api-v1, fabric-item-api-v1, fabric-item-group-api-v1, fabric-key-binding-api-v1, fabric-lifecycle-events-v1, fabric-loot-api-v2, fabric-loot-api-v3, fabric-message-api-v1, fabric-model-loading-api-v1, fabric-networking-api-v1, fabric-object-builder-api-v1, fabric-particles-v1, fabric-recipe-api-v1, fabric-registry-sync-v0, fabric-renderer-api-v1, fabric-renderer-indigo, fabric-rendering-fluids-v1, fabric-rendering-v1, fabric-resource-conditions-api-v1, fabric-resource-loader-v0, fabric-screen-api-v1, fabric-screen-handler-api-v1, fabric-sound-api-v1, fabric-tag-api-v1, fabric-transfer-api-v1, fabric-transitive-access-wideners-v1, fabricloader, litematica, malilib, mm, techutils]
[15:48:40] [Render thread/DEBUG] (net.fabricmc.fabric.impl.resource.loader.ModResourcePackUtil) [Fabric] Starting internal pack sorting with: [vanilla, fabric, fabric-api, fabric-api-base, fabric-api-lookup-api-v1, fabric-biome-api-v1, fabric-block-api-v1, fabric-block-view-api-v2, fabric-client-gametest-api-v1, fabric-command-api-v2, fabric-content-registries-v0, fabric-convention-tags-v1, fabric-convention-tags-v2, fabric-crash-report-info-v1, fabric-data-attachment-api-v1, fabric-data-generation-api-v1, fabric-dimensions-v1, fabric-entity-events-v1, fabric-events-interaction-v0, fabric-game-rule-api-v1, fabric-gametest-api-v1, fabric-item-api-v1, fabric-item-group-api-v1, fabric-item-group-api-v1_programmer_art, fabric-key-binding-api-v1, fabric-lifecycle-events-v1, fabric-loot-api-v2, fabric-loot-api-v3, fabric-message-api-v1, fabric-model-loading-api-v1, fabric-networking-api-v1, fabric-object-builder-api-v1, fabric-particles-v1, fabric-recipe-api-v1, fabric-registry-sync-v0, fabric-renderer-api-v1, fabric-renderer-indigo, fabric-rendering-fluids-v1, fabric-rendering-v1, fabric-resource-conditions-api-v1, fabric-resource-loader-v0, fabric-screen-api-v1, fabric-screen-handler-api-v1, fabric-sound-api-v1, fabric-tag-api-v1, fabric-transfer-api-v1, fabric-transitive-access-wideners-v1, fabricloader, litematica, malilib, mm, techutils]
[15:48:40] [Render thread/DEBUG] (net.fabricmc.fabric.impl.resource.loader.ModResourcePackUtil) [Fabric] Removed all internal packs, result: [vanilla, fabric]
[15:48:40] [Render thread/DEBUG] (net.fabricmc.fabric.impl.resource.loader.ModResourcePackUtil) [Fabric] cur @ fabric, auto-enabled fabric-api, currently enabled: [vanilla, fabric, fabric-api]
[15:48:40] [Render thread/DEBUG] (net.fabricmc.fabric.impl.resource.loader.ModResourcePackUtil) [Fabric] cur @ fabric, auto-enabled fabric-api-base, currently enabled: [vanilla, fabric, fabric-api, fabric-api-base]
[15:48:40] [Render thread/DEBUG] (net.fabricmc.fabric.impl.resource.loader.ModResourcePackUtil) [Fabric] cur @ fabric, auto-enabled fabric-api-lookup-api-v1, currently enabled: [vanilla, fabric, fabric-api, fabric-api-base, fabric-api-lookup-api-v1]
[15:48:40] [Render thread/DEBUG] (net.fabricmc.fabric.impl.resource.loader.ModResourcePackUtil) [Fabric] cur @ fabric, auto-enabled fabric-biome-api-v1, currently enabled: [vanilla, fabric, fabric-api, fabric-api-base, fabric-api-lookup-api-v1, fabric-biome-api-v1]
[15:48:40] [Render thread/DEBUG] (net.fabricmc.fabric.impl.resource.loader.ModResourcePackUtil) [Fabric] cur @ fabric, auto-enabled fabric-block-api-v1, currently enabled: [vanilla, fabric, fabric-api, fabric-api-base, fabric-api-lookup-api-v1, fabric-biome-api-v1, fabric-block-api-v1]
[15:48:40] [Render thread/DEBUG] (net.fabricmc.fabric.impl.resource.loader.ModResourcePackUtil) [Fabric] cur @ fabric, auto-enabled fabric-block-view-api-v2, currently enabled: [vanilla, fabric, fabric-api, fabric-api-base, fabric-api-lookup-api-v1, fabric-biome-api-v1, fabric-block-api-v1, fabric-block-view-api-v2]
[15:48:40] [Render thread/DEBUG] (net.fabricmc.fabric.impl.resource.loader.ModResourcePackUtil) [Fabric] cur @ fabric, auto-enabled fabric-client-gametest-api-v1, currently enabled: [vanilla, fabric, fabric-api, fabric-api-base, fabric-api-lookup-api-v1, fabric-biome-api-v1, fabric-block-api-v1, fabric-block-view-api-v2, fabric-client-gametest-api-v1]
[15:48:40] [Render thread/DEBUG] (net.fabricmc.fabric.impl.resource.loader.ModResourcePackUtil) [Fabric] cur @ fabric, auto-enabled fabric-command-api-v2, currently enabled: [vanilla, fabric, fabric-api, fabric-api-base, fabric-api-lookup-api-v1, fabric-biome-api-v1, fabric-block-api-v1, fabric-block-view-api-v2, fabric-client-gametest-api-v1, fabric-command-api-v2]
[15:48:40] [Render thread/DEBUG] (net.fabricmc.fabric.impl.resource.loader.ModResourcePackUtil) [Fabric] cur @ fabric, auto-enabled fabric-content-registries-v0, currently enabled: [vanilla, fabric, fabric-api, fabric-api-base, fabric-api-lookup-api-v1, fabric-biome-api-v1, fabric-block-api-v1, fabric-block-view-api-v2, fabric-client-gametest-api-v1, fabric-command-api-v2, fabric-content-registries-v0]
[15:48:40] [Render thread/DEBUG] (net.fabricmc.fabric.impl.resource.loader.ModResourcePackUtil) [Fabric] cur @ fabric, auto-enabled fabric-convention-tags-v1, currently enabled: [vanilla, fabric, fabric-api, fabric-api-base, fabric-api-lookup-api-v1, fabric-biome-api-v1, fabric-block-api-v1, fabric-block-view-api-v2, fabric-client-gametest-api-v1, fabric-command-api-v2, fabric-content-registries-v0, fabric-convention-tags-v1]
[15:48:40] [Render thread/DEBUG] (net.fabricmc.fabric.impl.resource.loader.ModResourcePackUtil) [Fabric] cur @ fabric, auto-enabled fabric-convention-tags-v2, currently enabled: [vanilla, fabric, fabric-api, fabric-api-base, fabric-api-lookup-api-v1, fabric-biome-api-v1, fabric-block-api-v1, fabric-block-view-api-v2, fabric-client-gametest-api-v1, fabric-command-api-v2, fabric-content-registries-v0, fabric-convention-tags-v1, fabric-convention-tags-v2]
[15:48:40] [Render thread/DEBUG] (net.fabricmc.fabric.impl.resource.loader.ModResourcePackUtil) [Fabric] cur @ fabric, auto-enabled fabric-crash-report-info-v1, currently enabled: [vanilla, fabric, fabric-api, fabric-api-base, fabric-api-lookup-api-v1, fabric-biome-api-v1, fabric-block-api-v1, fabric-block-view-api-v2, fabric-client-gametest-api-v1, fabric-command-api-v2, fabric-content-registries-v0, fabric-convention-tags-v1, fabric-convention-tags-v2, fabric-crash-report-info-v1]
[15:48:40] [Render thread/DEBUG] (net.fabricmc.fabric.impl.resource.loader.ModResourcePackUtil) [Fabric] cur @ fabric, auto-enabled fabric-data-attachment-api-v1, currently enabled: [vanilla, fabric, fabric-api, fabric-api-base, fabric-api-lookup-api-v1, fabric-biome-api-v1, fabric-block-api-v1, fabric-block-view-api-v2, fabric-client-gametest-api-v1, fabric-command-api-v2, fabric-content-registries-v0, fabric-convention-tags-v1, fabric-convention-tags-v2, fabric-crash-report-info-v1, fabric-data-attachment-api-v1]
[15:48:40] [Render thread/DEBUG] (net.fabricmc.fabric.impl.resource.loader.ModResourcePackUtil) [Fabric] cur @ fabric, auto-enabled fabric-data-generation-api-v1, currently enabled: [vanilla, fabric, fabric-api, fabric-api-base, fabric-api-lookup-api-v1, fabric-biome-api-v1, fabric-block-api-v1, fabric-block-view-api-v2, fabric-client-gametest-api-v1, fabric-command-api-v2, fabric-content-registries-v0, fabric-convention-tags-v1, fabric-convention-tags-v2, fabric-crash-report-info-v1, fabric-data-attachment-api-v1, fabric-data-generation-api-v1]
[15:48:40] [Render thread/DEBUG] (net.fabricmc.fabric.impl.resource.loader.ModResourcePackUtil) [Fabric] cur @ fabric, auto-enabled fabric-dimensions-v1, currently enabled: [vanilla, fabric, fabric-api, fabric-api-base, fabric-api-lookup-api-v1, fabric-biome-api-v1, fabric-block-api-v1, fabric-block-view-api-v2, fabric-client-gametest-api-v1, fabric-command-api-v2, fabric-content-registries-v0, fabric-convention-tags-v1, fabric-convention-tags-v2, fabric-crash-report-info-v1, fabric-data-attachment-api-v1, fabric-data-generation-api-v1, fabric-dimensions-v1]
[15:48:40] [Render thread/DEBUG] (net.fabricmc.fabric.impl.resource.loader.ModResourcePackUtil) [Fabric] cur @ fabric, auto-enabled fabric-entity-events-v1, currently enabled: [vanilla, fabric, fabric-api, fabric-api-base, fabric-api-lookup-api-v1, fabric-biome-api-v1, fabric-block-api-v1, fabric-block-view-api-v2, fabric-client-gametest-api-v1, fabric-command-api-v2, fabric-content-registries-v0, fabric-convention-tags-v1, fabric-convention-tags-v2, fabric-crash-report-info-v1, fabric-data-attachment-api-v1, fabric-data-generation-api-v1, fabric-dimensions-v1, fabric-entity-events-v1]
[15:48:40] [Render thread/DEBUG] (net.fabricmc.fabric.impl.resource.loader.ModResourcePackUtil) [Fabric] cur @ fabric, auto-enabled fabric-events-interaction-v0, currently enabled: [vanilla, fabric, fabric-api, fabric-api-base, fabric-api-lookup-api-v1, fabric-biome-api-v1, fabric-block-api-v1, fabric-block-view-api-v2, fabric-client-gametest-api-v1, fabric-command-api-v2, fabric-content-registries-v0, fabric-convention-tags-v1, fabric-convention-tags-v2, fabric-crash-report-info-v1, fabric-data-attachment-api-v1, fabric-data-generation-api-v1, fabric-dimensions-v1, fabric-entity-events-v1, fabric-events-interaction-v0]
[15:48:40] [Render thread/DEBUG] (net.fabricmc.fabric.impl.resource.loader.ModResourcePackUtil) [Fabric] cur @ fabric, auto-enabled fabric-game-rule-api-v1, currently enabled: [vanilla, fabric, fabric-api, fabric-api-base, fabric-api-lookup-api-v1, fabric-biome-api-v1, fabric-block-api-v1, fabric-block-view-api-v2, fabric-client-gametest-api-v1, fabric-command-api-v2, fabric-content-registries-v0, fabric-convention-tags-v1, fabric-convention-tags-v2, fabric-crash-report-info-v1, fabric-data-attachment-api-v1, fabric-data-generation-api-v1, fabric-dimensions-v1, fabric-entity-events-v1, fabric-events-interaction-v0, fabric-game-rule-api-v1]
[15:48:40] [Render thread/DEBUG] (net.fabricmc.fabric.impl.resource.loader.ModResourcePackUtil) [Fabric] cur @ fabric, auto-enabled fabric-gametest-api-v1, currently enabled: [vanilla, fabric, fabric-api, fabric-api-base, fabric-api-lookup-api-v1, fabric-biome-api-v1, fabric-block-api-v1, fabric-block-view-api-v2, fabric-client-gametest-api-v1, fabric-command-api-v2, fabric-content-registries-v0, fabric-convention-tags-v1, fabric-convention-tags-v2, fabric-crash-report-info-v1, fabric-data-attachment-api-v1, fabric-data-generation-api-v1, fabric-dimensions-v1, fabric-entity-events-v1, fabric-events-interaction-v0, fabric-game-rule-api-v1, fabric-gametest-api-v1]
[15:48:40] [Render thread/DEBUG] (net.fabricmc.fabric.impl.resource.loader.ModResourcePackUtil) [Fabric] cur @ fabric, auto-enabled fabric-item-api-v1, currently enabled: [vanilla, fabric, fabric-api, fabric-api-base, fabric-api-lookup-api-v1, fabric-biome-api-v1, fabric-block-api-v1, fabric-block-view-api-v2, fabric-client-gametest-api-v1, fabric-command-api-v2, fabric-content-registries-v0, fabric-convention-tags-v1, fabric-convention-tags-v2, fabric-crash-report-info-v1, fabric-data-attachment-api-v1, fabric-data-generation-api-v1, fabric-dimensions-v1, fabric-entity-events-v1, fabric-events-interaction-v0, fabric-game-rule-api-v1, fabric-gametest-api-v1, fabric-item-api-v1]
[15:48:40] [Render thread/DEBUG] (net.fabricmc.fabric.impl.resource.loader.ModResourcePackUtil) [Fabric] cur @ fabric, auto-enabled fabric-item-group-api-v1, currently enabled: [vanilla, fabric, fabric-api, fabric-api-base, fabric-api-lookup-api-v1, fabric-biome-api-v1, fabric-block-api-v1, fabric-block-view-api-v2, fabric-client-gametest-api-v1, fabric-command-api-v2, fabric-content-registries-v0, fabric-convention-tags-v1, fabric-convention-tags-v2, fabric-crash-report-info-v1, fabric-data-attachment-api-v1, fabric-data-generation-api-v1, fabric-dimensions-v1, fabric-entity-events-v1, fabric-events-interaction-v0, fabric-game-rule-api-v1, fabric-gametest-api-v1, fabric-item-api-v1, fabric-item-group-api-v1]
[15:48:40] [Render thread/DEBUG] (net.fabricmc.fabric.impl.resource.loader.ModResourcePackUtil) [Fabric] cur @ fabric, auto-enabled fabric-key-binding-api-v1, currently enabled: [vanilla, fabric, fabric-api, fabric-api-base, fabric-api-lookup-api-v1, fabric-biome-api-v1, fabric-block-api-v1, fabric-block-view-api-v2, fabric-client-gametest-api-v1, fabric-command-api-v2, fabric-content-registries-v0, fabric-convention-tags-v1, fabric-convention-tags-v2, fabric-crash-report-info-v1, fabric-data-attachment-api-v1, fabric-data-generation-api-v1, fabric-dimensions-v1, fabric-entity-events-v1, fabric-events-interaction-v0, fabric-game-rule-api-v1, fabric-gametest-api-v1, fabric-item-api-v1, fabric-item-group-api-v1, fabric-key-binding-api-v1]
[15:48:40] [Render thread/DEBUG] (net.fabricmc.fabric.impl.resource.loader.ModResourcePackUtil) [Fabric] cur @ fabric, auto-enabled fabric-lifecycle-events-v1, currently enabled: [vanilla, fabric, fabric-api, fabric-api-base, fabric-api-lookup-api-v1, fabric-biome-api-v1, fabric-block-api-v1, fabric-block-view-api-v2, fabric-client-gametest-api-v1, fabric-command-api-v2, fabric-content-registries-v0, fabric-convention-tags-v1, fabric-convention-tags-v2, fabric-crash-report-info-v1, fabric-data-attachment-api-v1, fabric-data-generation-api-v1, fabric-dimensions-v1, fabric-entity-events-v1, fabric-events-interaction-v0, fabric-game-rule-api-v1, fabric-gametest-api-v1, fabric-item-api-v1, fabric-item-group-api-v1, fabric-key-binding-api-v1, fabric-lifecycle-events-v1]
[15:48:40] [Render thread/DEBUG] (net.fabricmc.fabric.impl.resource.loader.ModResourcePackUtil) [Fabric] cur @ fabric, auto-enabled fabric-loot-api-v2, currently enabled: [vanilla, fabric, fabric-api, fabric-api-base, fabric-api-lookup-api-v1, fabric-biome-api-v1, fabric-block-api-v1, fabric-block-view-api-v2, fabric-client-gametest-api-v1, fabric-command-api-v2, fabric-content-registries-v0, fabric-convention-tags-v1, fabric-convention-tags-v2, fabric-crash-report-info-v1, fabric-data-attachment-api-v1, fabric-data-generation-api-v1, fabric-dimensions-v1, fabric-entity-events-v1, fabric-events-interaction-v0, fabric-game-rule-api-v1, fabric-gametest-api-v1, fabric-item-api-v1, fabric-item-group-api-v1, fabric-key-binding-api-v1, fabric-lifecycle-events-v1, fabric-loot-api-v2]
[15:48:40] [Render thread/DEBUG] (net.fabricmc.fabric.impl.resource.loader.ModResourcePackUtil) [Fabric] cur @ fabric, auto-enabled fabric-loot-api-v3, currently enabled: [vanilla, fabric, fabric-api, fabric-api-base, fabric-api-lookup-api-v1, fabric-biome-api-v1, fabric-block-api-v1, fabric-block-view-api-v2, fabric-client-gametest-api-v1, fabric-command-api-v2, fabric-content-registries-v0, fabric-convention-tags-v1, fabric-convention-tags-v2, fabric-crash-report-info-v1, fabric-data-attachment-api-v1, fabric-data-generation-api-v1, fabric-dimensions-v1, fabric-entity-events-v1, fabric-events-interaction-v0, fabric-game-rule-api-v1, fabric-gametest-api-v1, fabric-item-api-v1, fabric-item-group-api-v1, fabric-key-binding-api-v1, fabric-lifecycle-events-v1, fabric-loot-api-v2, fabric-loot-api-v3]
[15:48:40] [Render thread/DEBUG] (net.fabricmc.fabric.impl.resource.loader.ModResourcePackUtil) [Fabric] cur @ fabric, auto-enabled fabric-message-api-v1, currently enabled: [vanilla, fabric, fabric-api, fabric-api-base, fabric-api-lookup-api-v1, fabric-biome-api-v1, fabric-block-api-v1, fabric-block-view-api-v2, fabric-client-gametest-api-v1, fabric-command-api-v2, fabric-content-registries-v0, fabric-convention-tags-v1, fabric-convention-tags-v2, fabric-crash-report-info-v1, fabric-data-attachment-api-v1, fabric-data-generation-api-v1, fabric-dimensions-v1, fabric-entity-events-v1, fabric-events-interaction-v0, fabric-game-rule-api-v1, fabric-gametest-api-v1, fabric-item-api-v1, fabric-item-group-api-v1, fabric-key-binding-api-v1, fabric-lifecycle-events-v1, fabric-loot-api-v2, fabric-loot-api-v3, fabric-message-api-v1]
[15:48:40] [Render thread/DEBUG] (net.fabricmc.fabric.impl.resource.loader.ModResourcePackUtil) [Fabric] cur @ fabric, auto-enabled fabric-model-loading-api-v1, currently enabled: [vanilla, fabric, fabric-api, fabric-api-base, fabric-api-lookup-api-v1, fabric-biome-api-v1, fabric-block-api-v1, fabric-block-view-api-v2, fabric-client-gametest-api-v1, fabric-command-api-v2, fabric-content-registries-v0, fabric-convention-tags-v1, fabric-convention-tags-v2, fabric-crash-report-info-v1, fabric-data-attachment-api-v1, fabric-data-generation-api-v1, fabric-dimensions-v1, fabric-entity-events-v1, fabric-events-interaction-v0, fabric-game-rule-api-v1, fabric-gametest-api-v1, fabric-item-api-v1, fabric-item-group-api-v1, fabric-key-binding-api-v1, fabric-lifecycle-events-v1, fabric-loot-api-v2, fabric-loot-api-v3, fabric-message-api-v1, fabric-model-loading-api-v1]
[15:48:40] [Render thread/DEBUG] (net.fabricmc.fabric.impl.resource.loader.ModResourcePackUtil) [Fabric] cur @ fabric, auto-enabled fabric-networking-api-v1, currently enabled: [vanilla, fabric, fabric-api, fabric-api-base, fabric-api-lookup-api-v1, fabric-biome-api-v1, fabric-block-api-v1, fabric-block-view-api-v2, fabric-client-gametest-api-v1, fabric-command-api-v2, fabric-content-registries-v0, fabric-convention-tags-v1, fabric-convention-tags-v2, fabric-crash-report-info-v1, fabric-data-attachment-api-v1, fabric-data-generation-api-v1, fabric-dimensions-v1, fabric-entity-events-v1, fabric-events-interaction-v0, fabric-game-rule-api-v1, fabric-gametest-api-v1, fabric-item-api-v1, fabric-item-group-api-v1, fabric-key-binding-api-v1, fabric-lifecycle-events-v1, fabric-loot-api-v2, fabric-loot-api-v3, fabric-message-api-v1, fabric-model-loading-api-v1, fabric-networking-api-v1]
[15:48:40] [Render thread/DEBUG] (net.fabricmc.fabric.impl.resource.loader.ModResourcePackUtil) [Fabric] cur @ fabric, auto-enabled fabric-object-builder-api-v1, currently enabled: [vanilla, fabric, fabric-api, fabric-api-base, fabric-api-lookup-api-v1, fabric-biome-api-v1, fabric-block-api-v1, fabric-block-view-api-v2, fabric-client-gametest-api-v1, fabric-command-api-v2, fabric-content-registries-v0, fabric-convention-tags-v1, fabric-convention-tags-v2, fabric-crash-report-info-v1, fabric-data-attachment-api-v1, fabric-data-generation-api-v1, fabric-dimensions-v1, fabric-entity-events-v1, fabric-events-interaction-v0, fabric-game-rule-api-v1, fabric-gametest-api-v1, fabric-item-api-v1, fabric-item-group-api-v1, fabric-key-binding-api-v1, fabric-lifecycle-events-v1, fabric-loot-api-v2, fabric-loot-api-v3, fabric-message-api-v1, fabric-model-loading-api-v1, fabric-networking-api-v1, fabric-object-builder-api-v1]
[15:48:40] [Render thread/DEBUG] (net.fabricmc.fabric.impl.resource.loader.ModResourcePackUtil) [Fabric] cur @ fabric, auto-enabled fabric-particles-v1, currently enabled: [vanilla, fabric, fabric-api, fabric-api-base, fabric-api-lookup-api-v1, fabric-biome-api-v1, fabric-block-api-v1, fabric-block-view-api-v2, fabric-client-gametest-api-v1, fabric-command-api-v2, fabric-content-registries-v0, fabric-convention-tags-v1, fabric-convention-tags-v2, fabric-crash-report-info-v1, fabric-data-attachment-api-v1, fabric-data-generation-api-v1, fabric-dimensions-v1, fabric-entity-events-v1, fabric-events-interaction-v0, fabric-game-rule-api-v1, fabric-gametest-api-v1, fabric-item-api-v1, fabric-item-group-api-v1, fabric-key-binding-api-v1, fabric-lifecycle-events-v1, fabric-loot-api-v2, fabric-loot-api-v3, fabric-message-api-v1, fabric-model-loading-api-v1, fabric-networking-api-v1, fabric-object-builder-api-v1, fabric-particles-v1]
[15:48:40] [Render thread/DEBUG] (net.fabricmc.fabric.impl.resource.loader.ModResourcePackUtil) [Fabric] cur @ fabric, auto-enabled fabric-recipe-api-v1, currently enabled: [vanilla, fabric, fabric-api, fabric-api-base, fabric-api-lookup-api-v1, fabric-biome-api-v1, fabric-block-api-v1, fabric-block-view-api-v2, fabric-client-gametest-api-v1, fabric-command-api-v2, fabric-content-registries-v0, fabric-convention-tags-v1, fabric-convention-tags-v2, fabric-crash-report-info-v1, fabric-data-attachment-api-v1, fabric-data-generation-api-v1, fabric-dimensions-v1, fabric-entity-events-v1, fabric-events-interaction-v0, fabric-game-rule-api-v1, fabric-gametest-api-v1, fabric-item-api-v1, fabric-item-group-api-v1, fabric-key-binding-api-v1, fabric-lifecycle-events-v1, fabric-loot-api-v2, fabric-loot-api-v3, fabric-message-api-v1, fabric-model-loading-api-v1, fabric-networking-api-v1, fabric-object-builder-api-v1, fabric-particles-v1, fabric-recipe-api-v1]
[15:48:40] [Render thread/DEBUG] (net.fabricmc.fabric.impl.resource.loader.ModResourcePackUtil) [Fabric] cur @ fabric, auto-enabled fabric-registry-sync-v0, currently enabled: [vanilla, fabric, fabric-api, fabric-api-base, fabric-api-lookup-api-v1, fabric-biome-api-v1, fabric-block-api-v1, fabric-block-view-api-v2, fabric-client-gametest-api-v1, fabric-command-api-v2, fabric-content-registries-v0, fabric-convention-tags-v1, fabric-convention-tags-v2, fabric-crash-report-info-v1, fabric-data-attachment-api-v1, fabric-data-generation-api-v1, fabric-dimensions-v1, fabric-entity-events-v1, fabric-events-interaction-v0, fabric-game-rule-api-v1, fabric-gametest-api-v1, fabric-item-api-v1, fabric-item-group-api-v1, fabric-key-binding-api-v1, fabric-lifecycle-events-v1, fabric-loot-api-v2, fabric-loot-api-v3, fabric-message-api-v1, fabric-model-loading-api-v1, fabric-networking-api-v1, fabric-object-builder-api-v1, fabric-particles-v1, fabric-recipe-api-v1, fabric-registry-sync-v0]
[15:48:40] [Render thread/DEBUG] (net.fabricmc.fabric.impl.resource.loader.ModResourcePackUtil) [Fabric] cur @ fabric, auto-enabled fabric-renderer-api-v1, currently enabled: [vanilla, fabric, fabric-api, fabric-api-base, fabric-api-lookup-api-v1, fabric-biome-api-v1, fabric-block-api-v1, fabric-block-view-api-v2, fabric-client-gametest-api-v1, fabric-command-api-v2, fabric-content-registries-v0, fabric-convention-tags-v1, fabric-convention-tags-v2, fabric-crash-report-info-v1, fabric-data-attachment-api-v1, fabric-data-generation-api-v1, fabric-dimensions-v1, fabric-entity-events-v1, fabric-events-interaction-v0, fabric-game-rule-api-v1, fabric-gametest-api-v1, fabric-item-api-v1, fabric-item-group-api-v1, fabric-key-binding-api-v1, fabric-lifecycle-events-v1, fabric-loot-api-v2, fabric-loot-api-v3, fabric-message-api-v1, fabric-model-loading-api-v1, fabric-networking-api-v1, fabric-object-builder-api-v1, fabric-particles-v1, fabric-recipe-api-v1, fabric-registry-sync-v0, fabric-renderer-api-v1]
[15:48:40] [Render thread/DEBUG] (net.fabricmc.fabric.impl.resource.loader.ModResourcePackUtil) [Fabric] cur @ fabric, auto-enabled fabric-renderer-indigo, currently enabled: [vanilla, fabric, fabric-api, fabric-api-base, fabric-api-lookup-api-v1, fabric-biome-api-v1, fabric-block-api-v1, fabric-block-view-api-v2, fabric-client-gametest-api-v1, fabric-command-api-v2, fabric-content-registries-v0, fabric-convention-tags-v1, fabric-convention-tags-v2, fabric-crash-report-info-v1, fabric-data-attachment-api-v1, fabric-data-generation-api-v1, fabric-dimensions-v1, fabric-entity-events-v1, fabric-events-interaction-v0, fabric-game-rule-api-v1, fabric-gametest-api-v1, fabric-item-api-v1, fabric-item-group-api-v1, fabric-key-binding-api-v1, fabric-lifecycle-events-v1, fabric-loot-api-v2, fabric-loot-api-v3, fabric-message-api-v1, fabric-model-loading-api-v1, fabric-networking-api-v1, fabric-object-builder-api-v1, fabric-particles-v1, fabric-recipe-api-v1, fabric-registry-sync-v0, fabric-renderer-api-v1, fabric-renderer-indigo]
[15:48:40] [Render thread/DEBUG] (net.fabricmc.fabric.impl.resource.loader.ModResourcePackUtil) [Fabric] cur @ fabric, auto-enabled fabric-rendering-fluids-v1, currently enabled: [vanilla, fabric, fabric-api, fabric-api-base, fabric-api-lookup-api-v1, fabric-biome-api-v1, fabric-block-api-v1, fabric-block-view-api-v2, fabric-client-gametest-api-v1, fabric-command-api-v2, fabric-content-registries-v0, fabric-convention-tags-v1, fabric-convention-tags-v2, fabric-crash-report-info-v1, fabric-data-attachment-api-v1, fabric-data-generation-api-v1, fabric-dimensions-v1, fabric-entity-events-v1, fabric-events-interaction-v0, fabric-game-rule-api-v1, fabric-gametest-api-v1, fabric-item-api-v1, fabric-item-group-api-v1, fabric-key-binding-api-v1, fabric-lifecycle-events-v1, fabric-loot-api-v2, fabric-loot-api-v3, fabric-message-api-v1, fabric-model-loading-api-v1, fabric-networking-api-v1, fabric-object-builder-api-v1, fabric-particles-v1, fabric-recipe-api-v1, fabric-registry-sync-v0, fabric-renderer-api-v1, fabric-renderer-indigo, fabric-rendering-fluids-v1]
[15:48:40] [Render thread/DEBUG] (net.fabricmc.fabric.impl.resource.loader.ModResourcePackUtil) [Fabric] cur @ fabric, auto-enabled fabric-rendering-v1, currently enabled: [vanilla, fabric, fabric-api, fabric-api-base, fabric-api-lookup-api-v1, fabric-biome-api-v1, fabric-block-api-v1, fabric-block-view-api-v2, fabric-client-gametest-api-v1, fabric-command-api-v2, fabric-content-registries-v0, fabric-convention-tags-v1, fabric-convention-tags-v2, fabric-crash-report-info-v1, fabric-data-attachment-api-v1, fabric-data-generation-api-v1, fabric-dimensions-v1, fabric-entity-events-v1, fabric-events-interaction-v0, fabric-game-rule-api-v1, fabric-gametest-api-v1, fabric-item-api-v1, fabric-item-group-api-v1, fabric-key-binding-api-v1, fabric-lifecycle-events-v1, fabric-loot-api-v2, fabric-loot-api-v3, fabric-message-api-v1, fabric-model-loading-api-v1, fabric-networking-api-v1, fabric-object-builder-api-v1, fabric-particles-v1, fabric-recipe-api-v1, fabric-registry-sync-v0, fabric-renderer-api-v1, fabric-renderer-indigo, fabric-rendering-fluids-v1, fabric-rendering-v1]
[15:48:40] [Render thread/DEBUG] (net.fabricmc.fabric.impl.resource.loader.ModResourcePackUtil) [Fabric] cur @ fabric, auto-enabled fabric-resource-conditions-api-v1, currently enabled: [vanilla, fabric, fabric-api, fabric-api-base, fabric-api-lookup-api-v1, fabric-biome-api-v1, fabric-block-api-v1, fabric-block-view-api-v2, fabric-client-gametest-api-v1, fabric-command-api-v2, fabric-content-registries-v0, fabric-convention-tags-v1, fabric-convention-tags-v2, fabric-crash-report-info-v1, fabric-data-attachment-api-v1, fabric-data-generation-api-v1, fabric-dimensions-v1, fabric-entity-events-v1, fabric-events-interaction-v0, fabric-game-rule-api-v1, fabric-gametest-api-v1, fabric-item-api-v1, fabric-item-group-api-v1, fabric-key-binding-api-v1, fabric-lifecycle-events-v1, fabric-loot-api-v2, fabric-loot-api-v3, fabric-message-api-v1, fabric-model-loading-api-v1, fabric-networking-api-v1, fabric-object-builder-api-v1, fabric-particles-v1, fabric-recipe-api-v1, fabric-registry-sync-v0, fabric-renderer-api-v1, fabric-renderer-indigo, fabric-rendering-fluids-v1, fabric-rendering-v1, fabric-resource-conditions-api-v1]
[15:48:40] [Render thread/DEBUG] (net.fabricmc.fabric.impl.resource.loader.ModResourcePackUtil) [Fabric] cur @ fabric, auto-enabled fabric-resource-loader-v0, currently enabled: [vanilla, fabric, fabric-api, fabric-api-base, fabric-api-lookup-api-v1, fabric-biome-api-v1, fabric-block-api-v1, fabric-block-view-api-v2, fabric-client-gametest-api-v1, fabric-command-api-v2, fabric-content-registries-v0, fabric-convention-tags-v1, fabric-convention-tags-v2, fabric-crash-report-info-v1, fabric-data-attachment-api-v1, fabric-data-generation-api-v1, fabric-dimensions-v1, fabric-entity-events-v1, fabric-events-interaction-v0, fabric-game-rule-api-v1, fabric-gametest-api-v1, fabric-item-api-v1, fabric-item-group-api-v1, fabric-key-binding-api-v1, fabric-lifecycle-events-v1, fabric-loot-api-v2, fabric-loot-api-v3, fabric-message-api-v1, fabric-model-loading-api-v1, fabric-networking-api-v1, fabric-object-builder-api-v1, fabric-particles-v1, fabric-recipe-api-v1, fabric-registry-sync-v0, fabric-renderer-api-v1, fabric-renderer-indigo, fabric-rendering-fluids-v1, fabric-rendering-v1, fabric-resource-conditions-api-v1, fabric-resource-loader-v0]
[15:48:40] [Render thread/DEBUG] (net.fabricmc.fabric.impl.resource.loader.ModResourcePackUtil) [Fabric] cur @ fabric, auto-enabled fabric-screen-api-v1, currently enabled: [vanilla, fabric, fabric-api, fabric-api-base, fabric-api-lookup-api-v1, fabric-biome-api-v1, fabric-block-api-v1, fabric-block-view-api-v2, fabric-client-gametest-api-v1, fabric-command-api-v2, fabric-content-registries-v0, fabric-convention-tags-v1, fabric-convention-tags-v2, fabric-crash-report-info-v1, fabric-data-attachment-api-v1, fabric-data-generation-api-v1, fabric-dimensions-v1, fabric-entity-events-v1, fabric-events-interaction-v0, fabric-game-rule-api-v1, fabric-gametest-api-v1, fabric-item-api-v1, fabric-item-group-api-v1, fabric-key-binding-api-v1, fabric-lifecycle-events-v1, fabric-loot-api-v2, fabric-loot-api-v3, fabric-message-api-v1, fabric-model-loading-api-v1, fabric-networking-api-v1, fabric-object-builder-api-v1, fabric-particles-v1, fabric-recipe-api-v1, fabric-registry-sync-v0, fabric-renderer-api-v1, fabric-renderer-indigo, fabric-rendering-fluids-v1, fabric-rendering-v1, fabric-resource-conditions-api-v1, fabric-resource-loader-v0, fabric-screen-api-v1]
[15:48:40] [Render thread/DEBUG] (net.fabricmc.fabric.impl.resource.loader.ModResourcePackUtil) [Fabric] cur @ fabric, auto-enabled fabric-screen-handler-api-v1, currently enabled: [vanilla, fabric, fabric-api, fabric-api-base, fabric-api-lookup-api-v1, fabric-biome-api-v1, fabric-block-api-v1, fabric-block-view-api-v2, fabric-client-gametest-api-v1, fabric-command-api-v2, fabric-content-registries-v0, fabric-convention-tags-v1, fabric-convention-tags-v2, fabric-crash-report-info-v1, fabric-data-attachment-api-v1, fabric-data-generation-api-v1, fabric-dimensions-v1, fabric-entity-events-v1, fabric-events-interaction-v0, fabric-game-rule-api-v1, fabric-gametest-api-v1, fabric-item-api-v1, fabric-item-group-api-v1, fabric-key-binding-api-v1, fabric-lifecycle-events-v1, fabric-loot-api-v2, fabric-loot-api-v3, fabric-message-api-v1, fabric-model-loading-api-v1, fabric-networking-api-v1, fabric-object-builder-api-v1, fabric-particles-v1, fabric-recipe-api-v1, fabric-registry-sync-v0, fabric-renderer-api-v1, fabric-renderer-indigo, fabric-rendering-fluids-v1, fabric-rendering-v1, fabric-resource-conditions-api-v1, fabric-resource-loader-v0, fabric-screen-api-v1, fabric-screen-handler-api-v1]
[15:48:40] [Render thread/DEBUG] (net.fabricmc.fabric.impl.resource.loader.ModResourcePackUtil) [Fabric] cur @ fabric, auto-enabled fabric-sound-api-v1, currently enabled: [vanilla, fabric, fabric-api, fabric-api-base, fabric-api-lookup-api-v1, fabric-biome-api-v1, fabric-block-api-v1, fabric-block-view-api-v2, fabric-client-gametest-api-v1, fabric-command-api-v2, fabric-content-registries-v0, fabric-convention-tags-v1, fabric-convention-tags-v2, fabric-crash-report-info-v1, fabric-data-attachment-api-v1, fabric-data-generation-api-v1, fabric-dimensions-v1, fabric-entity-events-v1, fabric-events-interaction-v0, fabric-game-rule-api-v1, fabric-gametest-api-v1, fabric-item-api-v1, fabric-item-group-api-v1, fabric-key-binding-api-v1, fabric-lifecycle-events-v1, fabric-loot-api-v2, fabric-loot-api-v3, fabric-message-api-v1, fabric-model-loading-api-v1, fabric-networking-api-v1, fabric-object-builder-api-v1, fabric-particles-v1, fabric-recipe-api-v1, fabric-registry-sync-v0, fabric-renderer-api-v1, fabric-renderer-indigo, fabric-rendering-fluids-v1, fabric-rendering-v1, fabric-resource-conditions-api-v1, fabric-resource-loader-v0, fabric-screen-api-v1, fabric-screen-handler-api-v1, fabric-sound-api-v1]
[15:48:40] [Render thread/DEBUG] (net.fabricmc.fabric.impl.resource.loader.ModResourcePackUtil) [Fabric] cur @ fabric, auto-enabled fabric-tag-api-v1, currently enabled: [vanilla, fabric, fabric-api, fabric-api-base, fabric-api-lookup-api-v1, fabric-biome-api-v1, fabric-block-api-v1, fabric-block-view-api-v2, fabric-client-gametest-api-v1, fabric-command-api-v2, fabric-content-registries-v0, fabric-convention-tags-v1, fabric-convention-tags-v2, fabric-crash-report-info-v1, fabric-data-attachment-api-v1, fabric-data-generation-api-v1, fabric-dimensions-v1, fabric-entity-events-v1, fabric-events-interaction-v0, fabric-game-rule-api-v1, fabric-gametest-api-v1, fabric-item-api-v1, fabric-item-group-api-v1, fabric-key-binding-api-v1, fabric-lifecycle-events-v1, fabric-loot-api-v2, fabric-loot-api-v3, fabric-message-api-v1, fabric-model-loading-api-v1, fabric-networking-api-v1, fabric-object-builder-api-v1, fabric-particles-v1, fabric-recipe-api-v1, fabric-registry-sync-v0, fabric-renderer-api-v1, fabric-renderer-indigo, fabric-rendering-fluids-v1, fabric-rendering-v1, fabric-resource-conditions-api-v1, fabric-resource-loader-v0, fabric-screen-api-v1, fabric-screen-handler-api-v1, fabric-sound-api-v1, fabric-tag-api-v1]
[15:48:40] [Render thread/DEBUG] (net.fabricmc.fabric.impl.resource.loader.ModResourcePackUtil) [Fabric] cur @ fabric, auto-enabled fabric-transfer-api-v1, currently enabled: [vanilla, fabric, fabric-api, fabric-api-base, fabric-api-lookup-api-v1, fabric-biome-api-v1, fabric-block-api-v1, fabric-block-view-api-v2, fabric-client-gametest-api-v1, fabric-command-api-v2, fabric-content-registries-v0, fabric-convention-tags-v1, fabric-convention-tags-v2, fabric-crash-report-info-v1, fabric-data-attachment-api-v1, fabric-data-generation-api-v1, fabric-dimensions-v1, fabric-entity-events-v1, fabric-events-interaction-v0, fabric-game-rule-api-v1, fabric-gametest-api-v1, fabric-item-api-v1, fabric-item-group-api-v1, fabric-key-binding-api-v1, fabric-lifecycle-events-v1, fabric-loot-api-v2, fabric-loot-api-v3, fabric-message-api-v1, fabric-model-loading-api-v1, fabric-networking-api-v1, fabric-object-builder-api-v1, fabric-particles-v1, fabric-recipe-api-v1, fabric-registry-sync-v0, fabric-renderer-api-v1, fabric-renderer-indigo, fabric-rendering-fluids-v1, fabric-rendering-v1, fabric-resource-conditions-api-v1, fabric-resource-loader-v0, fabric-screen-api-v1, fabric-screen-handler-api-v1, fabric-sound-api-v1, fabric-tag-api-v1, fabric-transfer-api-v1]
[15:48:40] [Render thread/DEBUG] (net.fabricmc.fabric.impl.resource.loader.ModResourcePackUtil) [Fabric] cur @ fabric, auto-enabled fabric-transitive-access-wideners-v1, currently enabled: [vanilla, fabric, fabric-api, fabric-api-base, fabric-api-lookup-api-v1, fabric-biome-api-v1, fabric-block-api-v1, fabric-block-view-api-v2, fabric-client-gametest-api-v1, fabric-command-api-v2, fabric-content-registries-v0, fabric-convention-tags-v1, fabric-convention-tags-v2, fabric-crash-report-info-v1, fabric-data-attachment-api-v1, fabric-data-generation-api-v1, fabric-dimensions-v1, fabric-entity-events-v1, fabric-events-interaction-v0, fabric-game-rule-api-v1, fabric-gametest-api-v1, fabric-item-api-v1, fabric-item-group-api-v1, fabric-key-binding-api-v1, fabric-lifecycle-events-v1, fabric-loot-api-v2, fabric-loot-api-v3, fabric-message-api-v1, fabric-model-loading-api-v1, fabric-networking-api-v1, fabric-object-builder-api-v1, fabric-particles-v1, fabric-recipe-api-v1, fabric-registry-sync-v0, fabric-renderer-api-v1, fabric-renderer-indigo, fabric-rendering-fluids-v1, fabric-rendering-v1, fabric-resource-conditions-api-v1, fabric-resource-loader-v0, fabric-screen-api-v1, fabric-screen-handler-api-v1, fabric-sound-api-v1, fabric-tag-api-v1, fabric-transfer-api-v1, fabric-transitive-access-wideners-v1]
[15:48:40] [Render thread/DEBUG] (net.fabricmc.fabric.impl.resource.loader.ModResourcePackUtil) [Fabric] cur @ fabric, auto-enabled fabricloader, currently enabled: [vanilla, fabric, fabric-api, fabric-api-base, fabric-api-lookup-api-v1, fabric-biome-api-v1, fabric-block-api-v1, fabric-block-view-api-v2, fabric-client-gametest-api-v1, fabric-command-api-v2, fabric-content-registries-v0, fabric-convention-tags-v1, fabric-convention-tags-v2, fabric-crash-report-info-v1, fabric-data-attachment-api-v1, fabric-data-generation-api-v1, fabric-dimensions-v1, fabric-entity-events-v1, fabric-events-interaction-v0, fabric-game-rule-api-v1, fabric-gametest-api-v1, fabric-item-api-v1, fabric-item-group-api-v1, fabric-key-binding-api-v1, fabric-lifecycle-events-v1, fabric-loot-api-v2, fabric-loot-api-v3, fabric-message-api-v1, fabric-model-loading-api-v1, fabric-networking-api-v1, fabric-object-builder-api-v1, fabric-particles-v1, fabric-recipe-api-v1, fabric-registry-sync-v0, fabric-renderer-api-v1, fabric-renderer-indigo, fabric-rendering-fluids-v1, fabric-rendering-v1, fabric-resource-conditions-api-v1, fabric-resource-loader-v0, fabric-screen-api-v1, fabric-screen-handler-api-v1, fabric-sound-api-v1, fabric-tag-api-v1, fabric-transfer-api-v1, fabric-transitive-access-wideners-v1, fabricloader]
[15:48:40] [Render thread/DEBUG] (net.fabricmc.fabric.impl.resource.loader.ModResourcePackUtil) [Fabric] cur @ fabric, auto-enabled litematica, currently enabled: [vanilla, fabric, fabric-api, fabric-api-base, fabric-api-lookup-api-v1, fabric-biome-api-v1, fabric-block-api-v1, fabric-block-view-api-v2, fabric-client-gametest-api-v1, fabric-command-api-v2, fabric-content-registries-v0, fabric-convention-tags-v1, fabric-convention-tags-v2, fabric-crash-report-info-v1, fabric-data-attachment-api-v1, fabric-data-generation-api-v1, fabric-dimensions-v1, fabric-entity-events-v1, fabric-events-interaction-v0, fabric-game-rule-api-v1, fabric-gametest-api-v1, fabric-item-api-v1, fabric-item-group-api-v1, fabric-key-binding-api-v1, fabric-lifecycle-events-v1, fabric-loot-api-v2, fabric-loot-api-v3, fabric-message-api-v1, fabric-model-loading-api-v1, fabric-networking-api-v1, fabric-object-builder-api-v1, fabric-particles-v1, fabric-recipe-api-v1, fabric-registry-sync-v0, fabric-renderer-api-v1, fabric-renderer-indigo, fabric-rendering-fluids-v1, fabric-rendering-v1, fabric-resource-conditions-api-v1, fabric-resource-loader-v0, fabric-screen-api-v1, fabric-screen-handler-api-v1, fabric-sound-api-v1, fabric-tag-api-v1, fabric-transfer-api-v1, fabric-transitive-access-wideners-v1, fabricloader, litematica]
[15:48:40] [Render thread/DEBUG] (net.fabricmc.fabric.impl.resource.loader.ModResourcePackUtil) [Fabric] cur @ fabric, auto-enabled malilib, currently enabled: [vanilla, fabric, fabric-api, fabric-api-base, fabric-api-lookup-api-v1, fabric-biome-api-v1, fabric-block-api-v1, fabric-block-view-api-v2, fabric-client-gametest-api-v1, fabric-command-api-v2, fabric-content-registries-v0, fabric-convention-tags-v1, fabric-convention-tags-v2, fabric-crash-report-info-v1, fabric-data-attachment-api-v1, fabric-data-generation-api-v1, fabric-dimensions-v1, fabric-entity-events-v1, fabric-events-interaction-v0, fabric-game-rule-api-v1, fabric-gametest-api-v1, fabric-item-api-v1, fabric-item-group-api-v1, fabric-key-binding-api-v1, fabric-lifecycle-events-v1, fabric-loot-api-v2, fabric-loot-api-v3, fabric-message-api-v1, fabric-model-loading-api-v1, fabric-networking-api-v1, fabric-object-builder-api-v1, fabric-particles-v1, fabric-recipe-api-v1, fabric-registry-sync-v0, fabric-renderer-api-v1, fabric-renderer-indigo, fabric-rendering-fluids-v1, fabric-rendering-v1, fabric-resource-conditions-api-v1, fabric-resource-loader-v0, fabric-screen-api-v1, fabric-screen-handler-api-v1, fabric-sound-api-v1, fabric-tag-api-v1, fabric-transfer-api-v1, fabric-transitive-access-wideners-v1, fabricloader, litematica, malilib]
[15:48:40] [Render thread/DEBUG] (net.fabricmc.fabric.impl.resource.loader.ModResourcePackUtil) [Fabric] cur @ fabric, auto-enabled mm, currently enabled: [vanilla, fabric, fabric-api, fabric-api-base, fabric-api-lookup-api-v1, fabric-biome-api-v1, fabric-block-api-v1, fabric-block-view-api-v2, fabric-client-gametest-api-v1, fabric-command-api-v2, fabric-content-registries-v0, fabric-convention-tags-v1, fabric-convention-tags-v2, fabric-crash-report-info-v1, fabric-data-attachment-api-v1, fabric-data-generation-api-v1, fabric-dimensions-v1, fabric-entity-events-v1, fabric-events-interaction-v0, fabric-game-rule-api-v1, fabric-gametest-api-v1, fabric-item-api-v1, fabric-item-group-api-v1, fabric-key-binding-api-v1, fabric-lifecycle-events-v1, fabric-loot-api-v2, fabric-loot-api-v3, fabric-message-api-v1, fabric-model-loading-api-v1, fabric-networking-api-v1, fabric-object-builder-api-v1, fabric-particles-v1, fabric-recipe-api-v1, fabric-registry-sync-v0, fabric-renderer-api-v1, fabric-renderer-indigo, fabric-rendering-fluids-v1, fabric-rendering-v1, fabric-resource-conditions-api-v1, fabric-resource-loader-v0, fabric-screen-api-v1, fabric-screen-handler-api-v1, fabric-sound-api-v1, fabric-tag-api-v1, fabric-transfer-api-v1, fabric-transitive-access-wideners-v1, fabricloader, litematica, malilib, mm]
[15:48:40] [Render thread/DEBUG] (net.fabricmc.fabric.impl.resource.loader.ModResourcePackUtil) [Fabric] cur @ fabric, auto-enabled techutils, currently enabled: [vanilla, fabric, fabric-api, fabric-api-base, fabric-api-lookup-api-v1, fabric-biome-api-v1, fabric-block-api-v1, fabric-block-view-api-v2, fabric-client-gametest-api-v1, fabric-command-api-v2, fabric-content-registries-v0, fabric-convention-tags-v1, fabric-convention-tags-v2, fabric-crash-report-info-v1, fabric-data-attachment-api-v1, fabric-data-generation-api-v1, fabric-dimensions-v1, fabric-entity-events-v1, fabric-events-interaction-v0, fabric-game-rule-api-v1, fabric-gametest-api-v1, fabric-item-api-v1, fabric-item-group-api-v1, fabric-key-binding-api-v1, fabric-lifecycle-events-v1, fabric-loot-api-v2, fabric-loot-api-v3, fabric-message-api-v1, fabric-model-loading-api-v1, fabric-networking-api-v1, fabric-object-builder-api-v1, fabric-particles-v1, fabric-recipe-api-v1, fabric-registry-sync-v0, fabric-renderer-api-v1, fabric-renderer-indigo, fabric-rendering-fluids-v1, fabric-rendering-v1, fabric-resource-conditions-api-v1, fabric-resource-loader-v0, fabric-screen-api-v1, fabric-screen-handler-api-v1, fabric-sound-api-v1, fabric-tag-api-v1, fabric-transfer-api-v1, fabric-transitive-access-wideners-v1, fabricloader, litematica, malilib, mm, techutils]
[15:48:40] [Render thread/DEBUG] (net.fabricmc.fabric.impl.resource.loader.ModResourcePackUtil) [Fabric] Final sorting result: [vanilla, fabric, fabric-api, fabric-api-base, fabric-api-lookup-api-v1, fabric-biome-api-v1, fabric-block-api-v1, fabric-block-view-api-v2, fabric-client-gametest-api-v1, fabric-command-api-v2, fabric-content-registries-v0, fabric-convention-tags-v1, fabric-convention-tags-v2, fabric-crash-report-info-v1, fabric-data-attachment-api-v1, fabric-data-generation-api-v1, fabric-dimensions-v1, fabric-entity-events-v1, fabric-events-interaction-v0, fabric-game-rule-api-v1, fabric-gametest-api-v1, fabric-item-api-v1, fabric-item-group-api-v1, fabric-key-binding-api-v1, fabric-lifecycle-events-v1, fabric-loot-api-v2, fabric-loot-api-v3, fabric-message-api-v1, fabric-model-loading-api-v1, fabric-networking-api-v1, fabric-object-builder-api-v1, fabric-particles-v1, fabric-recipe-api-v1, fabric-registry-sync-v0, fabric-renderer-api-v1, fabric-renderer-indigo, fabric-rendering-fluids-v1, fabric-rendering-v1, fabric-resource-conditions-api-v1, fabric-resource-loader-v0, fabric-screen-api-v1, fabric-screen-handler-api-v1, fabric-sound-api-v1, fabric-tag-api-v1, fabric-transfer-api-v1, fabric-transitive-access-wideners-v1, fabricloader, litematica, malilib, mm, techutils]
[15:48:40] [Render thread/DEBUG] (FabricLoader/Mixin) Mixing KeyedResourceReloadListenerClientMixin from fabric-resource-loader-v0.client.mixins.json into net.minecraft.client.resource.language.LanguageManager
[15:48:40] [Render thread/DEBUG] (FabricLoader/Mixin) Mixing KeyedResourceReloadListenerClientMixin from fabric-resource-loader-v0.client.mixins.json into net.minecraft.client.texture.TextureManager
[15:48:40] [Render thread/DEBUG] (FabricLoader/Mixin) Mixing KeyedResourceReloadListenerClientMixin from fabric-resource-loader-v0.client.mixins.json into net.minecraft.client.sound.SoundManager
[15:48:40] [Render thread/DEBUG] (FabricLoader/Mixin) Mixing SoundSystemMixin from fabric-sound-api-v1.mixins.json into net.minecraft.client.sound.SoundSystem
[15:48:40] [Render thread/DEBUG] (FabricLoader/Mixin) Mixing FontManagerMixin from fabric-resource-loader-v0.client.mixins.json into net.minecraft.client.font.FontManager
[15:48:40] [Render thread/DEBUG] (FabricLoader/Mixin) Mixing BlockColorsMixin from fabric-rendering-v1.mixins.json into net.minecraft.client.color.block.BlockColors
[15:48:40] [Render thread/DEBUG] (FabricLoader/Mixin) Mixing BlockColorsMixin from fabric-registry-sync-v0.client.mixins.json into net.minecraft.client.color.block.BlockColors
[15:48:40] [Render thread/DEBUG] (FabricLoader/Mixin) fabric-rendering-v1.mixins.json:BlockColorsMixin from mod fabric-rendering-v1->@Inject::create(Lorg/spongepowered/asm/mixin/injection/callback/CallbackInfoReturnable;)V does use it's CallbackInfoReturnable
[15:48:40] [Render thread/DEBUG] (FabricLoader/Mixin) fabric-registry-sync-v0.client.mixins.json:BlockColorsMixin from mod fabric-registry-sync-v0->@Inject::create(Lorg/spongepowered/asm/mixin/injection/callback/CallbackInfo;)V doesn't use it's CallbackInfo
[15:48:40] [Render thread/DEBUG] (FabricLoader/Mixin) fabric-registry-sync-v0.client.mixins.json:BlockColorsMixin from mod fabric-registry-sync-v0->@Inject::create(Lorg/spongepowered/asm/mixin/injection/callback/CallbackInfo;)V has 0 override(s) in child classes
[15:48:40] [Render thread/DEBUG] (FabricLoader/Mixin) fabric-registry-sync-v0.client.mixins.json:BlockColorsMixin from mod fabric-registry-sync-v0->@Inject::create(Lorg/spongepowered/asm/mixin/injection/callback/CallbackInfo;)V won't be passed a CallbackInfo as a result
[15:48:40] [Render thread/DEBUG] (FabricLoader/Mixin) Mixing BakedModelManagerMixin from fabric-model-loading-api-v1.mixins.json into net.minecraft.client.render.model.BakedModelManager
[15:48:40] [Render thread/DEBUG] (FabricLoader/Mixin) Renaming synthetic method lambda$withModelDispatcher$3(Ljava/util/concurrent/CompletableFuture;Ljava/util/function/Function;Ljava/lang/Object;)Ljava/lang/Object; to mdbcad25$fabric-model-loading-api-v1$lambda$withModelDispatcher$3$0 in fabric-model-loading-api-v1.mixins.json:BakedModelManagerMixin from mod fabric-model-loading-api-v1
[15:48:40] [Render thread/DEBUG] (FabricLoader/Mixin) Renaming synthetic method lambda$hookBlockStateModels$2(Lnet/minecraft/client/render/model/BlockStatesLoader$LoadedModels;Lnet/fabricmc/fabric/impl/client/model/loading/ModelLoadingEventDispatcher;)Lnet/minecraft/client/render/model/BlockStatesLoader$LoadedModels; to mdbcad25$fabric-model-loading-api-v1$lambda$hookBlockStateModels$2$1 in fabric-model-loading-api-v1.mixins.json:BakedModelManagerMixin from mod fabric-model-loading-api-v1
[15:48:40] [Render thread/DEBUG] (FabricLoader/Mixin) Renaming synthetic method lambda$hookModels$1(Ljava/util/Map;Lnet/fabricmc/fabric/impl/client/model/loading/ModelLoadingEventDispatcher;)Ljava/util/Map; to mdbcad25$fabric-model-loading-api-v1$lambda$hookModels$1$2 in fabric-model-loading-api-v1.mixins.json:BakedModelManagerMixin from mod fabric-model-loading-api-v1
[15:48:40] [Render thread/DEBUG] (FabricLoader/Mixin) Renaming synthetic method lambda$resetEventDispatcherFuture$0(Ljava/lang/Void;)Ljava/lang/Void; to mdbcad25$fabric-model-loading-api-v1$lambda$resetEventDispatcherFuture$0$3 in fabric-model-loading-api-v1.mixins.json:BakedModelManagerMixin from mod fabric-model-loading-api-v1
[15:48:40] [Render thread/DEBUG] (FabricLoader/Mixin) Mixing KeyedResourceReloadListenerClientMixin from fabric-resource-loader-v0.client.mixins.json into net.minecraft.client.render.model.BakedModelManager
[15:48:40] [Render thread/DEBUG] (FabricLoader/Mixin) fabric-model-loading-api-v1.mixins.json:BakedModelManagerMixin from mod fabric-model-loading-api-v1->@Inject::onHeadReload(Lnet/minecraft/resource/ResourceReloader$Synchronizer;Lnet/minecraft/resource/ResourceManager;Ljava/util/concurrent/Executor;Ljava/util/concurrent/Executor;Lorg/spongepowered/asm/mixin/injection/callback/CallbackInfoReturnable;)V doesn't use it's CallbackInfoReturnable
[15:48:40] [Render thread/DEBUG] (FabricLoader/Mixin) fabric-model-loading-api-v1.mixins.json:BakedModelManagerMixin from mod fabric-model-loading-api-v1->@Inject::onHeadReload(Lnet/minecraft/resource/ResourceReloader$Synchronizer;Lnet/minecraft/resource/ResourceManager;Ljava/util/concurrent/Executor;Ljava/util/concurrent/Executor;Lorg/spongepowered/asm/mixin/injection/callback/CallbackInfoReturnable;)V has 0 override(s) in child classes
[15:48:40] [Render thread/DEBUG] (FabricLoader/Mixin) fabric-model-loading-api-v1.mixins.json:BakedModelManagerMixin from mod fabric-model-loading-api-v1->@Inject::onHeadReload(Lnet/minecraft/resource/ResourceReloader$Synchronizer;Lnet/minecraft/resource/ResourceManager;Ljava/util/concurrent/Executor;Ljava/util/concurrent/Executor;Lorg/spongepowered/asm/mixin/injection/callback/CallbackInfoReturnable;)V won't be passed a CallbackInfoReturnable as a result
[15:48:40] [Render thread/DEBUG] (FabricLoader/Mixin) fabric-model-loading-api-v1.mixins.json:BakedModelManagerMixin from mod fabric-model-loading-api-v1->@Inject::resolveExtraModels(Ljava/util/Map;Lnet/minecraft/client/render/model/BlockStatesLoader$LoadedModels;Lnet/minecraft/client/item/ItemAssetsLoader$Result;Lorg/spongepowered/asm/mixin/injection/callback/CallbackInfoReturnable;)V doesn't use it's CallbackInfoReturnable
[15:48:40] [Render thread/DEBUG] (FabricLoader/Mixin) fabric-model-loading-api-v1.mixins.json:BakedModelManagerMixin from mod fabric-model-loading-api-v1->@Inject::onUpload(Lorg/spongepowered/asm/mixin/injection/callback/CallbackInfo;)V doesn't use it's CallbackInfo
[15:48:40] [Render thread/DEBUG] (FabricLoader/Mixin) fabric-model-loading-api-v1.mixins.json:BakedModelManagerMixin from mod fabric-model-loading-api-v1->@Inject::onUpload(Lorg/spongepowered/asm/mixin/injection/callback/CallbackInfo;)V has 0 override(s) in child classes
[15:48:40] [Render thread/DEBUG] (FabricLoader/Mixin) fabric-model-loading-api-v1.mixins.json:BakedModelManagerMixin from mod fabric-model-loading-api-v1->@Inject::onUpload(Lorg/spongepowered/asm/mixin/injection/callback/CallbackInfo;)V won't be passed a CallbackInfo as a result
[15:48:40] [Render thread/DEBUG] (FabricLoader/Mixin) Mixing client.sprite.ErrorCollectingSpriteGetterMixin from fabric-renderer-api-v1.mixins.json into net.minecraft.client.render.model.ErrorCollectingSpriteGetter
[15:48:40] [Render thread/DEBUG] (FabricLoader/Mixin) Mixing client.block.particle.BlockModelsMixin from fabric-renderer-api-v1.mixins.json into net.minecraft.client.render.block.BlockModels
[15:48:40] [Render thread/DEBUG] (FabricLoader/Mixin) Mixing JsonDataLoaderMixin from fabric-resource-conditions-api-v1.mixins.json into net.minecraft.resource.JsonDataLoader
[15:48:40] [Render thread/DEBUG] (FabricLoader/Mixin) Mixing JsonDataLoaderMixin from fabric-loot-api-v3.mixins.json into net.minecraft.resource.JsonDataLoader
[15:48:40] [Render thread/DEBUG] (FabricLoader/Mixin) fabric-resource-conditions-api-v1.mixins.json:JsonDataLoaderMixin from mod fabric-resource-conditions-api-v1->@Inject::skipData(Ljava/util/Map;Lnet/minecraft/util/Identifier;Ljava/lang/Object;Lorg/spongepowered/asm/mixin/injection/callback/CallbackInfo;)V does use it's CallbackInfo
[15:48:40] [Render thread/DEBUG] (FabricLoader/Mixin) fabric-loot-api-v3.mixins.json:JsonDataLoaderMixin from mod fabric-loot-api-v3->@Inject::fillSourceMap(Lnet/minecraft/resource/ResourceManager;Lnet/minecraft/resource/ResourceFinder;Lcom/mojang/serialization/DynamicOps;Lcom/mojang/serialization/Codec;Ljava/util/Map;Lorg/spongepowered/asm/mixin/injection/callback/CallbackInfo;)V doesn't use it's CallbackInfo
[15:48:40] [Render thread/DEBUG] (FabricLoader/Mixin) Mixing ItemRenderStateMixin from fabric-renderer-indigo.mixins.json into net.minecraft.client.render.item.ItemRenderState
[15:48:40] [Render thread/DEBUG] (FabricLoader/Mixin) fabric-renderer-indigo.mixins.json:ItemRenderStateMixin from mod fabric-renderer-indigo->@Inject::afterInitVecLoad(Ljava/util/function/Consumer;Lorg/spongepowered/asm/mixin/injection/callback/CallbackInfo;)V doesn't use it's CallbackInfo
[15:48:40] [Render thread/DEBUG] (FabricLoader/Mixin) fabric-renderer-indigo.mixins.json:ItemRenderStateMixin from mod fabric-renderer-indigo->@Inject::afterInitVecLoad(Ljava/util/function/Consumer;Lorg/spongepowered/asm/mixin/injection/callback/CallbackInfo;)V has 0 override(s) in child classes
[15:48:40] [Render thread/DEBUG] (FabricLoader/Mixin) fabric-renderer-indigo.mixins.json:ItemRenderStateMixin from mod fabric-renderer-indigo->@Inject::afterInitVecLoad(Ljava/util/function/Consumer;Lorg/spongepowered/asm/mixin/injection/callback/CallbackInfo;)V won't be passed a CallbackInfo as a result
[15:48:40] [Render thread/DEBUG] (FabricLoader/Mixin) fabric-renderer-indigo.mixins.json:ItemRenderStateMixin from mod fabric-renderer-indigo->@Inject::afterLayerLoad(Ljava/util/function/Consumer;Lorg/spongepowered/asm/mixin/injection/callback/CallbackInfo;)V doesn't use it's CallbackInfo
[15:48:40] [Render thread/DEBUG] (FabricLoader/Mixin) fabric-renderer-indigo.mixins.json:ItemRenderStateMixin from mod fabric-renderer-indigo->@Inject::afterLayerLoad(Ljava/util/function/Consumer;Lorg/spongepowered/asm/mixin/injection/callback/CallbackInfo;)V has 0 override(s) in child classes
[15:48:40] [Render thread/DEBUG] (FabricLoader/Mixin) fabric-renderer-indigo.mixins.json:ItemRenderStateMixin from mod fabric-renderer-indigo->@Inject::afterLayerLoad(Ljava/util/function/Consumer;Lorg/spongepowered/asm/mixin/injection/callback/CallbackInfo;)V won't be passed a CallbackInfo as a result
[15:48:40] [Render thread/DEBUG] (FabricLoader/Mixin) Mixing client.item.ItemRenderStateLayerRenderStateMixin from fabric-renderer-api-v1.mixins.json into net.minecraft.client.render.item.ItemRenderState$LayerRenderState
[15:48:40] [Render thread/DEBUG] (FabricLoader/Mixin) Mixing ItemRenderStateLayerRenderStateMixin from fabric-renderer-indigo.mixins.json into net.minecraft.client.render.item.ItemRenderState$LayerRenderState
[15:48:40] [Render thread/DEBUG] (FabricLoader/Mixin) fabric-renderer-indigo.mixins.json:ItemRenderStateLayerRenderStateMixin from mod fabric-renderer-indigo->@Inject::onReturnClear(Lorg/spongepowered/asm/mixin/injection/callback/CallbackInfo;)V doesn't use it's CallbackInfo
[15:48:40] [Render thread/DEBUG] (FabricLoader/Mixin) fabric-renderer-indigo.mixins.json:ItemRenderStateLayerRenderStateMixin from mod fabric-renderer-indigo->@Inject::onReturnClear(Lorg/spongepowered/asm/mixin/injection/callback/CallbackInfo;)V has 0 override(s) in child classes
[15:48:40] [Render thread/DEBUG] (FabricLoader/Mixin) fabric-renderer-indigo.mixins.json:ItemRenderStateLayerRenderStateMixin from mod fabric-renderer-indigo->@Inject::onReturnClear(Lorg/spongepowered/asm/mixin/injection/callback/CallbackInfo;)V won't be passed a CallbackInfo as a result
[15:48:40] [Render thread/DEBUG] (FabricLoader/Mixin) Mixing ModelBakerMixin from fabric-model-loading-api-v1.mixins.json into net.minecraft.client.render.model.ModelBaker
[15:48:40] [Render thread/DEBUG] (FabricLoader/Mixin) Renaming synthetic method lambda$withExtraModels$2(Lnet/minecraft/client/render/model/ModelBaker$BakedModels;Ljava/util/Map;)Lnet/minecraft/client/render/model/ModelBaker$BakedModels; to mdbcad25$fabric-model-loading-api-v1$lambda$withExtraModels$2$0 in fabric-model-loading-api-v1.mixins.json:ModelBakerMixin from mod fabric-model-loading-api-v1
[15:48:40] [Render thread/DEBUG] (FabricLoader/Mixin) Renaming synthetic method lambda$withExtraModels$1(Lnet/minecraft/client/render/model/ModelBaker$BakerImpl;Lnet/fabricmc/fabric/api/client/model/loading/v1/ExtraModelKey;Lnet/fabricmc/fabric/api/client/model/loading/v1/UnbakedExtraModel;)Ljava/lang/Object; to mdbcad25$fabric-model-loading-api-v1$lambda$withExtraModels$1$1 in fabric-model-loading-api-v1.mixins.json:ModelBakerMixin from mod fabric-model-loading-api-v1
[15:48:40] [Render thread/DEBUG] (FabricLoader/Mixin) Renaming synthetic method lambda$hookBlockModelBake$0(Ljava/util/function/BiFunction;Lnet/minecraft/block/BlockState;Lnet/minecraft/client/render/model/BlockStateModel$UnbakedGrouped;)Lnet/minecraft/client/render/model/BlockStateModel; to mdbcad25$fabric-model-loading-api-v1$lambda$hookBlockModelBake$0$2 in fabric-model-loading-api-v1.mixins.json:ModelBakerMixin from mod fabric-model-loading-api-v1
[15:48:40] [Render thread/DEBUG] (FabricLoader/Mixin) fabric-model-loading-api-v1.mixins.json:ModelBakerMixin from mod fabric-model-loading-api-v1->@Inject::onReturnInit(Lorg/spongepowered/asm/mixin/injection/callback/CallbackInfo;)V doesn't use it's CallbackInfo
[15:48:40] [Render thread/DEBUG] (FabricLoader/Mixin) fabric-model-loading-api-v1.mixins.json:ModelBakerMixin from mod fabric-model-loading-api-v1->@Inject::onReturnInit(Lorg/spongepowered/asm/mixin/injection/callback/CallbackInfo;)V has 0 override(s) in child classes
[15:48:40] [Render thread/DEBUG] (FabricLoader/Mixin) fabric-model-loading-api-v1.mixins.json:ModelBakerMixin from mod fabric-model-loading-api-v1->@Inject::onReturnInit(Lorg/spongepowered/asm/mixin/injection/callback/CallbackInfo;)V won't be passed a CallbackInfo as a result
[15:48:40] [Render thread/DEBUG] (FabricLoader/Mixin) Mixing client.block.render.BlockRenderManagerMixin from fabric-renderer-api-v1.mixins.json into net.minecraft.client.render.block.BlockRenderManager
[15:48:40] [Render thread/DEBUG] (FabricLoader/Mixin) Mixing BlockRenderManagerAccessor from fabric-renderer-indigo.mixins.json into net.minecraft.client.render.block.BlockRenderManager
[15:48:40] [Render thread/DEBUG] (FabricLoader/Mixin) Mixing BlockRenderManagerMixin from fabric-renderer-indigo.mixins.json into net.minecraft.client.render.block.BlockRenderManager
[15:48:40] [Render thread/DEBUG] (FabricLoader/Mixin) Renaming synthetic method lambda$afterGetModel$0(Lnet/minecraft/client/render/VertexConsumer;Lnet/minecraft/client/render/BlockRenderLayer;)Lnet/minecraft/client/render/VertexConsumer; to mdbcad25$fabric-renderer-indigo$lambda$afterGetModel$0$0 in fabric-renderer-indigo.mixins.json:BlockRenderManagerMixin from mod fabric-renderer-indigo
[15:48:40] [Render thread/DEBUG] (FabricLoader/Mixin) Mixing KeyedResourceReloadListenerClientMixin from fabric-resource-loader-v0.client.mixins.json into net.minecraft.client.render.block.BlockRenderManager
[15:48:40] [Render thread/DEBUG] (FabricLoader/Mixin) fabric-renderer-indigo.mixins.json:BlockRenderManagerMixin from mod fabric-renderer-indigo->@Inject::afterGetModel(Lnet/minecraft/block/BlockState;Lnet/minecraft/util/math/BlockPos;Lnet/minecraft/world/BlockRenderView;Lnet/minecraft/client/util/math/MatrixStack;Lnet/minecraft/client/render/VertexConsumer;Lorg/spongepowered/asm/mixin/injection/callback/CallbackInfo;)V does use it's CallbackInfo
[15:48:40] [Render thread/DEBUG] (FabricLoader/Mixin) Mixing client.block.render.BlockModelRendererMixin from fabric-renderer-api-v1.mixins.json into net.minecraft.client.render.block.BlockModelRenderer
[15:48:40] [Render thread/DEBUG] (FabricLoader/Mixin) Mixing BlockModelRendererMixin from fabric-renderer-indigo.mixins.json into net.minecraft.client.render.block.BlockModelRenderer
[15:48:40] [Render thread/DEBUG] (FabricLoader/Mixin) Renaming synthetic method lambda$render$0(Lnet/minecraft/client/render/VertexConsumer;Lnet/minecraft/client/render/BlockRenderLayer;)Lnet/minecraft/client/render/VertexConsumer; to mdbcad25$fabric-renderer-indigo$lambda$render$0$0 in fabric-renderer-indigo.mixins.json:BlockModelRendererMixin from mod fabric-renderer-indigo
[15:48:40] [Render thread/DEBUG] (FabricLoader/Mixin) Mixing FluidRendererMixin from fabric-rendering-fluids-v1.mixins.json into net.minecraft.client.render.block.FluidRenderer
[15:48:40] [Render thread/DEBUG] (FabricLoader/Mixin) fabric-rendering-fluids-v1.mixins.json:FluidRendererMixin from mod fabric-rendering-fluids-v1->@Inject::onResourceReloadReturn(Lorg/spongepowered/asm/mixin/injection/callback/CallbackInfo;)V doesn't use it's CallbackInfo
[15:48:40] [Render thread/DEBUG] (FabricLoader/Mixin) fabric-rendering-fluids-v1.mixins.json:FluidRendererMixin from mod fabric-rendering-fluids-v1->@Inject::onResourceReloadReturn(Lorg/spongepowered/asm/mixin/injection/callback/CallbackInfo;)V has 0 override(s) in child classes
[15:48:40] [Render thread/DEBUG] (FabricLoader/Mixin) fabric-rendering-fluids-v1.mixins.json:FluidRendererMixin from mod fabric-rendering-fluids-v1->@Inject::onResourceReloadReturn(Lorg/spongepowered/asm/mixin/injection/callback/CallbackInfo;)V won't be passed a CallbackInfo as a result
[15:48:40] [Render thread/DEBUG] (FabricLoader/Mixin) fabric-rendering-fluids-v1.mixins.json:FluidRendererMixin from mod fabric-rendering-fluids-v1->@Inject::onHeadRender(Lnet/minecraft/world/BlockRenderView;Lnet/minecraft/util/math/BlockPos;Lnet/minecraft/client/render/VertexConsumer;Lnet/minecraft/block/BlockState;Lnet/minecraft/fluid/FluidState;Lorg/spongepowered/asm/mixin/injection/callback/CallbackInfo;)V does use it's CallbackInfo
[15:48:40] [Render thread/DEBUG] (FabricLoader/Mixin) Mixing HeldItemRendererMixin from fabric-item-api-v1.client.mixins.json into net.minecraft.client.render.item.HeldItemRenderer
[15:48:40] [Render thread/DEBUG] (FabricLoader/Mixin) fabric-item-api-v1.client.mixins.json:HeldItemRendererMixin from mod fabric-item-api-v1->@Inject::modifyProgressAnimation(Lorg/spongepowered/asm/mixin/injection/callback/CallbackInfo;)V doesn't use it's CallbackInfo
[15:48:40] [Render thread/DEBUG] (FabricLoader/Mixin) fabric-item-api-v1.client.mixins.json:HeldItemRendererMixin from mod fabric-item-api-v1->@Inject::modifyProgressAnimation(Lorg/spongepowered/asm/mixin/injection/callback/CallbackInfo;)V has 0 override(s) in child classes
[15:48:40] [Render thread/DEBUG] (FabricLoader/Mixin) fabric-item-api-v1.client.mixins.json:HeldItemRendererMixin from mod fabric-item-api-v1->@Inject::modifyProgressAnimation(Lorg/spongepowered/asm/mixin/injection/callback/CallbackInfo;)V won't be passed a CallbackInfo as a result
[15:48:40] [Render thread/DEBUG] (FabricLoader/Mixin) Mixing ParticleManagerMixin from fabric-particles-v1.client.mixins.json into net.minecraft.client.particle.ParticleManager
[15:48:40] [Render thread/DEBUG] (FabricLoader/Mixin) Mixing ParticleManagerAccessor from fabric-particles-v1.client.mixins.json into net.minecraft.client.particle.ParticleManager
[15:48:40] [Render thread/DEBUG] (FabricLoader/Mixin) Mixing ParticleManagerMixin from fabric-registry-sync-v0.client.mixins.json into net.minecraft.client.particle.ParticleManager
[15:48:40] [Render thread/DEBUG] (FabricLoader/Mixin) fabric-particles-v1.client.mixins.json:ParticleManagerMixin from mod fabric-particles-v1->@Inject::onRegisterDefaultFactories(Lorg/spongepowered/asm/mixin/injection/callback/CallbackInfo;)V doesn't use it's CallbackInfo
[15:48:40] [Render thread/DEBUG] (FabricLoader/Mixin) fabric-particles-v1.client.mixins.json:ParticleManagerMixin from mod fabric-particles-v1->@Inject::onRegisterDefaultFactories(Lorg/spongepowered/asm/mixin/injection/callback/CallbackInfo;)V has 0 override(s) in child classes
[15:48:40] [Render thread/DEBUG] (FabricLoader/Mixin) fabric-particles-v1.client.mixins.json:ParticleManagerMixin from mod fabric-particles-v1->@Inject::onRegisterDefaultFactories(Lorg/spongepowered/asm/mixin/injection/callback/CallbackInfo;)V won't be passed a CallbackInfo as a result
[15:48:40] [Render thread/DEBUG] (FabricLoader/Mixin) fabric-registry-sync-v0.client.mixins.json:ParticleManagerMixin from mod fabric-registry-sync-v0->@Inject::onInit(Lnet/minecraft/client/world/ClientWorld;Lnet/minecraft/client/texture/TextureManager;Lorg/spongepowered/asm/mixin/injection/callback/CallbackInfo;)V doesn't use it's CallbackInfo
[15:48:40] [Render thread/DEBUG] (FabricLoader/Mixin) fabric-registry-sync-v0.client.mixins.json:ParticleManagerMixin from mod fabric-registry-sync-v0->@Inject::onInit(Lnet/minecraft/client/world/ClientWorld;Lnet/minecraft/client/texture/TextureManager;Lorg/spongepowered/asm/mixin/injection/callback/CallbackInfo;)V has 0 override(s) in child classes
[15:48:40] [Render thread/DEBUG] (FabricLoader/Mixin) fabric-registry-sync-v0.client.mixins.json:ParticleManagerMixin from mod fabric-registry-sync-v0->@Inject::onInit(Lnet/minecraft/client/world/ClientWorld;Lnet/minecraft/client/texture/TextureManager;Lorg/spongepowered/asm/mixin/injection/callback/CallbackInfo;)V won't be passed a CallbackInfo as a result
[15:48:40] [Render thread/DEBUG] (FabricLoader/Mixin) Mixing BlockDustParticleMixin from fabric-particles-v1.client.mixins.json into net.minecraft.client.particle.BlockDustParticle
[15:48:40] [Render thread/DEBUG] (FabricLoader/Mixin) Mixing client.block.particle.BlockDustParticleMixin from fabric-renderer-api-v1.mixins.json into net.minecraft.client.particle.BlockDustParticle
[15:48:40] [Render thread/DEBUG] (FabricLoader/Mixin) Mixing ParticleManagerAccessor$SimpleSpriteProviderAccessor from fabric-particles-v1.client.mixins.json into net.minecraft.client.particle.ParticleManager$SimpleSpriteProvider
[15:48:40] [Render thread/DEBUG] (FabricLoader/Mixin) Mixing client.block.particle.BlockMarkerParticleMixin from fabric-renderer-api-v1.mixins.json into net.minecraft.client.particle.BlockMarkerParticle
[15:48:40] [Render thread/DEBUG] (FabricLoader/Mixin) Mixing render.IMixinGameRenderer from mixins.malilib.json into net.minecraft.client.render.GameRenderer
[15:48:40] [Render thread/DEBUG] (FabricLoader/Mixin) Mixing render.IMixinGameRenderer from mixins.litematica.json into net.minecraft.client.render.GameRenderer
[15:48:40] [Render thread/DEBUG] (FabricLoader/Mixin) Mixing GameRendererMixin from fabric-screen-api-v1.mixins.json into net.minecraft.client.render.GameRenderer
[15:48:40] [Render thread/DEBUG] (FabricLoader/Mixin) Mixing GuiRendererMixin from fabric-rendering-v1.mixins.json into net.minecraft.client.gui.render.GuiRenderer
[15:48:40] [Render thread/DEBUG] (FabricLoader/Mixin) Mixing containerscan.GuiRendererMixin from techutils.mixins.json into net.minecraft.client.gui.render.GuiRenderer
[15:48:40] [Render thread/DEBUG] (FabricLoader/Mixin) fabric-rendering-v1.mixins.json:GuiRendererMixin from mod fabric-rendering-v1->@Inject::mutableSpecialElementRenderers(Lnet/minecraft/client/gui/render/state/GuiRenderState;Lnet/minecraft/client/render/VertexConsumerProvider$Immediate;Ljava/util/List;Lorg/spongepowered/asm/mixin/injection/callback/CallbackInfo;)V doesn't use it's CallbackInfo
[15:48:40] [Render thread/DEBUG] (FabricLoader/Mixin) fabric-rendering-v1.mixins.json:GuiRendererMixin from mod fabric-rendering-v1->@Inject::mutableSpecialElementRenderers(Lnet/minecraft/client/gui/render/state/GuiRenderState;Lnet/minecraft/client/render/VertexConsumerProvider$Immediate;Ljava/util/List;Lorg/spongepowered/asm/mixin/injection/callback/CallbackInfo;)V has 0 override(s) in child classes
[15:48:40] [Render thread/DEBUG] (FabricLoader/Mixin) fabric-rendering-v1.mixins.json:GuiRendererMixin from mod fabric-rendering-v1->@Inject::mutableSpecialElementRenderers(Lnet/minecraft/client/gui/render/state/GuiRenderState;Lnet/minecraft/client/render/VertexConsumerProvider$Immediate;Ljava/util/List;Lorg/spongepowered/asm/mixin/injection/callback/CallbackInfo;)V won't be passed a CallbackInfo as a result
[15:48:40] [Render thread/DEBUG] (FabricLoader/Mixin) techutils.mixins.json:containerscan.GuiRendererMixin from mod techutils->@Inject::clearTransparentItemStates(Lorg/spongepowered/asm/mixin/injection/callback/CallbackInfo;)V doesn't use it's CallbackInfo
[15:48:40] [Render thread/DEBUG] (FabricLoader/Mixin) techutils.mixins.json:containerscan.GuiRendererMixin from mod techutils->@Inject::clearTransparentItemStates(Lorg/spongepowered/asm/mixin/injection/callback/CallbackInfo;)V has 0 override(s) in child classes
[15:48:40] [Render thread/DEBUG] (FabricLoader/Mixin) techutils.mixins.json:containerscan.GuiRendererMixin from mod techutils->@Inject::clearTransparentItemStates(Lorg/spongepowered/asm/mixin/injection/callback/CallbackInfo;)V won't be passed a CallbackInfo as a result
[15:48:40] [Render thread/DEBUG] (FabricLoader/Mixin) Mixing client.block.particle.InGameOverlayRendererMixin from fabric-renderer-api-v1.mixins.json into net.minecraft.client.gui.hud.InGameOverlayRenderer
[15:48:40] [Render thread/DEBUG] (FabricLoader/Mixin) fabric-renderer-api-v1.mixins.json:client.block.particle.InGameOverlayRendererMixin from mod fabric-renderer-api-v1->@Inject::onReturnGetInWallBlockState(Lorg/spongepowered/asm/mixin/injection/callback/CallbackInfoReturnable;)V does use it's CallbackInfoReturnable
[15:48:40] [Render thread/DEBUG] (FabricLoader/Mixin) Mixing WorldRendererMixin from fabric-rendering-v1.mixins.json into net.minecraft.client.render.WorldRenderer
[15:48:40] [Render thread/DEBUG] (FabricLoader/Mixin) Renaming synthetic method lambda$beforeClouds$0()V to mdbcad25$fabric-rendering-v1$lambda$beforeClouds$0$0 in fabric-rendering-v1.mixins.json:WorldRendererMixin from mod fabric-rendering-v1
[15:48:40] [Render thread/DEBUG] (FabricLoader/Mixin) Mixing render.MixinWorldRenderer from mixins.malilib.json into net.minecraft.client.render.WorldRenderer
[15:48:40] [Render thread/DEBUG] (FabricLoader/Mixin) Mixing render.MixinWorldRenderer from mixins.litematica.json into net.minecraft.client.render.WorldRenderer
[15:48:40] [Render thread/DEBUG] (FabricLoader/Mixin) Mixing KeyedResourceReloadListenerClientMixin from fabric-resource-loader-v0.client.mixins.json into net.minecraft.client.render.WorldRenderer
[15:48:40] [Render thread/DEBUG] (FabricLoader/Mixin) fabric-rendering-v1.mixins.json:WorldRendererMixin from mod fabric-rendering-v1->@Inject::beforeRender(Lnet/minecraft/client/util/ObjectAllocator;Lnet/minecraft/client/render/RenderTickCounter;ZLnet/minecraft/client/render/Camera;Lorg/joml/Matrix4f;Lorg/joml/Matrix4f;Lcom/mojang/blaze3d/buffers/GpuBufferSlice;Lorg/joml/Vector4f;ZLorg/spongepowered/asm/mixin/injection/callback/CallbackInfo;)V doesn't use it's CallbackInfo
[15:48:40] [Render thread/DEBUG] (FabricLoader/Mixin) fabric-rendering-v1.mixins.json:WorldRendererMixin from mod fabric-rendering-v1->@Inject::beforeRender(Lnet/minecraft/client/util/ObjectAllocator;Lnet/minecraft/client/render/RenderTickCounter;ZLnet/minecraft/client/render/Camera;Lorg/joml/Matrix4f;Lorg/joml/Matrix4f;Lcom/mojang/blaze3d/buffers/GpuBufferSlice;Lorg/joml/Vector4f;ZLorg/spongepowered/asm/mixin/injection/callback/CallbackInfo;)V has 0 override(s) in child classes
[15:48:40] [Render thread/DEBUG] (FabricLoader/Mixin) fabric-rendering-v1.mixins.json:WorldRendererMixin from mod fabric-rendering-v1->@Inject::beforeRender(Lnet/minecraft/client/util/ObjectAllocator;Lnet/minecraft/client/render/RenderTickCounter;ZLnet/minecraft/client/render/Camera;Lorg/joml/Matrix4f;Lorg/joml/Matrix4f;Lcom/mojang/blaze3d/buffers/GpuBufferSlice;Lorg/joml/Vector4f;ZLorg/spongepowered/asm/mixin/injection/callback/CallbackInfo;)V won't be passed a CallbackInfo as a result
[15:48:40] [Render thread/DEBUG] (FabricLoader/Mixin) fabric-rendering-v1.mixins.json:WorldRendererMixin from mod fabric-rendering-v1->@Inject::afterTerrainSetup(Lnet/minecraft/client/render/Camera;Lnet/minecraft/client/render/Frustum;ZZLorg/spongepowered/asm/mixin/injection/callback/CallbackInfo;)V doesn't use it's CallbackInfo
[15:48:40] [Render thread/DEBUG] (FabricLoader/Mixin) fabric-rendering-v1.mixins.json:WorldRendererMixin from mod fabric-rendering-v1->@Inject::afterTerrainSetup(Lnet/minecraft/client/render/Camera;Lnet/minecraft/client/render/Frustum;ZZLorg/spongepowered/asm/mixin/injection/callback/CallbackInfo;)V has 0 override(s) in child classes
[15:48:40] [Render thread/DEBUG] (FabricLoader/Mixin) fabric-rendering-v1.mixins.json:WorldRendererMixin from mod fabric-rendering-v1->@Inject::afterTerrainSetup(Lnet/minecraft/client/render/Camera;Lnet/minecraft/client/render/Frustum;ZZLorg/spongepowered/asm/mixin/injection/callback/CallbackInfo;)V won't be passed a CallbackInfo as a result
[15:48:40] [Render thread/DEBUG] (FabricLoader/Mixin) fabric-rendering-v1.mixins.json:WorldRendererMixin from mod fabric-rendering-v1->@Inject::beforeTerrainSolid(Lorg/spongepowered/asm/mixin/injection/callback/CallbackInfo;)V doesn't use it's CallbackInfo
[15:48:40] [Render thread/DEBUG] (FabricLoader/Mixin) fabric-rendering-v1.mixins.json:WorldRendererMixin from mod fabric-rendering-v1->@Inject::beforeTerrainSolid(Lorg/spongepowered/asm/mixin/injection/callback/CallbackInfo;)V has 0 override(s) in child classes
[15:48:40] [Render thread/DEBUG] (FabricLoader/Mixin) fabric-rendering-v1.mixins.json:WorldRendererMixin from mod fabric-rendering-v1->@Inject::beforeTerrainSolid(Lorg/spongepowered/asm/mixin/injection/callback/CallbackInfo;)V won't be passed a CallbackInfo as a result
[15:48:40] [Render thread/DEBUG] (FabricLoader/Mixin) fabric-rendering-v1.mixins.json:WorldRendererMixin from mod fabric-rendering-v1->@Inject::afterTerrainSolid(Lorg/spongepowered/asm/mixin/injection/callback/CallbackInfo;)V doesn't use it's CallbackInfo
[15:48:40] [Render thread/DEBUG] (FabricLoader/Mixin) fabric-rendering-v1.mixins.json:WorldRendererMixin from mod fabric-rendering-v1->@Inject::afterTerrainSolid(Lorg/spongepowered/asm/mixin/injection/callback/CallbackInfo;)V has 0 override(s) in child classes
[15:48:40] [Render thread/DEBUG] (FabricLoader/Mixin) fabric-rendering-v1.mixins.json:WorldRendererMixin from mod fabric-rendering-v1->@Inject::afterTerrainSolid(Lorg/spongepowered/asm/mixin/injection/callback/CallbackInfo;)V won't be passed a CallbackInfo as a result
[15:48:40] [Render thread/DEBUG] (FabricLoader/Mixin) fabric-rendering-v1.mixins.json:WorldRendererMixin from mod fabric-rendering-v1->@Inject::afterEntities(Lorg/spongepowered/asm/mixin/injection/callback/CallbackInfo;)V doesn't use it's CallbackInfo
[15:48:40] [Render thread/DEBUG] (FabricLoader/Mixin) fabric-rendering-v1.mixins.json:WorldRendererMixin from mod fabric-rendering-v1->@Inject::afterEntities(Lorg/spongepowered/asm/mixin/injection/callback/CallbackInfo;)V has 0 override(s) in child classes
[15:48:40] [Render thread/DEBUG] (FabricLoader/Mixin) fabric-rendering-v1.mixins.json:WorldRendererMixin from mod fabric-rendering-v1->@Inject::afterEntities(Lorg/spongepowered/asm/mixin/injection/callback/CallbackInfo;)V won't be passed a CallbackInfo as a result
[15:48:40] [Render thread/DEBUG] (FabricLoader/Mixin) fabric-rendering-v1.mixins.json:WorldRendererMixin from mod fabric-rendering-v1->@Inject::beforeRenderOutline(Lnet/minecraft/client/render/Camera;Lnet/minecraft/client/render/VertexConsumerProvider$Immediate;Lnet/minecraft/client/util/math/MatrixStack;ZLorg/spongepowered/asm/mixin/injection/callback/CallbackInfo;)V doesn't use it's CallbackInfo
[15:48:40] [Render thread/DEBUG] (FabricLoader/Mixin) fabric-rendering-v1.mixins.json:WorldRendererMixin from mod fabric-rendering-v1->@Inject::beforeRenderOutline(Lnet/minecraft/client/render/Camera;Lnet/minecraft/client/render/VertexConsumerProvider$Immediate;Lnet/minecraft/client/util/math/MatrixStack;ZLorg/spongepowered/asm/mixin/injection/callback/CallbackInfo;)V has 0 override(s) in child classes
[15:48:40] [Render thread/DEBUG] (FabricLoader/Mixin) fabric-rendering-v1.mixins.json:WorldRendererMixin from mod fabric-rendering-v1->@Inject::beforeRenderOutline(Lnet/minecraft/client/render/Camera;Lnet/minecraft/client/render/VertexConsumerProvider$Immediate;Lnet/minecraft/client/util/math/MatrixStack;ZLorg/spongepowered/asm/mixin/injection/callback/CallbackInfo;)V won't be passed a CallbackInfo as a result
[15:48:40] [Render thread/DEBUG] (FabricLoader/Mixin) fabric-rendering-v1.mixins.json:WorldRendererMixin from mod fabric-rendering-v1->@Inject::onDrawBlockOutline(Lnet/minecraft/client/render/Camera;Lnet/minecraft/client/render/VertexConsumerProvider$Immediate;Lnet/minecraft/client/util/math/MatrixStack;ZLorg/spongepowered/asm/mixin/injection/callback/CallbackInfo;)V does use it's CallbackInfo
[15:48:40] [Render thread/DEBUG] (FabricLoader/Mixin) fabric-rendering-v1.mixins.json:WorldRendererMixin from mod fabric-rendering-v1->@Inject::beforeDebugRender(Lorg/spongepowered/asm/mixin/injection/callback/CallbackInfo;)V doesn't use it's CallbackInfo
[15:48:40] [Render thread/DEBUG] (FabricLoader/Mixin) fabric-rendering-v1.mixins.json:WorldRendererMixin from mod fabric-rendering-v1->@Inject::beforeDebugRender(Lorg/spongepowered/asm/mixin/injection/callback/CallbackInfo;)V has 0 override(s) in child classes
[15:48:40] [Render thread/DEBUG] (FabricLoader/Mixin) fabric-rendering-v1.mixins.json:WorldRendererMixin from mod fabric-rendering-v1->@Inject::beforeDebugRender(Lorg/spongepowered/asm/mixin/injection/callback/CallbackInfo;)V won't be passed a CallbackInfo as a result
[15:48:40] [Render thread/DEBUG] (FabricLoader/Mixin) fabric-rendering-v1.mixins.json:WorldRendererMixin from mod fabric-rendering-v1->@Inject::beforeClouds(Lorg/spongepowered/asm/mixin/injection/callback/CallbackInfo;)V doesn't use it's CallbackInfo
[15:48:40] [Render thread/DEBUG] (FabricLoader/Mixin) fabric-rendering-v1.mixins.json:WorldRendererMixin from mod fabric-rendering-v1->@Inject::beforeClouds(Lorg/spongepowered/asm/mixin/injection/callback/CallbackInfo;)V has 0 override(s) in child classes
[15:48:40] [Render thread/DEBUG] (FabricLoader/Mixin) fabric-rendering-v1.mixins.json:WorldRendererMixin from mod fabric-rendering-v1->@Inject::beforeClouds(Lorg/spongepowered/asm/mixin/injection/callback/CallbackInfo;)V won't be passed a CallbackInfo as a result
[15:48:40] [Render thread/DEBUG] (FabricLoader/Mixin) fabric-rendering-v1.mixins.json:WorldRendererMixin from mod fabric-rendering-v1->@Inject::onFinishWritingFramebuffer(Lorg/spongepowered/asm/mixin/injection/callback/CallbackInfo;)V doesn't use it's CallbackInfo
[15:48:40] [Render thread/DEBUG] (FabricLoader/Mixin) fabric-rendering-v1.mixins.json:WorldRendererMixin from mod fabric-rendering-v1->@Inject::onFinishWritingFramebuffer(Lorg/spongepowered/asm/mixin/injection/callback/CallbackInfo;)V has 0 override(s) in child classes
[15:48:40] [Render thread/DEBUG] (FabricLoader/Mixin) fabric-rendering-v1.mixins.json:WorldRendererMixin from mod fabric-rendering-v1->@Inject::onFinishWritingFramebuffer(Lorg/spongepowered/asm/mixin/injection/callback/CallbackInfo;)V won't be passed a CallbackInfo as a result
[15:48:40] [Render thread/DEBUG] (FabricLoader/Mixin) fabric-rendering-v1.mixins.json:WorldRendererMixin from mod fabric-rendering-v1->@Inject::afterRender(Lorg/spongepowered/asm/mixin/injection/callback/CallbackInfo;)V doesn't use it's CallbackInfo
[15:48:40] [Render thread/DEBUG] (FabricLoader/Mixin) fabric-rendering-v1.mixins.json:WorldRendererMixin from mod fabric-rendering-v1->@Inject::afterRender(Lorg/spongepowered/asm/mixin/injection/callback/CallbackInfo;)V has 0 override(s) in child classes
[15:48:40] [Render thread/DEBUG] (FabricLoader/Mixin) fabric-rendering-v1.mixins.json:WorldRendererMixin from mod fabric-rendering-v1->@Inject::afterRender(Lorg/spongepowered/asm/mixin/injection/callback/CallbackInfo;)V won't be passed a CallbackInfo as a result
[15:48:40] [Render thread/DEBUG] (FabricLoader/Mixin) fabric-rendering-v1.mixins.json:WorldRendererMixin from mod fabric-rendering-v1->@Inject::onReload(Lorg/spongepowered/asm/mixin/injection/callback/CallbackInfo;)V doesn't use it's CallbackInfo
[15:48:40] [Render thread/DEBUG] (FabricLoader/Mixin) fabric-rendering-v1.mixins.json:WorldRendererMixin from mod fabric-rendering-v1->@Inject::onReload(Lorg/spongepowered/asm/mixin/injection/callback/CallbackInfo;)V has 0 override(s) in child classes
[15:48:40] [Render thread/DEBUG] (FabricLoader/Mixin) fabric-rendering-v1.mixins.json:WorldRendererMixin from mod fabric-rendering-v1->@Inject::onReload(Lorg/spongepowered/asm/mixin/injection/callback/CallbackInfo;)V won't be passed a CallbackInfo as a result
[15:48:40] [Render thread/DEBUG] (FabricLoader/Mixin) fabric-rendering-v1.mixins.json:WorldRendererMixin from mod fabric-rendering-v1->@Inject::renderWeather(Lnet/minecraft/client/render/FrameGraphBuilder;Lnet/minecraft/util/math/Vec3d;FLcom/mojang/blaze3d/buffers/GpuBufferSlice;Lorg/spongepowered/asm/mixin/injection/callback/CallbackInfo;)V does use it's CallbackInfo
[15:48:40] [Render thread/DEBUG] (FabricLoader/Mixin) fabric-rendering-v1.mixins.json:WorldRendererMixin from mod fabric-rendering-v1->@Inject::renderCloud(Lnet/minecraft/client/render/FrameGraphBuilder;Lnet/minecraft/client/option/CloudRenderMode;Lnet/minecraft/util/math/Vec3d;FIFLorg/spongepowered/asm/mixin/injection/callback/CallbackInfo;)V does use it's CallbackInfo
[15:48:40] [Render thread/DEBUG] (FabricLoader/Mixin) fabric-rendering-v1.mixins.json:WorldRendererMixin from mod fabric-rendering-v1->@Inject::renderSky(Lnet/minecraft/client/render/FrameGraphBuilder;Lnet/minecraft/client/render/Camera;FLcom/mojang/blaze3d/buffers/GpuBufferSlice;Lorg/spongepowered/asm/mixin/injection/callback/CallbackInfo;)V does use it's CallbackInfo
[15:48:40] [Render thread/DEBUG] (FabricLoader/Mixin) mixins.malilib.json:render.MixinWorldRenderer from mod malilib->@Inject::malilib_onRenderWorldPreWeather(Lnet/minecraft/client/util/ObjectAllocator;Lnet/minecraft/client/render/RenderTickCounter;ZLnet/minecraft/client/render/Camera;Lorg/joml/Matrix4f;Lorg/joml/Matrix4f;Lcom/mojang/blaze3d/buffers/GpuBufferSlice;Lorg/joml/Vector4f;ZLorg/spongepowered/asm/mixin/injection/callback/CallbackInfo;)V doesn't use it's CallbackInfo
[15:48:40] [Render thread/DEBUG] (FabricLoader/Mixin) mixins.malilib.json:render.MixinWorldRenderer from mod malilib->@Inject::malilib_onRenderWorldPreWeather(Lnet/minecraft/client/util/ObjectAllocator;Lnet/minecraft/client/render/RenderTickCounter;ZLnet/minecraft/client/render/Camera;Lorg/joml/Matrix4f;Lorg/joml/Matrix4f;Lcom/mojang/blaze3d/buffers/GpuBufferSlice;Lorg/joml/Vector4f;ZLorg/spongepowered/asm/mixin/injection/callback/CallbackInfo;)V has 0 override(s) in child classes
[15:48:40] [Render thread/DEBUG] (FabricLoader/Mixin) mixins.malilib.json:render.MixinWorldRenderer from mod malilib->@Inject::malilib_onRenderWorldPreWeather(Lnet/minecraft/client/util/ObjectAllocator;Lnet/minecraft/client/render/RenderTickCounter;ZLnet/minecraft/client/render/Camera;Lorg/joml/Matrix4f;Lorg/joml/Matrix4f;Lcom/mojang/blaze3d/buffers/GpuBufferSlice;Lorg/joml/Vector4f;ZLorg/spongepowered/asm/mixin/injection/callback/CallbackInfo;)V won't be passed a CallbackInfo as a result
[15:48:40] [Render thread/DEBUG] (FabricLoader/Mixin) mixins.malilib.json:render.MixinWorldRenderer from mod malilib->@Inject::malilib_onRenderWorldLast(Lnet/minecraft/client/util/ObjectAllocator;Lnet/minecraft/client/render/RenderTickCounter;ZLnet/minecraft/client/render/Camera;Lorg/joml/Matrix4f;Lorg/joml/Matrix4f;Lcom/mojang/blaze3d/buffers/GpuBufferSlice;Lorg/joml/Vector4f;ZLorg/spongepowered/asm/mixin/injection/callback/CallbackInfo;)V doesn't use it's CallbackInfo
[15:48:40] [Render thread/DEBUG] (FabricLoader/Mixin) mixins.malilib.json:render.MixinWorldRenderer from mod malilib->@Inject::malilib_onRenderWorldLast(Lnet/minecraft/client/util/ObjectAllocator;Lnet/minecraft/client/render/RenderTickCounter;ZLnet/minecraft/client/render/Camera;Lorg/joml/Matrix4f;Lorg/joml/Matrix4f;Lcom/mojang/blaze3d/buffers/GpuBufferSlice;Lorg/joml/Vector4f;ZLorg/spongepowered/asm/mixin/injection/callback/CallbackInfo;)V has 0 override(s) in child classes
[15:48:40] [Render thread/DEBUG] (FabricLoader/Mixin) mixins.malilib.json:render.MixinWorldRenderer from mod malilib->@Inject::malilib_onRenderWorldLast(Lnet/minecraft/client/util/ObjectAllocator;Lnet/minecraft/client/render/RenderTickCounter;ZLnet/minecraft/client/render/Camera;Lorg/joml/Matrix4f;Lorg/joml/Matrix4f;Lcom/mojang/blaze3d/buffers/GpuBufferSlice;Lorg/joml/Vector4f;ZLorg/spongepowered/asm/mixin/injection/callback/CallbackInfo;)V won't be passed a CallbackInfo as a result
[15:48:40] [Render thread/DEBUG] (FabricLoader/Mixin) mixins.litematica.json:render.MixinWorldRenderer from mod litematica->@Inject::litematica_onLoadRenderers(Lorg/spongepowered/asm/mixin/injection/callback/CallbackInfo;)V doesn't use it's CallbackInfo
[15:48:40] [Render thread/DEBUG] (FabricLoader/Mixin) mixins.litematica.json:render.MixinWorldRenderer from mod litematica->@Inject::litematica_onLoadRenderers(Lorg/spongepowered/asm/mixin/injection/callback/CallbackInfo;)V has 0 override(s) in child classes
[15:48:40] [Render thread/DEBUG] (FabricLoader/Mixin) mixins.litematica.json:render.MixinWorldRenderer from mod litematica->@Inject::litematica_onLoadRenderers(Lorg/spongepowered/asm/mixin/injection/callback/CallbackInfo;)V won't be passed a CallbackInfo as a result
[15:48:40] [Render thread/DEBUG] (FabricLoader/Mixin) mixins.litematica.json:render.MixinWorldRenderer from mod litematica->@Inject::litematica_onLoadRenderers(Lorg/spongepowered/asm/mixin/injection/callback/CallbackInfo;)V doesn't use it's CallbackInfo
[15:48:40] [Render thread/DEBUG] (FabricLoader/Mixin) mixins.litematica.json:render.MixinWorldRenderer from mod litematica->@Inject::litematica_onLoadRenderers(Lorg/spongepowered/asm/mixin/injection/callback/CallbackInfo;)V has 0 override(s) in child classes
[15:48:40] [Render thread/DEBUG] (FabricLoader/Mixin) mixins.litematica.json:render.MixinWorldRenderer from mod litematica->@Inject::litematica_onLoadRenderers(Lorg/spongepowered/asm/mixin/injection/callback/CallbackInfo;)V won't be passed a CallbackInfo as a result
[15:48:40] [Render thread/DEBUG] (FabricLoader/Mixin) mixins.litematica.json:render.MixinWorldRenderer from mod litematica->@Inject::litematica_onPostUpdateChunks(Lnet/minecraft/client/render/Camera;Lorg/spongepowered/asm/mixin/injection/callback/CallbackInfo;)V doesn't use it's CallbackInfo
[15:48:40] [Render thread/DEBUG] (FabricLoader/Mixin) mixins.litematica.json:render.MixinWorldRenderer from mod litematica->@Inject::litematica_onPostUpdateChunks(Lnet/minecraft/client/render/Camera;Lorg/spongepowered/asm/mixin/injection/callback/CallbackInfo;)V has 0 override(s) in child classes
[15:48:40] [Render thread/DEBUG] (FabricLoader/Mixin) mixins.litematica.json:render.MixinWorldRenderer from mod litematica->@Inject::litematica_onPostUpdateChunks(Lnet/minecraft/client/render/Camera;Lorg/spongepowered/asm/mixin/injection/callback/CallbackInfo;)V won't be passed a CallbackInfo as a result
[15:48:40] [Render thread/DEBUG] (FabricLoader/Mixin) mixins.litematica.json:render.MixinWorldRenderer from mod litematica->@Inject::litematica_onScheduleTranslucentSort(Lnet/minecraft/util/math/Vec3d;Lorg/spongepowered/asm/mixin/injection/callback/CallbackInfo;)V doesn't use it's CallbackInfo
[15:48:40] [Render thread/DEBUG] (FabricLoader/Mixin) mixins.litematica.json:render.MixinWorldRenderer from mod litematica->@Inject::litematica_onScheduleTranslucentSort(Lnet/minecraft/util/math/Vec3d;Lorg/spongepowered/asm/mixin/injection/callback/CallbackInfo;)V has 0 override(s) in child classes
[15:48:40] [Render thread/DEBUG] (FabricLoader/Mixin) mixins.litematica.json:render.MixinWorldRenderer from mod litematica->@Inject::litematica_onScheduleTranslucentSort(Lnet/minecraft/util/math/Vec3d;Lorg/spongepowered/asm/mixin/injection/callback/CallbackInfo;)V won't be passed a CallbackInfo as a result
[15:48:40] [Render thread/DEBUG] (FabricLoader/Mixin) mixins.litematica.json:render.MixinWorldRenderer from mod litematica->@Inject::litematica_onPreRenderMain(Lnet/minecraft/client/util/ObjectAllocator;Lnet/minecraft/client/render/RenderTickCounter;ZLnet/minecraft/client/render/Camera;Lorg/joml/Matrix4f;Lorg/joml/Matrix4f;Lcom/mojang/blaze3d/buffers/GpuBufferSlice;Lorg/joml/Vector4f;ZLorg/spongepowered/asm/mixin/injection/callback/CallbackInfo;)V doesn't use it's CallbackInfo
[15:48:40] [Render thread/DEBUG] (FabricLoader/Mixin) mixins.litematica.json:render.MixinWorldRenderer from mod litematica->@Inject::litematica_onPreRenderMain(Lnet/minecraft/client/util/ObjectAllocator;Lnet/minecraft/client/render/RenderTickCounter;ZLnet/minecraft/client/render/Camera;Lorg/joml/Matrix4f;Lorg/joml/Matrix4f;Lcom/mojang/blaze3d/buffers/GpuBufferSlice;Lorg/joml/Vector4f;ZLorg/spongepowered/asm/mixin/injection/callback/CallbackInfo;)V has 0 override(s) in child classes
[15:48:40] [Render thread/DEBUG] (FabricLoader/Mixin) mixins.litematica.json:render.MixinWorldRenderer from mod litematica->@Inject::litematica_onPreRenderMain(Lnet/minecraft/client/util/ObjectAllocator;Lnet/minecraft/client/render/RenderTickCounter;ZLnet/minecraft/client/render/Camera;Lorg/joml/Matrix4f;Lorg/joml/Matrix4f;Lcom/mojang/blaze3d/buffers/GpuBufferSlice;Lorg/joml/Vector4f;ZLorg/spongepowered/asm/mixin/injection/callback/CallbackInfo;)V won't be passed a CallbackInfo as a result
[15:48:40] [Render thread/DEBUG] (FabricLoader/Mixin) mixins.litematica.json:render.MixinWorldRenderer from mod litematica->@Inject::litematica_onPrepareBlockLayers(Lorg/joml/Matrix4fc;DDDLorg/spongepowered/asm/mixin/injection/callback/CallbackInfoReturnable;)V doesn't use it's CallbackInfoReturnable
[15:48:40] [Render thread/DEBUG] (FabricLoader/Mixin) mixins.litematica.json:render.MixinWorldRenderer from mod litematica->@Inject::litematica_onPrepareBlockLayers(Lorg/joml/Matrix4fc;DDDLorg/spongepowered/asm/mixin/injection/callback/CallbackInfoReturnable;)V has 0 override(s) in child classes
[15:48:40] [Render thread/DEBUG] (FabricLoader/Mixin) mixins.litematica.json:render.MixinWorldRenderer from mod litematica->@Inject::litematica_onPrepareBlockLayers(Lorg/joml/Matrix4fc;DDDLorg/spongepowered/asm/mixin/injection/callback/CallbackInfoReturnable;)V won't be passed a CallbackInfoReturnable as a result
[15:48:40] [Render thread/DEBUG] (FabricLoader/Mixin) mixins.litematica.json:render.MixinWorldRenderer from mod litematica->@Inject::litematica_onPostRenderEntities(Lnet/minecraft/client/util/math/MatrixStack;Lnet/minecraft/client/render/VertexConsumerProvider$Immediate;Lnet/minecraft/client/render/Camera;Lnet/minecraft/client/render/RenderTickCounter;Ljava/util/List;Lorg/spongepowered/asm/mixin/injection/callback/CallbackInfo;)V doesn't use it's CallbackInfo
[15:48:40] [Render thread/DEBUG] (FabricLoader/Mixin) mixins.litematica.json:render.MixinWorldRenderer from mod litematica->@Inject::litematica_onPostRenderEntities(Lnet/minecraft/client/util/math/MatrixStack;Lnet/minecraft/client/render/VertexConsumerProvider$Immediate;Lnet/minecraft/client/render/Camera;Lnet/minecraft/client/render/RenderTickCounter;Ljava/util/List;Lorg/spongepowered/asm/mixin/injection/callback/CallbackInfo;)V has 0 override(s) in child classes
[15:48:40] [Render thread/DEBUG] (FabricLoader/Mixin) mixins.litematica.json:render.MixinWorldRenderer from mod litematica->@Inject::litematica_onPostRenderEntities(Lnet/minecraft/client/util/math/MatrixStack;Lnet/minecraft/client/render/VertexConsumerProvider$Immediate;Lnet/minecraft/client/render/Camera;Lnet/minecraft/client/render/RenderTickCounter;Ljava/util/List;Lorg/spongepowered/asm/mixin/injection/callback/CallbackInfo;)V won't be passed a CallbackInfo as a result
[15:48:40] [Render thread/DEBUG] (FabricLoader/Mixin) mixins.litematica.json:render.MixinWorldRenderer from mod litematica->@Inject::litematica_onPostRenderBlockEntities(Lnet/minecraft/client/util/math/MatrixStack;Lnet/minecraft/client/render/VertexConsumerProvider$Immediate;Lnet/minecraft/client/render/VertexConsumerProvider$Immediate;Lnet/minecraft/client/render/Camera;FLorg/spongepowered/asm/mixin/injection/callback/CallbackInfo;)V doesn't use it's CallbackInfo
[15:48:40] [Render thread/DEBUG] (FabricLoader/Mixin) mixins.litematica.json:render.MixinWorldRenderer from mod litematica->@Inject::litematica_onPostRenderBlockEntities(Lnet/minecraft/client/util/math/MatrixStack;Lnet/minecraft/client/render/VertexConsumerProvider$Immediate;Lnet/minecraft/client/render/VertexConsumerProvider$Immediate;Lnet/minecraft/client/render/Camera;FLorg/spongepowered/asm/mixin/injection/callback/CallbackInfo;)V has 0 override(s) in child classes
[15:48:40] [Render thread/DEBUG] (FabricLoader/Mixin) mixins.litematica.json:render.MixinWorldRenderer from mod litematica->@Inject::litematica_onPostRenderBlockEntities(Lnet/minecraft/client/util/math/MatrixStack;Lnet/minecraft/client/render/VertexConsumerProvider$Immediate;Lnet/minecraft/client/render/VertexConsumerProvider$Immediate;Lnet/minecraft/client/render/Camera;FLorg/spongepowered/asm/mixin/injection/callback/CallbackInfo;)V won't be passed a CallbackInfo as a result
[15:48:40] [Render thread/DEBUG] (FabricLoader/Mixin) mixins.litematica.json:render.MixinWorldRenderer from mod litematica->@Inject::litematica_onRenderTargetOutline(Lnet/minecraft/client/render/Camera;Lnet/minecraft/client/render/VertexConsumerProvider$Immediate;Lnet/minecraft/client/util/math/MatrixStack;ZLorg/spongepowered/asm/mixin/injection/callback/CallbackInfo;)V doesn't use it's CallbackInfo
[15:48:40] [Render thread/DEBUG] (FabricLoader/Mixin) mixins.litematica.json:render.MixinWorldRenderer from mod litematica->@Inject::litematica_onRenderTargetOutline(Lnet/minecraft/client/render/Camera;Lnet/minecraft/client/render/VertexConsumerProvider$Immediate;Lnet/minecraft/client/util/math/MatrixStack;ZLorg/spongepowered/asm/mixin/injection/callback/CallbackInfo;)V has 0 override(s) in child classes
[15:48:40] [Render thread/DEBUG] (FabricLoader/Mixin) mixins.litematica.json:render.MixinWorldRenderer from mod litematica->@Inject::litematica_onRenderTargetOutline(Lnet/minecraft/client/render/Camera;Lnet/minecraft/client/render/VertexConsumerProvider$Immediate;Lnet/minecraft/client/util/math/MatrixStack;ZLorg/spongepowered/asm/mixin/injection/callback/CallbackInfo;)V won't be passed a CallbackInfo as a result
[15:48:40] [Render thread/DEBUG] (FabricLoader/Mixin) Mixing InGameHudMixin from fabric-rendering-v1.mixins.json into net.minecraft.client.gui.hud.InGameHud
[15:48:40] [Render thread/DEBUG] (FabricLoader/Mixin) Renaming synthetic method lambda$wrapSubtitlesHud$23(Lcom/llamalad7/mixinextras/injector/wrapoperation/Operation;Lnet/minecraft/client/gui/hud/InGameHud;Lnet/minecraft/client/gui/DrawContext;Lnet/minecraft/client/render/RenderTickCounter;)V to mdbcad25$fabric-rendering-v1$lambda$wrapSubtitlesHud$23$0 in fabric-rendering-v1.mixins.json:InGameHudMixin from mod fabric-rendering-v1
[15:48:40] [Render thread/DEBUG] (FabricLoader/Mixin) Renaming synthetic method lambda$wrapPlayerList$22(Lcom/llamalad7/mixinextras/injector/wrapoperation/Operation;Lnet/minecraft/client/gui/hud/InGameHud;Lnet/minecraft/client/gui/DrawContext;Lnet/minecraft/client/render/RenderTickCounter;)V to mdbcad25$fabric-rendering-v1$lambda$wrapPlayerList$22$1 in fabric-rendering-v1.mixins.json:InGameHudMixin from mod fabric-rendering-v1
[15:48:40] [Render thread/DEBUG] (FabricLoader/Mixin) Renaming synthetic method lambda$wrapChat$21(Lcom/llamalad7/mixinextras/injector/wrapoperation/Operation;Lnet/minecraft/client/gui/hud/InGameHud;Lnet/minecraft/client/gui/DrawContext;Lnet/minecraft/client/render/RenderTickCounter;)V to mdbcad25$fabric-rendering-v1$lambda$wrapChat$21$2 in fabric-rendering-v1.mixins.json:InGameHudMixin from mod fabric-rendering-v1
[15:48:40] [Render thread/DEBUG] (FabricLoader/Mixin) Renaming synthetic method lambda$wrapTitleAndSubtitle$20(Lcom/llamalad7/mixinextras/injector/wrapoperation/Operation;Lnet/minecraft/client/gui/hud/InGameHud;Lnet/minecraft/client/gui/DrawContext;Lnet/minecraft/client/render/RenderTickCounter;)V to mdbcad25$fabric-rendering-v1$lambda$wrapTitleAndSubtitle$20$3 in fabric-rendering-v1.mixins.json:InGameHudMixin from mod fabric-rendering-v1
[15:48:40] [Render thread/DEBUG] (FabricLoader/Mixin) Renaming synthetic method lambda$wrapOverlayMessage$19(Lcom/llamalad7/mixinextras/injector/wrapoperation/Operation;Lnet/minecraft/client/gui/hud/InGameHud;Lnet/minecraft/client/gui/DrawContext;Lnet/minecraft/client/render/RenderTickCounter;)V to mdbcad25$fabric-rendering-v1$lambda$wrapOverlayMessage$19$4 in fabric-rendering-v1.mixins.json:InGameHudMixin from mod fabric-rendering-v1
[15:48:40] [Render thread/DEBUG] (FabricLoader/Mixin) Renaming synthetic method lambda$wrapScoreboardSidebar$18(Lcom/llamalad7/mixinextras/injector/wrapoperation/Operation;Lnet/minecraft/client/gui/hud/InGameHud;Lnet/minecraft/client/gui/DrawContext;Lnet/minecraft/client/render/RenderTickCounter;)V to mdbcad25$fabric-rendering-v1$lambda$wrapScoreboardSidebar$18$5 in fabric-rendering-v1.mixins.json:InGameHudMixin from mod fabric-rendering-v1
[15:48:40] [Render thread/DEBUG] (FabricLoader/Mixin) Renaming synthetic method lambda$wrapDebugHud$17(Lcom/llamalad7/mixinextras/injector/wrapoperation/Operation;Lnet/minecraft/client/gui/hud/InGameHud;Lnet/minecraft/client/gui/DrawContext;Lnet/minecraft/client/render/RenderTickCounter;)V to mdbcad25$fabric-rendering-v1$lambda$wrapDebugHud$17$6 in fabric-rendering-v1.mixins.json:InGameHudMixin from mod fabric-rendering-v1
[15:48:40] [Render thread/DEBUG] (FabricLoader/Mixin) Renaming synthetic method lambda$wrapDemoTimer$16(Lcom/llamalad7/mixinextras/injector/wrapoperation/Operation;Lnet/minecraft/client/gui/hud/InGameHud;Lnet/minecraft/client/gui/DrawContext;Lnet/minecraft/client/render/RenderTickCounter;)V to mdbcad25$fabric-rendering-v1$lambda$wrapDemoTimer$16$7 in fabric-rendering-v1.mixins.json:InGameHudMixin from mod fabric-rendering-v1
[15:48:40] [Render thread/DEBUG] (FabricLoader/Mixin) Renaming synthetic method lambda$wrapSleepOverlay$15(Lcom/llamalad7/mixinextras/injector/wrapoperation/Operation;Lnet/minecraft/client/gui/hud/InGameHud;Lnet/minecraft/client/gui/DrawContext;Lnet/minecraft/client/render/RenderTickCounter;)V to mdbcad25$fabric-rendering-v1$lambda$wrapSleepOverlay$15$8 in fabric-rendering-v1.mixins.json:InGameHudMixin from mod fabric-rendering-v1
[15:48:40] [Render thread/DEBUG] (FabricLoader/Mixin) Renaming synthetic method lambda$wrapBossBarHud$14(Lcom/llamalad7/mixinextras/injector/wrapoperation/Operation;Lnet/minecraft/client/gui/hud/InGameHud;Lnet/minecraft/client/gui/DrawContext;Lnet/minecraft/client/render/RenderTickCounter;)V to mdbcad25$fabric-rendering-v1$lambda$wrapBossBarHud$14$9 in fabric-rendering-v1.mixins.json:InGameHudMixin from mod fabric-rendering-v1
[15:48:40] [Render thread/DEBUG] (FabricLoader/Mixin) Renaming synthetic method lambda$wrapStatusEffectOverlay$13(Lcom/llamalad7/mixinextras/injector/wrapoperation/Operation;Lnet/minecraft/client/gui/hud/InGameHud;Lnet/minecraft/client/gui/DrawContext;Lnet/minecraft/client/render/RenderTickCounter;)V to mdbcad25$fabric-rendering-v1$lambda$wrapStatusEffectOverlay$13$a in fabric-rendering-v1.mixins.json:InGameHudMixin from mod fabric-rendering-v1
[15:48:40] [Render thread/DEBUG] (FabricLoader/Mixin) Renaming synthetic method lambda$wrapRenderSpectatorHud$12(Lcom/llamalad7/mixinextras/injector/wrapoperation/Operation;Lnet/minecraft/client/gui/hud/SpectatorHud;Lnet/minecraft/client/gui/DrawContext;Lnet/minecraft/client/render/RenderTickCounter;)V to mdbcad25$fabric-rendering-v1$lambda$wrapRenderSpectatorHud$12$b in fabric-rendering-v1.mixins.json:InGameHudMixin from mod fabric-rendering-v1
[15:48:40] [Render thread/DEBUG] (FabricLoader/Mixin) Renaming synthetic method lambda$wrapHeldItemTooltip$11(Lcom/llamalad7/mixinextras/injector/wrapoperation/Operation;Lnet/minecraft/client/gui/hud/InGameHud;Lnet/minecraft/client/gui/DrawContext;Lnet/minecraft/client/render/RenderTickCounter;)V to mdbcad25$fabric-rendering-v1$lambda$wrapHeldItemTooltip$11$c in fabric-rendering-v1.mixins.json:InGameHudMixin from mod fabric-rendering-v1
[15:48:40] [Render thread/DEBUG] (FabricLoader/Mixin) Renaming synthetic method lambda$wrapExperienceLevel$10(Lcom/llamalad7/mixinextras/injector/wrapoperation/Operation;Lnet/minecraft/client/font/TextRenderer;ILnet/minecraft/client/gui/DrawContext;Lnet/minecraft/client/render/RenderTickCounter;)V to mdbcad25$fabric-rendering-v1$lambda$wrapExperienceLevel$10$d in fabric-rendering-v1.mixins.json:InGameHudMixin from mod fabric-rendering-v1
[15:48:40] [Render thread/DEBUG] (FabricLoader/Mixin) Renaming synthetic method lambda$wrapRenderBar$9(Lcom/llamalad7/mixinextras/injector/wrapoperation/Operation;Lnet/minecraft/client/gui/hud/bar/Bar;Lnet/minecraft/client/gui/DrawContext;Lnet/minecraft/client/render/RenderTickCounter;)V to mdbcad25$fabric-rendering-v1$lambda$wrapRenderBar$9$e in fabric-rendering-v1.mixins.json:InGameHudMixin from mod fabric-rendering-v1
[15:48:40] [Render thread/DEBUG] (FabricLoader/Mixin) Renaming synthetic method lambda$wrapMountHealth$8(Lcom/llamalad7/mixinextras/injector/wrapoperation/Operation;Lnet/minecraft/client/gui/hud/InGameHud;Lnet/minecraft/client/gui/DrawContext;Lnet/minecraft/client/render/RenderTickCounter;)V to mdbcad25$fabric-rendering-v1$lambda$wrapMountHealth$8$f in fabric-rendering-v1.mixins.json:InGameHudMixin from mod fabric-rendering-v1
[15:48:40] [Render thread/DEBUG] (FabricLoader/Mixin) Renaming synthetic method lambda$wrapAirBar$7(Lcom/llamalad7/mixinextras/injector/wrapoperation/Operation;Lnet/minecraft/client/gui/hud/InGameHud;Lnet/minecraft/entity/player/PlayerEntity;IIILnet/minecraft/client/gui/DrawContext;Lnet/minecraft/client/render/RenderTickCounter;)V to mdbcad25$fabric-rendering-v1$lambda$wrapAirBar$7$10 in fabric-rendering-v1.mixins.json:InGameHudMixin from mod fabric-rendering-v1
[15:48:40] [Render thread/DEBUG] (FabricLoader/Mixin) Renaming synthetic method lambda$wrapFoodBar$6(Lcom/llamalad7/mixinextras/injector/wrapoperation/Operation;Lnet/minecraft/client/gui/hud/InGameHud;Lnet/minecraft/entity/player/PlayerEntity;IILnet/minecraft/client/gui/DrawContext;Lnet/minecraft/client/render/RenderTickCounter;)V to mdbcad25$fabric-rendering-v1$lambda$wrapFoodBar$6$11 in fabric-rendering-v1.mixins.json:InGameHudMixin from mod fabric-rendering-v1
[15:48:40] [Render thread/DEBUG] (FabricLoader/Mixin) Renaming synthetic method lambda$wrapHealthBar$5(Lcom/llamalad7/mixinextras/injector/wrapoperation/Operation;Lnet/minecraft/client/gui/hud/InGameHud;Lnet/minecraft/entity/player/PlayerEntity;IIIIFIIIZLnet/minecraft/client/gui/DrawContext;Lnet/minecraft/client/render/RenderTickCounter;)V to mdbcad25$fabric-rendering-v1$lambda$wrapHealthBar$5$12 in fabric-rendering-v1.mixins.json:InGameHudMixin from mod fabric-rendering-v1
[15:48:40] [Render thread/DEBUG] (FabricLoader/Mixin) Renaming synthetic method lambda$wrapArmorBar$4(Lcom/llamalad7/mixinextras/injector/wrapoperation/Operation;Lnet/minecraft/entity/player/PlayerEntity;IIIILnet/minecraft/client/gui/DrawContext;Lnet/minecraft/client/render/RenderTickCounter;)V to mdbcad25$fabric-rendering-v1$lambda$wrapArmorBar$4$13 in fabric-rendering-v1.mixins.json:InGameHudMixin from mod fabric-rendering-v1
[15:48:40] [Render thread/DEBUG] (FabricLoader/Mixin) Renaming synthetic method lambda$wrapHotbar$3(Lcom/llamalad7/mixinextras/injector/wrapoperation/Operation;Lnet/minecraft/client/gui/hud/InGameHud;Lnet/minecraft/client/gui/DrawContext;Lnet/minecraft/client/render/RenderTickCounter;)V to mdbcad25$fabric-rendering-v1$lambda$wrapHotbar$3$14 in fabric-rendering-v1.mixins.json:InGameHudMixin from mod fabric-rendering-v1
[15:48:40] [Render thread/DEBUG] (FabricLoader/Mixin) Renaming synthetic method lambda$wrapSpectatorMenu$2(Lcom/llamalad7/mixinextras/injector/wrapoperation/Operation;Lnet/minecraft/client/gui/hud/SpectatorHud;Lnet/minecraft/client/gui/DrawContext;Lnet/minecraft/client/render/RenderTickCounter;)V to mdbcad25$fabric-rendering-v1$lambda$wrapSpectatorMenu$2$15 in fabric-rendering-v1.mixins.json:InGameHudMixin from mod fabric-rendering-v1
[15:48:40] [Render thread/DEBUG] (FabricLoader/Mixin) Renaming synthetic method lambda$wrapCrosshair$1(Lcom/llamalad7/mixinextras/injector/wrapoperation/Operation;Lnet/minecraft/client/gui/hud/InGameHud;Lnet/minecraft/client/gui/DrawContext;Lnet/minecraft/client/render/RenderTickCounter;)V to mdbcad25$fabric-rendering-v1$lambda$wrapCrosshair$1$16 in fabric-rendering-v1.mixins.json:InGameHudMixin from mod fabric-rendering-v1
[15:48:40] [Render thread/DEBUG] (FabricLoader/Mixin) Renaming synthetic method lambda$wrapMiscOverlays$0(Lcom/llamalad7/mixinextras/injector/wrapoperation/Operation;Lnet/minecraft/client/gui/hud/InGameHud;Lnet/minecraft/client/gui/DrawContext;Lnet/minecraft/client/render/RenderTickCounter;)V to mdbcad25$fabric-rendering-v1$lambda$wrapMiscOverlays$0$17 in fabric-rendering-v1.mixins.json:InGameHudMixin from mod fabric-rendering-v1
[15:48:40] [Render thread/DEBUG] (FabricLoader/Mixin) Mixing hud.MixinInGameHud from mixins.malilib.json into net.minecraft.client.gui.hud.InGameHud
[15:48:40] [Render thread/DEBUG] (FabricLoader/Mixin) Mixing compactscoreboard.InGameHudMixin from techutils.mixins.json into net.minecraft.client.gui.hud.InGameHud
[15:48:40] [Render thread/DEBUG] (FabricLoader/Mixin) fabric-rendering-v1.mixins.json:InGameHudMixin from mod fabric-rendering-v1->@Inject::render(Lnet/minecraft/client/gui/DrawContext;Lnet/minecraft/client/render/RenderTickCounter;Lorg/spongepowered/asm/mixin/injection/callback/CallbackInfo;)V doesn't use it's CallbackInfo
[15:48:40] [Render thread/DEBUG] (FabricLoader/Mixin) fabric-rendering-v1.mixins.json:InGameHudMixin from mod fabric-rendering-v1->@Inject::render(Lnet/minecraft/client/gui/DrawContext;Lnet/minecraft/client/render/RenderTickCounter;Lorg/spongepowered/asm/mixin/injection/callback/CallbackInfo;)V has 0 override(s) in child classes
[15:48:40] [Render thread/DEBUG] (FabricLoader/Mixin) fabric-rendering-v1.mixins.json:InGameHudMixin from mod fabric-rendering-v1->@Inject::render(Lnet/minecraft/client/gui/DrawContext;Lnet/minecraft/client/render/RenderTickCounter;Lorg/spongepowered/asm/mixin/injection/callback/CallbackInfo;)V won't be passed a CallbackInfo as a result
[15:48:40] [Render thread/DEBUG] (FabricLoader/Mixin) mixins.malilib.json:hud.MixinInGameHud from mod malilib->@Inject::onInit(Lorg/spongepowered/asm/mixin/injection/callback/CallbackInfo;)V doesn't use it's CallbackInfo
[15:48:40] [Render thread/DEBUG] (FabricLoader/Mixin) mixins.malilib.json:hud.MixinInGameHud from mod malilib->@Inject::onInit(Lorg/spongepowered/asm/mixin/injection/callback/CallbackInfo;)V has 0 override(s) in child classes
[15:48:40] [Render thread/DEBUG] (FabricLoader/Mixin) mixins.malilib.json:hud.MixinInGameHud from mod malilib->@Inject::onInit(Lorg/spongepowered/asm/mixin/injection/callback/CallbackInfo;)V won't be passed a CallbackInfo as a result
[15:48:40] [Render thread/DEBUG] (FabricLoader/Mixin) mixins.malilib.json:hud.MixinInGameHud from mod malilib->@Inject::malilib_onGameOverlayPost(Lnet/minecraft/client/gui/DrawContext;Lnet/minecraft/client/render/RenderTickCounter;Lorg/spongepowered/asm/mixin/injection/callback/CallbackInfo;)V doesn't use it's CallbackInfo
[15:48:40] [Render thread/DEBUG] (FabricLoader/Mixin) mixins.malilib.json:hud.MixinInGameHud from mod malilib->@Inject::malilib_onGameOverlayPost(Lnet/minecraft/client/gui/DrawContext;Lnet/minecraft/client/render/RenderTickCounter;Lorg/spongepowered/asm/mixin/injection/callback/CallbackInfo;)V has 0 override(s) in child classes
[15:48:40] [Render thread/DEBUG] (FabricLoader/Mixin) mixins.malilib.json:hud.MixinInGameHud from mod malilib->@Inject::malilib_onGameOverlayPost(Lnet/minecraft/client/gui/DrawContext;Lnet/minecraft/client/render/RenderTickCounter;Lorg/spongepowered/asm/mixin/injection/callback/CallbackInfo;)V won't be passed a CallbackInfo as a result
[15:48:40] [Render thread/DEBUG] (FabricLoader/Mixin) Mixing server.MixinIntegratedServer from mixins.malilib.json into net.minecraft.server.integrated.IntegratedServer
[15:48:40] [Render thread/DEBUG] (FabricLoader/Mixin) mixins.malilib.json:server.MixinIntegratedServer from mod malilib->@Inject::setupServer(Lorg/spongepowered/asm/mixin/injection/callback/CallbackInfoReturnable;)V does use it's CallbackInfoReturnable
[15:48:40] [Render thread/DEBUG] (FabricLoader/Mixin) mixins.malilib.json:server.MixinIntegratedServer from mod malilib->@Inject::checkOpenToLan(Lnet/minecraft/world/GameMode;ZILorg/spongepowered/asm/mixin/injection/callback/CallbackInfoReturnable;)V does use it's CallbackInfoReturnable
[15:48:40] [Render thread/DEBUG] (FabricLoader/Mixin) mixins.malilib.json:server.MixinIntegratedServer from mod malilib->@Inject::checkOpenToLan(Lnet/minecraft/world/GameMode;ZILorg/spongepowered/asm/mixin/injection/callback/CallbackInfoReturnable;)V does use it's CallbackInfoReturnable
[15:48:40] [Render thread/DEBUG] (FabricLoader/Mixin) Mixing DebugHudMixin from fabric-rendering-v1.mixins.json into net.minecraft.client.gui.hud.DebugHud
[15:48:40] [Render thread/DEBUG] (FabricLoader/Mixin) Mixing hud.MixinDebugHud from mixins.litematica.json into net.minecraft.client.gui.hud.DebugHud
[15:48:40] [Render thread/DEBUG] (FabricLoader/Mixin) fabric-rendering-v1.mixins.json:DebugHudMixin from mod fabric-rendering-v1->@Inject::getLeftText(Lorg/spongepowered/asm/mixin/injection/callback/CallbackInfoReturnable;)V does use it's CallbackInfoReturnable
[15:48:40] [Render thread/DEBUG] (FabricLoader/Mixin) fabric-rendering-v1.mixins.json:DebugHudMixin from mod fabric-rendering-v1->@Inject::getLeftText(Lorg/spongepowered/asm/mixin/injection/callback/CallbackInfoReturnable;)V does use it's CallbackInfoReturnable
[15:48:40] [Render thread/DEBUG] (FabricLoader/Mixin) fabric-rendering-v1.mixins.json:DebugHudMixin from mod fabric-rendering-v1->@Inject::getRightText(Lorg/spongepowered/asm/mixin/injection/callback/CallbackInfoReturnable;)V does use it's CallbackInfoReturnable
[15:48:40] [Render thread/DEBUG] (FabricLoader/Mixin) fabric-rendering-v1.mixins.json:DebugHudMixin from mod fabric-rendering-v1->@Inject::getRightText(Lorg/spongepowered/asm/mixin/injection/callback/CallbackInfoReturnable;)V does use it's CallbackInfoReturnable
[15:48:40] [Render thread/DEBUG] (FabricLoader/Mixin) mixins.litematica.json:hud.MixinDebugHud from mod litematica->@Inject::litematica_addDebugLines(Lorg/spongepowered/asm/mixin/injection/callback/CallbackInfoReturnable;)V does use it's CallbackInfoReturnable
[15:48:40] [Render thread/DEBUG] (FabricLoader/Mixin) mixins.litematica.json:hud.MixinDebugHud from mod litematica->@Inject::litematica_addDebugLines(Lorg/spongepowered/asm/mixin/injection/callback/CallbackInfoReturnable;)V does use it's CallbackInfoReturnable
[15:48:40] [Render thread/DEBUG] (FabricLoader/Mixin) Mixing render.MixinDebugRenderer from mixins.malilib.json into net.minecraft.client.render.debug.DebugRenderer
[15:48:40] [Render thread/DEBUG] (FabricLoader/Mixin) mixins.malilib.json:render.MixinDebugRenderer from mod malilib->@Inject::malilib_onDebugRender(Lnet/minecraft/client/util/math/MatrixStack;Lnet/minecraft/client/render/Frustum;Lnet/minecraft/client/render/VertexConsumerProvider$Immediate;DDDLorg/spongepowered/asm/mixin/injection/callback/CallbackInfo;)V doesn't use it's CallbackInfo
[15:48:40] [Render thread/DEBUG] (FabricLoader/Mixin) mixins.malilib.json:render.MixinDebugRenderer from mod malilib->@Inject::malilib_onDebugRender(Lnet/minecraft/client/util/math/MatrixStack;Lnet/minecraft/client/render/Frustum;Lnet/minecraft/client/render/VertexConsumerProvider$Immediate;DDDLorg/spongepowered/asm/mixin/injection/callback/CallbackInfo;)V has 0 override(s) in child classes
[15:48:40] [Render thread/DEBUG] (FabricLoader/Mixin) mixins.malilib.json:render.MixinDebugRenderer from mod malilib->@Inject::malilib_onDebugRender(Lnet/minecraft/client/util/math/MatrixStack;Lnet/minecraft/client/render/Frustum;Lnet/minecraft/client/render/VertexConsumerProvider$Immediate;DDDLorg/spongepowered/asm/mixin/injection/callback/CallbackInfo;)V won't be passed a CallbackInfo as a result
[15:48:40] [Render thread/DEBUG] (FabricLoader/Mixin) Mixing ResourceMixin from fabric-resource-loader-v0.mixins.json into net.minecraft.resource.Resource
[15:48:40] [Render thread/DEBUG] (FabricLoader/Mixin) Mixing MessageHandlerMixin from fabric-message-api-v1.client.mixins.json into net.minecraft.client.network.message.MessageHandler
[15:48:40] [Render thread/DEBUG] (FabricLoader/Mixin) fabric-message-api-v1.client.mixins.json:MessageHandlerMixin from mod fabric-message-api-v1->@Inject::fabric_onSignedChatMessage(Lnet/minecraft/network/message/MessageType$Parameters;Lnet/minecraft/network/message/SignedMessage;Lnet/minecraft/text/Text;Lcom/mojang/authlib/GameProfile;ZLjava/time/Instant;Lorg/spongepowered/asm/mixin/injection/callback/CallbackInfoReturnable;)V does use it's CallbackInfoReturnable
[15:48:40] [Render thread/DEBUG] (FabricLoader/Mixin) fabric-message-api-v1.client.mixins.json:MessageHandlerMixin from mod fabric-message-api-v1->@Inject::fabric_onFilteredSignedChatMessage(Lnet/minecraft/network/message/MessageType$Parameters;Lnet/minecraft/network/message/SignedMessage;Lnet/minecraft/text/Text;Lcom/mojang/authlib/GameProfile;ZLjava/time/Instant;Lorg/spongepowered/asm/mixin/injection/callback/CallbackInfoReturnable;)V does use it's CallbackInfoReturnable
[15:48:40] [Render thread/DEBUG] (FabricLoader/Mixin) fabric-message-api-v1.client.mixins.json:MessageHandlerMixin from mod fabric-message-api-v1->@Inject::fabric_onProfilelessChatMessage(Lnet/minecraft/network/message/MessageType$Parameters;Lnet/minecraft/text/Text;Ljava/time/Instant;Lorg/spongepowered/asm/mixin/injection/callback/CallbackInfoReturnable;)V does use it's CallbackInfoReturnable
[15:48:40] [Render thread/DEBUG] (FabricLoader/Mixin) fabric-message-api-v1.client.mixins.json:MessageHandlerMixin from mod fabric-message-api-v1->@Inject::fabric_allowGameMessage(Lnet/minecraft/text/Text;ZLorg/spongepowered/asm/mixin/injection/callback/CallbackInfo;)V does use it's CallbackInfo
[15:48:40] [Render thread/DEBUG] (FabricLoader/Mixin) Mixing DrawContextMixin from fabric-rendering-v1.mixins.json into net.minecraft.client.gui.DrawContext
[15:48:40] [Render thread/DEBUG] (FabricLoader/Mixin) Mixing render.IMixinDrawContext from mixins.malilib.json into net.minecraft.client.gui.DrawContext
[15:48:40] [Render thread/DEBUG] (FabricLoader/Mixin) Mixing render.MixinDrawContext from mixins.malilib.json into net.minecraft.client.gui.DrawContext
[15:48:40] [Render thread/DEBUG] (FabricLoader/Mixin) Mixing containerscan.DrawContextMixin from techutils.mixins.json into net.minecraft.client.gui.DrawContext
[15:48:40] [Render thread/DEBUG] (FabricLoader/Mixin) fabric-rendering-v1.mixins.json:DrawContextMixin from mod fabric-rendering-v1->@Inject::drawStackOverlay(Lnet/minecraft/client/font/TextRenderer;Lnet/minecraft/item/ItemStack;IILjava/lang/String;Lorg/spongepowered/asm/mixin/injection/callback/CallbackInfo;)V doesn't use it's CallbackInfo
[15:48:40] [Render thread/DEBUG] (FabricLoader/Mixin) fabric-rendering-v1.mixins.json:DrawContextMixin from mod fabric-rendering-v1->@Inject::drawStackOverlay(Lnet/minecraft/client/font/TextRenderer;Lnet/minecraft/item/ItemStack;IILjava/lang/String;Lorg/spongepowered/asm/mixin/injection/callback/CallbackInfo;)V has 0 override(s) in child classes
[15:48:40] [Render thread/DEBUG] (FabricLoader/Mixin) fabric-rendering-v1.mixins.json:DrawContextMixin from mod fabric-rendering-v1->@Inject::drawStackOverlay(Lnet/minecraft/client/font/TextRenderer;Lnet/minecraft/item/ItemStack;IILjava/lang/String;Lorg/spongepowered/asm/mixin/injection/callback/CallbackInfo;)V won't be passed a CallbackInfo as a result
[15:48:40] [Render thread/DEBUG] (FabricLoader/Mixin) fabric-rendering-v1.mixins.json:DrawContextMixin from mod fabric-rendering-v1->@Inject::drawStackOverlay(Lnet/minecraft/client/font/TextRenderer;Lnet/minecraft/item/ItemStack;IILjava/lang/String;Lorg/spongepowered/asm/mixin/injection/callback/CallbackInfo;)V doesn't use it's CallbackInfo
[15:48:40] [Render thread/DEBUG] (FabricLoader/Mixin) fabric-rendering-v1.mixins.json:DrawContextMixin from mod fabric-rendering-v1->@Inject::drawStackOverlay(Lnet/minecraft/client/font/TextRenderer;Lnet/minecraft/item/ItemStack;IILjava/lang/String;Lorg/spongepowered/asm/mixin/injection/callback/CallbackInfo;)V has 0 override(s) in child classes
[15:48:40] [Render thread/DEBUG] (FabricLoader/Mixin) fabric-rendering-v1.mixins.json:DrawContextMixin from mod fabric-rendering-v1->@Inject::drawStackOverlay(Lnet/minecraft/client/font/TextRenderer;Lnet/minecraft/item/ItemStack;IILjava/lang/String;Lorg/spongepowered/asm/mixin/injection/callback/CallbackInfo;)V won't be passed a CallbackInfo as a result
[15:48:40] [Render thread/DEBUG] (FabricLoader/Mixin) mixins.malilib.json:render.MixinDrawContext from mod malilib->@Inject::malilib_onRenderTooltip(Lnet/minecraft/client/font/TextRenderer;Lnet/minecraft/item/ItemStack;IILorg/spongepowered/asm/mixin/injection/callback/CallbackInfo;)V doesn't use it's CallbackInfo
[15:48:40] [Render thread/DEBUG] (FabricLoader/Mixin) mixins.malilib.json:render.MixinDrawContext from mod malilib->@Inject::malilib_onRenderTooltip(Lnet/minecraft/client/font/TextRenderer;Lnet/minecraft/item/ItemStack;IILorg/spongepowered/asm/mixin/injection/callback/CallbackInfo;)V has 0 override(s) in child classes
[15:48:40] [Render thread/DEBUG] (FabricLoader/Mixin) mixins.malilib.json:render.MixinDrawContext from mod malilib->@Inject::malilib_onRenderTooltip(Lnet/minecraft/client/font/TextRenderer;Lnet/minecraft/item/ItemStack;IILorg/spongepowered/asm/mixin/injection/callback/CallbackInfo;)V won't be passed a CallbackInfo as a result
[15:48:41] [Render thread/INFO] (net.minecraft.resource.ReloadableResourceManagerImpl) Reloading ResourceManager: vanilla, fabric, fabric-api, fabric-api-base, fabric-api-lookup-api-v1, fabric-biome-api-v1, fabric-block-api-v1, fabric-block-view-api-v2, fabric-client-gametest-api-v1, fabric-command-api-v2, fabric-content-registries-v0, fabric-convention-tags-v1, fabric-convention-tags-v2, fabric-crash-report-info-v1, fabric-data-attachment-api-v1, fabric-data-generation-api-v1, fabric-dimensions-v1, fabric-entity-events-v1, fabric-events-interaction-v0, fabric-game-rule-api-v1, fabric-gametest-api-v1, fabric-item-api-v1, fabric-item-group-api-v1, fabric-key-binding-api-v1, fabric-lifecycle-events-v1, fabric-loot-api-v2, fabric-loot-api-v3, fabric-message-api-v1, fabric-model-loading-api-v1, fabric-networking-api-v1, fabric-object-builder-api-v1, fabric-particles-v1, fabric-recipe-api-v1, fabric-registry-sync-v0, fabric-renderer-api-v1, fabric-renderer-indigo, fabric-rendering-fluids-v1, fabric-rendering-v1, fabric-resource-conditions-api-v1, fabric-resource-loader-v0, fabric-screen-api-v1, fabric-screen-handler-api-v1, fabric-sound-api-v1, fabric-tag-api-v1, fabric-transfer-api-v1, fabric-transitive-access-wideners-v1, fabricloader, litematica, malilib, mm, techutils
[15:48:41] [Render thread/DEBUG] (FabricLoader/Mixin) Mixing SimpleResourceReloadMixin from fabric-resource-loader-v0.mixins.json into net.minecraft.resource.SimpleResourceReload
[15:48:41] [Worker-Main-13/DEBUG] (FabricLoader/Mixin) Mixing EntityModelsMixin from fabric-rendering-v1.mixins.json into net.minecraft.client.render.entity.model.EntityModels
[15:48:41] [Worker-Main-13/DEBUG] (FabricLoader/Mixin) fabric-rendering-v1.mixins.json:EntityModelsMixin from mod fabric-rendering-v1->@Inject::registerExtraModelData(Lorg/spongepowered/asm/mixin/injection/callback/CallbackInfoReturnable;)V doesn't use it's CallbackInfoReturnable
[15:48:41] [Render thread/DEBUG] (FabricLoader/Mixin) Mixing modification.DynamicRegistryManagerImmutableImplMixin from fabric-biome-api-v1.mixins.json into net.minecraft.registry.DynamicRegistryManager$ImmutableImpl
[15:48:41] [Worker-Main-14/DEBUG] (FabricLoader/Mixin) Mixing JsonUnbakedModelAccessor from fabric-model-loading-api-v1.mixins.json into net.minecraft.client.render.model.json.JsonUnbakedModel
[15:48:41] [Worker-Main-14/DEBUG] (FabricLoader/Mixin) Mixing JsonUnbakedModelMixin from fabric-model-loading-api-v1.mixins.json into net.minecraft.client.render.model.json.JsonUnbakedModel
[15:48:41] [Render thread/DEBUG] (FabricLoader/Mixin) Mixing client.sprite.SpriteLoaderStitchResultMixin from fabric-renderer-api-v1.mixins.json into net.minecraft.client.texture.SpriteLoader$StitchResult
[15:48:41] [Render thread/DEBUG] (FabricLoader/Mixin) Mixing client.sprite.SpriteAtlasManagerAtlasPreparationMixin from fabric-renderer-api-v1.mixins.json into net.minecraft.client.render.model.SpriteAtlasManager$AtlasPreparation
[15:48:41] [Worker-Main-13/DEBUG] (FabricLoader/Mixin) Mixing EntityModelLayersMixin from fabric-object-builder-v1.client.mixins.json into net.minecraft.client.render.entity.model.EntityModelLayers
[15:48:41] [Worker-Main-13/DEBUG] (FabricLoader/Mixin) Renaming synthetic method lambda$createHangingSign$0(Lnet/minecraft/client/render/block/entity/HangingSignBlockEntityRenderer$AttachmentType;Ljava/lang/String;)Ljava/lang/String; to mdbcad25$fabric-object-builder-api-v1$lambda$createHangingSign$0$0 in fabric-object-builder-v1.client.mixins.json:EntityModelLayersMixin from mod fabric-object-builder-api-v1
[15:48:41] [Worker-Main-13/DEBUG] (FabricLoader/Mixin) Mixing EntityModelLayersAccessor from fabric-rendering-v1.mixins.json into net.minecraft.client.render.entity.model.EntityModelLayers
[15:48:41] [Worker-Main-13/DEBUG] (FabricLoader/Mixin) Renaming @Accessor method getLayers()Ljava/util/Set; to getLayers$fabric-rendering-v1_$md$bcad25$1 in fabric-rendering-v1.mixins.json:EntityModelLayersAccessor from mod fabric-rendering-v1
[15:48:41] [Worker-Main-13/DEBUG] (FabricLoader/Mixin) fabric-object-builder-v1.client.mixins.json:EntityModelLayersMixin from mod fabric-object-builder-api-v1->@Inject::createStandingSign(Lnet/minecraft/block/WoodType;Lorg/spongepowered/asm/mixin/injection/callback/CallbackInfoReturnable;)V does use it's CallbackInfoReturnable
[15:48:41] [Worker-Main-13/DEBUG] (FabricLoader/Mixin) fabric-object-builder-v1.client.mixins.json:EntityModelLayersMixin from mod fabric-object-builder-api-v1->@Inject::createWallSign(Lnet/minecraft/block/WoodType;Lorg/spongepowered/asm/mixin/injection/callback/CallbackInfoReturnable;)V does use it's CallbackInfoReturnable
[15:48:41] [Worker-Main-13/DEBUG] (FabricLoader/Mixin) fabric-object-builder-v1.client.mixins.json:EntityModelLayersMixin from mod fabric-object-builder-api-v1->@Inject::createHangingSign(Lnet/minecraft/block/WoodType;Lnet/minecraft/client/render/block/entity/HangingSignBlockEntityRenderer$AttachmentType;Lorg/spongepowered/asm/mixin/injection/callback/CallbackInfoReturnable;)V does use it's CallbackInfoReturnable
[15:48:41] [Render thread/DEBUG] (FabricLoader/Mixin) Mixing mod.litematica.GuiSchematicVerifierAccessor from techutils.mixins.json into fi.dy.masa.litematica.gui.GuiSchematicVerifier
[15:48:41] [Render thread/DEBUG] (FabricLoader/Mixin) Mixing mod.litematica.GuiSchematicVerifierMixin from techutils.mixins.json into fi.dy.masa.litematica.gui.GuiSchematicVerifier
[15:48:41] [Render thread/DEBUG] (FabricLoader/Mixin) techutils.mixins.json:mod.litematica.GuiSchematicVerifierMixin from mod techutils->@Inject::addButtons(Lorg/spongepowered/asm/mixin/injection/callback/CallbackInfo;)V doesn't use it's CallbackInfo
[15:48:41] [Render thread/DEBUG] (FabricLoader/Mixin) techutils.mixins.json:mod.litematica.GuiSchematicVerifierMixin from mod techutils->@Inject::addButtons(Lorg/spongepowered/asm/mixin/injection/callback/CallbackInfo;)V has 0 override(s) in child classes
[15:48:41] [Render thread/DEBUG] (FabricLoader/Mixin) techutils.mixins.json:mod.litematica.GuiSchematicVerifierMixin from mod techutils->@Inject::addButtons(Lorg/spongepowered/asm/mixin/injection/callback/CallbackInfo;)V won't be passed a CallbackInfo as a result
[15:48:41] [Worker-Main-10/DEBUG] (FabricLoader/Mixin) Mixing client.block.model.MultipartBlockStateModelMixin from fabric-renderer-api-v1.mixins.json into net.minecraft.client.render.model.MultipartBlockStateModel
[15:48:41] [Worker-Main-10/DEBUG] (FabricLoader/Mixin) Mixing client.block.model.WeightedBlockStateModelMixin from fabric-renderer-api-v1.mixins.json into net.minecraft.client.render.model.WeightedBlockStateModel
[15:48:41] [Render thread/DEBUG] (com.mojang.blaze3d.systems.RenderSystem) Growing IndexBuffer: Old limit 0, new limit 60.
[15:48:41] [Worker-Main-10/DEBUG] (FabricLoader/Mixin) Mixing client.sprite.BakedModelManager1Mixin from fabric-renderer-api-v1.mixins.json into net.minecraft.client.render.model.BakedModelManager$1
[15:48:41] [Worker-Main-10/DEBUG] (FabricLoader/Mixin) Mixing client.block.model.GeometryBakedModelMixin from fabric-renderer-api-v1.mixins.json into net.minecraft.client.render.model.GeometryBakedModel
[15:48:41] [Worker-Main-10/DEBUG] (FabricLoader/Mixin) Renaming synthetic method lambda$emitQuads$0(Lnet/fabricmc/fabric/api/renderer/v1/mesh/MutableQuadView;)Z to mdbcad25$fabric-renderer-api-v1$lambda$emitQuads$0$0 in fabric-renderer-api-v1.mixins.json:client.block.model.GeometryBakedModelMixin from mod fabric-renderer-api-v1
[15:48:41] [Worker-Main-15/DEBUG] (FabricLoader/Mixin) Mixing client.block.model.MultipartBlockStateModelMultipartBakedModelAccessor from fabric-renderer-api-v1.mixins.json into net.minecraft.client.render.model.MultipartBlockStateModel$MultipartBakedModel
[15:48:41] [Worker-Main-10/DEBUG] (FabricLoader/Mixin) Mixing ModelBakerBakedModelsMixin from fabric-model-loading-api-v1.mixins.json into net.minecraft.client.render.model.ModelBaker$BakedModels
[15:48:41] [Render thread/WARN] (net.minecraft.client.sound.SoundSystem) Missing sound for event: minecraft:entity.allay.ambient_with_item
[15:48:41] [Render thread/WARN] (net.minecraft.client.sound.SoundSystem) Missing sound for event: minecraft:entity.allay.ambient_without_item
[15:48:41] [Render thread/WARN] (net.minecraft.client.sound.SoundSystem) Missing sound for event: minecraft:entity.allay.death
[15:48:41] [Render thread/WARN] (net.minecraft.client.sound.SoundSystem) Missing sound for event: minecraft:entity.allay.hurt
[15:48:41] [Render thread/WARN] (net.minecraft.client.sound.SoundSystem) Missing sound for event: minecraft:entity.allay.item_given
[15:48:41] [Render thread/WARN] (net.minecraft.client.sound.SoundSystem) Missing sound for event: minecraft:entity.allay.item_taken
[15:48:41] [Render thread/WARN] (net.minecraft.client.sound.SoundSystem) Missing sound for event: minecraft:entity.allay.item_thrown
[15:48:41] [Render thread/WARN] (net.minecraft.client.sound.SoundSystem) Missing sound for event: minecraft:ambient.cave
[15:48:41] [Render thread/WARN] (net.minecraft.client.sound.SoundSystem) Missing sound for event: minecraft:ambient.basalt_deltas.additions
[15:48:41] [Render thread/WARN] (net.minecraft.client.sound.SoundSystem) Missing sound for event: minecraft:ambient.basalt_deltas.loop
[15:48:41] [Render thread/WARN] (net.minecraft.client.sound.SoundSystem) Missing sound for event: minecraft:ambient.basalt_deltas.mood
[15:48:41] [Render thread/WARN] (net.minecraft.client.sound.SoundSystem) Missing sound for event: minecraft:ambient.crimson_forest.additions
[15:48:41] [Render thread/WARN] (net.minecraft.client.sound.SoundSystem) Missing sound for event: minecraft:ambient.crimson_forest.loop
[15:48:41] [Render thread/WARN] (net.minecraft.client.sound.SoundSystem) Missing sound for event: minecraft:ambient.crimson_forest.mood
[15:48:41] [Render thread/WARN] (net.minecraft.client.sound.SoundSystem) Missing sound for event: minecraft:ambient.nether_wastes.additions
[15:48:41] [Render thread/WARN] (net.minecraft.client.sound.SoundSystem) Missing sound for event: minecraft:ambient.nether_wastes.loop
[15:48:41] [Render thread/WARN] (net.minecraft.client.sound.SoundSystem) Missing sound for event: minecraft:ambient.nether_wastes.mood
[15:48:41] [Render thread/WARN] (net.minecraft.client.sound.SoundSystem) Missing sound for event: minecraft:ambient.soul_sand_valley.additions
[15:48:41] [Render thread/WARN] (net.minecraft.client.sound.SoundSystem) Missing sound for event: minecraft:ambient.soul_sand_valley.loop
[15:48:41] [Render thread/WARN] (net.minecraft.client.sound.SoundSystem) Missing sound for event: minecraft:ambient.soul_sand_valley.mood
[15:48:41] [Render thread/WARN] (net.minecraft.client.sound.SoundSystem) Missing sound for event: minecraft:ambient.warped_forest.additions
[15:48:41] [Render thread/WARN] (net.minecraft.client.sound.SoundSystem) Missing sound for event: minecraft:ambient.warped_forest.loop
[15:48:41] [Render thread/WARN] (net.minecraft.client.sound.SoundSystem) Missing sound for event: minecraft:ambient.warped_forest.mood
[15:48:41] [Render thread/WARN] (net.minecraft.client.sound.SoundSystem) Missing sound for event: minecraft:ambient.underwater.enter
[15:48:41] [Render thread/WARN] (net.minecraft.client.sound.SoundSystem) Missing sound for event: minecraft:ambient.underwater.exit
[15:48:41] [Render thread/WARN] (net.minecraft.client.sound.SoundSystem) Missing sound for event: minecraft:ambient.underwater.loop
[15:48:41] [Render thread/WARN] (net.minecraft.client.sound.SoundSystem) Missing sound for event: minecraft:ambient.underwater.loop.additions
[15:48:41] [Render thread/WARN] (net.minecraft.client.sound.SoundSystem) Missing sound for event: minecraft:ambient.underwater.loop.additions.rare
[15:48:41] [Render thread/WARN] (net.minecraft.client.sound.SoundSystem) Missing sound for event: minecraft:ambient.underwater.loop.additions.ultra_rare
[15:48:41] [Render thread/WARN] (net.minecraft.client.sound.SoundSystem) Missing sound for event: minecraft:block.amethyst_block.break
[15:48:41] [Render thread/WARN] (net.minecraft.client.sound.SoundSystem) Missing sound for event: minecraft:block.amethyst_block.chime
[15:48:41] [Render thread/WARN] (net.minecraft.client.sound.SoundSystem) Missing sound for event: minecraft:block.amethyst_block.fall
[15:48:41] [Render thread/WARN] (net.minecraft.client.sound.SoundSystem) Missing sound for event: minecraft:block.amethyst_block.hit
[15:48:41] [Render thread/WARN] (net.minecraft.client.sound.SoundSystem) Missing sound for event: minecraft:block.amethyst_block.place
[15:48:41] [Render thread/WARN] (net.minecraft.client.sound.SoundSystem) Missing sound for event: minecraft:block.amethyst_block.resonate
[15:48:41] [Render thread/WARN] (net.minecraft.client.sound.SoundSystem) Missing sound for event: minecraft:block.amethyst_block.step
[15:48:41] [Render thread/WARN] (net.minecraft.client.sound.SoundSystem) Missing sound for event: minecraft:block.amethyst_cluster.break
[15:48:41] [Render thread/WARN] (net.minecraft.client.sound.SoundSystem) Missing sound for event: minecraft:block.amethyst_cluster.fall
[15:48:41] [Render thread/WARN] (net.minecraft.client.sound.SoundSystem) Missing sound for event: minecraft:block.amethyst_cluster.hit
[15:48:41] [Render thread/WARN] (net.minecraft.client.sound.SoundSystem) Missing sound for event: minecraft:block.amethyst_cluster.place
[15:48:41] [Render thread/WARN] (net.minecraft.client.sound.SoundSystem) Missing sound for event: minecraft:block.amethyst_cluster.step
[15:48:41] [Render thread/WARN] (net.minecraft.client.sound.SoundSystem) Missing sound for event: minecraft:block.ancient_debris.break
[15:48:41] [Render thread/WARN] (net.minecraft.client.sound.SoundSystem) Missing sound for event: minecraft:block.ancient_debris.step
[15:48:41] [Render thread/WARN] (net.minecraft.client.sound.SoundSystem) Missing sound for event: minecraft:block.ancient_debris.place
[15:48:41] [Render thread/WARN] (net.minecraft.client.sound.SoundSystem) Missing sound for event: minecraft:block.ancient_debris.hit
[15:48:41] [Render thread/WARN] (net.minecraft.client.sound.SoundSystem) Missing sound for event: minecraft:block.ancient_debris.fall
[15:48:41] [Render thread/WARN] (net.minecraft.client.sound.SoundSystem) Missing sound for event: minecraft:block.anvil.break
[15:48:41] [Render thread/WARN] (net.minecraft.client.sound.SoundSystem) Missing sound for event: minecraft:block.anvil.destroy
[15:48:41] [Render thread/WARN] (net.minecraft.client.sound.SoundSystem) Missing sound for event: minecraft:block.anvil.fall
[15:48:41] [Render thread/WARN] (net.minecraft.client.sound.SoundSystem) Missing sound for event: minecraft:block.anvil.hit
[15:48:41] [Render thread/WARN] (net.minecraft.client.sound.SoundSystem) Missing sound for event: minecraft:block.anvil.land
[15:48:41] [Render thread/WARN] (net.minecraft.client.sound.SoundSystem) Missing sound for event: minecraft:block.anvil.place
[15:48:41] [Render thread/WARN] (net.minecraft.client.sound.SoundSystem) Missing sound for event: minecraft:block.anvil.step
[15:48:41] [Render thread/WARN] (net.minecraft.client.sound.SoundSystem) Missing sound for event: minecraft:block.anvil.use
[15:48:41] [Render thread/WARN] (net.minecraft.client.sound.SoundSystem) Missing sound for event: minecraft:entity.armadillo.eat
[15:48:41] [Render thread/WARN] (net.minecraft.client.sound.SoundSystem) Missing sound for event: minecraft:entity.armadillo.hurt
[15:48:41] [Render thread/WARN] (net.minecraft.client.sound.SoundSystem) Missing sound for event: minecraft:entity.armadillo.hurt_reduced
[15:48:41] [Render thread/WARN] (net.minecraft.client.sound.SoundSystem) Missing sound for event: minecraft:entity.armadillo.ambient
[15:48:41] [Render thread/WARN] (net.minecraft.client.sound.SoundSystem) Missing sound for event: minecraft:entity.armadillo.step
[15:48:41] [Render thread/WARN] (net.minecraft.client.sound.SoundSystem) Missing sound for event: minecraft:entity.armadillo.death
[15:48:41] [Render thread/WARN] (net.minecraft.client.sound.SoundSystem) Missing sound for event: minecraft:entity.armadillo.roll
[15:48:41] [Render thread/WARN] (net.minecraft.client.sound.SoundSystem) Missing sound for event: minecraft:entity.armadillo.land
[15:48:41] [Render thread/WARN] (net.minecraft.client.sound.SoundSystem) Missing sound for event: minecraft:entity.armadillo.scute_drop
[15:48:41] [Render thread/WARN] (net.minecraft.client.sound.SoundSystem) Missing sound for event: minecraft:entity.armadillo.unroll_finish
[15:48:41] [Render thread/WARN] (net.minecraft.client.sound.SoundSystem) Missing sound for event: minecraft:entity.armadillo.peek
[15:48:41] [Render thread/WARN] (net.minecraft.client.sound.SoundSystem) Missing sound for event: minecraft:entity.armadillo.unroll_start
[15:48:41] [Render thread/WARN] (net.minecraft.client.sound.SoundSystem) Missing sound for event: minecraft:entity.armadillo.brush
[15:48:41] [Render thread/WARN] (net.minecraft.client.sound.SoundSystem) Missing sound for event: minecraft:item.armor.equip_chain
[15:48:41] [Render thread/WARN] (net.minecraft.client.sound.SoundSystem) Missing sound for event: minecraft:item.armor.equip_diamond
[15:48:41] [Render thread/WARN] (net.minecraft.client.sound.SoundSystem) Missing sound for event: minecraft:item.armor.equip_elytra
[15:48:41] [Render thread/WARN] (net.minecraft.client.sound.SoundSystem) Missing sound for event: minecraft:item.armor.equip_generic
[15:48:41] [Render thread/WARN] (net.minecraft.client.sound.SoundSystem) Missing sound for event: minecraft:item.armor.equip_gold
[15:48:41] [Render thread/WARN] (net.minecraft.client.sound.SoundSystem) Missing sound for event: minecraft:item.armor.equip_iron
[15:48:41] [Render thread/WARN] (net.minecraft.client.sound.SoundSystem) Missing sound for event: minecraft:item.armor.equip_leather
[15:48:41] [Render thread/WARN] (net.minecraft.client.sound.SoundSystem) Missing sound for event: minecraft:item.armor.equip_netherite
[15:48:41] [Render thread/WARN] (net.minecraft.client.sound.SoundSystem) Missing sound for event: minecraft:item.armor.equip_turtle
[15:48:41] [Render thread/WARN] (net.minecraft.client.sound.SoundSystem) Missing sound for event: minecraft:item.armor.equip_wolf
[15:48:41] [Render thread/WARN] (net.minecraft.client.sound.SoundSystem) Missing sound for event: minecraft:item.armor.unequip_wolf
[15:48:41] [Render thread/WARN] (net.minecraft.client.sound.SoundSystem) Missing sound for event: minecraft:entity.armor_stand.break
[15:48:41] [Render thread/WARN] (net.minecraft.client.sound.SoundSystem) Missing sound for event: minecraft:entity.armor_stand.fall
[15:48:41] [Render thread/WARN] (net.minecraft.client.sound.SoundSystem) Missing sound for event: minecraft:entity.armor_stand.hit
[15:48:41] [Render thread/WARN] (net.minecraft.client.sound.SoundSystem) Missing sound for event: minecraft:entity.armor_stand.place
[15:48:41] [Render thread/WARN] (net.minecraft.client.sound.SoundSystem) Missing sound for event: minecraft:entity.arrow.hit
[15:48:41] [Render thread/WARN] (net.minecraft.client.sound.SoundSystem) Missing sound for event: minecraft:entity.arrow.hit_player
[15:48:41] [Render thread/WARN] (net.minecraft.client.sound.SoundSystem) Missing sound for event: minecraft:entity.arrow.shoot
[15:48:41] [Render thread/WARN] (net.minecraft.client.sound.SoundSystem) Missing sound for event: minecraft:item.axe.strip
[15:48:41] [Render thread/WARN] (net.minecraft.client.sound.SoundSystem) Missing sound for event: minecraft:item.axe.scrape
[15:48:41] [Render thread/WARN] (net.minecraft.client.sound.SoundSystem) Missing sound for event: minecraft:item.axe.wax_off
[15:48:41] [Render thread/WARN] (net.minecraft.client.sound.SoundSystem) Missing sound for event: minecraft:entity.axolotl.attack
[15:48:41] [Render thread/WARN] (net.minecraft.client.sound.SoundSystem) Missing sound for event: minecraft:entity.axolotl.death
[15:48:41] [Render thread/WARN] (net.minecraft.client.sound.SoundSystem) Missing sound for event: minecraft:entity.axolotl.hurt
[15:48:41] [Render thread/WARN] (net.minecraft.client.sound.SoundSystem) Missing sound for event: minecraft:entity.axolotl.idle_air
[15:48:41] [Render thread/WARN] (net.minecraft.client.sound.SoundSystem) Missing sound for event: minecraft:entity.axolotl.idle_water
[15:48:41] [Render thread/WARN] (net.minecraft.client.sound.SoundSystem) Missing sound for event: minecraft:entity.axolotl.splash
[15:48:41] [Render thread/WARN] (net.minecraft.client.sound.SoundSystem) Missing sound for event: minecraft:entity.axolotl.swim
[15:48:41] [Render thread/WARN] (net.minecraft.client.sound.SoundSystem) Missing sound for event: minecraft:block.azalea.break
[15:48:41] [Render thread/WARN] (net.minecraft.client.sound.SoundSystem) Missing sound for event: minecraft:block.azalea.fall
[15:48:41] [Render thread/WARN] (net.minecraft.client.sound.SoundSystem) Missing sound for event: minecraft:block.azalea.hit
[15:48:41] [Render thread/WARN] (net.minecraft.client.sound.SoundSystem) Missing sound for event: minecraft:block.azalea.place
[15:48:41] [Render thread/WARN] (net.minecraft.client.sound.SoundSystem) Missing sound for event: minecraft:block.azalea.step
[15:48:41] [Render thread/WARN] (net.minecraft.client.sound.SoundSystem) Missing sound for event: minecraft:block.azalea_leaves.break
[15:48:41] [Render thread/WARN] (net.minecraft.client.sound.SoundSystem) Missing sound for event: minecraft:block.azalea_leaves.fall
[15:48:41] [Render thread/WARN] (net.minecraft.client.sound.SoundSystem) Missing sound for event: minecraft:block.azalea_leaves.hit
[15:48:41] [Render thread/WARN] (net.minecraft.client.sound.SoundSystem) Missing sound for event: minecraft:block.azalea_leaves.place
[15:48:41] [Render thread/WARN] (net.minecraft.client.sound.SoundSystem) Missing sound for event: minecraft:block.azalea_leaves.step
[15:48:41] [Render thread/WARN] (net.minecraft.client.sound.SoundSystem) Missing sound for event: minecraft:block.bamboo.break
[15:48:41] [Render thread/WARN] (net.minecraft.client.sound.SoundSystem) Missing sound for event: minecraft:block.bamboo.fall
[15:48:41] [Render thread/WARN] (net.minecraft.client.sound.SoundSystem) Missing sound for event: minecraft:block.bamboo.hit
[15:48:41] [Render thread/WARN] (net.minecraft.client.sound.SoundSystem) Missing sound for event: minecraft:block.bamboo.place
[15:48:41] [Render thread/WARN] (net.minecraft.client.sound.SoundSystem) Missing sound for event: minecraft:block.bamboo.step
[15:48:41] [Render thread/WARN] (net.minecraft.client.sound.SoundSystem) Missing sound for event: minecraft:block.bamboo_sapling.break
[15:48:41] [Render thread/WARN] (net.minecraft.client.sound.SoundSystem) Missing sound for event: minecraft:block.bamboo_sapling.hit
[15:48:41] [Render thread/WARN] (net.minecraft.client.sound.SoundSystem) Missing sound for event: minecraft:block.bamboo_sapling.place
[15:48:41] [Render thread/WARN] (net.minecraft.client.sound.SoundSystem) Missing sound for event: minecraft:block.bamboo_wood.break
[15:48:41] [Render thread/WARN] (net.minecraft.client.sound.SoundSystem) Missing sound for event: minecraft:block.bamboo_wood.fall
[15:48:41] [Render thread/WARN] (net.minecraft.client.sound.SoundSystem) Missing sound for event: minecraft:block.bamboo_wood.hit
[15:48:41] [Render thread/WARN] (net.minecraft.client.sound.SoundSystem) Missing sound for event: minecraft:block.bamboo_wood.place
[15:48:41] [Render thread/WARN] (net.minecraft.client.sound.SoundSystem) Missing sound for event: minecraft:block.bamboo_wood.step
[15:48:41] [Render thread/WARN] (net.minecraft.client.sound.SoundSystem) Missing sound for event: minecraft:block.bamboo_wood_door.close
[15:48:41] [Render thread/WARN] (net.minecraft.client.sound.SoundSystem) Missing sound for event: minecraft:block.bamboo_wood_door.open
[15:48:41] [Render thread/WARN] (net.minecraft.client.sound.SoundSystem) Missing sound for event: minecraft:block.bamboo_wood_trapdoor.close
[15:48:41] [Render thread/WARN] (net.minecraft.client.sound.SoundSystem) Missing sound for event: minecraft:block.bamboo_wood_trapdoor.open
[15:48:41] [Render thread/WARN] (net.minecraft.client.sound.SoundSystem) Missing sound for event: minecraft:block.bamboo_wood_button.click_off
[15:48:41] [Render thread/WARN] (net.minecraft.client.sound.SoundSystem) Missing sound for event: minecraft:block.bamboo_wood_button.click_on
[15:48:41] [Render thread/WARN] (net.minecraft.client.sound.SoundSystem) Missing sound for event: minecraft:block.bamboo_wood_pressure_plate.click_off
[15:48:41] [Render thread/WARN] (net.minecraft.client.sound.SoundSystem) Missing sound for event: minecraft:block.bamboo_wood_pressure_plate.click_on
[15:48:41] [Render thread/WARN] (net.minecraft.client.sound.SoundSystem) Missing sound for event: minecraft:block.bamboo_wood_fence_gate.close
[15:48:41] [Render thread/WARN] (net.minecraft.client.sound.SoundSystem) Missing sound for event: minecraft:block.bamboo_wood_fence_gate.open
[15:48:41] [Render thread/WARN] (net.minecraft.client.sound.SoundSystem) Missing sound for event: minecraft:block.barrel.close
[15:48:41] [Render thread/WARN] (net.minecraft.client.sound.SoundSystem) Missing sound for event: minecraft:block.barrel.open
[15:48:41] [Render thread/WARN] (net.minecraft.client.sound.SoundSystem) Missing sound for event: minecraft:block.basalt.break
[15:48:41] [Render thread/WARN] (net.minecraft.client.sound.SoundSystem) Missing sound for event: minecraft:block.basalt.step
[15:48:41] [Render thread/WARN] (net.minecraft.client.sound.SoundSystem) Missing sound for event: minecraft:block.basalt.place
[15:48:41] [Render thread/WARN] (net.minecraft.client.sound.SoundSystem) Missing sound for event: minecraft:block.basalt.hit
[15:48:41] [Render thread/WARN] (net.minecraft.client.sound.SoundSystem) Missing sound for event: minecraft:block.basalt.fall
[15:48:41] [Render thread/WARN] (net.minecraft.client.sound.SoundSystem) Missing sound for event: minecraft:entity.bat.ambient
[15:48:41] [Render thread/WARN] (net.minecraft.client.sound.SoundSystem) Missing sound for event: minecraft:entity.bat.death
[15:48:41] [Render thread/WARN] (net.minecraft.client.sound.SoundSystem) Missing sound for event: minecraft:entity.bat.hurt
[15:48:41] [Render thread/WARN] (net.minecraft.client.sound.SoundSystem) Missing sound for event: minecraft:entity.bat.loop
[15:48:41] [Render thread/WARN] (net.minecraft.client.sound.SoundSystem) Missing sound for event: minecraft:entity.bat.takeoff
[15:48:41] [Render thread/WARN] (net.minecraft.client.sound.SoundSystem) Missing sound for event: minecraft:block.beacon.activate
[15:48:41] [Render thread/WARN] (net.minecraft.client.sound.SoundSystem) Missing sound for event: minecraft:block.beacon.ambient
[15:48:41] [Render thread/WARN] (net.minecraft.client.sound.SoundSystem) Missing sound for event: minecraft:block.beacon.deactivate
[15:48:41] [Render thread/WARN] (net.minecraft.client.sound.SoundSystem) Missing sound for event: minecraft:block.beacon.power_select
[15:48:41] [Render thread/WARN] (net.minecraft.client.sound.SoundSystem) Missing sound for event: minecraft:entity.bee.death
[15:48:41] [Render thread/WARN] (net.minecraft.client.sound.SoundSystem) Missing sound for event: minecraft:entity.bee.hurt
[15:48:41] [Render thread/WARN] (net.minecraft.client.sound.SoundSystem) Missing sound for event: minecraft:entity.bee.loop_aggressive
[15:48:41] [Render thread/WARN] (net.minecraft.client.sound.SoundSystem) Missing sound for event: minecraft:entity.bee.loop
[15:48:41] [Render thread/WARN] (net.minecraft.client.sound.SoundSystem) Missing sound for event: minecraft:entity.bee.sting
[15:48:41] [Render thread/WARN] (net.minecraft.client.sound.SoundSystem) Missing sound for event: minecraft:entity.bee.pollinate
[15:48:41] [Render thread/WARN] (net.minecraft.client.sound.SoundSystem) Missing sound for event: minecraft:block.beehive.drip
[15:48:41] [Render thread/WARN] (net.minecraft.client.sound.SoundSystem) Missing sound for event: minecraft:block.beehive.enter
[15:48:41] [Render thread/WARN] (net.minecraft.client.sound.SoundSystem) Missing sound for event: minecraft:block.beehive.exit
[15:48:41] [Render thread/WARN] (net.minecraft.client.sound.SoundSystem) Missing sound for event: minecraft:block.beehive.shear
[15:48:41] [Render thread/WARN] (net.minecraft.client.sound.SoundSystem) Missing sound for event: minecraft:block.beehive.work
[15:48:41] [Render thread/WARN] (net.minecraft.client.sound.SoundSystem) Missing sound for event: minecraft:block.bell.use
[15:48:41] [Render thread/WARN] (net.minecraft.client.sound.SoundSystem) Missing sound for event: minecraft:block.bell.resonate
[15:48:41] [Render thread/WARN] (net.minecraft.client.sound.SoundSystem) Missing sound for event: minecraft:block.big_dripleaf.break
[15:48:41] [Render thread/WARN] (net.minecraft.client.sound.SoundSystem) Missing sound for event: minecraft:block.big_dripleaf.fall
[15:48:41] [Render thread/WARN] (net.minecraft.client.sound.SoundSystem) Missing sound for event: minecraft:block.big_dripleaf.hit
[15:48:41] [Render thread/WARN] (net.minecraft.client.sound.SoundSystem) Missing sound for event: minecraft:block.big_dripleaf.place
[15:48:41] [Render thread/WARN] (net.minecraft.client.sound.SoundSystem) Missing sound for event: minecraft:block.big_dripleaf.step
[15:48:41] [Render thread/WARN] (net.minecraft.client.sound.SoundSystem) Missing sound for event: minecraft:entity.blaze.ambient
[15:48:41] [Render thread/WARN] (net.minecraft.client.sound.SoundSystem) Missing sound for event: minecraft:entity.blaze.burn
[15:48:41] [Render thread/WARN] (net.minecraft.client.sound.SoundSystem) Missing sound for event: minecraft:entity.blaze.death
[15:48:41] [Render thread/WARN] (net.minecraft.client.sound.SoundSystem) Missing sound for event: minecraft:entity.blaze.hurt
[15:48:41] [Render thread/WARN] (net.minecraft.client.sound.SoundSystem) Missing sound for event: minecraft:entity.blaze.shoot
[15:48:41] [Render thread/WARN] (net.minecraft.client.sound.SoundSystem) Missing sound for event: minecraft:entity.boat.paddle_land
[15:48:41] [Render thread/WARN] (net.minecraft.client.sound.SoundSystem) Missing sound for event: minecraft:entity.boat.paddle_water
[15:48:41] [Render thread/WARN] (net.minecraft.client.sound.SoundSystem) Missing sound for event: minecraft:entity.bogged.ambient
[15:48:41] [Render thread/WARN] (net.minecraft.client.sound.SoundSystem) Missing sound for event: minecraft:entity.bogged.death
[15:48:41] [Render thread/WARN] (net.minecraft.client.sound.SoundSystem) Missing sound for event: minecraft:entity.bogged.hurt
[15:48:41] [Render thread/WARN] (net.minecraft.client.sound.SoundSystem) Missing sound for event: minecraft:entity.bogged.shear
[15:48:41] [Render thread/WARN] (net.minecraft.client.sound.SoundSystem) Missing sound for event: minecraft:entity.bogged.step
[15:48:41] [Render thread/WARN] (net.minecraft.client.sound.SoundSystem) Missing sound for event: minecraft:block.bone_block.break
[15:48:41] [Render thread/WARN] (net.minecraft.client.sound.SoundSystem) Missing sound for event: minecraft:block.bone_block.fall
[15:48:41] [Render thread/WARN] (net.minecraft.client.sound.SoundSystem) Missing sound for event: minecraft:block.bone_block.hit
[15:48:41] [Render thread/WARN] (net.minecraft.client.sound.SoundSystem) Missing sound for event: minecraft:block.bone_block.place
[15:48:41] [Render thread/WARN] (net.minecraft.client.sound.SoundSystem) Missing sound for event: minecraft:block.bone_block.step
[15:48:41] [Render thread/WARN] (net.minecraft.client.sound.SoundSystem) Missing sound for event: minecraft:item.bone_meal.use
[15:48:41] [Render thread/WARN] (net.minecraft.client.sound.SoundSystem) Missing sound for event: minecraft:item.book.page_turn
[15:48:41] [Render thread/WARN] (net.minecraft.client.sound.SoundSystem) Missing sound for event: minecraft:item.book.put
[15:48:41] [Render thread/WARN] (net.minecraft.client.sound.SoundSystem) Missing sound for event: minecraft:block.blastfurnace.fire_crackle
[15:48:41] [Render thread/WARN] (net.minecraft.client.sound.SoundSystem) Missing sound for event: minecraft:item.bottle.empty
[15:48:41] [Render thread/WARN] (net.minecraft.client.sound.SoundSystem) Missing sound for event: minecraft:item.bottle.fill
[15:48:41] [Render thread/WARN] (net.minecraft.client.sound.SoundSystem) Missing sound for event: minecraft:item.bottle.fill_dragonbreath
[15:48:41] [Render thread/WARN] (net.minecraft.client.sound.SoundSystem) Missing sound for event: minecraft:entity.breeze.charge
[15:48:41] [Render thread/WARN] (net.minecraft.client.sound.SoundSystem) Missing sound for event: minecraft:entity.breeze.deflect
[15:48:41] [Render thread/WARN] (net.minecraft.client.sound.SoundSystem) Missing sound for event: minecraft:entity.breeze.inhale
[15:48:41] [Render thread/WARN] (net.minecraft.client.sound.SoundSystem) Missing sound for event: minecraft:entity.breeze.idle_ground
[15:48:41] [Render thread/WARN] (net.minecraft.client.sound.SoundSystem) Missing sound for event: minecraft:entity.breeze.idle_air
[15:48:41] [Render thread/WARN] (net.minecraft.client.sound.SoundSystem) Missing sound for event: minecraft:entity.breeze.shoot
[15:48:41] [Render thread/WARN] (net.minecraft.client.sound.SoundSystem) Missing sound for event: minecraft:entity.breeze.jump
[15:48:41] [Render thread/WARN] (net.minecraft.client.sound.SoundSystem) Missing sound for event: minecraft:entity.breeze.land
[15:48:41] [Render thread/WARN] (net.minecraft.client.sound.SoundSystem) Missing sound for event: minecraft:entity.breeze.slide
[15:48:41] [Render thread/WARN] (net.minecraft.client.sound.SoundSystem) Missing sound for event: minecraft:entity.breeze.death
[15:48:41] [Render thread/WARN] (net.minecraft.client.sound.SoundSystem) Missing sound for event: minecraft:entity.breeze.hurt
[15:48:41] [Render thread/WARN] (net.minecraft.client.sound.SoundSystem) Missing sound for event: minecraft:entity.breeze.whirl
[15:48:41] [Render thread/WARN] (net.minecraft.client.sound.SoundSystem) Missing sound for event: minecraft:entity.breeze.wind_burst
[15:48:41] [Render thread/WARN] (net.minecraft.client.sound.SoundSystem) Missing sound for event: minecraft:block.brewing_stand.brew
[15:48:41] [Render thread/WARN] (net.minecraft.client.sound.SoundSystem) Missing sound for event: minecraft:item.brush.brushing.generic
[15:48:41] [Render thread/WARN] (net.minecraft.client.sound.SoundSystem) Missing sound for event: minecraft:item.brush.brushing.sand
[15:48:41] [Render thread/WARN] (net.minecraft.client.sound.SoundSystem) Missing sound for event: minecraft:item.brush.brushing.gravel
[15:48:41] [Render thread/WARN] (net.minecraft.client.sound.SoundSystem) Missing sound for event: minecraft:item.brush.brushing.sand.complete
[15:48:41] [Render thread/WARN] (net.minecraft.client.sound.SoundSystem) Missing sound for event: minecraft:item.brush.brushing.gravel.complete
[15:48:41] [Render thread/WARN] (net.minecraft.client.sound.SoundSystem) Missing sound for event: minecraft:block.bubble_column.bubble_pop
[15:48:41] [Render thread/WARN] (net.minecraft.client.sound.SoundSystem) Missing sound for event: minecraft:block.bubble_column.upwards_ambient
[15:48:41] [Render thread/WARN] (net.minecraft.client.sound.SoundSystem) Missing sound for event: minecraft:block.bubble_column.upwards_inside
[15:48:41] [Render thread/WARN] (net.minecraft.client.sound.SoundSystem) Missing sound for event: minecraft:block.bubble_column.whirlpool_ambient
[15:48:41] [Render thread/WARN] (net.minecraft.client.sound.SoundSystem) Missing sound for event: minecraft:block.bubble_column.whirlpool_inside
[15:48:41] [Render thread/WARN] (net.minecraft.client.sound.SoundSystem) Missing sound for event: minecraft:ui.hud.bubble_pop
[15:48:41] [Render thread/WARN] (net.minecraft.client.sound.SoundSystem) Missing sound for event: minecraft:item.bucket.empty
[15:48:41] [Render thread/WARN] (net.minecraft.client.sound.SoundSystem) Missing sound for event: minecraft:item.bucket.empty_axolotl
[15:48:41] [Render thread/WARN] (net.minecraft.client.sound.SoundSystem) Missing sound for event: minecraft:item.bucket.empty_fish
[15:48:41] [Render thread/WARN] (net.minecraft.client.sound.SoundSystem) Missing sound for event: minecraft:item.bucket.empty_lava
[15:48:41] [Render thread/WARN] (net.minecraft.client.sound.SoundSystem) Missing sound for event: minecraft:item.bucket.empty_powder_snow
[15:48:41] [Render thread/WARN] (net.minecraft.client.sound.SoundSystem) Missing sound for event: minecraft:item.bucket.empty_tadpole
[15:48:41] [Render thread/WARN] (net.minecraft.client.sound.SoundSystem) Missing sound for event: minecraft:item.bucket.fill
[15:48:41] [Render thread/WARN] (net.minecraft.client.sound.SoundSystem) Missing sound for event: minecraft:item.bucket.fill_axolotl
[15:48:41] [Render thread/WARN] (net.minecraft.client.sound.SoundSystem) Missing sound for event: minecraft:item.bucket.fill_fish
[15:48:41] [Render thread/WARN] (net.minecraft.client.sound.SoundSystem) Missing sound for event: minecraft:item.bucket.fill_lava
[15:48:41] [Render thread/WARN] (net.minecraft.client.sound.SoundSystem) Missing sound for event: minecraft:item.bucket.fill_powder_snow
[15:48:41] [Render thread/WARN] (net.minecraft.client.sound.SoundSystem) Missing sound for event: minecraft:item.bucket.fill_tadpole
[15:48:41] [Render thread/WARN] (net.minecraft.client.sound.SoundSystem) Missing sound for event: minecraft:item.bundle.drop_contents
[15:48:41] [Render thread/WARN] (net.minecraft.client.sound.SoundSystem) Missing sound for event: minecraft:item.bundle.insert
[15:48:41] [Render thread/WARN] (net.minecraft.client.sound.SoundSystem) Missing sound for event: minecraft:item.bundle.insert_fail
[15:48:41] [Render thread/WARN] (net.minecraft.client.sound.SoundSystem) Missing sound for event: minecraft:item.bundle.remove_one
[15:48:41] [Render thread/WARN] (net.minecraft.client.sound.SoundSystem) Missing sound for event: minecraft:block.cactus_flower.break
[15:48:41] [Render thread/WARN] (net.minecraft.client.sound.SoundSystem) Missing sound for event: minecraft:block.cactus_flower.place
[15:48:41] [Render thread/WARN] (net.minecraft.client.sound.SoundSystem) Missing sound for event: minecraft:block.cake.add_candle
[15:48:41] [Render thread/WARN] (net.minecraft.client.sound.SoundSystem) Missing sound for event: minecraft:block.calcite.break
[15:48:41] [Render thread/WARN] (net.minecraft.client.sound.SoundSystem) Missing sound for event: minecraft:block.calcite.step
[15:48:41] [Render thread/WARN] (net.minecraft.client.sound.SoundSystem) Missing sound for event: minecraft:block.calcite.place
[15:48:41] [Render thread/WARN] (net.minecraft.client.sound.SoundSystem) Missing sound for event: minecraft:block.calcite.hit
[15:48:41] [Render thread/WARN] (net.minecraft.client.sound.SoundSystem) Missing sound for event: minecraft:block.calcite.fall
[15:48:41] [Render thread/WARN] (net.minecraft.client.sound.SoundSystem) Missing sound for event: minecraft:entity.camel.ambient
[15:48:41] [Render thread/WARN] (net.minecraft.client.sound.SoundSystem) Missing sound for event: minecraft:entity.camel.dash
[15:48:41] [Render thread/WARN] (net.minecraft.client.sound.SoundSystem) Missing sound for event: minecraft:entity.camel.dash_ready
[15:48:41] [Render thread/WARN] (net.minecraft.client.sound.SoundSystem) Missing sound for event: minecraft:entity.camel.death
[15:48:41] [Render thread/WARN] (net.minecraft.client.sound.SoundSystem) Missing sound for event: minecraft:entity.camel.eat
[15:48:41] [Render thread/WARN] (net.minecraft.client.sound.SoundSystem) Missing sound for event: minecraft:entity.camel.hurt
[15:48:41] [Render thread/WARN] (net.minecraft.client.sound.SoundSystem) Missing sound for event: minecraft:entity.camel.saddle
[15:48:41] [Render thread/WARN] (net.minecraft.client.sound.SoundSystem) Missing sound for event: minecraft:entity.camel.sit
[15:48:41] [Render thread/WARN] (net.minecraft.client.sound.SoundSystem) Missing sound for event: minecraft:entity.camel.stand
[15:48:41] [Render thread/WARN] (net.minecraft.client.sound.SoundSystem) Missing sound for event: minecraft:entity.camel.step
[15:48:41] [Render thread/WARN] (net.minecraft.client.sound.SoundSystem) Missing sound for event: minecraft:entity.camel.step_sand
[15:48:41] [Render thread/WARN] (net.minecraft.client.sound.SoundSystem) Missing sound for event: minecraft:block.campfire.crackle
[15:48:41] [Render thread/WARN] (net.minecraft.client.sound.SoundSystem) Missing sound for event: minecraft:block.candle.ambient
[15:48:41] [Render thread/WARN] (net.minecraft.client.sound.SoundSystem) Missing sound for event: minecraft:block.candle.break
[15:48:41] [Render thread/WARN] (net.minecraft.client.sound.SoundSystem) Missing sound for event: minecraft:block.candle.extinguish
[15:48:41] [Render thread/WARN] (net.minecraft.client.sound.SoundSystem) Missing sound for event: minecraft:block.candle.fall
[15:48:41] [Render thread/WARN] (net.minecraft.client.sound.SoundSystem) Missing sound for event: minecraft:block.candle.hit
[15:48:41] [Render thread/WARN] (net.minecraft.client.sound.SoundSystem) Missing sound for event: minecraft:block.candle.place
[15:48:41] [Render thread/WARN] (net.minecraft.client.sound.SoundSystem) Missing sound for event: minecraft:block.candle.step
[15:48:41] [Render thread/WARN] (net.minecraft.client.sound.SoundSystem) Missing sound for event: minecraft:entity.cat.ambient
[15:48:41] [Render thread/WARN] (net.minecraft.client.sound.SoundSystem) Missing sound for event: minecraft:entity.cat.stray_ambient
[15:48:41] [Render thread/WARN] (net.minecraft.client.sound.SoundSystem) Missing sound for event: minecraft:entity.cat.death
[15:48:41] [Render thread/WARN] (net.minecraft.client.sound.SoundSystem) Missing sound for event: minecraft:entity.cat.eat
[15:48:41] [Render thread/WARN] (net.minecraft.client.sound.SoundSystem) Missing sound for event: minecraft:entity.cat.hiss
[15:48:41] [Render thread/WARN] (net.minecraft.client.sound.SoundSystem) Missing sound for event: minecraft:entity.cat.beg_for_food
[15:48:41] [Render thread/WARN] (net.minecraft.client.sound.SoundSystem) Missing sound for event: minecraft:entity.cat.hurt
[15:48:41] [Render thread/WARN] (net.minecraft.client.sound.SoundSystem) Missing sound for event: minecraft:entity.cat.purr
[15:48:41] [Render thread/WARN] (net.minecraft.client.sound.SoundSystem) Missing sound for event: minecraft:entity.cat.purreow
[15:48:41] [Render thread/WARN] (net.minecraft.client.sound.SoundSystem) Missing sound for event: minecraft:block.cave_vines.break
[15:48:41] [Render thread/WARN] (net.minecraft.client.sound.SoundSystem) Missing sound for event: minecraft:block.cave_vines.fall
[15:48:41] [Render thread/WARN] (net.minecraft.client.sound.SoundSystem) Missing sound for event: minecraft:block.cave_vines.hit
[15:48:41] [Render thread/WARN] (net.minecraft.client.sound.SoundSystem) Missing sound for event: minecraft:block.cave_vines.place
[15:48:41] [Render thread/WARN] (net.minecraft.client.sound.SoundSystem) Missing sound for event: minecraft:block.cave_vines.step
[15:48:41] [Render thread/WARN] (net.minecraft.client.sound.SoundSystem) Missing sound for event: minecraft:block.cave_vines.pick_berries
[15:48:41] [Render thread/WARN] (net.minecraft.client.sound.SoundSystem) Missing sound for event: minecraft:block.chain.break
[15:48:41] [Render thread/WARN] (net.minecraft.client.sound.SoundSystem) Missing sound for event: minecraft:block.chain.fall
[15:48:41] [Render thread/WARN] (net.minecraft.client.sound.SoundSystem) Missing sound for event: minecraft:block.chain.hit
[15:48:41] [Render thread/WARN] (net.minecraft.client.sound.SoundSystem) Missing sound for event: minecraft:block.chain.place
[15:48:41] [Render thread/WARN] (net.minecraft.client.sound.SoundSystem) Missing sound for event: minecraft:block.chain.step
[15:48:41] [Render thread/WARN] (net.minecraft.client.sound.SoundSystem) Missing sound for event: minecraft:block.cherry_wood.break
[15:48:41] [Render thread/WARN] (net.minecraft.client.sound.SoundSystem) Missing sound for event: minecraft:block.cherry_wood.fall
[15:48:41] [Render thread/WARN] (net.minecraft.client.sound.SoundSystem) Missing sound for event: minecraft:block.cherry_wood.hit
[15:48:41] [Render thread/WARN] (net.minecraft.client.sound.SoundSystem) Missing sound for event: minecraft:block.cherry_wood.place
[15:48:41] [Render thread/WARN] (net.minecraft.client.sound.SoundSystem) Missing sound for event: minecraft:block.cherry_wood.step
[15:48:41] [Render thread/WARN] (net.minecraft.client.sound.SoundSystem) Missing sound for event: minecraft:block.cherry_sapling.break
[15:48:41] [Render thread/WARN] (net.minecraft.client.sound.SoundSystem) Missing sound for event: minecraft:block.cherry_sapling.fall
[15:48:41] [Render thread/WARN] (net.minecraft.client.sound.SoundSystem) Missing sound for event: minecraft:block.cherry_sapling.hit
[15:48:41] [Render thread/WARN] (net.minecraft.client.sound.SoundSystem) Missing sound for event: minecraft:block.cherry_sapling.place
[15:48:41] [Render thread/WARN] (net.minecraft.client.sound.SoundSystem) Missing sound for event: minecraft:block.cherry_sapling.step
[15:48:41] [Render thread/WARN] (net.minecraft.client.sound.SoundSystem) Missing sound for event: minecraft:block.cherry_leaves.break
[15:48:41] [Render thread/WARN] (net.minecraft.client.sound.SoundSystem) Missing sound for event: minecraft:block.cherry_leaves.fall
[15:48:41] [Render thread/WARN] (net.minecraft.client.sound.SoundSystem) Missing sound for event: minecraft:block.cherry_leaves.hit
[15:48:41] [Render thread/WARN] (net.minecraft.client.sound.SoundSystem) Missing sound for event: minecraft:block.cherry_leaves.place
[15:48:41] [Render thread/WARN] (net.minecraft.client.sound.SoundSystem) Missing sound for event: minecraft:block.cherry_leaves.step
[15:48:41] [Render thread/WARN] (net.minecraft.client.sound.SoundSystem) Missing sound for event: minecraft:block.cherry_wood_hanging_sign.step
[15:48:41] [Render thread/WARN] (net.minecraft.client.sound.SoundSystem) Missing sound for event: minecraft:block.cherry_wood_hanging_sign.break
[15:48:41] [Render thread/WARN] (net.minecraft.client.sound.SoundSystem) Missing sound for event: minecraft:block.cherry_wood_hanging_sign.fall
[15:48:41] [Render thread/WARN] (net.minecraft.client.sound.SoundSystem) Missing sound for event: minecraft:block.cherry_wood_hanging_sign.hit
[15:48:41] [Render thread/WARN] (net.minecraft.client.sound.SoundSystem) Missing sound for event: minecraft:block.cherry_wood_hanging_sign.place
[15:48:41] [Render thread/WARN] (net.minecraft.client.sound.SoundSystem) Missing sound for event: minecraft:block.cherry_wood_door.close
[15:48:41] [Render thread/WARN] (net.minecraft.client.sound.SoundSystem) Missing sound for event: minecraft:block.cherry_wood_door.open
[15:48:41] [Render thread/WARN] (net.minecraft.client.sound.SoundSystem) Missing sound for event: minecraft:block.cherry_wood_trapdoor.close
[15:48:41] [Render thread/WARN] (net.minecraft.client.sound.SoundSystem) Missing sound for event: minecraft:block.cherry_wood_trapdoor.open
[15:48:41] [Render thread/WARN] (net.minecraft.client.sound.SoundSystem) Missing sound for event: minecraft:block.cherry_wood_button.click_off
[15:48:41] [Render thread/WARN] (net.minecraft.client.sound.SoundSystem) Missing sound for event: minecraft:block.cherry_wood_button.click_on
[15:48:41] [Render thread/WARN] (net.minecraft.client.sound.SoundSystem) Missing sound for event: minecraft:block.cherry_wood_pressure_plate.click_off
[15:48:41] [Render thread/WARN] (net.minecraft.client.sound.SoundSystem) Missing sound for event: minecraft:block.cherry_wood_pressure_plate.click_on
[15:48:41] [Render thread/WARN] (net.minecraft.client.sound.SoundSystem) Missing sound for event: minecraft:block.cherry_wood_fence_gate.close
[15:48:41] [Render thread/WARN] (net.minecraft.client.sound.SoundSystem) Missing sound for event: minecraft:block.cherry_wood_fence_gate.open
[15:48:41] [Render thread/WARN] (net.minecraft.client.sound.SoundSystem) Missing sound for event: minecraft:block.chest.close
[15:48:41] [Render thread/WARN] (net.minecraft.client.sound.SoundSystem) Missing sound for event: minecraft:block.chest.locked
[15:48:41] [Render thread/WARN] (net.minecraft.client.sound.SoundSystem) Missing sound for event: minecraft:block.chest.open
[15:48:41] [Render thread/WARN] (net.minecraft.client.sound.SoundSystem) Missing sound for event: minecraft:entity.chicken.ambient
[15:48:41] [Render thread/WARN] (net.minecraft.client.sound.SoundSystem) Missing sound for event: minecraft:entity.chicken.death
[15:48:41] [Render thread/WARN] (net.minecraft.client.sound.SoundSystem) Missing sound for event: minecraft:entity.chicken.egg
[15:48:41] [Render thread/WARN] (net.minecraft.client.sound.SoundSystem) Missing sound for event: minecraft:entity.chicken.hurt
[15:48:41] [Render thread/WARN] (net.minecraft.client.sound.SoundSystem) Missing sound for event: minecraft:entity.chicken.step
[15:48:41] [Render thread/WARN] (net.minecraft.client.sound.SoundSystem) Missing sound for event: minecraft:block.chiseled_bookshelf.break
[15:48:41] [Render thread/WARN] (net.minecraft.client.sound.SoundSystem) Missing sound for event: minecraft:block.chiseled_bookshelf.fall
[15:48:41] [Render thread/WARN] (net.minecraft.client.sound.SoundSystem) Missing sound for event: minecraft:block.chiseled_bookshelf.hit
[15:48:41] [Render thread/WARN] (net.minecraft.client.sound.SoundSystem) Missing sound for event: minecraft:block.chiseled_bookshelf.insert
[15:48:41] [Render thread/WARN] (net.minecraft.client.sound.SoundSystem) Missing sound for event: minecraft:block.chiseled_bookshelf.insert.enchanted
[15:48:41] [Render thread/WARN] (net.minecraft.client.sound.SoundSystem) Missing sound for event: minecraft:block.chiseled_bookshelf.step
[15:48:41] [Render thread/WARN] (net.minecraft.client.sound.SoundSystem) Missing sound for event: minecraft:block.chiseled_bookshelf.pickup
[15:48:41] [Render thread/WARN] (net.minecraft.client.sound.SoundSystem) Missing sound for event: minecraft:block.chiseled_bookshelf.pickup.enchanted
[15:48:41] [Render thread/WARN] (net.minecraft.client.sound.SoundSystem) Missing sound for event: minecraft:block.chiseled_bookshelf.place
[15:48:41] [Render thread/WARN] (net.minecraft.client.sound.SoundSystem) Missing sound for event: minecraft:block.chorus_flower.death
[15:48:41] [Render thread/WARN] (net.minecraft.client.sound.SoundSystem) Missing sound for event: minecraft:block.chorus_flower.grow
[15:48:41] [Render thread/WARN] (net.minecraft.client.sound.SoundSystem) Missing sound for event: minecraft:item.chorus_fruit.teleport
[15:48:41] [Render thread/WARN] (net.minecraft.client.sound.SoundSystem) Missing sound for event: minecraft:block.cobweb.break
[15:48:41] [Render thread/WARN] (net.minecraft.client.sound.SoundSystem) Missing sound for event: minecraft:block.cobweb.step
[15:48:41] [Render thread/WARN] (net.minecraft.client.sound.SoundSystem) Missing sound for event: minecraft:block.cobweb.place
[15:48:41] [Render thread/WARN] (net.minecraft.client.sound.SoundSystem) Missing sound for event: minecraft:block.cobweb.hit
[15:48:41] [Render thread/WARN] (net.minecraft.client.sound.SoundSystem) Missing sound for event: minecraft:block.cobweb.fall
[15:48:41] [Render thread/WARN] (net.minecraft.client.sound.SoundSystem) Missing sound for event: minecraft:entity.cod.ambient
[15:48:41] [Render thread/WARN] (net.minecraft.client.sound.SoundSystem) Missing sound for event: minecraft:entity.cod.death
[15:48:41] [Render thread/WARN] (net.minecraft.client.sound.SoundSystem) Missing sound for event: minecraft:entity.cod.flop
[15:48:41] [Render thread/WARN] (net.minecraft.client.sound.SoundSystem) Missing sound for event: minecraft:entity.cod.hurt
[15:48:41] [Render thread/WARN] (net.minecraft.client.sound.SoundSystem) Missing sound for event: minecraft:block.comparator.click
[15:48:41] [Render thread/WARN] (net.minecraft.client.sound.SoundSystem) Missing sound for event: minecraft:block.composter.empty
[15:48:41] [Render thread/WARN] (net.minecraft.client.sound.SoundSystem) Missing sound for event: minecraft:block.composter.fill
[15:48:41] [Render thread/WARN] (net.minecraft.client.sound.SoundSystem) Missing sound for event: minecraft:block.composter.fill_success
[15:48:41] [Render thread/WARN] (net.minecraft.client.sound.SoundSystem) Missing sound for event: minecraft:block.composter.ready
[15:48:41] [Render thread/WARN] (net.minecraft.client.sound.SoundSystem) Missing sound for event: minecraft:block.conduit.activate
[15:48:41] [Render thread/WARN] (net.minecraft.client.sound.SoundSystem) Missing sound for event: minecraft:block.conduit.ambient
[15:48:41] [Render thread/WARN] (net.minecraft.client.sound.SoundSystem) Missing sound for event: minecraft:block.conduit.ambient.short
[15:48:41] [Render thread/WARN] (net.minecraft.client.sound.SoundSystem) Missing sound for event: minecraft:block.conduit.attack.target
[15:48:41] [Render thread/WARN] (net.minecraft.client.sound.SoundSystem) Missing sound for event: minecraft:block.conduit.deactivate
[15:48:41] [Render thread/WARN] (net.minecraft.client.sound.SoundSystem) Missing sound for event: minecraft:block.copper_bulb.break
[15:48:41] [Render thread/WARN] (net.minecraft.client.sound.SoundSystem) Missing sound for event: minecraft:block.copper_bulb.step
[15:48:41] [Render thread/WARN] (net.minecraft.client.sound.SoundSystem) Missing sound for event: minecraft:block.copper_bulb.place
[15:48:41] [Render thread/WARN] (net.minecraft.client.sound.SoundSystem) Missing sound for event: minecraft:block.copper_bulb.hit
[15:48:41] [Render thread/WARN] (net.minecraft.client.sound.SoundSystem) Missing sound for event: minecraft:block.copper_bulb.fall
[15:48:41] [Render thread/WARN] (net.minecraft.client.sound.SoundSystem) Missing sound for event: minecraft:block.copper_bulb.turn_on
[15:48:41] [Render thread/WARN] (net.minecraft.client.sound.SoundSystem) Missing sound for event: minecraft:block.copper_bulb.turn_off
[15:48:41] [Render thread/WARN] (net.minecraft.client.sound.SoundSystem) Missing sound for event: minecraft:block.copper.break
[15:48:41] [Render thread/WARN] (net.minecraft.client.sound.SoundSystem) Missing sound for event: minecraft:block.copper.step
[15:48:41] [Render thread/WARN] (net.minecraft.client.sound.SoundSystem) Missing sound for event: minecraft:block.copper.place
[15:48:41] [Render thread/WARN] (net.minecraft.client.sound.SoundSystem) Missing sound for event: minecraft:block.copper.hit
[15:48:41] [Render thread/WARN] (net.minecraft.client.sound.SoundSystem) Missing sound for event: minecraft:block.copper.fall
[15:48:41] [Render thread/WARN] (net.minecraft.client.sound.SoundSystem) Missing sound for event: minecraft:block.copper_door.close
[15:48:41] [Render thread/WARN] (net.minecraft.client.sound.SoundSystem) Missing sound for event: minecraft:block.copper_door.open
[15:48:41] [Render thread/WARN] (net.minecraft.client.sound.SoundSystem) Missing sound for event: minecraft:block.copper_grate.break
[15:48:41] [Render thread/WARN] (net.minecraft.client.sound.SoundSystem) Missing sound for event: minecraft:block.copper_grate.step
[15:48:41] [Render thread/WARN] (net.minecraft.client.sound.SoundSystem) Missing sound for event: minecraft:block.copper_grate.place
[15:48:41] [Render thread/WARN] (net.minecraft.client.sound.SoundSystem) Missing sound for event: minecraft:block.copper_grate.hit
[15:48:41] [Render thread/WARN] (net.minecraft.client.sound.SoundSystem) Missing sound for event: minecraft:block.copper_grate.fall
[15:48:41] [Render thread/WARN] (net.minecraft.client.sound.SoundSystem) Missing sound for event: minecraft:block.copper_trapdoor.close
[15:48:41] [Render thread/WARN] (net.minecraft.client.sound.SoundSystem) Missing sound for event: minecraft:block.copper_trapdoor.open
[15:48:41] [Render thread/WARN] (net.minecraft.client.sound.SoundSystem) Missing sound for event: minecraft:block.coral_block.break
[15:48:41] [Render thread/WARN] (net.minecraft.client.sound.SoundSystem) Missing sound for event: minecraft:block.coral_block.fall
[15:48:41] [Render thread/WARN] (net.minecraft.client.sound.SoundSystem) Missing sound for event: minecraft:block.coral_block.hit
[15:48:41] [Render thread/WARN] (net.minecraft.client.sound.SoundSystem) Missing sound for event: minecraft:block.coral_block.place
[15:48:41] [Render thread/WARN] (net.minecraft.client.sound.SoundSystem) Missing sound for event: minecraft:block.coral_block.step
[15:48:41] [Render thread/WARN] (net.minecraft.client.sound.SoundSystem) Missing sound for event: minecraft:entity.cow.ambient
[15:48:41] [Render thread/WARN] (net.minecraft.client.sound.SoundSystem) Missing sound for event: minecraft:entity.cow.death
[15:48:41] [Render thread/WARN] (net.minecraft.client.sound.SoundSystem) Missing sound for event: minecraft:entity.cow.hurt
[15:48:41] [Render thread/WARN] (net.minecraft.client.sound.SoundSystem) Missing sound for event: minecraft:entity.cow.milk
[15:48:41] [Render thread/WARN] (net.minecraft.client.sound.SoundSystem) Missing sound for event: minecraft:entity.cow.step
[15:48:41] [Render thread/WARN] (net.minecraft.client.sound.SoundSystem) Missing sound for event: minecraft:block.crafter.craft
[15:48:41] [Render thread/WARN] (net.minecraft.client.sound.SoundSystem) Missing sound for event: minecraft:block.crafter.fail
[15:48:41] [Render thread/WARN] (net.minecraft.client.sound.SoundSystem) Missing sound for event: minecraft:entity.creaking.ambient
[15:48:41] [Render thread/WARN] (net.minecraft.client.sound.SoundSystem) Missing sound for event: minecraft:entity.creaking.activate
[15:48:41] [Render thread/WARN] (net.minecraft.client.sound.SoundSystem) Missing sound for event: minecraft:entity.creaking.deactivate
[15:48:41] [Render thread/WARN] (net.minecraft.client.sound.SoundSystem) Missing sound for event: minecraft:entity.creaking.attack
[15:48:41] [Render thread/WARN] (net.minecraft.client.sound.SoundSystem) Missing sound for event: minecraft:entity.creaking.death
[15:48:41] [Render thread/WARN] (net.minecraft.client.sound.SoundSystem) Missing sound for event: minecraft:entity.creaking.step
[15:48:41] [Render thread/WARN] (net.minecraft.client.sound.SoundSystem) Missing sound for event: minecraft:entity.creaking.freeze
[15:48:41] [Render thread/WARN] (net.minecraft.client.sound.SoundSystem) Missing sound for event: minecraft:entity.creaking.unfreeze
[15:48:41] [Render thread/WARN] (net.minecraft.client.sound.SoundSystem) Missing sound for event: minecraft:entity.creaking.spawn
[15:48:41] [Render thread/WARN] (net.minecraft.client.sound.SoundSystem) Missing sound for event: minecraft:entity.creaking.sway
[15:48:41] [Render thread/WARN] (net.minecraft.client.sound.SoundSystem) Missing sound for event: minecraft:entity.creaking.twitch
[15:48:41] [Render thread/WARN] (net.minecraft.client.sound.SoundSystem) Missing sound for event: minecraft:block.creaking_heart.break
[15:48:41] [Render thread/WARN] (net.minecraft.client.sound.SoundSystem) Missing sound for event: minecraft:block.creaking_heart.fall
[15:48:41] [Render thread/WARN] (net.minecraft.client.sound.SoundSystem) Missing sound for event: minecraft:block.creaking_heart.hit
[15:48:41] [Render thread/WARN] (net.minecraft.client.sound.SoundSystem) Missing sound for event: minecraft:block.creaking_heart.hurt
[15:48:41] [Render thread/WARN] (net.minecraft.client.sound.SoundSystem) Missing sound for event: minecraft:block.creaking_heart.place
[15:48:41] [Render thread/WARN] (net.minecraft.client.sound.SoundSystem) Missing sound for event: minecraft:block.creaking_heart.step
[15:48:41] [Render thread/WARN] (net.minecraft.client.sound.SoundSystem) Missing sound for event: minecraft:block.creaking_heart.idle
[15:48:41] [Render thread/WARN] (net.minecraft.client.sound.SoundSystem) Missing sound for event: minecraft:block.creaking_heart.spawn
[15:48:41] [Render thread/WARN] (net.minecraft.client.sound.SoundSystem) Missing sound for event: minecraft:entity.creeper.death
[15:48:41] [Render thread/WARN] (net.minecraft.client.sound.SoundSystem) Missing sound for event: minecraft:entity.creeper.hurt
[15:48:41] [Render thread/WARN] (net.minecraft.client.sound.SoundSystem) Missing sound for event: minecraft:entity.creeper.primed
[15:48:41] [Render thread/WARN] (net.minecraft.client.sound.SoundSystem) Missing sound for event: minecraft:block.crop.break
[15:48:41] [Render thread/WARN] (net.minecraft.client.sound.SoundSystem) Missing sound for event: minecraft:item.crop.plant
[15:48:41] [Render thread/WARN] (net.minecraft.client.sound.SoundSystem) Missing sound for event: minecraft:item.crossbow.hit
[15:48:41] [Render thread/WARN] (net.minecraft.client.sound.SoundSystem) Missing sound for event: minecraft:item.crossbow.loading_end
[15:48:41] [Render thread/WARN] (net.minecraft.client.sound.SoundSystem) Missing sound for event: minecraft:item.crossbow.loading_middle
[15:48:41] [Render thread/WARN] (net.minecraft.client.sound.SoundSystem) Missing sound for event: minecraft:item.crossbow.loading_start
[15:48:41] [Render thread/WARN] (net.minecraft.client.sound.SoundSystem) Missing sound for event: minecraft:item.crossbow.quick_charge_1
[15:48:41] [Render thread/WARN] (net.minecraft.client.sound.SoundSystem) Missing sound for event: minecraft:item.crossbow.quick_charge_2
[15:48:41] [Render thread/WARN] (net.minecraft.client.sound.SoundSystem) Missing sound for event: minecraft:item.crossbow.quick_charge_3
[15:48:41] [Render thread/WARN] (net.minecraft.client.sound.SoundSystem) Missing sound for event: minecraft:item.crossbow.shoot
[15:48:41] [Render thread/WARN] (net.minecraft.client.sound.SoundSystem) Missing sound for event: minecraft:block.deadbush.idle
[15:48:41] [Render thread/WARN] (net.minecraft.client.sound.SoundSystem) Missing sound for event: minecraft:block.decorated_pot.break
[15:48:41] [Render thread/WARN] (net.minecraft.client.sound.SoundSystem) Missing sound for event: minecraft:block.decorated_pot.fall
[15:48:41] [Render thread/WARN] (net.minecraft.client.sound.SoundSystem) Missing sound for event: minecraft:block.decorated_pot.hit
[15:48:41] [Render thread/WARN] (net.minecraft.client.sound.SoundSystem) Missing sound for event: minecraft:block.decorated_pot.insert
[15:48:41] [Render thread/WARN] (net.minecraft.client.sound.SoundSystem) Missing sound for event: minecraft:block.decorated_pot.insert_fail
[15:48:41] [Render thread/WARN] (net.minecraft.client.sound.SoundSystem) Missing sound for event: minecraft:block.decorated_pot.step
[15:48:41] [Render thread/WARN] (net.minecraft.client.sound.SoundSystem) Missing sound for event: minecraft:block.decorated_pot.place
[15:48:41] [Render thread/WARN] (net.minecraft.client.sound.SoundSystem) Missing sound for event: minecraft:block.decorated_pot.shatter
[15:48:41] [Render thread/WARN] (net.minecraft.client.sound.SoundSystem) Missing sound for event: minecraft:block.deepslate_bricks.break
[15:48:41] [Render thread/WARN] (net.minecraft.client.sound.SoundSystem) Missing sound for event: minecraft:block.deepslate_bricks.fall
[15:48:41] [Render thread/WARN] (net.minecraft.client.sound.SoundSystem) Missing sound for event: minecraft:block.deepslate_bricks.hit
[15:48:41] [Render thread/WARN] (net.minecraft.client.sound.SoundSystem) Missing sound for event: minecraft:block.deepslate_bricks.place
[15:48:41] [Render thread/WARN] (net.minecraft.client.sound.SoundSystem) Missing sound for event: minecraft:block.deepslate_bricks.step
[15:48:41] [Render thread/WARN] (net.minecraft.client.sound.SoundSystem) Missing sound for event: minecraft:block.deepslate.break
[15:48:41] [Render thread/WARN] (net.minecraft.client.sound.SoundSystem) Missing sound for event: minecraft:block.deepslate.fall
[15:48:41] [Render thread/WARN] (net.minecraft.client.sound.SoundSystem) Missing sound for event: minecraft:block.deepslate.hit
[15:48:41] [Render thread/WARN] (net.minecraft.client.sound.SoundSystem) Missing sound for event: minecraft:block.deepslate.place
[15:48:41] [Render thread/WARN] (net.minecraft.client.sound.SoundSystem) Missing sound for event: minecraft:block.deepslate.step
[15:48:41] [Render thread/WARN] (net.minecraft.client.sound.SoundSystem) Missing sound for event: minecraft:block.deepslate_tiles.break
[15:48:41] [Render thread/WARN] (net.minecraft.client.sound.SoundSystem) Missing sound for event: minecraft:block.deepslate_tiles.fall
[15:48:41] [Render thread/WARN] (net.minecraft.client.sound.SoundSystem) Missing sound for event: minecraft:block.deepslate_tiles.hit
[15:48:41] [Render thread/WARN] (net.minecraft.client.sound.SoundSystem) Missing sound for event: minecraft:block.deepslate_tiles.place
[15:48:41] [Render thread/WARN] (net.minecraft.client.sound.SoundSystem) Missing sound for event: minecraft:block.deepslate_tiles.step
[15:48:41] [Render thread/WARN] (net.minecraft.client.sound.SoundSystem) Missing sound for event: minecraft:block.dispenser.dispense
[15:48:41] [Render thread/WARN] (net.minecraft.client.sound.SoundSystem) Missing sound for event: minecraft:block.dispenser.fail
[15:48:41] [Render thread/WARN] (net.minecraft.client.sound.SoundSystem) Missing sound for event: minecraft:block.dispenser.launch
[15:48:41] [Render thread/WARN] (net.minecraft.client.sound.SoundSystem) Missing sound for event: minecraft:entity.dolphin.ambient
[15:48:41] [Render thread/WARN] (net.minecraft.client.sound.SoundSystem) Missing sound for event: minecraft:entity.dolphin.ambient_water
[15:48:41] [Render thread/WARN] (net.minecraft.client.sound.SoundSystem) Missing sound for event: minecraft:entity.dolphin.attack
[15:48:41] [Render thread/WARN] (net.minecraft.client.sound.SoundSystem) Missing sound for event: minecraft:entity.dolphin.death
[15:48:41] [Render thread/WARN] (net.minecraft.client.sound.SoundSystem) Missing sound for event: minecraft:entity.dolphin.eat
[15:48:41] [Render thread/WARN] (net.minecraft.client.sound.SoundSystem) Missing sound for event: minecraft:entity.dolphin.hurt
[15:48:41] [Render thread/WARN] (net.minecraft.client.sound.SoundSystem) Missing sound for event: minecraft:entity.dolphin.jump
[15:48:41] [Render thread/WARN] (net.minecraft.client.sound.SoundSystem) Missing sound for event: minecraft:entity.dolphin.play
[15:48:41] [Render thread/WARN] (net.minecraft.client.sound.SoundSystem) Missing sound for event: minecraft:entity.dolphin.splash
[15:48:41] [Render thread/WARN] (net.minecraft.client.sound.SoundSystem) Missing sound for event: minecraft:entity.dolphin.swim
[15:48:41] [Render thread/WARN] (net.minecraft.client.sound.SoundSystem) Missing sound for event: minecraft:entity.donkey.ambient
[15:48:41] [Render thread/WARN] (net.minecraft.client.sound.SoundSystem) Missing sound for event: minecraft:entity.donkey.angry
[15:48:41] [Render thread/WARN] (net.minecraft.client.sound.SoundSystem) Missing sound for event: minecraft:entity.donkey.chest
[15:48:41] [Render thread/WARN] (net.minecraft.client.sound.SoundSystem) Missing sound for event: minecraft:entity.donkey.death
[15:48:41] [Render thread/WARN] (net.minecraft.client.sound.SoundSystem) Missing sound for event: minecraft:entity.donkey.eat
[15:48:41] [Render thread/WARN] (net.minecraft.client.sound.SoundSystem) Missing sound for event: minecraft:entity.donkey.hurt
[15:48:41] [Render thread/WARN] (net.minecraft.client.sound.SoundSystem) Missing sound for event: minecraft:entity.donkey.jump
[15:48:41] [Render thread/WARN] (net.minecraft.client.sound.SoundSystem) Missing sound for event: minecraft:block.dried_ghast.break
[15:48:41] [Render thread/WARN] (net.minecraft.client.sound.SoundSystem) Missing sound for event: minecraft:block.dried_ghast.step
[15:48:41] [Render thread/WARN] (net.minecraft.client.sound.SoundSystem) Missing sound for event: minecraft:block.dried_ghast.fall
[15:48:41] [Render thread/WARN] (net.minecraft.client.sound.SoundSystem) Missing sound for event: minecraft:block.dried_ghast.ambient
[15:48:41] [Render thread/WARN] (net.minecraft.client.sound.SoundSystem) Missing sound for event: minecraft:block.dried_ghast.ambient_water
[15:48:41] [Render thread/WARN] (net.minecraft.client.sound.SoundSystem) Missing sound for event: minecraft:block.dried_ghast.place
[15:48:41] [Render thread/WARN] (net.minecraft.client.sound.SoundSystem) Missing sound for event: minecraft:block.dried_ghast.place_in_water
[15:48:41] [Render thread/WARN] (net.minecraft.client.sound.SoundSystem) Missing sound for event: minecraft:block.dried_ghast.transition
[15:48:41] [Render thread/WARN] (net.minecraft.client.sound.SoundSystem) Missing sound for event: minecraft:block.dripstone_block.break
[15:48:41] [Render thread/WARN] (net.minecraft.client.sound.SoundSystem) Missing sound for event: minecraft:block.dripstone_block.step
[15:48:41] [Render thread/WARN] (net.minecraft.client.sound.SoundSystem) Missing sound for event: minecraft:block.dripstone_block.place
[15:48:41] [Render thread/WARN] (net.minecraft.client.sound.SoundSystem) Missing sound for event: minecraft:block.dripstone_block.hit
[15:48:41] [Render thread/WARN] (net.minecraft.client.sound.SoundSystem) Missing sound for event: minecraft:block.dripstone_block.fall
[15:48:41] [Render thread/WARN] (net.minecraft.client.sound.SoundSystem) Missing sound for event: minecraft:block.dry_grass.ambient
[15:48:41] [Render thread/WARN] (net.minecraft.client.sound.SoundSystem) Missing sound for event: minecraft:block.pointed_dripstone.break
[15:48:41] [Render thread/WARN] (net.minecraft.client.sound.SoundSystem) Missing sound for event: minecraft:block.pointed_dripstone.step
[15:48:41] [Render thread/WARN] (net.minecraft.client.sound.SoundSystem) Missing sound for event: minecraft:block.pointed_dripstone.place
[15:48:41] [Render thread/WARN] (net.minecraft.client.sound.SoundSystem) Missing sound for event: minecraft:block.pointed_dripstone.hit
[15:48:41] [Render thread/WARN] (net.minecraft.client.sound.SoundSystem) Missing sound for event: minecraft:block.pointed_dripstone.fall
[15:48:41] [Render thread/WARN] (net.minecraft.client.sound.SoundSystem) Missing sound for event: minecraft:block.pointed_dripstone.land
[15:48:41] [Render thread/WARN] (net.minecraft.client.sound.SoundSystem) Missing sound for event: minecraft:block.pointed_dripstone.drip_lava
[15:48:41] [Render thread/WARN] (net.minecraft.client.sound.SoundSystem) Missing sound for event: minecraft:block.pointed_dripstone.drip_water
[15:48:41] [Render thread/WARN] (net.minecraft.client.sound.SoundSystem) Missing sound for event: minecraft:block.pointed_dripstone.drip_lava_into_cauldron
[15:48:41] [Render thread/WARN] (net.minecraft.client.sound.SoundSystem) Missing sound for event: minecraft:block.pointed_dripstone.drip_water_into_cauldron
[15:48:41] [Render thread/WARN] (net.minecraft.client.sound.SoundSystem) Missing sound for event: minecraft:block.big_dripleaf.tilt_down
[15:48:41] [Render thread/WARN] (net.minecraft.client.sound.SoundSystem) Missing sound for event: minecraft:block.big_dripleaf.tilt_up
[15:48:41] [Render thread/WARN] (net.minecraft.client.sound.SoundSystem) Missing sound for event: minecraft:entity.drowned.ambient
[15:48:41] [Render thread/WARN] (net.minecraft.client.sound.SoundSystem) Missing sound for event: minecraft:entity.drowned.ambient_water
[15:48:41] [Render thread/WARN] (net.minecraft.client.sound.SoundSystem) Missing sound for event: minecraft:entity.drowned.death
[15:48:41] [Render thread/WARN] (net.minecraft.client.sound.SoundSystem) Missing sound for event: minecraft:entity.drowned.death_water
[15:48:41] [Render thread/WARN] (net.minecraft.client.sound.SoundSystem) Missing sound for event: minecraft:entity.drowned.hurt
[15:48:41] [Render thread/WARN] (net.minecraft.client.sound.SoundSystem) Missing sound for event: minecraft:entity.drowned.hurt_water
[15:48:41] [Render thread/WARN] (net.minecraft.client.sound.SoundSystem) Missing sound for event: minecraft:entity.drowned.shoot
[15:48:41] [Render thread/WARN] (net.minecraft.client.sound.SoundSystem) Missing sound for event: minecraft:entity.drowned.step
[15:48:41] [Render thread/WARN] (net.minecraft.client.sound.SoundSystem) Missing sound for event: minecraft:entity.drowned.swim
[15:48:41] [Render thread/WARN] (net.minecraft.client.sound.SoundSystem) Missing sound for event: minecraft:item.dye.use
[15:48:41] [Render thread/WARN] (net.minecraft.client.sound.SoundSystem) Missing sound for event: minecraft:entity.egg.throw
[15:48:41] [Render thread/WARN] (net.minecraft.client.sound.SoundSystem) Missing sound for event: minecraft:entity.elder_guardian.ambient
[15:48:41] [Render thread/WARN] (net.minecraft.client.sound.SoundSystem) Missing sound for event: minecraft:entity.elder_guardian.ambient_land
[15:48:41] [Render thread/WARN] (net.minecraft.client.sound.SoundSystem) Missing sound for event: minecraft:entity.elder_guardian.curse
[15:48:41] [Render thread/WARN] (net.minecraft.client.sound.SoundSystem) Missing sound for event: minecraft:entity.elder_guardian.death
[15:48:41] [Render thread/WARN] (net.minecraft.client.sound.SoundSystem) Missing sound for event: minecraft:entity.elder_guardian.death_land
[15:48:41] [Render thread/WARN] (net.minecraft.client.sound.SoundSystem) Missing sound for event: minecraft:entity.elder_guardian.flop
[15:48:41] [Render thread/WARN] (net.minecraft.client.sound.SoundSystem) Missing sound for event: minecraft:entity.elder_guardian.hurt
[15:48:41] [Render thread/WARN] (net.minecraft.client.sound.SoundSystem) Missing sound for event: minecraft:entity.elder_guardian.hurt_land
[15:48:41] [Render thread/WARN] (net.minecraft.client.sound.SoundSystem) Missing sound for event: minecraft:item.elytra.flying
[15:48:41] [Render thread/WARN] (net.minecraft.client.sound.SoundSystem) Missing sound for event: minecraft:block.enchantment_table.use
[15:48:41] [Render thread/WARN] (net.minecraft.client.sound.SoundSystem) Missing sound for event: minecraft:block.ender_chest.close
[15:48:41] [Render thread/WARN] (net.minecraft.client.sound.SoundSystem) Missing sound for event: minecraft:block.ender_chest.open
[15:48:41] [Render thread/WARN] (net.minecraft.client.sound.SoundSystem) Missing sound for event: minecraft:entity.ender_dragon.ambient
[15:48:41] [Render thread/WARN] (net.minecraft.client.sound.SoundSystem) Missing sound for event: minecraft:entity.ender_dragon.death
[15:48:41] [Render thread/WARN] (net.minecraft.client.sound.SoundSystem) Missing sound for event: minecraft:entity.dragon_fireball.explode
[15:48:41] [Render thread/WARN] (net.minecraft.client.sound.SoundSystem) Missing sound for event: minecraft:entity.ender_dragon.flap
[15:48:41] [Render thread/WARN] (net.minecraft.client.sound.SoundSystem) Missing sound for event: minecraft:entity.ender_dragon.growl
[15:48:41] [Render thread/WARN] (net.minecraft.client.sound.SoundSystem) Missing sound for event: minecraft:entity.ender_dragon.hurt
[15:48:41] [Render thread/WARN] (net.minecraft.client.sound.SoundSystem) Missing sound for event: minecraft:entity.ender_dragon.shoot
[15:48:41] [Render thread/WARN] (net.minecraft.client.sound.SoundSystem) Missing sound for event: minecraft:entity.ender_eye.death
[15:48:41] [Render thread/WARN] (net.minecraft.client.sound.SoundSystem) Missing sound for event: minecraft:entity.ender_eye.launch
[15:48:41] [Render thread/WARN] (net.minecraft.client.sound.SoundSystem) Missing sound for event: minecraft:entity.enderman.ambient
[15:48:41] [Render thread/WARN] (net.minecraft.client.sound.SoundSystem) Missing sound for event: minecraft:entity.enderman.death
[15:48:41] [Render thread/WARN] (net.minecraft.client.sound.SoundSystem) Missing sound for event: minecraft:entity.enderman.hurt
[15:48:41] [Render thread/WARN] (net.minecraft.client.sound.SoundSystem) Missing sound for event: minecraft:entity.enderman.scream
[15:48:41] [Render thread/WARN] (net.minecraft.client.sound.SoundSystem) Missing sound for event: minecraft:entity.enderman.stare
[15:48:41] [Render thread/WARN] (net.minecraft.client.sound.SoundSystem) Missing sound for event: minecraft:entity.enderman.teleport
[15:48:41] [Render thread/WARN] (net.minecraft.client.sound.SoundSystem) Missing sound for event: minecraft:entity.endermite.ambient
[15:48:41] [Render thread/WARN] (net.minecraft.client.sound.SoundSystem) Missing sound for event: minecraft:entity.endermite.death
[15:48:41] [Render thread/WARN] (net.minecraft.client.sound.SoundSystem) Missing sound for event: minecraft:entity.endermite.hurt
[15:48:41] [Render thread/WARN] (net.minecraft.client.sound.SoundSystem) Missing sound for event: minecraft:entity.endermite.step
[15:48:41] [Render thread/WARN] (net.minecraft.client.sound.SoundSystem) Missing sound for event: minecraft:entity.ender_pearl.throw
[15:48:41] [Render thread/WARN] (net.minecraft.client.sound.SoundSystem) Missing sound for event: minecraft:block.end_gateway.spawn
[15:48:41] [Render thread/WARN] (net.minecraft.client.sound.SoundSystem) Missing sound for event: minecraft:block.end_portal_frame.fill
[15:48:41] [Render thread/WARN] (net.minecraft.client.sound.SoundSystem) Missing sound for event: minecraft:block.end_portal.spawn
[15:48:41] [Render thread/WARN] (net.minecraft.client.sound.SoundSystem) Missing sound for event: minecraft:entity.evoker.ambient
[15:48:41] [Render thread/WARN] (net.minecraft.client.sound.SoundSystem) Missing sound for event: minecraft:entity.evoker.cast_spell
[15:48:41] [Render thread/WARN] (net.minecraft.client.sound.SoundSystem) Missing sound for event: minecraft:entity.evoker.celebrate
[15:48:41] [Render thread/WARN] (net.minecraft.client.sound.SoundSystem) Missing sound for event: minecraft:entity.evoker.death
[15:48:41] [Render thread/WARN] (net.minecraft.client.sound.SoundSystem) Missing sound for event: minecraft:entity.evoker_fangs.attack
[15:48:41] [Render thread/WARN] (net.minecraft.client.sound.SoundSystem) Missing sound for event: minecraft:entity.evoker.hurt
[15:48:41] [Render thread/WARN] (net.minecraft.client.sound.SoundSystem) Missing sound for event: minecraft:entity.evoker.prepare_attack
[15:48:41] [Render thread/WARN] (net.minecraft.client.sound.SoundSystem) Missing sound for event: minecraft:entity.evoker.prepare_summon
[15:48:41] [Render thread/WARN] (net.minecraft.client.sound.SoundSystem) Missing sound for event: minecraft:entity.evoker.prepare_wololo
[15:48:41] [Render thread/WARN] (net.minecraft.client.sound.SoundSystem) Missing sound for event: minecraft:entity.experience_bottle.throw
[15:48:41] [Render thread/WARN] (net.minecraft.client.sound.SoundSystem) Missing sound for event: minecraft:entity.experience_orb.pickup
[15:48:41] [Render thread/WARN] (net.minecraft.client.sound.SoundSystem) Missing sound for event: minecraft:block.eyeblossom.open_long
[15:48:41] [Render thread/WARN] (net.minecraft.client.sound.SoundSystem) Missing sound for event: minecraft:block.eyeblossom.open
[15:48:41] [Render thread/WARN] (net.minecraft.client.sound.SoundSystem) Missing sound for event: minecraft:block.eyeblossom.close_long
[15:48:41] [Render thread/WARN] (net.minecraft.client.sound.SoundSystem) Missing sound for event: minecraft:block.eyeblossom.close
[15:48:41] [Render thread/WARN] (net.minecraft.client.sound.SoundSystem) Missing sound for event: minecraft:block.eyeblossom.idle
[15:48:41] [Render thread/WARN] (net.minecraft.client.sound.SoundSystem) Missing sound for event: minecraft:block.fence_gate.close
[15:48:41] [Render thread/WARN] (net.minecraft.client.sound.SoundSystem) Missing sound for event: minecraft:block.fence_gate.open
[15:48:41] [Render thread/WARN] (net.minecraft.client.sound.SoundSystem) Missing sound for event: minecraft:item.firecharge.use
[15:48:41] [Render thread/WARN] (net.minecraft.client.sound.SoundSystem) Missing sound for event: minecraft:block.firefly_bush.idle
[15:48:41] [Render thread/WARN] (net.minecraft.client.sound.SoundSystem) Missing sound for event: minecraft:entity.firework_rocket.blast
[15:48:41] [Render thread/WARN] (net.minecraft.client.sound.SoundSystem) Missing sound for event: minecraft:entity.firework_rocket.blast_far
[15:48:41] [Render thread/WARN] (net.minecraft.client.sound.SoundSystem) Missing sound for event: minecraft:entity.firework_rocket.large_blast
[15:48:41] [Render thread/WARN] (net.minecraft.client.sound.SoundSystem) Missing sound for event: minecraft:entity.firework_rocket.large_blast_far
[15:48:41] [Render thread/WARN] (net.minecraft.client.sound.SoundSystem) Missing sound for event: minecraft:entity.firework_rocket.launch
[15:48:41] [Render thread/WARN] (net.minecraft.client.sound.SoundSystem) Missing sound for event: minecraft:entity.firework_rocket.shoot
[15:48:41] [Render thread/WARN] (net.minecraft.client.sound.SoundSystem) Missing sound for event: minecraft:entity.firework_rocket.twinkle
[15:48:41] [Render thread/WARN] (net.minecraft.client.sound.SoundSystem) Missing sound for event: minecraft:entity.firework_rocket.twinkle_far
[15:48:41] [Render thread/WARN] (net.minecraft.client.sound.SoundSystem) Missing sound for event: minecraft:block.fire.ambient
[15:48:41] [Render thread/WARN] (net.minecraft.client.sound.SoundSystem) Missing sound for event: minecraft:block.fire.extinguish
[15:48:41] [Render thread/WARN] (net.minecraft.client.sound.SoundSystem) Missing sound for event: minecraft:entity.fish.swim
[15:48:41] [Render thread/WARN] (net.minecraft.client.sound.SoundSystem) Missing sound for event: minecraft:entity.fishing_bobber.retrieve
[15:48:41] [Render thread/WARN] (net.minecraft.client.sound.SoundSystem) Missing sound for event: minecraft:entity.fishing_bobber.splash
[15:48:41] [Render thread/WARN] (net.minecraft.client.sound.SoundSystem) Missing sound for event: minecraft:entity.fishing_bobber.throw
[15:48:41] [Render thread/WARN] (net.minecraft.client.sound.SoundSystem) Missing sound for event: minecraft:item.flintandsteel.use
[15:48:41] [Render thread/WARN] (net.minecraft.client.sound.SoundSystem) Missing sound for event: minecraft:block.flowering_azalea.break
[15:48:41] [Render thread/WARN] (net.minecraft.client.sound.SoundSystem) Missing sound for event: minecraft:block.flowering_azalea.fall
[15:48:41] [Render thread/WARN] (net.minecraft.client.sound.SoundSystem) Missing sound for event: minecraft:block.flowering_azalea.hit
[15:48:41] [Render thread/WARN] (net.minecraft.client.sound.SoundSystem) Missing sound for event: minecraft:block.flowering_azalea.place
[15:48:41] [Render thread/WARN] (net.minecraft.client.sound.SoundSystem) Missing sound for event: minecraft:block.flowering_azalea.step
[15:48:41] [Render thread/WARN] (net.minecraft.client.sound.SoundSystem) Missing sound for event: minecraft:entity.fox.aggro
[15:48:41] [Render thread/WARN] (net.minecraft.client.sound.SoundSystem) Missing sound for event: minecraft:entity.fox.ambient
[15:48:41] [Render thread/WARN] (net.minecraft.client.sound.SoundSystem) Missing sound for event: minecraft:entity.fox.bite
[15:48:41] [Render thread/WARN] (net.minecraft.client.sound.SoundSystem) Missing sound for event: minecraft:entity.fox.death
[15:48:41] [Render thread/WARN] (net.minecraft.client.sound.SoundSystem) Missing sound for event: minecraft:entity.fox.eat
[15:48:41] [Render thread/WARN] (net.minecraft.client.sound.SoundSystem) Missing sound for event: minecraft:entity.fox.hurt
[15:48:41] [Render thread/WARN] (net.minecraft.client.sound.SoundSystem) Missing sound for event: minecraft:entity.fox.screech
[15:48:41] [Render thread/WARN] (net.minecraft.client.sound.SoundSystem) Missing sound for event: minecraft:entity.fox.sleep
[15:48:41] [Render thread/WARN] (net.minecraft.client.sound.SoundSystem) Missing sound for event: minecraft:entity.fox.sniff
[15:48:41] [Render thread/WARN] (net.minecraft.client.sound.SoundSystem) Missing sound for event: minecraft:entity.fox.spit
[15:48:41] [Render thread/WARN] (net.minecraft.client.sound.SoundSystem) Missing sound for event: minecraft:entity.fox.teleport
[15:48:41] [Render thread/WARN] (net.minecraft.client.sound.SoundSystem) Missing sound for event: minecraft:block.suspicious_sand.break
[15:48:41] [Render thread/WARN] (net.minecraft.client.sound.SoundSystem) Missing sound for event: minecraft:block.suspicious_sand.step
[15:48:41] [Render thread/WARN] (net.minecraft.client.sound.SoundSystem) Missing sound for event: minecraft:block.suspicious_sand.place
[15:48:41] [Render thread/WARN] (net.minecraft.client.sound.SoundSystem) Missing sound for event: minecraft:block.suspicious_sand.hit
[15:48:41] [Render thread/WARN] (net.minecraft.client.sound.SoundSystem) Missing sound for event: minecraft:block.suspicious_sand.fall
[15:48:41] [Render thread/WARN] (net.minecraft.client.sound.SoundSystem) Missing sound for event: minecraft:block.suspicious_gravel.break
[15:48:41] [Render thread/WARN] (net.minecraft.client.sound.SoundSystem) Missing sound for event: minecraft:block.suspicious_gravel.step
[15:48:41] [Render thread/WARN] (net.minecraft.client.sound.SoundSystem) Missing sound for event: minecraft:block.suspicious_gravel.place
[15:48:41] [Render thread/WARN] (net.minecraft.client.sound.SoundSystem) Missing sound for event: minecraft:block.suspicious_gravel.hit
[15:48:41] [Render thread/WARN] (net.minecraft.client.sound.SoundSystem) Missing sound for event: minecraft:block.suspicious_gravel.fall
[15:48:41] [Render thread/WARN] (net.minecraft.client.sound.SoundSystem) Missing sound for event: minecraft:block.froglight.break
[15:48:41] [Render thread/WARN] (net.minecraft.client.sound.SoundSystem) Missing sound for event: minecraft:block.froglight.fall
[15:48:41] [Render thread/WARN] (net.minecraft.client.sound.SoundSystem) Missing sound for event: minecraft:block.froglight.hit
[15:48:41] [Render thread/WARN] (net.minecraft.client.sound.SoundSystem) Missing sound for event: minecraft:block.froglight.place
[15:48:41] [Render thread/WARN] (net.minecraft.client.sound.SoundSystem) Missing sound for event: minecraft:block.froglight.step
[15:48:41] [Render thread/WARN] (net.minecraft.client.sound.SoundSystem) Missing sound for event: minecraft:block.frogspawn.step
[15:48:41] [Render thread/WARN] (net.minecraft.client.sound.SoundSystem) Missing sound for event: minecraft:block.frogspawn.break
[15:48:41] [Render thread/WARN] (net.minecraft.client.sound.SoundSystem) Missing sound for event: minecraft:block.frogspawn.fall
[15:48:41] [Render thread/WARN] (net.minecraft.client.sound.SoundSystem) Missing sound for event: minecraft:block.frogspawn.hatch
[15:48:41] [Render thread/WARN] (net.minecraft.client.sound.SoundSystem) Missing sound for event: minecraft:block.frogspawn.hit
[15:48:41] [Render thread/WARN] (net.minecraft.client.sound.SoundSystem) Missing sound for event: minecraft:block.frogspawn.place
[15:48:41] [Render thread/WARN] (net.minecraft.client.sound.SoundSystem) Missing sound for event: minecraft:entity.frog.ambient
[15:48:41] [Render thread/WARN] (net.minecraft.client.sound.SoundSystem) Missing sound for event: minecraft:entity.frog.death
[15:48:41] [Render thread/WARN] (net.minecraft.client.sound.SoundSystem) Missing sound for event: minecraft:entity.frog.eat
[15:48:41] [Render thread/WARN] (net.minecraft.client.sound.SoundSystem) Missing sound for event: minecraft:entity.frog.hurt
[15:48:41] [Render thread/WARN] (net.minecraft.client.sound.SoundSystem) Missing sound for event: minecraft:entity.frog.lay_spawn
[15:48:41] [Render thread/WARN] (net.minecraft.client.sound.SoundSystem) Missing sound for event: minecraft:entity.frog.long_jump
[15:48:41] [Render thread/WARN] (net.minecraft.client.sound.SoundSystem) Missing sound for event: minecraft:entity.frog.step
[15:48:41] [Render thread/WARN] (net.minecraft.client.sound.SoundSystem) Missing sound for event: minecraft:entity.frog.tongue
[15:48:41] [Render thread/WARN] (net.minecraft.client.sound.SoundSystem) Missing sound for event: minecraft:block.roots.break
[15:48:41] [Render thread/WARN] (net.minecraft.client.sound.SoundSystem) Missing sound for event: minecraft:block.roots.step
[15:48:41] [Render thread/WARN] (net.minecraft.client.sound.SoundSystem) Missing sound for event: minecraft:block.roots.place
[15:48:41] [Render thread/WARN] (net.minecraft.client.sound.SoundSystem) Missing sound for event: minecraft:block.roots.hit
[15:48:41] [Render thread/WARN] (net.minecraft.client.sound.SoundSystem) Missing sound for event: minecraft:block.roots.fall
[15:48:41] [Render thread/WARN] (net.minecraft.client.sound.SoundSystem) Missing sound for event: minecraft:block.furnace.fire_crackle
[15:48:41] [Render thread/WARN] (net.minecraft.client.sound.SoundSystem) Missing sound for event: minecraft:entity.generic.big_fall
[15:48:41] [Render thread/WARN] (net.minecraft.client.sound.SoundSystem) Missing sound for event: minecraft:entity.generic.burn
[15:48:41] [Render thread/WARN] (net.minecraft.client.sound.SoundSystem) Missing sound for event: minecraft:entity.generic.death
[15:48:41] [Render thread/WARN] (net.minecraft.client.sound.SoundSystem) Missing sound for event: minecraft:entity.generic.drink
[15:48:41] [Render thread/WARN] (net.minecraft.client.sound.SoundSystem) Missing sound for event: minecraft:entity.generic.eat
[15:48:41] [Render thread/WARN] (net.minecraft.client.sound.SoundSystem) Missing sound for event: minecraft:entity.generic.explode
[15:48:41] [Render thread/WARN] (net.minecraft.client.sound.SoundSystem) Missing sound for event: minecraft:entity.generic.extinguish_fire
[15:48:41] [Render thread/WARN] (net.minecraft.client.sound.SoundSystem) Missing sound for event: minecraft:entity.generic.hurt
[15:48:41] [Render thread/WARN] (net.minecraft.client.sound.SoundSystem) Missing sound for event: minecraft:entity.generic.small_fall
[15:48:41] [Render thread/WARN] (net.minecraft.client.sound.SoundSystem) Missing sound for event: minecraft:entity.generic.splash
[15:48:41] [Render thread/WARN] (net.minecraft.client.sound.SoundSystem) Missing sound for event: minecraft:entity.generic.swim
[15:48:41] [Render thread/WARN] (net.minecraft.client.sound.SoundSystem) Missing sound for event: minecraft:entity.ghast.ambient
[15:48:41] [Render thread/WARN] (net.minecraft.client.sound.SoundSystem) Missing sound for event: minecraft:entity.ghast.death
[15:48:41] [Render thread/WARN] (net.minecraft.client.sound.SoundSystem) Missing sound for event: minecraft:entity.ghast.hurt
[15:48:41] [Render thread/WARN] (net.minecraft.client.sound.SoundSystem) Missing sound for event: minecraft:entity.ghast.scream
[15:48:41] [Render thread/WARN] (net.minecraft.client.sound.SoundSystem) Missing sound for event: minecraft:entity.ghast.shoot
[15:48:41] [Render thread/WARN] (net.minecraft.client.sound.SoundSystem) Missing sound for event: minecraft:entity.ghast.warn
[15:48:41] [Render thread/WARN] (net.minecraft.client.sound.SoundSystem) Missing sound for event: minecraft:entity.ghastling.ambient
[15:48:41] [Render thread/WARN] (net.minecraft.client.sound.SoundSystem) Missing sound for event: minecraft:entity.ghastling.death
[15:48:41] [Render thread/WARN] (net.minecraft.client.sound.SoundSystem) Missing sound for event: minecraft:entity.ghastling.hurt
[15:48:41] [Render thread/WARN] (net.minecraft.client.sound.SoundSystem) Missing sound for event: minecraft:entity.ghastling.spawn
[15:48:41] [Render thread/WARN] (net.minecraft.client.sound.SoundSystem) Missing sound for event: minecraft:block.gilded_blackstone.break
[15:48:41] [Render thread/WARN] (net.minecraft.client.sound.SoundSystem) Missing sound for event: minecraft:block.gilded_blackstone.fall
[15:48:41] [Render thread/WARN] (net.minecraft.client.sound.SoundSystem) Missing sound for event: minecraft:block.gilded_blackstone.hit
[15:48:41] [Render thread/WARN] (net.minecraft.client.sound.SoundSystem) Missing sound for event: minecraft:block.gilded_blackstone.place
[15:48:41] [Render thread/WARN] (net.minecraft.client.sound.SoundSystem) Missing sound for event: minecraft:block.gilded_blackstone.step
[15:48:41] [Render thread/WARN] (net.minecraft.client.sound.SoundSystem) Missing sound for event: minecraft:block.glass.break
[15:48:41] [Render thread/WARN] (net.minecraft.client.sound.SoundSystem) Missing sound for event: minecraft:block.glass.fall
[15:48:41] [Render thread/WARN] (net.minecraft.client.sound.SoundSystem) Missing sound for event: minecraft:block.glass.hit
[15:48:41] [Render thread/WARN] (net.minecraft.client.sound.SoundSystem) Missing sound for event: minecraft:block.glass.place
[15:48:41] [Render thread/WARN] (net.minecraft.client.sound.SoundSystem) Missing sound for event: minecraft:block.glass.step
[15:48:41] [Render thread/WARN] (net.minecraft.client.sound.SoundSystem) Missing sound for event: minecraft:item.glow_ink_sac.use
[15:48:41] [Render thread/WARN] (net.minecraft.client.sound.SoundSystem) Missing sound for event: minecraft:entity.glow_item_frame.add_item
[15:48:41] [Render thread/WARN] (net.minecraft.client.sound.SoundSystem) Missing sound for event: minecraft:entity.glow_item_frame.break
[15:48:41] [Render thread/WARN] (net.minecraft.client.sound.SoundSystem) Missing sound for event: minecraft:entity.glow_item_frame.place
[15:48:41] [Render thread/WARN] (net.minecraft.client.sound.SoundSystem) Missing sound for event: minecraft:entity.glow_item_frame.remove_item
[15:48:41] [Render thread/WARN] (net.minecraft.client.sound.SoundSystem) Missing sound for event: minecraft:entity.glow_item_frame.rotate_item
[15:48:41] [Render thread/WARN] (net.minecraft.client.sound.SoundSystem) Missing sound for event: minecraft:entity.glow_squid.ambient
[15:48:41] [Render thread/WARN] (net.minecraft.client.sound.SoundSystem) Missing sound for event: minecraft:entity.glow_squid.death
[15:48:41] [Render thread/WARN] (net.minecraft.client.sound.SoundSystem) Missing sound for event: minecraft:entity.glow_squid.hurt
[15:48:41] [Render thread/WARN] (net.minecraft.client.sound.SoundSystem) Missing sound for event: minecraft:entity.glow_squid.squirt
[15:48:41] [Render thread/WARN] (net.minecraft.client.sound.SoundSystem) Missing sound for event: minecraft:entity.goat.ambient
[15:48:41] [Render thread/WARN] (net.minecraft.client.sound.SoundSystem) Missing sound for event: minecraft:entity.goat.death
[15:48:41] [Render thread/WARN] (net.minecraft.client.sound.SoundSystem) Missing sound for event: minecraft:entity.goat.eat
[15:48:41] [Render thread/WARN] (net.minecraft.client.sound.SoundSystem) Missing sound for event: minecraft:entity.goat.hurt
[15:48:41] [Render thread/WARN] (net.minecraft.client.sound.SoundSystem) Missing sound for event: minecraft:entity.goat.long_jump
[15:48:41] [Render thread/WARN] (net.minecraft.client.sound.SoundSystem) Missing sound for event: minecraft:entity.goat.milk
[15:48:41] [Render thread/WARN] (net.minecraft.client.sound.SoundSystem) Missing sound for event: minecraft:entity.goat.prepare_ram
[15:48:41] [Render thread/WARN] (net.minecraft.client.sound.SoundSystem) Missing sound for event: minecraft:entity.goat.ram_impact
[15:48:41] [Render thread/WARN] (net.minecraft.client.sound.SoundSystem) Missing sound for event: minecraft:entity.goat.horn_break
[15:48:41] [Render thread/WARN] (net.minecraft.client.sound.SoundSystem) Missing sound for event: minecraft:entity.goat.screaming.ambient
[15:48:41] [Render thread/WARN] (net.minecraft.client.sound.SoundSystem) Missing sound for event: minecraft:entity.goat.screaming.death
[15:48:41] [Render thread/WARN] (net.minecraft.client.sound.SoundSystem) Missing sound for event: minecraft:entity.goat.screaming.eat
[15:48:41] [Render thread/WARN] (net.minecraft.client.sound.SoundSystem) Missing sound for event: minecraft:entity.goat.screaming.hurt
[15:48:41] [Render thread/WARN] (net.minecraft.client.sound.SoundSystem) Missing sound for event: minecraft:entity.goat.screaming.long_jump
[15:48:41] [Render thread/WARN] (net.minecraft.client.sound.SoundSystem) Missing sound for event: minecraft:entity.goat.screaming.milk
[15:48:41] [Render thread/WARN] (net.minecraft.client.sound.SoundSystem) Missing sound for event: minecraft:entity.goat.screaming.prepare_ram
[15:48:41] [Render thread/WARN] (net.minecraft.client.sound.SoundSystem) Missing sound for event: minecraft:entity.goat.screaming.ram_impact
[15:48:41] [Render thread/WARN] (net.minecraft.client.sound.SoundSystem) Missing sound for event: minecraft:entity.goat.step
[15:48:41] [Render thread/WARN] (net.minecraft.client.sound.SoundSystem) Missing sound for event: minecraft:block.grass.break
[15:48:41] [Render thread/WARN] (net.minecraft.client.sound.SoundSystem) Missing sound for event: minecraft:block.grass.fall
[15:48:41] [Render thread/WARN] (net.minecraft.client.sound.SoundSystem) Missing sound for event: minecraft:block.grass.hit
[15:48:41] [Render thread/WARN] (net.minecraft.client.sound.SoundSystem) Missing sound for event: minecraft:block.grass.place
[15:48:41] [Render thread/WARN] (net.minecraft.client.sound.SoundSystem) Missing sound for event: minecraft:block.grass.step
[15:48:41] [Render thread/WARN] (net.minecraft.client.sound.SoundSystem) Missing sound for event: minecraft:block.gravel.break
[15:48:41] [Render thread/WARN] (net.minecraft.client.sound.SoundSystem) Missing sound for event: minecraft:block.gravel.fall
[15:48:41] [Render thread/WARN] (net.minecraft.client.sound.SoundSystem) Missing sound for event: minecraft:block.gravel.hit
[15:48:41] [Render thread/WARN] (net.minecraft.client.sound.SoundSystem) Missing sound for event: minecraft:block.gravel.place
[15:48:41] [Render thread/WARN] (net.minecraft.client.sound.SoundSystem) Missing sound for event: minecraft:block.gravel.step
[15:48:41] [Render thread/WARN] (net.minecraft.client.sound.SoundSystem) Missing sound for event: minecraft:block.grindstone.use
[15:48:41] [Render thread/WARN] (net.minecraft.client.sound.SoundSystem) Missing sound for event: minecraft:block.growing_plant.crop
[15:48:41] [Render thread/WARN] (net.minecraft.client.sound.SoundSystem) Missing sound for event: minecraft:entity.guardian.ambient
[15:48:41] [Render thread/WARN] (net.minecraft.client.sound.SoundSystem) Missing sound for event: minecraft:entity.guardian.ambient_land
[15:48:41] [Render thread/WARN] (net.minecraft.client.sound.SoundSystem) Missing sound for event: minecraft:entity.guardian.attack
[15:48:41] [Render thread/WARN] (net.minecraft.client.sound.SoundSystem) Missing sound for event: minecraft:entity.guardian.death
[15:48:41] [Render thread/WARN] (net.minecraft.client.sound.SoundSystem) Missing sound for event: minecraft:entity.guardian.death_land
[15:48:41] [Render thread/WARN] (net.minecraft.client.sound.SoundSystem) Missing sound for event: minecraft:entity.guardian.flop
[15:48:41] [Render thread/WARN] (net.minecraft.client.sound.SoundSystem) Missing sound for event: minecraft:entity.guardian.hurt
[15:48:41] [Render thread/WARN] (net.minecraft.client.sound.SoundSystem) Missing sound for event: minecraft:entity.guardian.hurt_land
[15:48:41] [Render thread/WARN] (net.minecraft.client.sound.SoundSystem) Missing sound for event: minecraft:block.hanging_roots.break
[15:48:41] [Render thread/WARN] (net.minecraft.client.sound.SoundSystem) Missing sound for event: minecraft:block.hanging_roots.fall
[15:48:41] [Render thread/WARN] (net.minecraft.client.sound.SoundSystem) Missing sound for event: minecraft:block.hanging_roots.hit
[15:48:41] [Render thread/WARN] (net.minecraft.client.sound.SoundSystem) Missing sound for event: minecraft:block.hanging_roots.place
[15:48:41] [Render thread/WARN] (net.minecraft.client.sound.SoundSystem) Missing sound for event: minecraft:block.hanging_roots.step
[15:48:41] [Render thread/WARN] (net.minecraft.client.sound.SoundSystem) Missing sound for event: minecraft:block.hanging_sign.step
[15:48:41] [Render thread/WARN] (net.minecraft.client.sound.SoundSystem) Missing sound for event: minecraft:block.hanging_sign.break
[15:48:41] [Render thread/WARN] (net.minecraft.client.sound.SoundSystem) Missing sound for event: minecraft:block.hanging_sign.fall
[15:48:41] [Render thread/WARN] (net.minecraft.client.sound.SoundSystem) Missing sound for event: minecraft:block.hanging_sign.hit
[15:48:41] [Render thread/WARN] (net.minecraft.client.sound.SoundSystem) Missing sound for event: minecraft:block.hanging_sign.place
[15:48:41] [Render thread/WARN] (net.minecraft.client.sound.SoundSystem) Missing sound for event: minecraft:entity.happy_ghast.ambient
[15:48:41] [Render thread/WARN] (net.minecraft.client.sound.SoundSystem) Missing sound for event: minecraft:entity.happy_ghast.death
[15:48:41] [Render thread/WARN] (net.minecraft.client.sound.SoundSystem) Missing sound for event: minecraft:entity.happy_ghast.hurt
[15:48:41] [Render thread/WARN] (net.minecraft.client.sound.SoundSystem) Missing sound for event: minecraft:entity.happy_ghast.riding
[15:48:41] [Render thread/WARN] (net.minecraft.client.sound.SoundSystem) Missing sound for event: minecraft:block.heavy_core.break
[15:48:41] [Render thread/WARN] (net.minecraft.client.sound.SoundSystem) Missing sound for event: minecraft:block.heavy_core.fall
[15:48:41] [Render thread/WARN] (net.minecraft.client.sound.SoundSystem) Missing sound for event: minecraft:block.heavy_core.hit
[15:48:41] [Render thread/WARN] (net.minecraft.client.sound.SoundSystem) Missing sound for event: minecraft:block.heavy_core.place
[15:48:41] [Render thread/WARN] (net.minecraft.client.sound.SoundSystem) Missing sound for event: minecraft:block.heavy_core.step
[15:48:41] [Render thread/WARN] (net.minecraft.client.sound.SoundSystem) Missing sound for event: minecraft:block.nether_wood_hanging_sign.step
[15:48:41] [Render thread/WARN] (net.minecraft.client.sound.SoundSystem) Missing sound for event: minecraft:block.nether_wood_hanging_sign.break
[15:48:41] [Render thread/WARN] (net.minecraft.client.sound.SoundSystem) Missing sound for event: minecraft:block.nether_wood_hanging_sign.fall
[15:48:41] [Render thread/WARN] (net.minecraft.client.sound.SoundSystem) Missing sound for event: minecraft:block.nether_wood_hanging_sign.hit
[15:48:41] [Render thread/WARN] (net.minecraft.client.sound.SoundSystem) Missing sound for event: minecraft:block.nether_wood_hanging_sign.place
[15:48:41] [Render thread/WARN] (net.minecraft.client.sound.SoundSystem) Missing sound for event: minecraft:block.bamboo_wood_hanging_sign.step
[15:48:41] [Render thread/WARN] (net.minecraft.client.sound.SoundSystem) Missing sound for event: minecraft:block.bamboo_wood_hanging_sign.break
[15:48:41] [Render thread/WARN] (net.minecraft.client.sound.SoundSystem) Missing sound for event: minecraft:block.bamboo_wood_hanging_sign.fall
[15:48:41] [Render thread/WARN] (net.minecraft.client.sound.SoundSystem) Missing sound for event: minecraft:block.bamboo_wood_hanging_sign.hit
[15:48:41] [Render thread/WARN] (net.minecraft.client.sound.SoundSystem) Missing sound for event: minecraft:block.bamboo_wood_hanging_sign.place
[15:48:41] [Render thread/WARN] (net.minecraft.client.sound.SoundSystem) Missing sound for event: minecraft:block.trial_spawner.break
[15:48:41] [Render thread/WARN] (net.minecraft.client.sound.SoundSystem) Missing sound for event: minecraft:block.trial_spawner.step
[15:48:41] [Render thread/WARN] (net.minecraft.client.sound.SoundSystem) Missing sound for event: minecraft:block.trial_spawner.place
[15:48:41] [Render thread/WARN] (net.minecraft.client.sound.SoundSystem) Missing sound for event: minecraft:block.trial_spawner.hit
[15:48:41] [Render thread/WARN] (net.minecraft.client.sound.SoundSystem) Missing sound for event: minecraft:block.trial_spawner.fall
[15:48:41] [Render thread/WARN] (net.minecraft.client.sound.SoundSystem) Missing sound for event: minecraft:block.trial_spawner.spawn_mob
[15:48:41] [Render thread/WARN] (net.minecraft.client.sound.SoundSystem) Missing sound for event: minecraft:block.trial_spawner.about_to_spawn_item
[15:48:41] [Render thread/WARN] (net.minecraft.client.sound.SoundSystem) Missing sound for event: minecraft:block.trial_spawner.spawn_item
[15:48:41] [Render thread/WARN] (net.minecraft.client.sound.SoundSystem) Missing sound for event: minecraft:block.trial_spawner.spawn_item_begin
[15:48:41] [Render thread/WARN] (net.minecraft.client.sound.SoundSystem) Missing sound for event: minecraft:block.trial_spawner.detect_player
[15:48:41] [Render thread/WARN] (net.minecraft.client.sound.SoundSystem) Missing sound for event: minecraft:block.trial_spawner.ominous_activate
[15:48:41] [Render thread/WARN] (net.minecraft.client.sound.SoundSystem) Missing sound for event: minecraft:block.trial_spawner.ambient
[15:48:41] [Render thread/WARN] (net.minecraft.client.sound.SoundSystem) Missing sound for event: minecraft:block.trial_spawner.ambient_ominous
[15:48:41] [Render thread/WARN] (net.minecraft.client.sound.SoundSystem) Missing sound for event: minecraft:block.trial_spawner.open_shutter
[15:48:41] [Render thread/WARN] (net.minecraft.client.sound.SoundSystem) Missing sound for event: minecraft:block.trial_spawner.close_shutter
[15:48:41] [Render thread/WARN] (net.minecraft.client.sound.SoundSystem) Missing sound for event: minecraft:block.trial_spawner.eject_item
[15:48:41] [Render thread/WARN] (net.minecraft.client.sound.SoundSystem) Missing sound for event: minecraft:entity.happy_ghast.equip
[15:48:41] [Render thread/WARN] (net.minecraft.client.sound.SoundSystem) Missing sound for event: minecraft:entity.happy_ghast.unequip
[15:48:41] [Render thread/WARN] (net.minecraft.client.sound.SoundSystem) Missing sound for event: minecraft:entity.happy_ghast.harness_goggles_up
[15:48:41] [Render thread/WARN] (net.minecraft.client.sound.SoundSystem) Missing sound for event: minecraft:entity.happy_ghast.harness_goggles_down
[15:48:41] [Render thread/WARN] (net.minecraft.client.sound.SoundSystem) Missing sound for event: minecraft:item.hoe.till
[15:48:41] [Render thread/WARN] (net.minecraft.client.sound.SoundSystem) Missing sound for event: minecraft:entity.hoglin.ambient
[15:48:41] [Render thread/WARN] (net.minecraft.client.sound.SoundSystem) Missing sound for event: minecraft:entity.hoglin.angry
[15:48:41] [Render thread/WARN] (net.minecraft.client.sound.SoundSystem) Missing sound for event: minecraft:entity.hoglin.attack
[15:48:41] [Render thread/WARN] (net.minecraft.client.sound.SoundSystem) Missing sound for event: minecraft:entity.hoglin.converted_to_zombified
[15:48:41] [Render thread/WARN] (net.minecraft.client.sound.SoundSystem) Missing sound for event: minecraft:entity.hoglin.death
[15:48:41] [Render thread/WARN] (net.minecraft.client.sound.SoundSystem) Missing sound for event: minecraft:entity.hoglin.hurt
[15:48:41] [Render thread/WARN] (net.minecraft.client.sound.SoundSystem) Missing sound for event: minecraft:entity.hoglin.retreat
[15:48:41] [Render thread/WARN] (net.minecraft.client.sound.SoundSystem) Missing sound for event: minecraft:entity.hoglin.step
[15:48:41] [Render thread/WARN] (net.minecraft.client.sound.SoundSystem) Missing sound for event: minecraft:block.honey_block.break
[15:48:41] [Render thread/WARN] (net.minecraft.client.sound.SoundSystem) Missing sound for event: minecraft:block.honey_block.fall
[15:48:41] [Render thread/WARN] (net.minecraft.client.sound.SoundSystem) Missing sound for event: minecraft:block.honey_block.hit
[15:48:41] [Render thread/WARN] (net.minecraft.client.sound.SoundSystem) Missing sound for event: minecraft:block.honey_block.place
[15:48:41] [Render thread/WARN] (net.minecraft.client.sound.SoundSystem) Missing sound for event: minecraft:block.honey_block.slide
[15:48:41] [Render thread/WARN] (net.minecraft.client.sound.SoundSystem) Missing sound for event: minecraft:block.honey_block.step
[15:48:41] [Render thread/WARN] (net.minecraft.client.sound.SoundSystem) Missing sound for event: minecraft:item.honeycomb.wax_on
[15:48:41] [Render thread/WARN] (net.minecraft.client.sound.SoundSystem) Missing sound for event: minecraft:item.honey_bottle.drink
[15:48:41] [Render thread/WARN] (net.minecraft.client.sound.SoundSystem) Missing sound for event: minecraft:item.goat_horn.sound.0
[15:48:41] [Render thread/WARN] (net.minecraft.client.sound.SoundSystem) Missing sound for event: minecraft:item.goat_horn.sound.1
[15:48:41] [Render thread/WARN] (net.minecraft.client.sound.SoundSystem) Missing sound for event: minecraft:item.goat_horn.sound.2
[15:48:41] [Render thread/WARN] (net.minecraft.client.sound.SoundSystem) Missing sound for event: minecraft:item.goat_horn.sound.3
[15:48:41] [Render thread/WARN] (net.minecraft.client.sound.SoundSystem) Missing sound for event: minecraft:item.goat_horn.sound.4
[15:48:41] [Render thread/WARN] (net.minecraft.client.sound.SoundSystem) Missing sound for event: minecraft:item.goat_horn.sound.5
[15:48:41] [Render thread/WARN] (net.minecraft.client.sound.SoundSystem) Missing sound for event: minecraft:item.goat_horn.sound.6
[15:48:41] [Render thread/WARN] (net.minecraft.client.sound.SoundSystem) Missing sound for event: minecraft:item.goat_horn.sound.7
[15:48:41] [Render thread/WARN] (net.minecraft.client.sound.SoundSystem) Missing sound for event: minecraft:entity.horse.ambient
[15:48:41] [Render thread/WARN] (net.minecraft.client.sound.SoundSystem) Missing sound for event: minecraft:entity.horse.angry
[15:48:41] [Render thread/WARN] (net.minecraft.client.sound.SoundSystem) Missing sound for event: minecraft:entity.horse.armor
[15:48:41] [Render thread/WARN] (net.minecraft.client.sound.SoundSystem) Missing sound for event: minecraft:item.horse_armor.unequip
[15:48:41] [Render thread/WARN] (net.minecraft.client.sound.SoundSystem) Missing sound for event: minecraft:entity.horse.breathe
[15:48:41] [Render thread/WARN] (net.minecraft.client.sound.SoundSystem) Missing sound for event: minecraft:entity.horse.death
[15:48:41] [Render thread/WARN] (net.minecraft.client.sound.SoundSystem) Missing sound for event: minecraft:entity.horse.eat
[15:48:41] [Render thread/WARN] (net.minecraft.client.sound.SoundSystem) Missing sound for event: minecraft:entity.horse.gallop
[15:48:41] [Render thread/WARN] (net.minecraft.client.sound.SoundSystem) Missing sound for event: minecraft:entity.horse.hurt
[15:48:41] [Render thread/WARN] (net.minecraft.client.sound.SoundSystem) Missing sound for event: minecraft:entity.horse.jump
[15:48:41] [Render thread/WARN] (net.minecraft.client.sound.SoundSystem) Missing sound for event: minecraft:entity.horse.land
[15:48:41] [Render thread/WARN] (net.minecraft.client.sound.SoundSystem) Missing sound for event: minecraft:entity.horse.saddle
[15:48:41] [Render thread/WARN] (net.minecraft.client.sound.SoundSystem) Missing sound for event: minecraft:entity.horse.step
[15:48:41] [Render thread/WARN] (net.minecraft.client.sound.SoundSystem) Missing sound for event: minecraft:entity.horse.step_wood
[15:48:41] [Render thread/WARN] (net.minecraft.client.sound.SoundSystem) Missing sound for event: minecraft:entity.hostile.big_fall
[15:48:41] [Render thread/WARN] (net.minecraft.client.sound.SoundSystem) Missing sound for event: minecraft:entity.hostile.death
[15:48:41] [Render thread/WARN] (net.minecraft.client.sound.SoundSystem) Missing sound for event: minecraft:entity.hostile.hurt
[15:48:41] [Render thread/WARN] (net.minecraft.client.sound.SoundSystem) Missing sound for event: minecraft:entity.hostile.small_fall
[15:48:41] [Render thread/WARN] (net.minecraft.client.sound.SoundSystem) Missing sound for event: minecraft:entity.hostile.splash
[15:48:41] [Render thread/WARN] (net.minecraft.client.sound.SoundSystem) Missing sound for event: minecraft:entity.hostile.swim
[15:48:41] [Render thread/WARN] (net.minecraft.client.sound.SoundSystem) Missing sound for event: minecraft:entity.husk.ambient
[15:48:41] [Render thread/WARN] (net.minecraft.client.sound.SoundSystem) Missing sound for event: minecraft:entity.husk.converted_to_zombie
[15:48:41] [Render thread/WARN] (net.minecraft.client.sound.SoundSystem) Missing sound for event: minecraft:entity.husk.death
[15:48:41] [Render thread/WARN] (net.minecraft.client.sound.SoundSystem) Missing sound for event: minecraft:entity.husk.hurt
[15:48:41] [Render thread/WARN] (net.minecraft.client.sound.SoundSystem) Missing sound for event: minecraft:entity.husk.step
[15:48:41] [Render thread/WARN] (net.minecraft.client.sound.SoundSystem) Missing sound for event: minecraft:entity.illusioner.ambient
[15:48:41] [Render thread/WARN] (net.minecraft.client.sound.SoundSystem) Missing sound for event: minecraft:entity.illusioner.cast_spell
[15:48:41] [Render thread/WARN] (net.minecraft.client.sound.SoundSystem) Missing sound for event: minecraft:entity.illusioner.death
[15:48:41] [Render thread/WARN] (net.minecraft.client.sound.SoundSystem) Missing sound for event: minecraft:entity.illusioner.hurt
[15:48:41] [Render thread/WARN] (net.minecraft.client.sound.SoundSystem) Missing sound for event: minecraft:entity.illusioner.mirror_move
[15:48:41] [Render thread/WARN] (net.minecraft.client.sound.SoundSystem) Missing sound for event: minecraft:entity.illusioner.prepare_blindness
[15:48:41] [Render thread/WARN] (net.minecraft.client.sound.SoundSystem) Missing sound for event: minecraft:entity.illusioner.prepare_mirror
[15:48:41] [Render thread/WARN] (net.minecraft.client.sound.SoundSystem) Missing sound for event: minecraft:item.ink_sac.use
[15:48:41] [Render thread/WARN] (net.minecraft.client.sound.SoundSystem) Missing sound for event: minecraft:block.iron.break
[15:48:41] [Render thread/WARN] (net.minecraft.client.sound.SoundSystem) Missing sound for event: minecraft:block.iron.step
[15:48:41] [Render thread/WARN] (net.minecraft.client.sound.SoundSystem) Missing sound for event: minecraft:block.iron.place
[15:48:41] [Render thread/WARN] (net.minecraft.client.sound.SoundSystem) Missing sound for event: minecraft:block.iron.hit
[15:48:41] [Render thread/WARN] (net.minecraft.client.sound.SoundSystem) Missing sound for event: minecraft:block.iron.fall
[15:48:41] [Render thread/WARN] (net.minecraft.client.sound.SoundSystem) Missing sound for event: minecraft:block.iron_door.close
[15:48:41] [Render thread/WARN] (net.minecraft.client.sound.SoundSystem) Missing sound for event: minecraft:block.iron_door.open
[15:48:41] [Render thread/WARN] (net.minecraft.client.sound.SoundSystem) Missing sound for event: minecraft:entity.iron_golem.attack
[15:48:41] [Render thread/WARN] (net.minecraft.client.sound.SoundSystem) Missing sound for event: minecraft:entity.iron_golem.damage
[15:48:41] [Render thread/WARN] (net.minecraft.client.sound.SoundSystem) Missing sound for event: minecraft:entity.iron_golem.death
[15:48:41] [Render thread/WARN] (net.minecraft.client.sound.SoundSystem) Missing sound for event: minecraft:entity.iron_golem.hurt
[15:48:41] [Render thread/WARN] (net.minecraft.client.sound.SoundSystem) Missing sound for event: minecraft:entity.iron_golem.repair
[15:48:41] [Render thread/WARN] (net.minecraft.client.sound.SoundSystem) Missing sound for event: minecraft:entity.iron_golem.step
[15:48:41] [Render thread/WARN] (net.minecraft.client.sound.SoundSystem) Missing sound for event: minecraft:block.iron_trapdoor.close
[15:48:41] [Render thread/WARN] (net.minecraft.client.sound.SoundSystem) Missing sound for event: minecraft:block.iron_trapdoor.open
[15:48:41] [Render thread/WARN] (net.minecraft.client.sound.SoundSystem) Missing sound for event: minecraft:entity.item_frame.add_item
[15:48:41] [Render thread/WARN] (net.minecraft.client.sound.SoundSystem) Missing sound for event: minecraft:entity.item_frame.break
[15:48:41] [Render thread/WARN] (net.minecraft.client.sound.SoundSystem) Missing sound for event: minecraft:entity.item_frame.place
[15:48:41] [Render thread/WARN] (net.minecraft.client.sound.SoundSystem) Missing sound for event: minecraft:entity.item_frame.remove_item
[15:48:41] [Render thread/WARN] (net.minecraft.client.sound.SoundSystem) Missing sound for event: minecraft:entity.item_frame.rotate_item
[15:48:41] [Render thread/WARN] (net.minecraft.client.sound.SoundSystem) Missing sound for event: minecraft:entity.item.break
[15:48:41] [Render thread/WARN] (net.minecraft.client.sound.SoundSystem) Missing sound for event: minecraft:entity.item.pickup
[15:48:41] [Render thread/WARN] (net.minecraft.client.sound.SoundSystem) Missing sound for event: minecraft:block.ladder.break
[15:48:41] [Render thread/WARN] (net.minecraft.client.sound.SoundSystem) Missing sound for event: minecraft:block.ladder.fall
[15:48:41] [Render thread/WARN] (net.minecraft.client.sound.SoundSystem) Missing sound for event: minecraft:block.ladder.hit
[15:48:41] [Render thread/WARN] (net.minecraft.client.sound.SoundSystem) Missing sound for event: minecraft:block.ladder.place
[15:48:41] [Render thread/WARN] (net.minecraft.client.sound.SoundSystem) Missing sound for event: minecraft:block.ladder.step
[15:48:41] [Render thread/WARN] (net.minecraft.client.sound.SoundSystem) Missing sound for event: minecraft:block.lantern.break
[15:48:41] [Render thread/WARN] (net.minecraft.client.sound.SoundSystem) Missing sound for event: minecraft:block.lantern.fall
[15:48:41] [Render thread/WARN] (net.minecraft.client.sound.SoundSystem) Missing sound for event: minecraft:block.lantern.hit
[15:48:41] [Render thread/WARN] (net.minecraft.client.sound.SoundSystem) Missing sound for event: minecraft:block.lantern.place
[15:48:41] [Render thread/WARN] (net.minecraft.client.sound.SoundSystem) Missing sound for event: minecraft:block.lantern.step
[15:48:41] [Render thread/WARN] (net.minecraft.client.sound.SoundSystem) Missing sound for event: minecraft:block.large_amethyst_bud.break
[15:48:41] [Render thread/WARN] (net.minecraft.client.sound.SoundSystem) Missing sound for event: minecraft:block.large_amethyst_bud.place
[15:48:41] [Render thread/WARN] (net.minecraft.client.sound.SoundSystem) Missing sound for event: minecraft:block.lava.ambient
[15:48:41] [Render thread/WARN] (net.minecraft.client.sound.SoundSystem) Missing sound for event: minecraft:block.lava.extinguish
[15:48:41] [Render thread/WARN] (net.minecraft.client.sound.SoundSystem) Missing sound for event: minecraft:block.lava.pop
[15:48:41] [Render thread/WARN] (net.minecraft.client.sound.SoundSystem) Missing sound for event: minecraft:block.leaf_litter.break
[15:48:41] [Render thread/WARN] (net.minecraft.client.sound.SoundSystem) Missing sound for event: minecraft:block.leaf_litter.step
[15:48:41] [Render thread/WARN] (net.minecraft.client.sound.SoundSystem) Missing sound for event: minecraft:block.leaf_litter.place
[15:48:41] [Render thread/WARN] (net.minecraft.client.sound.SoundSystem) Missing sound for event: minecraft:block.leaf_litter.hit
[15:48:41] [Render thread/WARN] (net.minecraft.client.sound.SoundSystem) Missing sound for event: minecraft:block.leaf_litter.fall
[15:48:41] [Render thread/WARN] (net.minecraft.client.sound.SoundSystem) Missing sound for event: minecraft:item.lead.untied
[15:48:41] [Render thread/WARN] (net.minecraft.client.sound.SoundSystem) Missing sound for event: minecraft:item.lead.tied
[15:48:41] [Render thread/WARN] (net.minecraft.client.sound.SoundSystem) Missing sound for event: minecraft:item.lead.break
[15:48:41] [Render thread/WARN] (net.minecraft.client.sound.SoundSystem) Missing sound for event: minecraft:block.lever.click
[15:48:41] [Render thread/WARN] (net.minecraft.client.sound.SoundSystem) Missing sound for event: minecraft:entity.lightning_bolt.impact
[15:48:41] [Render thread/WARN] (net.minecraft.client.sound.SoundSystem) Missing sound for event: minecraft:entity.lightning_bolt.thunder
[15:48:41] [Render thread/WARN] (net.minecraft.client.sound.SoundSystem) Missing sound for event: minecraft:entity.lingering_potion.throw
[15:48:41] [Render thread/WARN] (net.minecraft.client.sound.SoundSystem) Missing sound for event: minecraft:entity.llama.ambient
[15:48:41] [Render thread/WARN] (net.minecraft.client.sound.SoundSystem) Missing sound for event: minecraft:entity.llama.angry
[15:48:41] [Render thread/WARN] (net.minecraft.client.sound.SoundSystem) Missing sound for event: minecraft:entity.llama.chest
[15:48:41] [Render thread/WARN] (net.minecraft.client.sound.SoundSystem) Missing sound for event: minecraft:entity.llama.death
[15:48:41] [Render thread/WARN] (net.minecraft.client.sound.SoundSystem) Missing sound for event: minecraft:entity.llama.eat
[15:48:41] [Render thread/WARN] (net.minecraft.client.sound.SoundSystem) Missing sound for event: minecraft:entity.llama.hurt
[15:48:41] [Render thread/WARN] (net.minecraft.client.sound.SoundSystem) Missing sound for event: minecraft:entity.llama.spit
[15:48:41] [Render thread/WARN] (net.minecraft.client.sound.SoundSystem) Missing sound for event: minecraft:entity.llama.step
[15:48:41] [Render thread/WARN] (net.minecraft.client.sound.SoundSystem) Missing sound for event: minecraft:entity.llama.swag
[15:48:41] [Render thread/WARN] (net.minecraft.client.sound.SoundSystem) Missing sound for event: minecraft:item.llama_carpet.unequip
[15:48:41] [Render thread/WARN] (net.minecraft.client.sound.SoundSystem) Missing sound for event: minecraft:entity.magma_cube.death_small
[15:48:41] [Render thread/WARN] (net.minecraft.client.sound.SoundSystem) Missing sound for event: minecraft:block.lodestone.break
[15:48:41] [Render thread/WARN] (net.minecraft.client.sound.SoundSystem) Missing sound for event: minecraft:block.lodestone.step
[15:48:41] [Render thread/WARN] (net.minecraft.client.sound.SoundSystem) Missing sound for event: minecraft:block.lodestone.place
[15:48:41] [Render thread/WARN] (net.minecraft.client.sound.SoundSystem) Missing sound for event: minecraft:block.lodestone.hit
[15:48:41] [Render thread/WARN] (net.minecraft.client.sound.SoundSystem) Missing sound for event: minecraft:block.lodestone.fall
[15:48:41] [Render thread/WARN] (net.minecraft.client.sound.SoundSystem) Missing sound for event: minecraft:item.lodestone_compass.lock
[15:48:41] [Render thread/WARN] (net.minecraft.client.sound.SoundSystem) Missing sound for event: minecraft:item.mace.smash_air
[15:48:41] [Render thread/WARN] (net.minecraft.client.sound.SoundSystem) Missing sound for event: minecraft:item.mace.smash_ground
[15:48:41] [Render thread/WARN] (net.minecraft.client.sound.SoundSystem) Missing sound for event: minecraft:item.mace.smash_ground_heavy
[15:48:41] [Render thread/WARN] (net.minecraft.client.sound.SoundSystem) Missing sound for event: minecraft:entity.magma_cube.death
[15:48:41] [Render thread/WARN] (net.minecraft.client.sound.SoundSystem) Missing sound for event: minecraft:entity.magma_cube.hurt
[15:48:41] [Render thread/WARN] (net.minecraft.client.sound.SoundSystem) Missing sound for event: minecraft:entity.magma_cube.hurt_small
[15:48:41] [Render thread/WARN] (net.minecraft.client.sound.SoundSystem) Missing sound for event: minecraft:entity.magma_cube.jump
[15:48:41] [Render thread/WARN] (net.minecraft.client.sound.SoundSystem) Missing sound for event: minecraft:entity.magma_cube.squish
[15:48:41] [Render thread/WARN] (net.minecraft.client.sound.SoundSystem) Missing sound for event: minecraft:entity.magma_cube.squish_small
[15:48:41] [Render thread/WARN] (net.minecraft.client.sound.SoundSystem) Missing sound for event: minecraft:block.mangrove_roots.break
[15:48:41] [Render thread/WARN] (net.minecraft.client.sound.SoundSystem) Missing sound for event: minecraft:block.mangrove_roots.fall
[15:48:41] [Render thread/WARN] (net.minecraft.client.sound.SoundSystem) Missing sound for event: minecraft:block.mangrove_roots.hit
[15:48:41] [Render thread/WARN] (net.minecraft.client.sound.SoundSystem) Missing sound for event: minecraft:block.mangrove_roots.place
[15:48:41] [Render thread/WARN] (net.minecraft.client.sound.SoundSystem) Missing sound for event: minecraft:block.mangrove_roots.step
[15:48:41] [Render thread/WARN] (net.minecraft.client.sound.SoundSystem) Missing sound for event: minecraft:block.medium_amethyst_bud.break
[15:48:41] [Render thread/WARN] (net.minecraft.client.sound.SoundSystem) Missing sound for event: minecraft:block.medium_amethyst_bud.place
[15:48:41] [Render thread/WARN] (net.minecraft.client.sound.SoundSystem) Missing sound for event: minecraft:block.metal.break
[15:48:41] [Render thread/WARN] (net.minecraft.client.sound.SoundSystem) Missing sound for event: minecraft:block.metal.fall
[15:48:41] [Render thread/WARN] (net.minecraft.client.sound.SoundSystem) Missing sound for event: minecraft:block.metal.hit
[15:48:41] [Render thread/WARN] (net.minecraft.client.sound.SoundSystem) Missing sound for event: minecraft:block.metal.place
[15:48:41] [Render thread/WARN] (net.minecraft.client.sound.SoundSystem) Missing sound for event: minecraft:block.metal_pressure_plate.click_off
[15:48:41] [Render thread/WARN] (net.minecraft.client.sound.SoundSystem) Missing sound for event: minecraft:block.metal_pressure_plate.click_on
[15:48:41] [Render thread/WARN] (net.minecraft.client.sound.SoundSystem) Missing sound for event: minecraft:block.metal.step
[15:48:41] [Render thread/WARN] (net.minecraft.client.sound.SoundSystem) Missing sound for event: minecraft:entity.minecart.inside.underwater
[15:48:41] [Render thread/WARN] (net.minecraft.client.sound.SoundSystem) Missing sound for event: minecraft:entity.minecart.inside
[15:48:41] [Render thread/WARN] (net.minecraft.client.sound.SoundSystem) Missing sound for event: minecraft:entity.minecart.riding
[15:48:41] [Render thread/WARN] (net.minecraft.client.sound.SoundSystem) Missing sound for event: minecraft:entity.mooshroom.convert
[15:48:41] [Render thread/WARN] (net.minecraft.client.sound.SoundSystem) Missing sound for event: minecraft:entity.mooshroom.eat
[15:48:41] [Render thread/WARN] (net.minecraft.client.sound.SoundSystem) Missing sound for event: minecraft:entity.mooshroom.milk
[15:48:41] [Render thread/WARN] (net.minecraft.client.sound.SoundSystem) Missing sound for event: minecraft:entity.mooshroom.suspicious_milk
[15:48:41] [Render thread/WARN] (net.minecraft.client.sound.SoundSystem) Missing sound for event: minecraft:entity.mooshroom.shear
[15:48:41] [Render thread/WARN] (net.minecraft.client.sound.SoundSystem) Missing sound for event: minecraft:block.moss_carpet.break
[15:48:41] [Render thread/WARN] (net.minecraft.client.sound.SoundSystem) Missing sound for event: minecraft:block.moss_carpet.fall
[15:48:41] [Render thread/WARN] (net.minecraft.client.sound.SoundSystem) Missing sound for event: minecraft:block.moss_carpet.hit
[15:48:41] [Render thread/WARN] (net.minecraft.client.sound.SoundSystem) Missing sound for event: minecraft:block.moss_carpet.place
[15:48:41] [Render thread/WARN] (net.minecraft.client.sound.SoundSystem) Missing sound for event: minecraft:block.moss_carpet.step
[15:48:41] [Render thread/WARN] (net.minecraft.client.sound.SoundSystem) Missing sound for event: minecraft:block.pink_petals.break
[15:48:41] [Render thread/WARN] (net.minecraft.client.sound.SoundSystem) Missing sound for event: minecraft:block.pink_petals.fall
[15:48:41] [Render thread/WARN] (net.minecraft.client.sound.SoundSystem) Missing sound for event: minecraft:block.pink_petals.hit
[15:48:41] [Render thread/WARN] (net.minecraft.client.sound.SoundSystem) Missing sound for event: minecraft:block.pink_petals.place
[15:48:41] [Render thread/WARN] (net.minecraft.client.sound.SoundSystem) Missing sound for event: minecraft:block.pink_petals.step
[15:48:41] [Render thread/WARN] (net.minecraft.client.sound.SoundSystem) Missing sound for event: minecraft:block.moss.break
[15:48:41] [Render thread/WARN] (net.minecraft.client.sound.SoundSystem) Missing sound for event: minecraft:block.moss.fall
[15:48:41] [Render thread/WARN] (net.minecraft.client.sound.SoundSystem) Missing sound for event: minecraft:block.moss.hit
[15:48:41] [Render thread/WARN] (net.minecraft.client.sound.SoundSystem) Missing sound for event: minecraft:block.moss.place
[15:48:41] [Render thread/WARN] (net.minecraft.client.sound.SoundSystem) Missing sound for event: minecraft:block.moss.step
[15:48:41] [Render thread/WARN] (net.minecraft.client.sound.SoundSystem) Missing sound for event: minecraft:block.mud.break
[15:48:41] [Render thread/WARN] (net.minecraft.client.sound.SoundSystem) Missing sound for event: minecraft:block.mud.fall
[15:48:41] [Render thread/WARN] (net.minecraft.client.sound.SoundSystem) Missing sound for event: minecraft:block.mud.hit
[15:48:41] [Render thread/WARN] (net.minecraft.client.sound.SoundSystem) Missing sound for event: minecraft:block.mud.place
[15:48:41] [Render thread/WARN] (net.minecraft.client.sound.SoundSystem) Missing sound for event: minecraft:block.mud.step
[15:48:41] [Render thread/WARN] (net.minecraft.client.sound.SoundSystem) Missing sound for event: minecraft:block.mud_bricks.break
[15:48:41] [Render thread/WARN] (net.minecraft.client.sound.SoundSystem) Missing sound for event: minecraft:block.mud_bricks.fall
[15:48:41] [Render thread/WARN] (net.minecraft.client.sound.SoundSystem) Missing sound for event: minecraft:block.mud_bricks.hit
[15:48:41] [Render thread/WARN] (net.minecraft.client.sound.SoundSystem) Missing sound for event: minecraft:block.mud_bricks.place
[15:48:41] [Render thread/WARN] (net.minecraft.client.sound.SoundSystem) Missing sound for event: minecraft:block.mud_bricks.step
[15:48:41] [Render thread/WARN] (net.minecraft.client.sound.SoundSystem) Missing sound for event: minecraft:block.muddy_mangrove_roots.break
[15:48:41] [Render thread/WARN] (net.minecraft.client.sound.SoundSystem) Missing sound for event: minecraft:block.muddy_mangrove_roots.fall
[15:48:41] [Render thread/WARN] (net.minecraft.client.sound.SoundSystem) Missing sound for event: minecraft:block.muddy_mangrove_roots.hit
[15:48:41] [Render thread/WARN] (net.minecraft.client.sound.SoundSystem) Missing sound for event: minecraft:block.muddy_mangrove_roots.place
[15:48:41] [Render thread/WARN] (net.minecraft.client.sound.SoundSystem) Missing sound for event: minecraft:block.muddy_mangrove_roots.step
[15:48:41] [Render thread/WARN] (net.minecraft.client.sound.SoundSystem) Missing sound for event: minecraft:entity.mule.ambient
[15:48:41] [Render thread/WARN] (net.minecraft.client.sound.SoundSystem) Missing sound for event: minecraft:entity.mule.angry
[15:48:41] [Render thread/WARN] (net.minecraft.client.sound.SoundSystem) Missing sound for event: minecraft:entity.mule.chest
[15:48:41] [Render thread/WARN] (net.minecraft.client.sound.SoundSystem) Missing sound for event: minecraft:entity.mule.death
[15:48:41] [Render thread/WARN] (net.minecraft.client.sound.SoundSystem) Missing sound for event: minecraft:entity.mule.eat
[15:48:41] [Render thread/WARN] (net.minecraft.client.sound.SoundSystem) Missing sound for event: minecraft:entity.mule.hurt
[15:48:41] [Render thread/WARN] (net.minecraft.client.sound.SoundSystem) Missing sound for event: minecraft:entity.mule.jump
[15:48:41] [Render thread/WARN] (net.minecraft.client.sound.SoundSystem) Missing sound for event: minecraft:music.creative
[15:48:41] [Render thread/WARN] (net.minecraft.client.sound.SoundSystem) Missing sound for event: minecraft:music.credits
[15:48:41] [Render thread/WARN] (net.minecraft.client.sound.SoundSystem) Missing sound for event: minecraft:music_disc.5
[15:48:41] [Render thread/WARN] (net.minecraft.client.sound.SoundSystem) Missing sound for event: minecraft:music_disc.11
[15:48:41] [Render thread/WARN] (net.minecraft.client.sound.SoundSystem) Missing sound for event: minecraft:music_disc.13
[15:48:41] [Render thread/WARN] (net.minecraft.client.sound.SoundSystem) Missing sound for event: minecraft:music_disc.blocks
[15:48:41] [Render thread/WARN] (net.minecraft.client.sound.SoundSystem) Missing sound for event: minecraft:music_disc.cat
[15:48:41] [Render thread/WARN] (net.minecraft.client.sound.SoundSystem) Missing sound for event: minecraft:music_disc.chirp
[15:48:41] [Render thread/WARN] (net.minecraft.client.sound.SoundSystem) Missing sound for event: minecraft:music_disc.far
[15:48:41] [Render thread/WARN] (net.minecraft.client.sound.SoundSystem) Missing sound for event: minecraft:music_disc.lava_chicken
[15:48:41] [Render thread/WARN] (net.minecraft.client.sound.SoundSystem) Missing sound for event: minecraft:music_disc.mall
[15:48:41] [Render thread/WARN] (net.minecraft.client.sound.SoundSystem) Missing sound for event: minecraft:music_disc.mellohi
[15:48:41] [Render thread/WARN] (net.minecraft.client.sound.SoundSystem) Missing sound for event: minecraft:music_disc.pigstep
[15:48:41] [Render thread/WARN] (net.minecraft.client.sound.SoundSystem) Missing sound for event: minecraft:music_disc.stal
[15:48:41] [Render thread/WARN] (net.minecraft.client.sound.SoundSystem) Missing sound for event: minecraft:music_disc.strad
[15:48:41] [Render thread/WARN] (net.minecraft.client.sound.SoundSystem) Missing sound for event: minecraft:music_disc.wait
[15:48:41] [Render thread/WARN] (net.minecraft.client.sound.SoundSystem) Missing sound for event: minecraft:music_disc.ward
[15:48:41] [Render thread/WARN] (net.minecraft.client.sound.SoundSystem) Missing sound for event: minecraft:music_disc.otherside
[15:48:41] [Render thread/WARN] (net.minecraft.client.sound.SoundSystem) Missing sound for event: minecraft:music_disc.relic
[15:48:41] [Render thread/WARN] (net.minecraft.client.sound.SoundSystem) Missing sound for event: minecraft:music_disc.creator
[15:48:41] [Render thread/WARN] (net.minecraft.client.sound.SoundSystem) Missing sound for event: minecraft:music_disc.creator_music_box
[15:48:41] [Render thread/WARN] (net.minecraft.client.sound.SoundSystem) Missing sound for event: minecraft:music_disc.precipice
[15:48:41] [Render thread/WARN] (net.minecraft.client.sound.SoundSystem) Missing sound for event: minecraft:music_disc.tears
[15:48:41] [Render thread/WARN] (net.minecraft.client.sound.SoundSystem) Missing sound for event: minecraft:music.dragon
[15:48:41] [Render thread/WARN] (net.minecraft.client.sound.SoundSystem) Missing sound for event: minecraft:music.end
[15:48:41] [Render thread/WARN] (net.minecraft.client.sound.SoundSystem) Missing sound for event: minecraft:music.game
[15:48:41] [Render thread/WARN] (net.minecraft.client.sound.SoundSystem) Missing sound for event: minecraft:music.menu
[15:48:41] [Render thread/WARN] (net.minecraft.client.sound.SoundSystem) Missing sound for event: minecraft:music.nether.basalt_deltas
[15:48:41] [Render thread/WARN] (net.minecraft.client.sound.SoundSystem) Missing sound for event: minecraft:music.nether.crimson_forest
[15:48:41] [Render thread/WARN] (net.minecraft.client.sound.SoundSystem) Missing sound for event: minecraft:music.overworld.deep_dark
[15:48:41] [Render thread/WARN] (net.minecraft.client.sound.SoundSystem) Missing sound for event: minecraft:music.overworld.dripstone_caves
[15:48:41] [Render thread/WARN] (net.minecraft.client.sound.SoundSystem) Missing sound for event: minecraft:music.overworld.grove
[15:48:41] [Render thread/WARN] (net.minecraft.client.sound.SoundSystem) Missing sound for event: minecraft:music.overworld.jagged_peaks
[15:48:41] [Render thread/WARN] (net.minecraft.client.sound.SoundSystem) Missing sound for event: minecraft:music.overworld.lush_caves
[15:48:41] [Render thread/WARN] (net.minecraft.client.sound.SoundSystem) Missing sound for event: minecraft:music.overworld.swamp
[15:48:41] [Render thread/WARN] (net.minecraft.client.sound.SoundSystem) Missing sound for event: minecraft:music.overworld.forest
[15:48:41] [Render thread/WARN] (net.minecraft.client.sound.SoundSystem) Missing sound for event: minecraft:music.overworld.old_growth_taiga
[15:48:41] [Render thread/WARN] (net.minecraft.client.sound.SoundSystem) Missing sound for event: minecraft:music.overworld.meadow
[15:48:41] [Render thread/WARN] (net.minecraft.client.sound.SoundSystem) Missing sound for event: minecraft:music.overworld.cherry_grove
[15:48:41] [Render thread/WARN] (net.minecraft.client.sound.SoundSystem) Missing sound for event: minecraft:music.nether.nether_wastes
[15:48:41] [Render thread/WARN] (net.minecraft.client.sound.SoundSystem) Missing sound for event: minecraft:music.overworld.frozen_peaks
[15:48:41] [Render thread/WARN] (net.minecraft.client.sound.SoundSystem) Missing sound for event: minecraft:music.overworld.snowy_slopes
[15:48:41] [Render thread/WARN] (net.minecraft.client.sound.SoundSystem) Missing sound for event: minecraft:music.nether.soul_sand_valley
[15:48:41] [Render thread/WARN] (net.minecraft.client.sound.SoundSystem) Missing sound for event: minecraft:music.overworld.stony_peaks
[15:48:41] [Render thread/WARN] (net.minecraft.client.sound.SoundSystem) Missing sound for event: minecraft:music.nether.warped_forest
[15:48:41] [Render thread/WARN] (net.minecraft.client.sound.SoundSystem) Missing sound for event: minecraft:music.overworld.flower_forest
[15:48:41] [Render thread/WARN] (net.minecraft.client.sound.SoundSystem) Missing sound for event: minecraft:music.overworld.desert
[15:48:41] [Render thread/WARN] (net.minecraft.client.sound.SoundSystem) Missing sound for event: minecraft:music.overworld.badlands
[15:48:41] [Render thread/WARN] (net.minecraft.client.sound.SoundSystem) Missing sound for event: minecraft:music.overworld.jungle
[15:48:41] [Render thread/WARN] (net.minecraft.client.sound.SoundSystem) Missing sound for event: minecraft:music.overworld.sparse_jungle
[15:48:41] [Render thread/WARN] (net.minecraft.client.sound.SoundSystem) Missing sound for event: minecraft:music.overworld.bamboo_jungle
[15:48:41] [Render thread/WARN] (net.minecraft.client.sound.SoundSystem) Missing sound for event: minecraft:music.under_water
[15:48:41] [Render thread/WARN] (net.minecraft.client.sound.SoundSystem) Missing sound for event: minecraft:block.nether_bricks.break
[15:48:41] [Render thread/WARN] (net.minecraft.client.sound.SoundSystem) Missing sound for event: minecraft:block.nether_bricks.step
[15:48:41] [Render thread/WARN] (net.minecraft.client.sound.SoundSystem) Missing sound for event: minecraft:block.nether_bricks.place
[15:48:41] [Render thread/WARN] (net.minecraft.client.sound.SoundSystem) Missing sound for event: minecraft:block.nether_bricks.hit
[15:48:41] [Render thread/WARN] (net.minecraft.client.sound.SoundSystem) Missing sound for event: minecraft:block.nether_bricks.fall
[15:48:41] [Render thread/WARN] (net.minecraft.client.sound.SoundSystem) Missing sound for event: minecraft:block.nether_wart.break
[15:48:41] [Render thread/WARN] (net.minecraft.client.sound.SoundSystem) Missing sound for event: minecraft:item.nether_wart.plant
[15:48:41] [Render thread/WARN] (net.minecraft.client.sound.SoundSystem) Missing sound for event: minecraft:block.nether_wood.break
[15:48:41] [Render thread/WARN] (net.minecraft.client.sound.SoundSystem) Missing sound for event: minecraft:block.nether_wood.fall
[15:48:41] [Render thread/WARN] (net.minecraft.client.sound.SoundSystem) Missing sound for event: minecraft:block.nether_wood.hit
[15:48:41] [Render thread/WARN] (net.minecraft.client.sound.SoundSystem) Missing sound for event: minecraft:block.nether_wood.place
[15:48:41] [Render thread/WARN] (net.minecraft.client.sound.SoundSystem) Missing sound for event: minecraft:block.nether_wood.step
[15:48:41] [Render thread/WARN] (net.minecraft.client.sound.SoundSystem) Missing sound for event: minecraft:block.nether_wood_door.close
[15:48:41] [Render thread/WARN] (net.minecraft.client.sound.SoundSystem) Missing sound for event: minecraft:block.nether_wood_door.open
[15:48:41] [Render thread/WARN] (net.minecraft.client.sound.SoundSystem) Missing sound for event: minecraft:block.nether_wood_trapdoor.close
[15:48:41] [Render thread/WARN] (net.minecraft.client.sound.SoundSystem) Missing sound for event: minecraft:block.nether_wood_trapdoor.open
[15:48:41] [Render thread/WARN] (net.minecraft.client.sound.SoundSystem) Missing sound for event: minecraft:block.nether_wood_button.click_off
[15:48:41] [Render thread/WARN] (net.minecraft.client.sound.SoundSystem) Missing sound for event: minecraft:block.nether_wood_button.click_on
[15:48:41] [Render thread/WARN] (net.minecraft.client.sound.SoundSystem) Missing sound for event: minecraft:block.nether_wood_pressure_plate.click_off
[15:48:41] [Render thread/WARN] (net.minecraft.client.sound.SoundSystem) Missing sound for event: minecraft:block.nether_wood_pressure_plate.click_on
[15:48:41] [Render thread/WARN] (net.minecraft.client.sound.SoundSystem) Missing sound for event: minecraft:block.nether_wood_fence_gate.close
[15:48:41] [Render thread/WARN] (net.minecraft.client.sound.SoundSystem) Missing sound for event: minecraft:block.nether_wood_fence_gate.open
[15:48:41] [Render thread/WARN] (net.minecraft.client.sound.SoundSystem) Missing sound for event: minecraft:block.packed_mud.break
[15:48:41] [Render thread/WARN] (net.minecraft.client.sound.SoundSystem) Missing sound for event: minecraft:block.packed_mud.fall
[15:48:41] [Render thread/WARN] (net.minecraft.client.sound.SoundSystem) Missing sound for event: minecraft:block.packed_mud.hit
[15:48:41] [Render thread/WARN] (net.minecraft.client.sound.SoundSystem) Missing sound for event: minecraft:block.packed_mud.place
[15:48:41] [Render thread/WARN] (net.minecraft.client.sound.SoundSystem) Missing sound for event: minecraft:block.packed_mud.step
[15:48:41] [Render thread/WARN] (net.minecraft.client.sound.SoundSystem) Missing sound for event: minecraft:block.stem.break
[15:48:41] [Render thread/WARN] (net.minecraft.client.sound.SoundSystem) Missing sound for event: minecraft:block.stem.step
[15:48:41] [Render thread/WARN] (net.minecraft.client.sound.SoundSystem) Missing sound for event: minecraft:block.stem.place
[15:48:41] [Render thread/WARN] (net.minecraft.client.sound.SoundSystem) Missing sound for event: minecraft:block.stem.hit
[15:48:41] [Render thread/WARN] (net.minecraft.client.sound.SoundSystem) Missing sound for event: minecraft:block.stem.fall
[15:48:41] [Render thread/WARN] (net.minecraft.client.sound.SoundSystem) Missing sound for event: minecraft:block.nylium.break
[15:48:41] [Render thread/WARN] (net.minecraft.client.sound.SoundSystem) Missing sound for event: minecraft:block.nylium.step
[15:48:41] [Render thread/WARN] (net.minecraft.client.sound.SoundSystem) Missing sound for event: minecraft:block.nylium.place
[15:48:41] [Render thread/WARN] (net.minecraft.client.sound.SoundSystem) Missing sound for event: minecraft:block.nylium.hit
[15:48:41] [Render thread/WARN] (net.minecraft.client.sound.SoundSystem) Missing sound for event: minecraft:block.nylium.fall
[15:48:41] [Render thread/WARN] (net.minecraft.client.sound.SoundSystem) Missing sound for event: minecraft:block.nether_sprouts.break
[15:48:41] [Render thread/WARN] (net.minecraft.client.sound.SoundSystem) Missing sound for event: minecraft:block.nether_sprouts.step
[15:48:41] [Render thread/WARN] (net.minecraft.client.sound.SoundSystem) Missing sound for event: minecraft:block.nether_sprouts.place
[15:48:41] [Render thread/WARN] (net.minecraft.client.sound.SoundSystem) Missing sound for event: minecraft:block.nether_sprouts.hit
[15:48:41] [Render thread/WARN] (net.minecraft.client.sound.SoundSystem) Missing sound for event: minecraft:block.nether_sprouts.fall
[15:48:41] [Render thread/WARN] (net.minecraft.client.sound.SoundSystem) Missing sound for event: minecraft:block.fungus.break
[15:48:41] [Render thread/WARN] (net.minecraft.client.sound.SoundSystem) Missing sound for event: minecraft:block.fungus.step
[15:48:41] [Render thread/WARN] (net.minecraft.client.sound.SoundSystem) Missing sound for event: minecraft:block.fungus.place
[15:48:41] [Render thread/WARN] (net.minecraft.client.sound.SoundSystem) Missing sound for event: minecraft:block.fungus.hit
[15:48:41] [Render thread/WARN] (net.minecraft.client.sound.SoundSystem) Missing sound for event: minecraft:block.fungus.fall
[15:48:41] [Render thread/WARN] (net.minecraft.client.sound.SoundSystem) Missing sound for event: minecraft:block.weeping_vines.break
[15:48:41] [Render thread/WARN] (net.minecraft.client.sound.SoundSystem) Missing sound for event: minecraft:block.weeping_vines.step
[15:48:41] [Render thread/WARN] (net.minecraft.client.sound.SoundSystem) Missing sound for event: minecraft:block.weeping_vines.place
[15:48:41] [Render thread/WARN] (net.minecraft.client.sound.SoundSystem) Missing sound for event: minecraft:block.weeping_vines.hit
[15:48:41] [Render thread/WARN] (net.minecraft.client.sound.SoundSystem) Missing sound for event: minecraft:block.weeping_vines.fall
[15:48:41] [Render thread/WARN] (net.minecraft.client.sound.SoundSystem) Missing sound for event: minecraft:block.wart_block.break
[15:48:41] [Render thread/WARN] (net.minecraft.client.sound.SoundSystem) Missing sound for event: minecraft:block.wart_block.step
[15:48:41] [Render thread/WARN] (net.minecraft.client.sound.SoundSystem) Missing sound for event: minecraft:block.wart_block.place
[15:48:41] [Render thread/WARN] (net.minecraft.client.sound.SoundSystem) Missing sound for event: minecraft:block.wart_block.hit
[15:48:41] [Render thread/WARN] (net.minecraft.client.sound.SoundSystem) Missing sound for event: minecraft:block.wart_block.fall
[15:48:41] [Render thread/WARN] (net.minecraft.client.sound.SoundSystem) Missing sound for event: minecraft:block.netherite_block.break
[15:48:41] [Render thread/WARN] (net.minecraft.client.sound.SoundSystem) Missing sound for event: minecraft:block.netherite_block.step
[15:48:41] [Render thread/WARN] (net.minecraft.client.sound.SoundSystem) Missing sound for event: minecraft:block.netherite_block.place
[15:48:41] [Render thread/WARN] (net.minecraft.client.sound.SoundSystem) Missing sound for event: minecraft:block.netherite_block.hit
[15:48:41] [Render thread/WARN] (net.minecraft.client.sound.SoundSystem) Missing sound for event: minecraft:block.netherite_block.fall
[15:48:41] [Render thread/WARN] (net.minecraft.client.sound.SoundSystem) Missing sound for event: minecraft:block.netherrack.break
[15:48:41] [Render thread/WARN] (net.minecraft.client.sound.SoundSystem) Missing sound for event: minecraft:block.netherrack.step
[15:48:41] [Render thread/WARN] (net.minecraft.client.sound.SoundSystem) Missing sound for event: minecraft:block.netherrack.place
[15:48:41] [Render thread/WARN] (net.minecraft.client.sound.SoundSystem) Missing sound for event: minecraft:block.netherrack.hit
[15:48:41] [Render thread/WARN] (net.minecraft.client.sound.SoundSystem) Missing sound for event: minecraft:block.netherrack.fall
[15:48:41] [Render thread/WARN] (net.minecraft.client.sound.SoundSystem) Missing sound for event: minecraft:block.note_block.basedrum
[15:48:41] [Render thread/WARN] (net.minecraft.client.sound.SoundSystem) Missing sound for event: minecraft:block.note_block.bass
[15:48:41] [Render thread/WARN] (net.minecraft.client.sound.SoundSystem) Missing sound for event: minecraft:block.note_block.bell
[15:48:41] [Render thread/WARN] (net.minecraft.client.sound.SoundSystem) Missing sound for event: minecraft:block.note_block.chime
[15:48:41] [Render thread/WARN] (net.minecraft.client.sound.SoundSystem) Missing sound for event: minecraft:block.note_block.flute
[15:48:41] [Render thread/WARN] (net.minecraft.client.sound.SoundSystem) Missing sound for event: minecraft:block.note_block.guitar
[15:48:41] [Render thread/WARN] (net.minecraft.client.sound.SoundSystem) Missing sound for event: minecraft:block.note_block.harp
[15:48:41] [Render thread/WARN] (net.minecraft.client.sound.SoundSystem) Missing sound for event: minecraft:block.note_block.hat
[15:48:41] [Render thread/WARN] (net.minecraft.client.sound.SoundSystem) Missing sound for event: minecraft:block.note_block.pling
[15:48:41] [Render thread/WARN] (net.minecraft.client.sound.SoundSystem) Missing sound for event: minecraft:block.note_block.snare
[15:48:41] [Render thread/WARN] (net.minecraft.client.sound.SoundSystem) Missing sound for event: minecraft:block.note_block.xylophone
[15:48:41] [Render thread/WARN] (net.minecraft.client.sound.SoundSystem) Missing sound for event: minecraft:block.note_block.iron_xylophone
[15:48:41] [Render thread/WARN] (net.minecraft.client.sound.SoundSystem) Missing sound for event: minecraft:block.note_block.cow_bell
[15:48:41] [Render thread/WARN] (net.minecraft.client.sound.SoundSystem) Missing sound for event: minecraft:block.note_block.didgeridoo
[15:48:41] [Render thread/WARN] (net.minecraft.client.sound.SoundSystem) Missing sound for event: minecraft:block.note_block.bit
[15:48:41] [Render thread/WARN] (net.minecraft.client.sound.SoundSystem) Missing sound for event: minecraft:block.note_block.banjo
[15:48:41] [Render thread/WARN] (net.minecraft.client.sound.SoundSystem) Missing sound for event: minecraft:block.note_block.imitate.zombie
[15:48:41] [Render thread/WARN] (net.minecraft.client.sound.SoundSystem) Missing sound for event: minecraft:block.note_block.imitate.skeleton
[15:48:41] [Render thread/WARN] (net.minecraft.client.sound.SoundSystem) Missing sound for event: minecraft:block.note_block.imitate.creeper
[15:48:41] [Render thread/WARN] (net.minecraft.client.sound.SoundSystem) Missing sound for event: minecraft:block.note_block.imitate.ender_dragon
[15:48:41] [Render thread/WARN] (net.minecraft.client.sound.SoundSystem) Missing sound for event: minecraft:block.note_block.imitate.wither_skeleton
[15:48:41] [Render thread/WARN] (net.minecraft.client.sound.SoundSystem) Missing sound for event: minecraft:block.note_block.imitate.piglin
[15:48:41] [Render thread/WARN] (net.minecraft.client.sound.SoundSystem) Missing sound for event: minecraft:entity.ocelot.hurt
[15:48:41] [Render thread/WARN] (net.minecraft.client.sound.SoundSystem) Missing sound for event: minecraft:entity.ocelot.ambient
[15:48:41] [Render thread/WARN] (net.minecraft.client.sound.SoundSystem) Missing sound for event: minecraft:entity.ocelot.death
[15:48:41] [Render thread/WARN] (net.minecraft.client.sound.SoundSystem) Missing sound for event: minecraft:item.ominous_bottle.dispose
[15:48:41] [Render thread/WARN] (net.minecraft.client.sound.SoundSystem) Missing sound for event: minecraft:entity.painting.break
[15:48:41] [Render thread/WARN] (net.minecraft.client.sound.SoundSystem) Missing sound for event: minecraft:entity.painting.place
[15:48:41] [Render thread/WARN] (net.minecraft.client.sound.SoundSystem) Missing sound for event: minecraft:block.pale_hanging_moss.idle
[15:48:41] [Render thread/WARN] (net.minecraft.client.sound.SoundSystem) Missing sound for event: minecraft:entity.panda.pre_sneeze
[15:48:41] [Render thread/WARN] (net.minecraft.client.sound.SoundSystem) Missing sound for event: minecraft:entity.panda.sneeze
[15:48:41] [Render thread/WARN] (net.minecraft.client.sound.SoundSystem) Missing sound for event: minecraft:entity.panda.ambient
[15:48:41] [Render thread/WARN] (net.minecraft.client.sound.SoundSystem) Missing sound for event: minecraft:entity.panda.death
[15:48:41] [Render thread/WARN] (net.minecraft.client.sound.SoundSystem) Missing sound for event: minecraft:entity.panda.eat
[15:48:41] [Render thread/WARN] (net.minecraft.client.sound.SoundSystem) Missing sound for event: minecraft:entity.panda.step
[15:48:41] [Render thread/WARN] (net.minecraft.client.sound.SoundSystem) Missing sound for event: minecraft:entity.panda.cant_breed
[15:48:41] [Render thread/WARN] (net.minecraft.client.sound.SoundSystem) Missing sound for event: minecraft:entity.panda.aggressive_ambient
[15:48:41] [Render thread/WARN] (net.minecraft.client.sound.SoundSystem) Missing sound for event: minecraft:entity.panda.worried_ambient
[15:48:41] [Render thread/WARN] (net.minecraft.client.sound.SoundSystem) Missing sound for event: minecraft:entity.panda.hurt
[15:48:41] [Render thread/WARN] (net.minecraft.client.sound.SoundSystem) Missing sound for event: minecraft:entity.panda.bite
[15:48:41] [Render thread/WARN] (net.minecraft.client.sound.SoundSystem) Missing sound for event: minecraft:entity.parrot.ambient
[15:48:41] [Render thread/WARN] (net.minecraft.client.sound.SoundSystem) Missing sound for event: minecraft:entity.parrot.death
[15:48:41] [Render thread/WARN] (net.minecraft.client.sound.SoundSystem) Missing sound for event: minecraft:entity.parrot.eat
[15:48:41] [Render thread/WARN] (net.minecraft.client.sound.SoundSystem) Missing sound for event: minecraft:entity.parrot.fly
[15:48:41] [Render thread/WARN] (net.minecraft.client.sound.SoundSystem) Missing sound for event: minecraft:entity.parrot.hurt
[15:48:41] [Render thread/WARN] (net.minecraft.client.sound.SoundSystem) Missing sound for event: minecraft:entity.parrot.imitate.blaze
[15:48:41] [Render thread/WARN] (net.minecraft.client.sound.SoundSystem) Missing sound for event: minecraft:entity.parrot.imitate.bogged
[15:48:41] [Render thread/WARN] (net.minecraft.client.sound.SoundSystem) Missing sound for event: minecraft:entity.parrot.imitate.breeze
[15:48:41] [Render thread/WARN] (net.minecraft.client.sound.SoundSystem) Missing sound for event: minecraft:entity.parrot.imitate.creaking
[15:48:41] [Render thread/WARN] (net.minecraft.client.sound.SoundSystem) Missing sound for event: minecraft:entity.parrot.imitate.creeper
[15:48:41] [Render thread/WARN] (net.minecraft.client.sound.SoundSystem) Missing sound for event: minecraft:entity.parrot.imitate.drowned
[15:48:41] [Render thread/WARN] (net.minecraft.client.sound.SoundSystem) Missing sound for event: minecraft:entity.parrot.imitate.elder_guardian
[15:48:41] [Render thread/WARN] (net.minecraft.client.sound.SoundSystem) Missing sound for event: minecraft:entity.parrot.imitate.ender_dragon
[15:48:41] [Render thread/WARN] (net.minecraft.client.sound.SoundSystem) Missing sound for event: minecraft:entity.parrot.imitate.endermite
[15:48:41] [Render thread/WARN] (net.minecraft.client.sound.SoundSystem) Missing sound for event: minecraft:entity.parrot.imitate.evoker
[15:48:41] [Render thread/WARN] (net.minecraft.client.sound.SoundSystem) Missing sound for event: minecraft:entity.parrot.imitate.ghast
[15:48:41] [Render thread/WARN] (net.minecraft.client.sound.SoundSystem) Missing sound for event: minecraft:entity.parrot.imitate.guardian
[15:48:41] [Render thread/WARN] (net.minecraft.client.sound.SoundSystem) Missing sound for event: minecraft:entity.parrot.imitate.hoglin
[15:48:41] [Render thread/WARN] (net.minecraft.client.sound.SoundSystem) Missing sound for event: minecraft:entity.parrot.imitate.husk
[15:48:41] [Render thread/WARN] (net.minecraft.client.sound.SoundSystem) Missing sound for event: minecraft:entity.parrot.imitate.illusioner
[15:48:41] [Render thread/WARN] (net.minecraft.client.sound.SoundSystem) Missing sound for event: minecraft:entity.parrot.imitate.magma_cube
[15:48:41] [Render thread/WARN] (net.minecraft.client.sound.SoundSystem) Missing sound for event: minecraft:entity.parrot.imitate.phantom
[15:48:41] [Render thread/WARN] (net.minecraft.client.sound.SoundSystem) Missing sound for event: minecraft:entity.parrot.imitate.piglin
[15:48:41] [Render thread/WARN] (net.minecraft.client.sound.SoundSystem) Missing sound for event: minecraft:entity.parrot.imitate.piglin_brute
[15:48:41] [Render thread/WARN] (net.minecraft.client.sound.SoundSystem) Missing sound for event: minecraft:entity.parrot.imitate.pillager
[15:48:41] [Render thread/WARN] (net.minecraft.client.sound.SoundSystem) Missing sound for event: minecraft:entity.parrot.imitate.ravager
[15:48:41] [Render thread/WARN] (net.minecraft.client.sound.SoundSystem) Missing sound for event: minecraft:entity.parrot.imitate.shulker
[15:48:41] [Render thread/WARN] (net.minecraft.client.sound.SoundSystem) Missing sound for event: minecraft:entity.parrot.imitate.silverfish
[15:48:41] [Render thread/WARN] (net.minecraft.client.sound.SoundSystem) Missing sound for event: minecraft:entity.parrot.imitate.skeleton
[15:48:41] [Render thread/WARN] (net.minecraft.client.sound.SoundSystem) Missing sound for event: minecraft:entity.parrot.imitate.slime
[15:48:41] [Render thread/WARN] (net.minecraft.client.sound.SoundSystem) Missing sound for event: minecraft:entity.parrot.imitate.spider
[15:48:41] [Render thread/WARN] (net.minecraft.client.sound.SoundSystem) Missing sound for event: minecraft:entity.parrot.imitate.stray
[15:48:41] [Render thread/WARN] (net.minecraft.client.sound.SoundSystem) Missing sound for event: minecraft:entity.parrot.imitate.vex
[15:48:41] [Render thread/WARN] (net.minecraft.client.sound.SoundSystem) Missing sound for event: minecraft:entity.parrot.imitate.vindicator
[15:48:41] [Render thread/WARN] (net.minecraft.client.sound.SoundSystem) Missing sound for event: minecraft:entity.parrot.imitate.warden
[15:48:41] [Render thread/WARN] (net.minecraft.client.sound.SoundSystem) Missing sound for event: minecraft:entity.parrot.imitate.witch
[15:48:41] [Render thread/WARN] (net.minecraft.client.sound.SoundSystem) Missing sound for event: minecraft:entity.parrot.imitate.wither
[15:48:41] [Render thread/WARN] (net.minecraft.client.sound.SoundSystem) Missing sound for event: minecraft:entity.parrot.imitate.wither_skeleton
[15:48:41] [Render thread/WARN] (net.minecraft.client.sound.SoundSystem) Missing sound for event: minecraft:entity.parrot.imitate.zoglin
[15:48:41] [Render thread/WARN] (net.minecraft.client.sound.SoundSystem) Missing sound for event: minecraft:entity.parrot.imitate.zombie
[15:48:41] [Render thread/WARN] (net.minecraft.client.sound.SoundSystem) Missing sound for event: minecraft:entity.parrot.imitate.zombie_villager
[15:48:41] [Render thread/WARN] (net.minecraft.client.sound.SoundSystem) Missing sound for event: minecraft:entity.parrot.step
[15:48:41] [Render thread/WARN] (net.minecraft.client.sound.SoundSystem) Missing sound for event: minecraft:entity.phantom.ambient
[15:48:41] [Render thread/WARN] (net.minecraft.client.sound.SoundSystem) Missing sound for event: minecraft:entity.phantom.bite
[15:48:41] [Render thread/WARN] (net.minecraft.client.sound.SoundSystem) Missing sound for event: minecraft:entity.phantom.death
[15:48:41] [Render thread/WARN] (net.minecraft.client.sound.SoundSystem) Missing sound for event: minecraft:entity.phantom.flap
[15:48:41] [Render thread/WARN] (net.minecraft.client.sound.SoundSystem) Missing sound for event: minecraft:entity.phantom.hurt
[15:48:41] [Render thread/WARN] (net.minecraft.client.sound.SoundSystem) Missing sound for event: minecraft:entity.phantom.swoop
[15:48:41] [Render thread/WARN] (net.minecraft.client.sound.SoundSystem) Missing sound for event: minecraft:entity.pig.ambient
[15:48:41] [Render thread/WARN] (net.minecraft.client.sound.SoundSystem) Missing sound for event: minecraft:entity.pig.death
[15:48:41] [Render thread/WARN] (net.minecraft.client.sound.SoundSystem) Missing sound for event: minecraft:entity.pig.hurt
[15:48:41] [Render thread/WARN] (net.minecraft.client.sound.SoundSystem) Missing sound for event: minecraft:entity.pig.saddle
[15:48:41] [Render thread/WARN] (net.minecraft.client.sound.SoundSystem) Missing sound for event: minecraft:entity.pig.step
[15:48:41] [Render thread/WARN] (net.minecraft.client.sound.SoundSystem) Missing sound for event: minecraft:entity.piglin.admiring_item
[15:48:41] [Render thread/WARN] (net.minecraft.client.sound.SoundSystem) Missing sound for event: minecraft:entity.piglin.ambient
[15:48:41] [Render thread/WARN] (net.minecraft.client.sound.SoundSystem) Missing sound for event: minecraft:entity.piglin.angry
[15:48:41] [Render thread/WARN] (net.minecraft.client.sound.SoundSystem) Missing sound for event: minecraft:entity.piglin.celebrate
[15:48:41] [Render thread/WARN] (net.minecraft.client.sound.SoundSystem) Missing sound for event: minecraft:entity.piglin.death
[15:48:41] [Render thread/WARN] (net.minecraft.client.sound.SoundSystem) Missing sound for event: minecraft:entity.piglin.jealous
[15:48:41] [Render thread/WARN] (net.minecraft.client.sound.SoundSystem) Missing sound for event: minecraft:entity.piglin.hurt
[15:48:41] [Render thread/WARN] (net.minecraft.client.sound.SoundSystem) Missing sound for event: minecraft:entity.piglin.retreat
[15:48:41] [Render thread/WARN] (net.minecraft.client.sound.SoundSystem) Missing sound for event: minecraft:entity.piglin.step
[15:48:41] [Render thread/WARN] (net.minecraft.client.sound.SoundSystem) Missing sound for event: minecraft:entity.piglin.converted_to_zombified
[15:48:41] [Render thread/WARN] (net.minecraft.client.sound.SoundSystem) Missing sound for event: minecraft:entity.piglin_brute.ambient
[15:48:41] [Render thread/WARN] (net.minecraft.client.sound.SoundSystem) Missing sound for event: minecraft:entity.piglin_brute.angry
[15:48:41] [Render thread/WARN] (net.minecraft.client.sound.SoundSystem) Missing sound for event: minecraft:entity.piglin_brute.death
[15:48:41] [Render thread/WARN] (net.minecraft.client.sound.SoundSystem) Missing sound for event: minecraft:entity.piglin_brute.hurt
[15:48:41] [Render thread/WARN] (net.minecraft.client.sound.SoundSystem) Missing sound for event: minecraft:entity.piglin_brute.step
[15:48:41] [Render thread/WARN] (net.minecraft.client.sound.SoundSystem) Missing sound for event: minecraft:entity.piglin_brute.converted_to_zombified
[15:48:41] [Render thread/WARN] (net.minecraft.client.sound.SoundSystem) Missing sound for event: minecraft:entity.pillager.ambient
[15:48:41] [Render thread/WARN] (net.minecraft.client.sound.SoundSystem) Missing sound for event: minecraft:entity.pillager.celebrate
[15:48:41] [Render thread/WARN] (net.minecraft.client.sound.SoundSystem) Missing sound for event: minecraft:entity.pillager.death
[15:48:41] [Render thread/WARN] (net.minecraft.client.sound.SoundSystem) Missing sound for event: minecraft:entity.pillager.hurt
[15:48:41] [Render thread/WARN] (net.minecraft.client.sound.SoundSystem) Missing sound for event: minecraft:block.piston.contract
[15:48:41] [Render thread/WARN] (net.minecraft.client.sound.SoundSystem) Missing sound for event: minecraft:block.piston.extend
[15:48:41] [Render thread/WARN] (net.minecraft.client.sound.SoundSystem) Missing sound for event: minecraft:entity.player.attack.crit
[15:48:41] [Render thread/WARN] (net.minecraft.client.sound.SoundSystem) Missing sound for event: minecraft:entity.player.attack.knockback
[15:48:41] [Render thread/WARN] (net.minecraft.client.sound.SoundSystem) Missing sound for event: minecraft:entity.player.attack.nodamage
[15:48:41] [Render thread/WARN] (net.minecraft.client.sound.SoundSystem) Missing sound for event: minecraft:entity.player.attack.strong
[15:48:41] [Render thread/WARN] (net.minecraft.client.sound.SoundSystem) Missing sound for event: minecraft:entity.player.attack.sweep
[15:48:41] [Render thread/WARN] (net.minecraft.client.sound.SoundSystem) Missing sound for event: minecraft:entity.player.attack.weak
[15:48:41] [Render thread/WARN] (net.minecraft.client.sound.SoundSystem) Missing sound for event: minecraft:entity.player.big_fall
[15:48:41] [Render thread/WARN] (net.minecraft.client.sound.SoundSystem) Missing sound for event: minecraft:entity.player.breath
[15:48:41] [Render thread/WARN] (net.minecraft.client.sound.SoundSystem) Missing sound for event: minecraft:entity.player.burp
[15:48:41] [Render thread/WARN] (net.minecraft.client.sound.SoundSystem) Missing sound for event: minecraft:entity.player.death
[15:48:41] [Render thread/WARN] (net.minecraft.client.sound.SoundSystem) Missing sound for event: minecraft:entity.player.hurt
[15:48:41] [Render thread/WARN] (net.minecraft.client.sound.SoundSystem) Missing sound for event: minecraft:entity.player.hurt_drown
[15:48:41] [Render thread/WARN] (net.minecraft.client.sound.SoundSystem) Missing sound for event: minecraft:entity.player.hurt_freeze
[15:48:41] [Render thread/WARN] (net.minecraft.client.sound.SoundSystem) Missing sound for event: minecraft:entity.player.hurt_on_fire
[15:48:41] [Render thread/WARN] (net.minecraft.client.sound.SoundSystem) Missing sound for event: minecraft:entity.player.hurt_sweet_berry_bush
[15:48:41] [Render thread/WARN] (net.minecraft.client.sound.SoundSystem) Missing sound for event: minecraft:entity.player.levelup
[15:48:41] [Render thread/WARN] (net.minecraft.client.sound.SoundSystem) Missing sound for event: minecraft:entity.player.small_fall
[15:48:41] [Render thread/WARN] (net.minecraft.client.sound.SoundSystem) Missing sound for event: minecraft:entity.player.splash
[15:48:41] [Render thread/WARN] (net.minecraft.client.sound.SoundSystem) Missing sound for event: minecraft:entity.player.splash.high_speed
[15:48:41] [Render thread/WARN] (net.minecraft.client.sound.SoundSystem) Missing sound for event: minecraft:entity.player.swim
[15:48:41] [Render thread/WARN] (net.minecraft.client.sound.SoundSystem) Missing sound for event: minecraft:entity.player.teleport
[15:48:41] [Render thread/WARN] (net.minecraft.client.sound.SoundSystem) Missing sound for event: minecraft:entity.polar_bear.ambient
[15:48:41] [Render thread/WARN] (net.minecraft.client.sound.SoundSystem) Missing sound for event: minecraft:entity.polar_bear.ambient_baby
[15:48:41] [Render thread/WARN] (net.minecraft.client.sound.SoundSystem) Missing sound for event: minecraft:entity.polar_bear.death
[15:48:41] [Render thread/WARN] (net.minecraft.client.sound.SoundSystem) Missing sound for event: minecraft:entity.polar_bear.hurt
[15:48:41] [Render thread/WARN] (net.minecraft.client.sound.SoundSystem) Missing sound for event: minecraft:entity.polar_bear.step
[15:48:41] [Render thread/WARN] (net.minecraft.client.sound.SoundSystem) Missing sound for event: minecraft:entity.polar_bear.warning
[15:48:41] [Render thread/WARN] (net.minecraft.client.sound.SoundSystem) Missing sound for event: minecraft:block.polished_deepslate.break
[15:48:41] [Render thread/WARN] (net.minecraft.client.sound.SoundSystem) Missing sound for event: minecraft:block.polished_deepslate.fall
[15:48:41] [Render thread/WARN] (net.minecraft.client.sound.SoundSystem) Missing sound for event: minecraft:block.polished_deepslate.hit
[15:48:41] [Render thread/WARN] (net.minecraft.client.sound.SoundSystem) Missing sound for event: minecraft:block.polished_deepslate.place
[15:48:41] [Render thread/WARN] (net.minecraft.client.sound.SoundSystem) Missing sound for event: minecraft:block.polished_deepslate.step
[15:48:41] [Render thread/WARN] (net.minecraft.client.sound.SoundSystem) Missing sound for event: minecraft:block.portal.ambient
[15:48:41] [Render thread/WARN] (net.minecraft.client.sound.SoundSystem) Missing sound for event: minecraft:block.portal.travel
[15:48:41] [Render thread/WARN] (net.minecraft.client.sound.SoundSystem) Missing sound for event: minecraft:block.portal.trigger
[15:48:41] [Render thread/WARN] (net.minecraft.client.sound.SoundSystem) Missing sound for event: minecraft:block.powder_snow.break
[15:48:41] [Render thread/WARN] (net.minecraft.client.sound.SoundSystem) Missing sound for event: minecraft:block.powder_snow.fall
[15:48:41] [Render thread/WARN] (net.minecraft.client.sound.SoundSystem) Missing sound for event: minecraft:block.powder_snow.hit
[15:48:41] [Render thread/WARN] (net.minecraft.client.sound.SoundSystem) Missing sound for event: minecraft:block.powder_snow.place
[15:48:41] [Render thread/WARN] (net.minecraft.client.sound.SoundSystem) Missing sound for event: minecraft:block.powder_snow.step
[15:48:41] [Render thread/WARN] (net.minecraft.client.sound.SoundSystem) Missing sound for event: minecraft:entity.puffer_fish.blow_out
[15:48:41] [Render thread/WARN] (net.minecraft.client.sound.SoundSystem) Missing sound for event: minecraft:entity.puffer_fish.blow_up
[15:48:41] [Render thread/WARN] (net.minecraft.client.sound.SoundSystem) Missing sound for event: minecraft:entity.puffer_fish.death
[15:48:41] [Render thread/WARN] (net.minecraft.client.sound.SoundSystem) Missing sound for event: minecraft:entity.puffer_fish.flop
[15:48:41] [Render thread/WARN] (net.minecraft.client.sound.SoundSystem) Missing sound for event: minecraft:entity.puffer_fish.hurt
[15:48:41] [Render thread/WARN] (net.minecraft.client.sound.SoundSystem) Missing sound for event: minecraft:entity.puffer_fish.sting
[15:48:41] [Render thread/WARN] (net.minecraft.client.sound.SoundSystem) Missing sound for event: minecraft:block.pumpkin.carve
[15:48:41] [Render thread/WARN] (net.minecraft.client.sound.SoundSystem) Missing sound for event: minecraft:entity.rabbit.ambient
[15:48:41] [Render thread/WARN] (net.minecraft.client.sound.SoundSystem) Missing sound for event: minecraft:entity.rabbit.attack
[15:48:41] [Render thread/WARN] (net.minecraft.client.sound.SoundSystem) Missing sound for event: minecraft:entity.rabbit.death
[15:48:41] [Render thread/WARN] (net.minecraft.client.sound.SoundSystem) Missing sound for event: minecraft:entity.rabbit.hurt
[15:48:41] [Render thread/WARN] (net.minecraft.client.sound.SoundSystem) Missing sound for event: minecraft:entity.rabbit.jump
[15:48:41] [Render thread/WARN] (net.minecraft.client.sound.SoundSystem) Missing sound for event: minecraft:event.raid.horn
[15:48:41] [Render thread/WARN] (net.minecraft.client.sound.SoundSystem) Missing sound for event: minecraft:entity.ravager.ambient
[15:48:41] [Render thread/WARN] (net.minecraft.client.sound.SoundSystem) Missing sound for event: minecraft:entity.ravager.attack
[15:48:41] [Render thread/WARN] (net.minecraft.client.sound.SoundSystem) Missing sound for event: minecraft:entity.ravager.celebrate
[15:48:41] [Render thread/WARN] (net.minecraft.client.sound.SoundSystem) Missing sound for event: minecraft:entity.ravager.death
[15:48:41] [Render thread/WARN] (net.minecraft.client.sound.SoundSystem) Missing sound for event: minecraft:entity.ravager.hurt
[15:48:41] [Render thread/WARN] (net.minecraft.client.sound.SoundSystem) Missing sound for event: minecraft:entity.ravager.step
[15:48:41] [Render thread/WARN] (net.minecraft.client.sound.SoundSystem) Missing sound for event: minecraft:entity.ravager.stunned
[15:48:41] [Render thread/WARN] (net.minecraft.client.sound.SoundSystem) Missing sound for event: minecraft:entity.ravager.roar
[15:48:41] [Render thread/WARN] (net.minecraft.client.sound.SoundSystem) Missing sound for event: minecraft:block.nether_gold_ore.break
[15:48:41] [Render thread/WARN] (net.minecraft.client.sound.SoundSystem) Missing sound for event: minecraft:block.nether_gold_ore.fall
[15:48:41] [Render thread/WARN] (net.minecraft.client.sound.SoundSystem) Missing sound for event: minecraft:block.nether_gold_ore.hit
[15:48:41] [Render thread/WARN] (net.minecraft.client.sound.SoundSystem) Missing sound for event: minecraft:block.nether_gold_ore.place
[15:48:41] [Render thread/WARN] (net.minecraft.client.sound.SoundSystem) Missing sound for event: minecraft:block.nether_gold_ore.step
[15:48:41] [Render thread/WARN] (net.minecraft.client.sound.SoundSystem) Missing sound for event: minecraft:block.nether_ore.break
[15:48:41] [Render thread/WARN] (net.minecraft.client.sound.SoundSystem) Missing sound for event: minecraft:block.nether_ore.fall
[15:48:41] [Render thread/WARN] (net.minecraft.client.sound.SoundSystem) Missing sound for event: minecraft:block.nether_ore.hit
[15:48:41] [Render thread/WARN] (net.minecraft.client.sound.SoundSystem) Missing sound for event: minecraft:block.nether_ore.place
[15:48:41] [Render thread/WARN] (net.minecraft.client.sound.SoundSystem) Missing sound for event: minecraft:block.nether_ore.step
[15:48:41] [Render thread/WARN] (net.minecraft.client.sound.SoundSystem) Missing sound for event: minecraft:block.redstone_torch.burnout
[15:48:41] [Render thread/WARN] (net.minecraft.client.sound.SoundSystem) Missing sound for event: minecraft:block.respawn_anchor.ambient
[15:48:41] [Render thread/WARN] (net.minecraft.client.sound.SoundSystem) Missing sound for event: minecraft:block.respawn_anchor.charge
[15:48:41] [Render thread/WARN] (net.minecraft.client.sound.SoundSystem) Missing sound for event: minecraft:block.respawn_anchor.deplete
[15:48:41] [Render thread/WARN] (net.minecraft.client.sound.SoundSystem) Missing sound for event: minecraft:block.respawn_anchor.set_spawn
[15:48:41] [Render thread/WARN] (net.minecraft.client.sound.SoundSystem) Missing sound for event: minecraft:block.rooted_dirt.break
[15:48:41] [Render thread/WARN] (net.minecraft.client.sound.SoundSystem) Missing sound for event: minecraft:block.rooted_dirt.fall
[15:48:41] [Render thread/WARN] (net.minecraft.client.sound.SoundSystem) Missing sound for event: minecraft:block.rooted_dirt.hit
[15:48:41] [Render thread/WARN] (net.minecraft.client.sound.SoundSystem) Missing sound for event: minecraft:block.rooted_dirt.place
[15:48:41] [Render thread/WARN] (net.minecraft.client.sound.SoundSystem) Missing sound for event: minecraft:block.rooted_dirt.step
[15:48:41] [Render thread/WARN] (net.minecraft.client.sound.SoundSystem) Missing sound for event: minecraft:entity.salmon.ambient
[15:48:41] [Render thread/WARN] (net.minecraft.client.sound.SoundSystem) Missing sound for event: minecraft:entity.salmon.death
[15:48:41] [Render thread/WARN] (net.minecraft.client.sound.SoundSystem) Missing sound for event: minecraft:entity.salmon.flop
[15:48:41] [Render thread/WARN] (net.minecraft.client.sound.SoundSystem) Missing sound for event: minecraft:entity.salmon.hurt
[15:48:41] [Render thread/WARN] (net.minecraft.client.sound.SoundSystem) Missing sound for event: minecraft:block.sand.break
[15:48:41] [Render thread/WARN] (net.minecraft.client.sound.SoundSystem) Missing sound for event: minecraft:block.sand.fall
[15:48:41] [Render thread/WARN] (net.minecraft.client.sound.SoundSystem) Missing sound for event: minecraft:block.sand.hit
[15:48:41] [Render thread/WARN] (net.minecraft.client.sound.SoundSystem) Missing sound for event: minecraft:block.sand.place
[15:48:41] [Render thread/WARN] (net.minecraft.client.sound.SoundSystem) Missing sound for event: minecraft:block.sand.step
[15:48:41] [Render thread/WARN] (net.minecraft.client.sound.SoundSystem) Missing sound for event: minecraft:block.sand.idle
[15:48:41] [Render thread/WARN] (net.minecraft.client.sound.SoundSystem) Missing sound for event: minecraft:block.scaffolding.break
[15:48:41] [Render thread/WARN] (net.minecraft.client.sound.SoundSystem) Missing sound for event: minecraft:block.scaffolding.fall
[15:48:41] [Render thread/WARN] (net.minecraft.client.sound.SoundSystem) Missing sound for event: minecraft:block.scaffolding.hit
[15:48:41] [Render thread/WARN] (net.minecraft.client.sound.SoundSystem) Missing sound for event: minecraft:block.scaffolding.place
[15:48:41] [Render thread/WARN] (net.minecraft.client.sound.SoundSystem) Missing sound for event: minecraft:block.scaffolding.step
[15:48:41] [Render thread/WARN] (net.minecraft.client.sound.SoundSystem) Missing sound for event: minecraft:block.sculk.spread
[15:48:41] [Render thread/WARN] (net.minecraft.client.sound.SoundSystem) Missing sound for event: minecraft:block.sculk.charge
[15:48:41] [Render thread/WARN] (net.minecraft.client.sound.SoundSystem) Missing sound for event: minecraft:block.sculk.break
[15:48:41] [Render thread/WARN] (net.minecraft.client.sound.SoundSystem) Missing sound for event: minecraft:block.sculk.fall
[15:48:41] [Render thread/WARN] (net.minecraft.client.sound.SoundSystem) Missing sound for event: minecraft:block.sculk.hit
[15:48:41] [Render thread/WARN] (net.minecraft.client.sound.SoundSystem) Missing sound for event: minecraft:block.sculk.place
[15:48:41] [Render thread/WARN] (net.minecraft.client.sound.SoundSystem) Missing sound for event: minecraft:block.sculk.step
[15:48:41] [Render thread/WARN] (net.minecraft.client.sound.SoundSystem) Missing sound for event: minecraft:block.sculk_catalyst.bloom
[15:48:41] [Render thread/WARN] (net.minecraft.client.sound.SoundSystem) Missing sound for event: minecraft:block.sculk_catalyst.break
[15:48:41] [Render thread/WARN] (net.minecraft.client.sound.SoundSystem) Missing sound for event: minecraft:block.sculk_catalyst.fall
[15:48:41] [Render thread/WARN] (net.minecraft.client.sound.SoundSystem) Missing sound for event: minecraft:block.sculk_catalyst.hit
[15:48:41] [Render thread/WARN] (net.minecraft.client.sound.SoundSystem) Missing sound for event: minecraft:block.sculk_catalyst.place
[15:48:41] [Render thread/WARN] (net.minecraft.client.sound.SoundSystem) Missing sound for event: minecraft:block.sculk_catalyst.step
[15:48:41] [Render thread/WARN] (net.minecraft.client.sound.SoundSystem) Missing sound for event: minecraft:block.sculk_sensor.clicking
[15:48:41] [Render thread/WARN] (net.minecraft.client.sound.SoundSystem) Missing sound for event: minecraft:block.sculk_sensor.clicking_stop
[15:48:41] [Render thread/WARN] (net.minecraft.client.sound.SoundSystem) Missing sound for event: minecraft:block.sculk_sensor.break
[15:48:41] [Render thread/WARN] (net.minecraft.client.sound.SoundSystem) Missing sound for event: minecraft:block.sculk_sensor.fall
[15:48:41] [Render thread/WARN] (net.minecraft.client.sound.SoundSystem) Missing sound for event: minecraft:block.sculk_sensor.hit
[15:48:41] [Render thread/WARN] (net.minecraft.client.sound.SoundSystem) Missing sound for event: minecraft:block.sculk_sensor.place
[15:48:41] [Render thread/WARN] (net.minecraft.client.sound.SoundSystem) Missing sound for event: minecraft:block.sculk_sensor.step
[15:48:41] [Render thread/WARN] (net.minecraft.client.sound.SoundSystem) Missing sound for event: minecraft:block.sculk_shrieker.break
[15:48:41] [Render thread/WARN] (net.minecraft.client.sound.SoundSystem) Missing sound for event: minecraft:block.sculk_shrieker.fall
[15:48:41] [Render thread/WARN] (net.minecraft.client.sound.SoundSystem) Missing sound for event: minecraft:block.sculk_shrieker.hit
[15:48:41] [Render thread/WARN] (net.minecraft.client.sound.SoundSystem) Missing sound for event: minecraft:block.sculk_shrieker.place
[15:48:41] [Render thread/WARN] (net.minecraft.client.sound.SoundSystem) Missing sound for event: minecraft:block.sculk_shrieker.shriek
[15:48:41] [Render thread/WARN] (net.minecraft.client.sound.SoundSystem) Missing sound for event: minecraft:block.sculk_shrieker.step
[15:48:41] [Render thread/WARN] (net.minecraft.client.sound.SoundSystem) Missing sound for event: minecraft:block.sculk_vein.break
[15:48:41] [Render thread/WARN] (net.minecraft.client.sound.SoundSystem) Missing sound for event: minecraft:block.sculk_vein.fall
[15:48:41] [Render thread/WARN] (net.minecraft.client.sound.SoundSystem) Missing sound for event: minecraft:block.sculk_vein.hit
[15:48:41] [Render thread/WARN] (net.minecraft.client.sound.SoundSystem) Missing sound for event: minecraft:block.sculk_vein.place
[15:48:41] [Render thread/WARN] (net.minecraft.client.sound.SoundSystem) Missing sound for event: minecraft:block.sculk_vein.step
[15:48:41] [Render thread/WARN] (net.minecraft.client.sound.SoundSystem) Missing sound for event: minecraft:entity.sheep.ambient
[15:48:41] [Render thread/WARN] (net.minecraft.client.sound.SoundSystem) Missing sound for event: minecraft:entity.sheep.death
[15:48:41] [Render thread/WARN] (net.minecraft.client.sound.SoundSystem) Missing sound for event: minecraft:entity.sheep.hurt
[15:48:41] [Render thread/WARN] (net.minecraft.client.sound.SoundSystem) Missing sound for event: minecraft:entity.sheep.shear
[15:48:41] [Render thread/WARN] (net.minecraft.client.sound.SoundSystem) Missing sound for event: minecraft:entity.sheep.step
[15:48:41] [Render thread/WARN] (net.minecraft.client.sound.SoundSystem) Missing sound for event: minecraft:item.shears.snip
[15:48:41] [Render thread/WARN] (net.minecraft.client.sound.SoundSystem) Missing sound for event: minecraft:item.shield.block
[15:48:41] [Render thread/WARN] (net.minecraft.client.sound.SoundSystem) Missing sound for event: minecraft:item.shield.break
[15:48:41] [Render thread/WARN] (net.minecraft.client.sound.SoundSystem) Missing sound for event: minecraft:block.shroomlight.break
[15:48:41] [Render thread/WARN] (net.minecraft.client.sound.SoundSystem) Missing sound for event: minecraft:block.shroomlight.step
[15:48:41] [Render thread/WARN] (net.minecraft.client.sound.SoundSystem) Missing sound for event: minecraft:block.shroomlight.place
[15:48:41] [Render thread/WARN] (net.minecraft.client.sound.SoundSystem) Missing sound for event: minecraft:block.shroomlight.hit
[15:48:41] [Render thread/WARN] (net.minecraft.client.sound.SoundSystem) Missing sound for event: minecraft:block.shroomlight.fall
[15:48:41] [Render thread/WARN] (net.minecraft.client.sound.SoundSystem) Missing sound for event: minecraft:item.shovel.flatten
[15:48:41] [Render thread/WARN] (net.minecraft.client.sound.SoundSystem) Missing sound for event: minecraft:entity.shulker.ambient
[15:48:41] [Render thread/WARN] (net.minecraft.client.sound.SoundSystem) Missing sound for event: minecraft:block.shulker_box.close
[15:48:41] [Render thread/WARN] (net.minecraft.client.sound.SoundSystem) Missing sound for event: minecraft:block.shulker_box.open
[15:48:41] [Render thread/WARN] (net.minecraft.client.sound.SoundSystem) Missing sound for event: minecraft:entity.shulker_bullet.hit
[15:48:41] [Render thread/WARN] (net.minecraft.client.sound.SoundSystem) Missing sound for event: minecraft:entity.shulker_bullet.hurt
[15:48:41] [Render thread/WARN] (net.minecraft.client.sound.SoundSystem) Missing sound for event: minecraft:entity.shulker.close
[15:48:41] [Render thread/WARN] (net.minecraft.client.sound.SoundSystem) Missing sound for event: minecraft:entity.shulker.death
[15:48:41] [Render thread/WARN] (net.minecraft.client.sound.SoundSystem) Missing sound for event: minecraft:entity.shulker.hurt
[15:48:41] [Render thread/WARN] (net.minecraft.client.sound.SoundSystem) Missing sound for event: minecraft:entity.shulker.hurt_closed
[15:48:41] [Render thread/WARN] (net.minecraft.client.sound.SoundSystem) Missing sound for event: minecraft:entity.shulker.open
[15:48:41] [Render thread/WARN] (net.minecraft.client.sound.SoundSystem) Missing sound for event: minecraft:entity.shulker.shoot
[15:48:41] [Render thread/WARN] (net.minecraft.client.sound.SoundSystem) Missing sound for event: minecraft:entity.shulker.teleport
[15:48:41] [Render thread/WARN] (net.minecraft.client.sound.SoundSystem) Missing sound for event: minecraft:entity.silverfish.ambient
[15:48:41] [Render thread/WARN] (net.minecraft.client.sound.SoundSystem) Missing sound for event: minecraft:entity.silverfish.death
[15:48:41] [Render thread/WARN] (net.minecraft.client.sound.SoundSystem) Missing sound for event: minecraft:entity.silverfish.hurt
[15:48:41] [Render thread/WARN] (net.minecraft.client.sound.SoundSystem) Missing sound for event: minecraft:entity.silverfish.step
[15:48:41] [Render thread/WARN] (net.minecraft.client.sound.SoundSystem) Missing sound for event: minecraft:entity.skeleton.ambient
[15:48:41] [Render thread/WARN] (net.minecraft.client.sound.SoundSystem) Missing sound for event: minecraft:entity.skeleton.converted_to_stray
[15:48:41] [Render thread/WARN] (net.minecraft.client.sound.SoundSystem) Missing sound for event: minecraft:entity.skeleton.death
[15:48:41] [Render thread/WARN] (net.minecraft.client.sound.SoundSystem) Missing sound for event: minecraft:entity.skeleton_horse.ambient
[15:48:41] [Render thread/WARN] (net.minecraft.client.sound.SoundSystem) Missing sound for event: minecraft:entity.skeleton_horse.death
[15:48:41] [Render thread/WARN] (net.minecraft.client.sound.SoundSystem) Missing sound for event: minecraft:entity.skeleton_horse.hurt
[15:48:41] [Render thread/WARN] (net.minecraft.client.sound.SoundSystem) Missing sound for event: minecraft:entity.skeleton_horse.swim
[15:48:41] [Render thread/WARN] (net.minecraft.client.sound.SoundSystem) Missing sound for event: minecraft:entity.skeleton_horse.ambient_water
[15:48:41] [Render thread/WARN] (net.minecraft.client.sound.SoundSystem) Missing sound for event: minecraft:entity.skeleton_horse.gallop_water
[15:48:41] [Render thread/WARN] (net.minecraft.client.sound.SoundSystem) Missing sound for event: minecraft:entity.skeleton_horse.jump_water
[15:48:41] [Render thread/WARN] (net.minecraft.client.sound.SoundSystem) Missing sound for event: minecraft:entity.skeleton_horse.step_water
[15:48:41] [Render thread/WARN] (net.minecraft.client.sound.SoundSystem) Missing sound for event: minecraft:entity.skeleton.hurt
[15:48:41] [Render thread/WARN] (net.minecraft.client.sound.SoundSystem) Missing sound for event: minecraft:entity.skeleton.shoot
[15:48:41] [Render thread/WARN] (net.minecraft.client.sound.SoundSystem) Missing sound for event: minecraft:entity.skeleton.step
[15:48:41] [Render thread/WARN] (net.minecraft.client.sound.SoundSystem) Missing sound for event: minecraft:entity.slime.attack
[15:48:41] [Render thread/WARN] (net.minecraft.client.sound.SoundSystem) Missing sound for event: minecraft:entity.slime.death
[15:48:41] [Render thread/WARN] (net.minecraft.client.sound.SoundSystem) Missing sound for event: minecraft:entity.slime.hurt
[15:48:41] [Render thread/WARN] (net.minecraft.client.sound.SoundSystem) Missing sound for event: minecraft:entity.slime.jump
[15:48:41] [Render thread/WARN] (net.minecraft.client.sound.SoundSystem) Missing sound for event: minecraft:entity.slime.squish
[15:48:41] [Render thread/WARN] (net.minecraft.client.sound.SoundSystem) Missing sound for event: minecraft:block.slime_block.break
[15:48:41] [Render thread/WARN] (net.minecraft.client.sound.SoundSystem) Missing sound for event: minecraft:block.slime_block.fall
[15:48:41] [Render thread/WARN] (net.minecraft.client.sound.SoundSystem) Missing sound for event: minecraft:block.slime_block.hit
[15:48:41] [Render thread/WARN] (net.minecraft.client.sound.SoundSystem) Missing sound for event: minecraft:block.slime_block.place
[15:48:41] [Render thread/WARN] (net.minecraft.client.sound.SoundSystem) Missing sound for event: minecraft:block.slime_block.step
[15:48:41] [Render thread/WARN] (net.minecraft.client.sound.SoundSystem) Missing sound for event: minecraft:block.small_amethyst_bud.break
[15:48:41] [Render thread/WARN] (net.minecraft.client.sound.SoundSystem) Missing sound for event: minecraft:block.small_amethyst_bud.place
[15:48:41] [Render thread/WARN] (net.minecraft.client.sound.SoundSystem) Missing sound for event: minecraft:block.small_dripleaf.break
[15:48:41] [Render thread/WARN] (net.minecraft.client.sound.SoundSystem) Missing sound for event: minecraft:block.small_dripleaf.fall
[15:48:41] [Render thread/WARN] (net.minecraft.client.sound.SoundSystem) Missing sound for event: minecraft:block.small_dripleaf.hit
[15:48:41] [Render thread/WARN] (net.minecraft.client.sound.SoundSystem) Missing sound for event: minecraft:block.small_dripleaf.place
[15:48:41] [Render thread/WARN] (net.minecraft.client.sound.SoundSystem) Missing sound for event: minecraft:block.small_dripleaf.step
[15:48:41] [Render thread/WARN] (net.minecraft.client.sound.SoundSystem) Missing sound for event: minecraft:block.soul_sand.break
[15:48:41] [Render thread/WARN] (net.minecraft.client.sound.SoundSystem) Missing sound for event: minecraft:block.soul_sand.step
[15:48:41] [Render thread/WARN] (net.minecraft.client.sound.SoundSystem) Missing sound for event: minecraft:block.soul_sand.place
[15:48:41] [Render thread/WARN] (net.minecraft.client.sound.SoundSystem) Missing sound for event: minecraft:block.soul_sand.hit
[15:48:41] [Render thread/WARN] (net.minecraft.client.sound.SoundSystem) Missing sound for event: minecraft:block.soul_sand.fall
[15:48:41] [Render thread/WARN] (net.minecraft.client.sound.SoundSystem) Missing sound for event: minecraft:block.soul_soil.break
[15:48:41] [Render thread/WARN] (net.minecraft.client.sound.SoundSystem) Missing sound for event: minecraft:block.soul_soil.step
[15:48:41] [Render thread/WARN] (net.minecraft.client.sound.SoundSystem) Missing sound for event: minecraft:block.soul_soil.place
[15:48:41] [Render thread/WARN] (net.minecraft.client.sound.SoundSystem) Missing sound for event: minecraft:block.soul_soil.hit
[15:48:41] [Render thread/WARN] (net.minecraft.client.sound.SoundSystem) Missing sound for event: minecraft:block.soul_soil.fall
[15:48:41] [Render thread/WARN] (net.minecraft.client.sound.SoundSystem) Missing sound for event: minecraft:particle.soul_escape
[15:48:41] [Render thread/WARN] (net.minecraft.client.sound.SoundSystem) Missing sound for event: minecraft:block.spawner.break
[15:48:41] [Render thread/WARN] (net.minecraft.client.sound.SoundSystem) Missing sound for event: minecraft:block.spawner.fall
[15:48:41] [Render thread/WARN] (net.minecraft.client.sound.SoundSystem) Missing sound for event: minecraft:block.spawner.hit
[15:48:41] [Render thread/WARN] (net.minecraft.client.sound.SoundSystem) Missing sound for event: minecraft:block.spawner.place
[15:48:41] [Render thread/WARN] (net.minecraft.client.sound.SoundSystem) Missing sound for event: minecraft:block.spawner.step
[15:48:41] [Render thread/WARN] (net.minecraft.client.sound.SoundSystem) Missing sound for event: minecraft:block.resin.break
[15:48:41] [Render thread/WARN] (net.minecraft.client.sound.SoundSystem) Missing sound for event: minecraft:block.resin.fall
[15:48:41] [Render thread/WARN] (net.minecraft.client.sound.SoundSystem) Missing sound for event: minecraft:block.resin.place
[15:48:41] [Render thread/WARN] (net.minecraft.client.sound.SoundSystem) Missing sound for event: minecraft:block.resin.step
[15:48:41] [Render thread/WARN] (net.minecraft.client.sound.SoundSystem) Missing sound for event: minecraft:block.resin_bricks.break
[15:48:41] [Render thread/WARN] (net.minecraft.client.sound.SoundSystem) Missing sound for event: minecraft:block.resin_bricks.fall
[15:48:41] [Render thread/WARN] (net.minecraft.client.sound.SoundSystem) Missing sound for event: minecraft:block.resin_bricks.hit
[15:48:41] [Render thread/WARN] (net.minecraft.client.sound.SoundSystem) Missing sound for event: minecraft:block.resin_bricks.place
[15:48:41] [Render thread/WARN] (net.minecraft.client.sound.SoundSystem) Missing sound for event: minecraft:block.resin_bricks.step
[15:48:41] [Render thread/WARN] (net.minecraft.client.sound.SoundSystem) Missing sound for event: minecraft:block.spore_blossom.break
[15:48:41] [Render thread/WARN] (net.minecraft.client.sound.SoundSystem) Missing sound for event: minecraft:block.spore_blossom.fall
[15:48:41] [Render thread/WARN] (net.minecraft.client.sound.SoundSystem) Missing sound for event: minecraft:block.spore_blossom.hit
[15:48:41] [Render thread/WARN] (net.minecraft.client.sound.SoundSystem) Missing sound for event: minecraft:block.spore_blossom.place
[15:48:41] [Render thread/WARN] (net.minecraft.client.sound.SoundSystem) Missing sound for event: minecraft:block.spore_blossom.step
[15:48:41] [Render thread/WARN] (net.minecraft.client.sound.SoundSystem) Missing sound for event: minecraft:entity.strider.ambient
[15:48:41] [Render thread/WARN] (net.minecraft.client.sound.SoundSystem) Missing sound for event: minecraft:entity.strider.happy
[15:48:41] [Render thread/WARN] (net.minecraft.client.sound.SoundSystem) Missing sound for event: minecraft:entity.strider.retreat
[15:48:41] [Render thread/WARN] (net.minecraft.client.sound.SoundSystem) Missing sound for event: minecraft:entity.strider.death
[15:48:41] [Render thread/WARN] (net.minecraft.client.sound.SoundSystem) Missing sound for event: minecraft:entity.strider.hurt
[15:48:41] [Render thread/WARN] (net.minecraft.client.sound.SoundSystem) Missing sound for event: minecraft:entity.strider.step
[15:48:41] [Render thread/WARN] (net.minecraft.client.sound.SoundSystem) Missing sound for event: minecraft:entity.strider.step_lava
[15:48:41] [Render thread/WARN] (net.minecraft.client.sound.SoundSystem) Missing sound for event: minecraft:entity.strider.eat
[15:48:41] [Render thread/WARN] (net.minecraft.client.sound.SoundSystem) Missing sound for event: minecraft:entity.strider.saddle
[15:48:41] [Render thread/WARN] (net.minecraft.client.sound.SoundSystem) Missing sound for event: minecraft:entity.slime.death_small
[15:48:41] [Render thread/WARN] (net.minecraft.client.sound.SoundSystem) Missing sound for event: minecraft:entity.slime.hurt_small
[15:48:41] [Render thread/WARN] (net.minecraft.client.sound.SoundSystem) Missing sound for event: minecraft:entity.slime.jump_small
[15:48:41] [Render thread/WARN] (net.minecraft.client.sound.SoundSystem) Missing sound for event: minecraft:entity.slime.squish_small
[15:48:41] [Render thread/WARN] (net.minecraft.client.sound.SoundSystem) Missing sound for event: minecraft:block.smithing_table.use
[15:48:41] [Render thread/WARN] (net.minecraft.client.sound.SoundSystem) Missing sound for event: minecraft:block.smoker.smoke
[15:48:41] [Render thread/WARN] (net.minecraft.client.sound.SoundSystem) Missing sound for event: minecraft:entity.sniffer.step
[15:48:41] [Render thread/WARN] (net.minecraft.client.sound.SoundSystem) Missing sound for event: minecraft:entity.sniffer.eat
[15:48:41] [Render thread/WARN] (net.minecraft.client.sound.SoundSystem) Missing sound for event: minecraft:entity.sniffer.idle
[15:48:41] [Render thread/WARN] (net.minecraft.client.sound.SoundSystem) Missing sound for event: minecraft:entity.sniffer.hurt
[15:48:41] [Render thread/WARN] (net.minecraft.client.sound.SoundSystem) Missing sound for event: minecraft:entity.sniffer.death
[15:48:41] [Render thread/WARN] (net.minecraft.client.sound.SoundSystem) Missing sound for event: minecraft:entity.sniffer.drop_seed
[15:48:41] [Render thread/WARN] (net.minecraft.client.sound.SoundSystem) Missing sound for event: minecraft:entity.sniffer.scenting
[15:48:41] [Render thread/WARN] (net.minecraft.client.sound.SoundSystem) Missing sound for event: minecraft:entity.sniffer.sniffing
[15:48:41] [Render thread/WARN] (net.minecraft.client.sound.SoundSystem) Missing sound for event: minecraft:entity.sniffer.searching
[15:48:41] [Render thread/WARN] (net.minecraft.client.sound.SoundSystem) Missing sound for event: minecraft:entity.sniffer.digging
[15:48:41] [Render thread/WARN] (net.minecraft.client.sound.SoundSystem) Missing sound for event: minecraft:entity.sniffer.digging_stop
[15:48:41] [Render thread/WARN] (net.minecraft.client.sound.SoundSystem) Missing sound for event: minecraft:entity.sniffer.happy
[15:48:41] [Render thread/WARN] (net.minecraft.client.sound.SoundSystem) Missing sound for event: minecraft:block.sniffer_egg.plop
[15:48:41] [Render thread/WARN] (net.minecraft.client.sound.SoundSystem) Missing sound for event: minecraft:block.sniffer_egg.crack
[15:48:41] [Render thread/WARN] (net.minecraft.client.sound.SoundSystem) Missing sound for event: minecraft:block.sniffer_egg.hatch
[15:48:41] [Render thread/WARN] (net.minecraft.client.sound.SoundSystem) Missing sound for event: minecraft:entity.snowball.throw
[15:48:41] [Render thread/WARN] (net.minecraft.client.sound.SoundSystem) Missing sound for event: minecraft:block.snow.break
[15:48:41] [Render thread/WARN] (net.minecraft.client.sound.SoundSystem) Missing sound for event: minecraft:block.snow.fall
[15:48:41] [Render thread/WARN] (net.minecraft.client.sound.SoundSystem) Missing sound for event: minecraft:entity.snow_golem.ambient
[15:48:41] [Render thread/WARN] (net.minecraft.client.sound.SoundSystem) Missing sound for event: minecraft:entity.snow_golem.death
[15:48:41] [Render thread/WARN] (net.minecraft.client.sound.SoundSystem) Missing sound for event: minecraft:entity.snow_golem.hurt
[15:48:41] [Render thread/WARN] (net.minecraft.client.sound.SoundSystem) Missing sound for event: minecraft:entity.snow_golem.shoot
[15:48:41] [Render thread/WARN] (net.minecraft.client.sound.SoundSystem) Missing sound for event: minecraft:entity.snow_golem.shear
[15:48:41] [Render thread/WARN] (net.minecraft.client.sound.SoundSystem) Missing sound for event: minecraft:block.snow.hit
[15:48:41] [Render thread/WARN] (net.minecraft.client.sound.SoundSystem) Missing sound for event: minecraft:block.snow.place
[15:48:41] [Render thread/WARN] (net.minecraft.client.sound.SoundSystem) Missing sound for event: minecraft:block.snow.step
[15:48:41] [Render thread/WARN] (net.minecraft.client.sound.SoundSystem) Missing sound for event: minecraft:entity.spider.ambient
[15:48:41] [Render thread/WARN] (net.minecraft.client.sound.SoundSystem) Missing sound for event: minecraft:entity.spider.death
[15:48:41] [Render thread/WARN] (net.minecraft.client.sound.SoundSystem) Missing sound for event: minecraft:entity.spider.hurt
[15:48:41] [Render thread/WARN] (net.minecraft.client.sound.SoundSystem) Missing sound for event: minecraft:entity.spider.step
[15:48:41] [Render thread/WARN] (net.minecraft.client.sound.SoundSystem) Missing sound for event: minecraft:entity.splash_potion.break
[15:48:41] [Render thread/WARN] (net.minecraft.client.sound.SoundSystem) Missing sound for event: minecraft:entity.splash_potion.throw
[15:48:41] [Render thread/WARN] (net.minecraft.client.sound.SoundSystem) Missing sound for event: minecraft:block.sponge.break
[15:48:41] [Render thread/WARN] (net.minecraft.client.sound.SoundSystem) Missing sound for event: minecraft:block.sponge.fall
[15:48:41] [Render thread/WARN] (net.minecraft.client.sound.SoundSystem) Missing sound for event: minecraft:block.sponge.hit
[15:48:41] [Render thread/WARN] (net.minecraft.client.sound.SoundSystem) Missing sound for event: minecraft:block.sponge.place
[15:48:41] [Render thread/WARN] (net.minecraft.client.sound.SoundSystem) Missing sound for event: minecraft:block.sponge.step
[15:48:41] [Render thread/WARN] (net.minecraft.client.sound.SoundSystem) Missing sound for event: minecraft:block.sponge.absorb
[15:48:41] [Render thread/WARN] (net.minecraft.client.sound.SoundSystem) Missing sound for event: minecraft:item.spyglass.use
[15:48:41] [Render thread/WARN] (net.minecraft.client.sound.SoundSystem) Missing sound for event: minecraft:item.spyglass.stop_using
[15:48:41] [Render thread/WARN] (net.minecraft.client.sound.SoundSystem) Missing sound for event: minecraft:entity.squid.ambient
[15:48:41] [Render thread/WARN] (net.minecraft.client.sound.SoundSystem) Missing sound for event: minecraft:entity.squid.death
[15:48:41] [Render thread/WARN] (net.minecraft.client.sound.SoundSystem) Missing sound for event: minecraft:entity.squid.hurt
[15:48:41] [Render thread/WARN] (net.minecraft.client.sound.SoundSystem) Missing sound for event: minecraft:entity.squid.squirt
[15:48:41] [Render thread/WARN] (net.minecraft.client.sound.SoundSystem) Missing sound for event: minecraft:block.stone.break
[15:48:41] [Render thread/WARN] (net.minecraft.client.sound.SoundSystem) Missing sound for event: minecraft:block.stone_button.click_off
[15:48:41] [Render thread/WARN] (net.minecraft.client.sound.SoundSystem) Missing sound for event: minecraft:block.stone_button.click_on
[15:48:41] [Render thread/WARN] (net.minecraft.client.sound.SoundSystem) Missing sound for event: minecraft:block.stone.fall
[15:48:41] [Render thread/WARN] (net.minecraft.client.sound.SoundSystem) Missing sound for event: minecraft:block.stone.hit
[15:48:41] [Render thread/WARN] (net.minecraft.client.sound.SoundSystem) Missing sound for event: minecraft:block.stone.place
[15:48:41] [Render thread/WARN] (net.minecraft.client.sound.SoundSystem) Missing sound for event: minecraft:block.stone_pressure_plate.click_off
[15:48:41] [Render thread/WARN] (net.minecraft.client.sound.SoundSystem) Missing sound for event: minecraft:block.stone_pressure_plate.click_on
[15:48:41] [Render thread/WARN] (net.minecraft.client.sound.SoundSystem) Missing sound for event: minecraft:block.stone.step
[15:48:41] [Render thread/WARN] (net.minecraft.client.sound.SoundSystem) Missing sound for event: minecraft:entity.stray.ambient
[15:48:41] [Render thread/WARN] (net.minecraft.client.sound.SoundSystem) Missing sound for event: minecraft:entity.stray.death
[15:48:41] [Render thread/WARN] (net.minecraft.client.sound.SoundSystem) Missing sound for event: minecraft:entity.stray.hurt
[15:48:41] [Render thread/WARN] (net.minecraft.client.sound.SoundSystem) Missing sound for event: minecraft:entity.stray.step
[15:48:41] [Render thread/WARN] (net.minecraft.client.sound.SoundSystem) Missing sound for event: minecraft:block.sweet_berry_bush.break
[15:48:41] [Render thread/WARN] (net.minecraft.client.sound.SoundSystem) Missing sound for event: minecraft:block.sweet_berry_bush.place
[15:48:41] [Render thread/WARN] (net.minecraft.client.sound.SoundSystem) Missing sound for event: minecraft:block.sweet_berry_bush.pick_berries
[15:48:41] [Render thread/WARN] (net.minecraft.client.sound.SoundSystem) Missing sound for event: minecraft:entity.tadpole.death
[15:48:41] [Render thread/WARN] (net.minecraft.client.sound.SoundSystem) Missing sound for event: minecraft:entity.tadpole.flop
[15:48:41] [Render thread/WARN] (net.minecraft.client.sound.SoundSystem) Missing sound for event: minecraft:entity.tadpole.grow_up
[15:48:41] [Render thread/WARN] (net.minecraft.client.sound.SoundSystem) Missing sound for event: minecraft:entity.tadpole.hurt
[15:48:41] [Render thread/WARN] (net.minecraft.client.sound.SoundSystem) Missing sound for event: minecraft:enchant.thorns.hit
[15:48:41] [Render thread/WARN] (net.minecraft.client.sound.SoundSystem) Missing sound for event: minecraft:entity.tnt.primed
[15:48:41] [Render thread/WARN] (net.minecraft.client.sound.SoundSystem) Missing sound for event: minecraft:item.totem.use
[15:48:41] [Render thread/WARN] (net.minecraft.client.sound.SoundSystem) Missing sound for event: minecraft:item.trident.hit
[15:48:41] [Render thread/WARN] (net.minecraft.client.sound.SoundSystem) Missing sound for event: minecraft:item.trident.hit_ground
[15:48:41] [Render thread/WARN] (net.minecraft.client.sound.SoundSystem) Missing sound for event: minecraft:item.trident.return
[15:48:41] [Render thread/WARN] (net.minecraft.client.sound.SoundSystem) Missing sound for event: minecraft:item.trident.riptide_1
[15:48:41] [Render thread/WARN] (net.minecraft.client.sound.SoundSystem) Missing sound for event: minecraft:item.trident.riptide_2
[15:48:41] [Render thread/WARN] (net.minecraft.client.sound.SoundSystem) Missing sound for event: minecraft:item.trident.riptide_3
[15:48:41] [Render thread/WARN] (net.minecraft.client.sound.SoundSystem) Missing sound for event: minecraft:item.trident.throw
[15:48:41] [Render thread/WARN] (net.minecraft.client.sound.SoundSystem) Missing sound for event: minecraft:item.trident.thunder
[15:48:41] [Render thread/WARN] (net.minecraft.client.sound.SoundSystem) Missing sound for event: minecraft:block.tripwire.attach
[15:48:41] [Render thread/WARN] (net.minecraft.client.sound.SoundSystem) Missing sound for event: minecraft:block.tripwire.click_off
[15:48:41] [Render thread/WARN] (net.minecraft.client.sound.SoundSystem) Missing sound for event: minecraft:block.tripwire.click_on
[15:48:41] [Render thread/WARN] (net.minecraft.client.sound.SoundSystem) Missing sound for event: minecraft:block.tripwire.detach
[15:48:41] [Render thread/WARN] (net.minecraft.client.sound.SoundSystem) Missing sound for event: minecraft:entity.tropical_fish.ambient
[15:48:41] [Render thread/WARN] (net.minecraft.client.sound.SoundSystem) Missing sound for event: minecraft:entity.tropical_fish.death
[15:48:41] [Render thread/WARN] (net.minecraft.client.sound.SoundSystem) Missing sound for event: minecraft:entity.tropical_fish.flop
[15:48:41] [Render thread/WARN] (net.minecraft.client.sound.SoundSystem) Missing sound for event: minecraft:entity.tropical_fish.hurt
[15:48:41] [Render thread/WARN] (net.minecraft.client.sound.SoundSystem) Missing sound for event: minecraft:block.tuff.break
[15:48:41] [Render thread/WARN] (net.minecraft.client.sound.SoundSystem) Missing sound for event: minecraft:block.tuff.step
[15:48:41] [Render thread/WARN] (net.minecraft.client.sound.SoundSystem) Missing sound for event: minecraft:block.tuff.place
[15:48:41] [Render thread/WARN] (net.minecraft.client.sound.SoundSystem) Missing sound for event: minecraft:block.tuff.hit
[15:48:41] [Render thread/WARN] (net.minecraft.client.sound.SoundSystem) Missing sound for event: minecraft:block.tuff.fall
[15:48:41] [Render thread/WARN] (net.minecraft.client.sound.SoundSystem) Missing sound for event: minecraft:block.tuff_bricks.break
[15:48:41] [Render thread/WARN] (net.minecraft.client.sound.SoundSystem) Missing sound for event: minecraft:block.tuff_bricks.fall
[15:48:41] [Render thread/WARN] (net.minecraft.client.sound.SoundSystem) Missing sound for event: minecraft:block.tuff_bricks.hit
[15:48:41] [Render thread/WARN] (net.minecraft.client.sound.SoundSystem) Missing sound for event: minecraft:block.tuff_bricks.place
[15:48:41] [Render thread/WARN] (net.minecraft.client.sound.SoundSystem) Missing sound for event: minecraft:block.tuff_bricks.step
[15:48:41] [Render thread/WARN] (net.minecraft.client.sound.SoundSystem) Missing sound for event: minecraft:block.polished_tuff.break
[15:48:41] [Render thread/WARN] (net.minecraft.client.sound.SoundSystem) Missing sound for event: minecraft:block.polished_tuff.fall
[15:48:41] [Render thread/WARN] (net.minecraft.client.sound.SoundSystem) Missing sound for event: minecraft:block.polished_tuff.hit
[15:48:41] [Render thread/WARN] (net.minecraft.client.sound.SoundSystem) Missing sound for event: minecraft:block.polished_tuff.place
[15:48:41] [Render thread/WARN] (net.minecraft.client.sound.SoundSystem) Missing sound for event: minecraft:block.polished_tuff.step
[15:48:41] [Render thread/WARN] (net.minecraft.client.sound.SoundSystem) Missing sound for event: minecraft:entity.turtle.ambient_land
[15:48:41] [Render thread/WARN] (net.minecraft.client.sound.SoundSystem) Missing sound for event: minecraft:entity.turtle.death
[15:48:41] [Render thread/WARN] (net.minecraft.client.sound.SoundSystem) Missing sound for event: minecraft:entity.turtle.death_baby
[15:48:41] [Render thread/WARN] (net.minecraft.client.sound.SoundSystem) Missing sound for event: minecraft:entity.turtle.egg_break
[15:48:41] [Render thread/WARN] (net.minecraft.client.sound.SoundSystem) Missing sound for event: minecraft:entity.turtle.egg_crack
[15:48:41] [Render thread/WARN] (net.minecraft.client.sound.SoundSystem) Missing sound for event: minecraft:entity.turtle.egg_hatch
[15:48:41] [Render thread/WARN] (net.minecraft.client.sound.SoundSystem) Missing sound for event: minecraft:entity.turtle.hurt
[15:48:41] [Render thread/WARN] (net.minecraft.client.sound.SoundSystem) Missing sound for event: minecraft:entity.turtle.hurt_baby
[15:48:41] [Render thread/WARN] (net.minecraft.client.sound.SoundSystem) Missing sound for event: minecraft:entity.turtle.lay_egg
[15:48:41] [Render thread/WARN] (net.minecraft.client.sound.SoundSystem) Missing sound for event: minecraft:entity.turtle.shamble
[15:48:41] [Render thread/WARN] (net.minecraft.client.sound.SoundSystem) Missing sound for event: minecraft:entity.turtle.shamble_baby
[15:48:41] [Render thread/WARN] (net.minecraft.client.sound.SoundSystem) Missing sound for event: minecraft:entity.turtle.swim
[15:48:41] [Render thread/WARN] (net.minecraft.client.sound.SoundSystem) Missing sound for event: minecraft:ui.button.click
[15:48:41] [Render thread/WARN] (net.minecraft.client.sound.SoundSystem) Missing sound for event: minecraft:ui.loom.select_pattern
[15:48:41] [Render thread/WARN] (net.minecraft.client.sound.SoundSystem) Missing sound for event: minecraft:ui.loom.take_result
[15:48:41] [Render thread/WARN] (net.minecraft.client.sound.SoundSystem) Missing sound for event: minecraft:ui.cartography_table.take_result
[15:48:41] [Render thread/WARN] (net.minecraft.client.sound.SoundSystem) Missing sound for event: minecraft:ui.stonecutter.take_result
[15:48:41] [Render thread/WARN] (net.minecraft.client.sound.SoundSystem) Missing sound for event: minecraft:ui.stonecutter.select_recipe
[15:48:41] [Render thread/WARN] (net.minecraft.client.sound.SoundSystem) Missing sound for event: minecraft:ui.toast.challenge_complete
[15:48:41] [Render thread/WARN] (net.minecraft.client.sound.SoundSystem) Missing sound for event: minecraft:ui.toast.in
[15:48:41] [Render thread/WARN] (net.minecraft.client.sound.SoundSystem) Missing sound for event: minecraft:ui.toast.out
[15:48:41] [Render thread/WARN] (net.minecraft.client.sound.SoundSystem) Missing sound for event: minecraft:block.vault.activate
[15:48:41] [Render thread/WARN] (net.minecraft.client.sound.SoundSystem) Missing sound for event: minecraft:block.vault.ambient
[15:48:41] [Render thread/WARN] (net.minecraft.client.sound.SoundSystem) Missing sound for event: minecraft:block.vault.break
[15:48:41] [Render thread/WARN] (net.minecraft.client.sound.SoundSystem) Missing sound for event: minecraft:block.vault.close_shutter
[15:48:41] [Render thread/WARN] (net.minecraft.client.sound.SoundSystem) Missing sound for event: minecraft:block.vault.deactivate
[15:48:41] [Render thread/WARN] (net.minecraft.client.sound.SoundSystem) Missing sound for event: minecraft:block.vault.eject_item
[15:48:41] [Render thread/WARN] (net.minecraft.client.sound.SoundSystem) Missing sound for event: minecraft:block.vault.reject_rewarded_player
[15:48:41] [Render thread/WARN] (net.minecraft.client.sound.SoundSystem) Missing sound for event: minecraft:block.vault.fall
[15:48:41] [Render thread/WARN] (net.minecraft.client.sound.SoundSystem) Missing sound for event: minecraft:block.vault.hit
[15:48:41] [Render thread/WARN] (net.minecraft.client.sound.SoundSystem) Missing sound for event: minecraft:block.vault.insert_item
[15:48:41] [Render thread/WARN] (net.minecraft.client.sound.SoundSystem) Missing sound for event: minecraft:block.vault.insert_item_fail
[15:48:41] [Render thread/WARN] (net.minecraft.client.sound.SoundSystem) Missing sound for event: minecraft:block.vault.open_shutter
[15:48:41] [Render thread/WARN] (net.minecraft.client.sound.SoundSystem) Missing sound for event: minecraft:block.vault.place
[15:48:41] [Render thread/WARN] (net.minecraft.client.sound.SoundSystem) Missing sound for event: minecraft:block.vault.step
[15:48:41] [Render thread/WARN] (net.minecraft.client.sound.SoundSystem) Missing sound for event: minecraft:entity.vex.ambient
[15:48:41] [Render thread/WARN] (net.minecraft.client.sound.SoundSystem) Missing sound for event: minecraft:entity.vex.charge
[15:48:41] [Render thread/WARN] (net.minecraft.client.sound.SoundSystem) Missing sound for event: minecraft:entity.vex.death
[15:48:41] [Render thread/WARN] (net.minecraft.client.sound.SoundSystem) Missing sound for event: minecraft:entity.vex.hurt
[15:48:41] [Render thread/WARN] (net.minecraft.client.sound.SoundSystem) Missing sound for event: minecraft:entity.villager.ambient
[15:48:41] [Render thread/WARN] (net.minecraft.client.sound.SoundSystem) Missing sound for event: minecraft:entity.villager.celebrate
[15:48:41] [Render thread/WARN] (net.minecraft.client.sound.SoundSystem) Missing sound for event: minecraft:entity.villager.death
[15:48:41] [Render thread/WARN] (net.minecraft.client.sound.SoundSystem) Missing sound for event: minecraft:entity.villager.hurt
[15:48:41] [Render thread/WARN] (net.minecraft.client.sound.SoundSystem) Missing sound for event: minecraft:entity.villager.no
[15:48:41] [Render thread/WARN] (net.minecraft.client.sound.SoundSystem) Missing sound for event: minecraft:entity.villager.trade
[15:48:41] [Render thread/WARN] (net.minecraft.client.sound.SoundSystem) Missing sound for event: minecraft:entity.villager.yes
[15:48:41] [Render thread/WARN] (net.minecraft.client.sound.SoundSystem) Missing sound for event: minecraft:entity.villager.work_armorer
[15:48:41] [Render thread/WARN] (net.minecraft.client.sound.SoundSystem) Missing sound for event: minecraft:entity.villager.work_butcher
[15:48:41] [Render thread/WARN] (net.minecraft.client.sound.SoundSystem) Missing sound for event: minecraft:entity.villager.work_cartographer
[15:48:41] [Render thread/WARN] (net.minecraft.client.sound.SoundSystem) Missing sound for event: minecraft:entity.villager.work_cleric
[15:48:41] [Render thread/WARN] (net.minecraft.client.sound.SoundSystem) Missing sound for event: minecraft:entity.villager.work_farmer
[15:48:41] [Render thread/WARN] (net.minecraft.client.sound.SoundSystem) Missing sound for event: minecraft:entity.villager.work_fisherman
[15:48:41] [Render thread/WARN] (net.minecraft.client.sound.SoundSystem) Missing sound for event: minecraft:entity.villager.work_fletcher
[15:48:41] [Render thread/WARN] (net.minecraft.client.sound.SoundSystem) Missing sound for event: minecraft:entity.villager.work_leatherworker
[15:48:41] [Render thread/WARN] (net.minecraft.client.sound.SoundSystem) Missing sound for event: minecraft:entity.villager.work_librarian
[15:48:41] [Render thread/WARN] (net.minecraft.client.sound.SoundSystem) Missing sound for event: minecraft:entity.villager.work_mason
[15:48:41] [Render thread/WARN] (net.minecraft.client.sound.SoundSystem) Missing sound for event: minecraft:entity.villager.work_shepherd
[15:48:41] [Render thread/WARN] (net.minecraft.client.sound.SoundSystem) Missing sound for event: minecraft:entity.villager.work_toolsmith
[15:48:41] [Render thread/WARN] (net.minecraft.client.sound.SoundSystem) Missing sound for event: minecraft:entity.villager.work_weaponsmith
[15:48:41] [Render thread/WARN] (net.minecraft.client.sound.SoundSystem) Missing sound for event: minecraft:entity.vindicator.ambient
[15:48:41] [Render thread/WARN] (net.minecraft.client.sound.SoundSystem) Missing sound for event: minecraft:entity.vindicator.celebrate
[15:48:41] [Render thread/WARN] (net.minecraft.client.sound.SoundSystem) Missing sound for event: minecraft:entity.vindicator.death
[15:48:41] [Render thread/WARN] (net.minecraft.client.sound.SoundSystem) Missing sound for event: minecraft:entity.vindicator.hurt
[15:48:41] [Render thread/WARN] (net.minecraft.client.sound.SoundSystem) Missing sound for event: minecraft:block.vine.break
[15:48:41] [Render thread/WARN] (net.minecraft.client.sound.SoundSystem) Missing sound for event: minecraft:block.vine.fall
[15:48:41] [Render thread/WARN] (net.minecraft.client.sound.SoundSystem) Missing sound for event: minecraft:block.vine.hit
[15:48:41] [Render thread/WARN] (net.minecraft.client.sound.SoundSystem) Missing sound for event: minecraft:block.vine.place
[15:48:41] [Render thread/WARN] (net.minecraft.client.sound.SoundSystem) Missing sound for event: minecraft:block.vine.step
[15:48:41] [Render thread/WARN] (net.minecraft.client.sound.SoundSystem) Missing sound for event: minecraft:block.lily_pad.place
[15:48:41] [Render thread/WARN] (net.minecraft.client.sound.SoundSystem) Missing sound for event: minecraft:entity.wandering_trader.ambient
[15:48:41] [Render thread/WARN] (net.minecraft.client.sound.SoundSystem) Missing sound for event: minecraft:entity.wandering_trader.death
[15:48:41] [Render thread/WARN] (net.minecraft.client.sound.SoundSystem) Missing sound for event: minecraft:entity.wandering_trader.disappeared
[15:48:41] [Render thread/WARN] (net.minecraft.client.sound.SoundSystem) Missing sound for event: minecraft:entity.wandering_trader.drink_milk
[15:48:41] [Render thread/WARN] (net.minecraft.client.sound.SoundSystem) Missing sound for event: minecraft:entity.wandering_trader.drink_potion
[15:48:41] [Render thread/WARN] (net.minecraft.client.sound.SoundSystem) Missing sound for event: minecraft:entity.wandering_trader.hurt
[15:48:41] [Render thread/WARN] (net.minecraft.client.sound.SoundSystem) Missing sound for event: minecraft:entity.wandering_trader.no
[15:48:41] [Render thread/WARN] (net.minecraft.client.sound.SoundSystem) Missing sound for event: minecraft:entity.wandering_trader.reappeared
[15:48:41] [Render thread/WARN] (net.minecraft.client.sound.SoundSystem) Missing sound for event: minecraft:entity.wandering_trader.trade
[15:48:41] [Render thread/WARN] (net.minecraft.client.sound.SoundSystem) Missing sound for event: minecraft:entity.wandering_trader.yes
[15:48:41] [Render thread/WARN] (net.minecraft.client.sound.SoundSystem) Missing sound for event: minecraft:entity.warden.agitated
[15:48:41] [Render thread/WARN] (net.minecraft.client.sound.SoundSystem) Missing sound for event: minecraft:entity.warden.ambient
[15:48:41] [Render thread/WARN] (net.minecraft.client.sound.SoundSystem) Missing sound for event: minecraft:entity.warden.angry
[15:48:41] [Render thread/WARN] (net.minecraft.client.sound.SoundSystem) Missing sound for event: minecraft:entity.warden.attack_impact
[15:48:41] [Render thread/WARN] (net.minecraft.client.sound.SoundSystem) Missing sound for event: minecraft:entity.warden.death
[15:48:41] [Render thread/WARN] (net.minecraft.client.sound.SoundSystem) Missing sound for event: minecraft:entity.warden.dig
[15:48:41] [Render thread/WARN] (net.minecraft.client.sound.SoundSystem) Missing sound for event: minecraft:entity.warden.emerge
[15:48:41] [Render thread/WARN] (net.minecraft.client.sound.SoundSystem) Missing sound for event: minecraft:entity.warden.heartbeat
[15:48:41] [Render thread/WARN] (net.minecraft.client.sound.SoundSystem) Missing sound for event: minecraft:entity.warden.hurt
[15:48:41] [Render thread/WARN] (net.minecraft.client.sound.SoundSystem) Missing sound for event: minecraft:entity.warden.listening
[15:48:41] [Render thread/WARN] (net.minecraft.client.sound.SoundSystem) Missing sound for event: minecraft:entity.warden.listening_angry
[15:48:41] [Render thread/WARN] (net.minecraft.client.sound.SoundSystem) Missing sound for event: minecraft:entity.warden.nearby_close
[15:48:41] [Render thread/WARN] (net.minecraft.client.sound.SoundSystem) Missing sound for event: minecraft:entity.warden.nearby_closer
[15:48:41] [Render thread/WARN] (net.minecraft.client.sound.SoundSystem) Missing sound for event: minecraft:entity.warden.nearby_closest
[15:48:41] [Render thread/WARN] (net.minecraft.client.sound.SoundSystem) Missing sound for event: minecraft:entity.warden.roar
[15:48:41] [Render thread/WARN] (net.minecraft.client.sound.SoundSystem) Missing sound for event: minecraft:entity.warden.sniff
[15:48:41] [Render thread/WARN] (net.minecraft.client.sound.SoundSystem) Missing sound for event: minecraft:entity.warden.sonic_boom
[15:48:41] [Render thread/WARN] (net.minecraft.client.sound.SoundSystem) Missing sound for event: minecraft:entity.warden.sonic_charge
[15:48:41] [Render thread/WARN] (net.minecraft.client.sound.SoundSystem) Missing sound for event: minecraft:entity.warden.step
[15:48:41] [Render thread/WARN] (net.minecraft.client.sound.SoundSystem) Missing sound for event: minecraft:entity.warden.tendril_clicks
[15:48:41] [Render thread/WARN] (net.minecraft.client.sound.SoundSystem) Missing sound for event: minecraft:block.hanging_sign.waxed_interact_fail
[15:48:41] [Render thread/WARN] (net.minecraft.client.sound.SoundSystem) Missing sound for event: minecraft:block.sign.waxed_interact_fail
[15:48:41] [Render thread/WARN] (net.minecraft.client.sound.SoundSystem) Missing sound for event: minecraft:block.water.ambient
[15:48:41] [Render thread/WARN] (net.minecraft.client.sound.SoundSystem) Missing sound for event: minecraft:weather.rain
[15:48:41] [Render thread/WARN] (net.minecraft.client.sound.SoundSystem) Missing sound for event: minecraft:weather.rain.above
[15:48:41] [Render thread/WARN] (net.minecraft.client.sound.SoundSystem) Missing sound for event: minecraft:block.wet_grass.break
[15:48:41] [Render thread/WARN] (net.minecraft.client.sound.SoundSystem) Missing sound for event: minecraft:block.wet_grass.fall
[15:48:41] [Render thread/WARN] (net.minecraft.client.sound.SoundSystem) Missing sound for event: minecraft:block.wet_grass.hit
[15:48:41] [Render thread/WARN] (net.minecraft.client.sound.SoundSystem) Missing sound for event: minecraft:block.wet_grass.place
[15:48:41] [Render thread/WARN] (net.minecraft.client.sound.SoundSystem) Missing sound for event: minecraft:block.wet_grass.step
[15:48:41] [Render thread/WARN] (net.minecraft.client.sound.SoundSystem) Missing sound for event: minecraft:block.wet_sponge.break
[15:48:41] [Render thread/WARN] (net.minecraft.client.sound.SoundSystem) Missing sound for event: minecraft:block.wet_sponge.dries
[15:48:41] [Render thread/WARN] (net.minecraft.client.sound.SoundSystem) Missing sound for event: minecraft:block.wet_sponge.fall
[15:48:41] [Render thread/WARN] (net.minecraft.client.sound.SoundSystem) Missing sound for event: minecraft:block.wet_sponge.hit
[15:48:41] [Render thread/WARN] (net.minecraft.client.sound.SoundSystem) Missing sound for event: minecraft:block.wet_sponge.place
[15:48:41] [Render thread/WARN] (net.minecraft.client.sound.SoundSystem) Missing sound for event: minecraft:block.wet_sponge.step
[15:48:41] [Render thread/WARN] (net.minecraft.client.sound.SoundSystem) Missing sound for event: minecraft:entity.wind_charge.wind_burst
[15:48:41] [Render thread/WARN] (net.minecraft.client.sound.SoundSystem) Missing sound for event: minecraft:entity.wind_charge.throw
[15:48:41] [Render thread/WARN] (net.minecraft.client.sound.SoundSystem) Missing sound for event: minecraft:entity.witch.ambient
[15:48:41] [Render thread/WARN] (net.minecraft.client.sound.SoundSystem) Missing sound for event: minecraft:entity.witch.celebrate
[15:48:41] [Render thread/WARN] (net.minecraft.client.sound.SoundSystem) Missing sound for event: minecraft:entity.witch.death
[15:48:41] [Render thread/WARN] (net.minecraft.client.sound.SoundSystem) Missing sound for event: minecraft:entity.witch.drink
[15:48:41] [Render thread/WARN] (net.minecraft.client.sound.SoundSystem) Missing sound for event: minecraft:entity.witch.hurt
[15:48:41] [Render thread/WARN] (net.minecraft.client.sound.SoundSystem) Missing sound for event: minecraft:entity.witch.throw
[15:48:41] [Render thread/WARN] (net.minecraft.client.sound.SoundSystem) Missing sound for event: minecraft:entity.wither.ambient
[15:48:41] [Render thread/WARN] (net.minecraft.client.sound.SoundSystem) Missing sound for event: minecraft:entity.wither.break_block
[15:48:41] [Render thread/WARN] (net.minecraft.client.sound.SoundSystem) Missing sound for event: minecraft:entity.wither.death
[15:48:41] [Render thread/WARN] (net.minecraft.client.sound.SoundSystem) Missing sound for event: minecraft:entity.wither.hurt
[15:48:41] [Render thread/WARN] (net.minecraft.client.sound.SoundSystem) Missing sound for event: minecraft:entity.wither.shoot
[15:48:41] [Render thread/WARN] (net.minecraft.client.sound.SoundSystem) Missing sound for event: minecraft:entity.wither_skeleton.ambient
[15:48:41] [Render thread/WARN] (net.minecraft.client.sound.SoundSystem) Missing sound for event: minecraft:entity.wither_skeleton.death
[15:48:41] [Render thread/WARN] (net.minecraft.client.sound.SoundSystem) Missing sound for event: minecraft:entity.wither_skeleton.hurt
[15:48:41] [Render thread/WARN] (net.minecraft.client.sound.SoundSystem) Missing sound for event: minecraft:entity.wither_skeleton.step
[15:48:41] [Render thread/WARN] (net.minecraft.client.sound.SoundSystem) Missing sound for event: minecraft:entity.wither.spawn
[15:48:41] [Render thread/WARN] (net.minecraft.client.sound.SoundSystem) Missing sound for event: minecraft:item.wolf_armor.break
[15:48:41] [Render thread/WARN] (net.minecraft.client.sound.SoundSystem) Missing sound for event: minecraft:item.wolf_armor.crack
[15:48:41] [Render thread/WARN] (net.minecraft.client.sound.SoundSystem) Missing sound for event: minecraft:item.wolf_armor.damage
[15:48:41] [Render thread/WARN] (net.minecraft.client.sound.SoundSystem) Missing sound for event: minecraft:item.wolf_armor.repair
[15:48:41] [Render thread/WARN] (net.minecraft.client.sound.SoundSystem) Missing sound for event: minecraft:entity.wolf.shake
[15:48:41] [Render thread/WARN] (net.minecraft.client.sound.SoundSystem) Missing sound for event: minecraft:entity.wolf.step
[15:48:41] [Render thread/WARN] (net.minecraft.client.sound.SoundSystem) Missing sound for event: minecraft:entity.wolf.ambient
[15:48:41] [Render thread/WARN] (net.minecraft.client.sound.SoundSystem) Missing sound for event: minecraft:entity.wolf.death
[15:48:41] [Render thread/WARN] (net.minecraft.client.sound.SoundSystem) Missing sound for event: minecraft:entity.wolf.growl
[15:48:41] [Render thread/WARN] (net.minecraft.client.sound.SoundSystem) Missing sound for event: minecraft:entity.wolf.hurt
[15:48:41] [Render thread/WARN] (net.minecraft.client.sound.SoundSystem) Missing sound for event: minecraft:entity.wolf.pant
[15:48:41] [Render thread/WARN] (net.minecraft.client.sound.SoundSystem) Missing sound for event: minecraft:entity.wolf.whine
[15:48:41] [Render thread/WARN] (net.minecraft.client.sound.SoundSystem) Missing sound for event: minecraft:entity.wolf_puglin.ambient
[15:48:41] [Render thread/WARN] (net.minecraft.client.sound.SoundSystem) Missing sound for event: minecraft:entity.wolf_puglin.death
[15:48:42] [Render thread/WARN] (net.minecraft.client.sound.SoundSystem) Missing sound for event: minecraft:entity.wolf_puglin.growl
[15:48:42] [Render thread/WARN] (net.minecraft.client.sound.SoundSystem) Missing sound for event: minecraft:entity.wolf_puglin.hurt
[15:48:42] [Render thread/WARN] (net.minecraft.client.sound.SoundSystem) Missing sound for event: minecraft:entity.wolf_puglin.pant
[15:48:42] [Render thread/WARN] (net.minecraft.client.sound.SoundSystem) Missing sound for event: minecraft:entity.wolf_puglin.whine
[15:48:42] [Render thread/WARN] (net.minecraft.client.sound.SoundSystem) Missing sound for event: minecraft:entity.wolf_sad.ambient
[15:48:42] [Render thread/WARN] (net.minecraft.client.sound.SoundSystem) Missing sound for event: minecraft:entity.wolf_sad.death
[15:48:42] [Render thread/WARN] (net.minecraft.client.sound.SoundSystem) Missing sound for event: minecraft:entity.wolf_sad.growl
[15:48:42] [Render thread/WARN] (net.minecraft.client.sound.SoundSystem) Missing sound for event: minecraft:entity.wolf_sad.hurt
[15:48:42] [Render thread/WARN] (net.minecraft.client.sound.SoundSystem) Missing sound for event: minecraft:entity.wolf_sad.pant
[15:48:42] [Render thread/WARN] (net.minecraft.client.sound.SoundSystem) Missing sound for event: minecraft:entity.wolf_sad.whine
[15:48:42] [Render thread/WARN] (net.minecraft.client.sound.SoundSystem) Missing sound for event: minecraft:entity.wolf_angry.ambient
[15:48:42] [Render thread/WARN] (net.minecraft.client.sound.SoundSystem) Missing sound for event: minecraft:entity.wolf_angry.death
[15:48:42] [Render thread/WARN] (net.minecraft.client.sound.SoundSystem) Missing sound for event: minecraft:entity.wolf_angry.growl
[15:48:42] [Render thread/WARN] (net.minecraft.client.sound.SoundSystem) Missing sound for event: minecraft:entity.wolf_angry.hurt
[15:48:42] [Render thread/WARN] (net.minecraft.client.sound.SoundSystem) Missing sound for event: minecraft:entity.wolf_angry.pant
[15:48:42] [Render thread/WARN] (net.minecraft.client.sound.SoundSystem) Missing sound for event: minecraft:entity.wolf_angry.whine
[15:48:42] [Render thread/WARN] (net.minecraft.client.sound.SoundSystem) Missing sound for event: minecraft:entity.wolf_grumpy.ambient
[15:48:42] [Render thread/WARN] (net.minecraft.client.sound.SoundSystem) Missing sound for event: minecraft:entity.wolf_grumpy.death
[15:48:42] [Render thread/WARN] (net.minecraft.client.sound.SoundSystem) Missing sound for event: minecraft:entity.wolf_grumpy.growl
[15:48:42] [Render thread/WARN] (net.minecraft.client.sound.SoundSystem) Missing sound for event: minecraft:entity.wolf_grumpy.hurt
[15:48:42] [Render thread/WARN] (net.minecraft.client.sound.SoundSystem) Missing sound for event: minecraft:entity.wolf_grumpy.pant
[15:48:42] [Render thread/WARN] (net.minecraft.client.sound.SoundSystem) Missing sound for event: minecraft:entity.wolf_grumpy.whine
[15:48:42] [Render thread/WARN] (net.minecraft.client.sound.SoundSystem) Missing sound for event: minecraft:entity.wolf_big.ambient
[15:48:42] [Render thread/WARN] (net.minecraft.client.sound.SoundSystem) Missing sound for event: minecraft:entity.wolf_big.death
[15:48:42] [Render thread/WARN] (net.minecraft.client.sound.SoundSystem) Missing sound for event: minecraft:entity.wolf_big.growl
[15:48:42] [Render thread/WARN] (net.minecraft.client.sound.SoundSystem) Missing sound for event: minecraft:entity.wolf_big.hurt
[15:48:42] [Render thread/WARN] (net.minecraft.client.sound.SoundSystem) Missing sound for event: minecraft:entity.wolf_big.pant
[15:48:42] [Render thread/WARN] (net.minecraft.client.sound.SoundSystem) Missing sound for event: minecraft:entity.wolf_big.whine
[15:48:42] [Render thread/WARN] (net.minecraft.client.sound.SoundSystem) Missing sound for event: minecraft:entity.wolf_cute.ambient
[15:48:42] [Render thread/WARN] (net.minecraft.client.sound.SoundSystem) Missing sound for event: minecraft:entity.wolf_cute.death
[15:48:42] [Render thread/WARN] (net.minecraft.client.sound.SoundSystem) Missing sound for event: minecraft:entity.wolf_cute.growl
[15:48:42] [Render thread/WARN] (net.minecraft.client.sound.SoundSystem) Missing sound for event: minecraft:entity.wolf_cute.hurt
[15:48:42] [Render thread/WARN] (net.minecraft.client.sound.SoundSystem) Missing sound for event: minecraft:entity.wolf_cute.pant
[15:48:42] [Render thread/WARN] (net.minecraft.client.sound.SoundSystem) Missing sound for event: minecraft:entity.wolf_cute.whine
[15:48:42] [Render thread/WARN] (net.minecraft.client.sound.SoundSystem) Missing sound for event: minecraft:block.wooden_door.close
[15:48:42] [Render thread/WARN] (net.minecraft.client.sound.SoundSystem) Missing sound for event: minecraft:block.wooden_door.open
[15:48:42] [Render thread/WARN] (net.minecraft.client.sound.SoundSystem) Missing sound for event: minecraft:block.wooden_trapdoor.close
[15:48:42] [Render thread/WARN] (net.minecraft.client.sound.SoundSystem) Missing sound for event: minecraft:block.wooden_trapdoor.open
[15:48:42] [Render thread/WARN] (net.minecraft.client.sound.SoundSystem) Missing sound for event: minecraft:block.wooden_button.click_off
[15:48:42] [Render thread/WARN] (net.minecraft.client.sound.SoundSystem) Missing sound for event: minecraft:block.wooden_button.click_on
[15:48:42] [Render thread/WARN] (net.minecraft.client.sound.SoundSystem) Missing sound for event: minecraft:block.wooden_pressure_plate.click_off
[15:48:42] [Render thread/WARN] (net.minecraft.client.sound.SoundSystem) Missing sound for event: minecraft:block.wooden_pressure_plate.click_on
[15:48:42] [Render thread/WARN] (net.minecraft.client.sound.SoundSystem) Missing sound for event: minecraft:block.wood.break
[15:48:42] [Render thread/WARN] (net.minecraft.client.sound.SoundSystem) Missing sound for event: minecraft:block.wood.fall
[15:48:42] [Render thread/WARN] (net.minecraft.client.sound.SoundSystem) Missing sound for event: minecraft:block.wood.hit
[15:48:42] [Render thread/WARN] (net.minecraft.client.sound.SoundSystem) Missing sound for event: minecraft:block.wood.place
[15:48:42] [Render thread/WARN] (net.minecraft.client.sound.SoundSystem) Missing sound for event: minecraft:block.wood.step
[15:48:42] [Render thread/WARN] (net.minecraft.client.sound.SoundSystem) Missing sound for event: minecraft:block.wool.break
[15:48:42] [Render thread/WARN] (net.minecraft.client.sound.SoundSystem) Missing sound for event: minecraft:block.wool.fall
[15:48:42] [Render thread/WARN] (net.minecraft.client.sound.SoundSystem) Missing sound for event: minecraft:block.wool.hit
[15:48:42] [Render thread/WARN] (net.minecraft.client.sound.SoundSystem) Missing sound for event: minecraft:block.wool.place
[15:48:42] [Render thread/WARN] (net.minecraft.client.sound.SoundSystem) Missing sound for event: minecraft:block.wool.step
[15:48:42] [Render thread/WARN] (net.minecraft.client.sound.SoundSystem) Missing sound for event: minecraft:entity.zoglin.ambient
[15:48:42] [Render thread/WARN] (net.minecraft.client.sound.SoundSystem) Missing sound for event: minecraft:entity.zoglin.angry
[15:48:42] [Render thread/WARN] (net.minecraft.client.sound.SoundSystem) Missing sound for event: minecraft:entity.zoglin.attack
[15:48:42] [Render thread/WARN] (net.minecraft.client.sound.SoundSystem) Missing sound for event: minecraft:entity.zoglin.death
[15:48:42] [Render thread/WARN] (net.minecraft.client.sound.SoundSystem) Missing sound for event: minecraft:entity.zoglin.hurt
[15:48:42] [Render thread/WARN] (net.minecraft.client.sound.SoundSystem) Missing sound for event: minecraft:entity.zoglin.step
[15:48:42] [Render thread/WARN] (net.minecraft.client.sound.SoundSystem) Missing sound for event: minecraft:entity.zombie.ambient
[15:48:42] [Render thread/WARN] (net.minecraft.client.sound.SoundSystem) Missing sound for event: minecraft:entity.zombie.attack_wooden_door
[15:48:42] [Render thread/WARN] (net.minecraft.client.sound.SoundSystem) Missing sound for event: minecraft:entity.zombie.attack_iron_door
[15:48:42] [Render thread/WARN] (net.minecraft.client.sound.SoundSystem) Missing sound for event: minecraft:entity.zombie.break_wooden_door
[15:48:42] [Render thread/WARN] (net.minecraft.client.sound.SoundSystem) Missing sound for event: minecraft:entity.zombie.converted_to_drowned
[15:48:42] [Render thread/WARN] (net.minecraft.client.sound.SoundSystem) Missing sound for event: minecraft:entity.zombie.death
[15:48:42] [Render thread/WARN] (net.minecraft.client.sound.SoundSystem) Missing sound for event: minecraft:entity.zombie.destroy_egg
[15:48:42] [Render thread/WARN] (net.minecraft.client.sound.SoundSystem) Missing sound for event: minecraft:entity.zombie_horse.ambient
[15:48:42] [Render thread/WARN] (net.minecraft.client.sound.SoundSystem) Missing sound for event: minecraft:entity.zombie_horse.death
[15:48:42] [Render thread/WARN] (net.minecraft.client.sound.SoundSystem) Missing sound for event: minecraft:entity.zombie_horse.hurt
[15:48:42] [Render thread/WARN] (net.minecraft.client.sound.SoundSystem) Missing sound for event: minecraft:entity.zombie.hurt
[15:48:42] [Render thread/WARN] (net.minecraft.client.sound.SoundSystem) Missing sound for event: minecraft:entity.zombie.infect
[15:48:42] [Render thread/WARN] (net.minecraft.client.sound.SoundSystem) Missing sound for event: minecraft:entity.zombified_piglin.ambient
[15:48:42] [Render thread/WARN] (net.minecraft.client.sound.SoundSystem) Missing sound for event: minecraft:entity.zombified_piglin.angry
[15:48:42] [Render thread/WARN] (net.minecraft.client.sound.SoundSystem) Missing sound for event: minecraft:entity.zombified_piglin.death
[15:48:42] [Render thread/WARN] (net.minecraft.client.sound.SoundSystem) Missing sound for event: minecraft:entity.zombified_piglin.hurt
[15:48:42] [Render thread/WARN] (net.minecraft.client.sound.SoundSystem) Missing sound for event: minecraft:entity.zombie.step
[15:48:42] [Render thread/WARN] (net.minecraft.client.sound.SoundSystem) Missing sound for event: minecraft:entity.zombie_villager.ambient
[15:48:42] [Render thread/WARN] (net.minecraft.client.sound.SoundSystem) Missing sound for event: minecraft:entity.zombie_villager.converted
[15:48:42] [Render thread/WARN] (net.minecraft.client.sound.SoundSystem) Missing sound for event: minecraft:entity.zombie_villager.cure
[15:48:42] [Render thread/WARN] (net.minecraft.client.sound.SoundSystem) Missing sound for event: minecraft:entity.zombie_villager.death
[15:48:42] [Render thread/WARN] (net.minecraft.client.sound.SoundSystem) Missing sound for event: minecraft:entity.zombie_villager.hurt
[15:48:42] [Render thread/WARN] (net.minecraft.client.sound.SoundSystem) Missing sound for event: minecraft:entity.zombie_villager.step
[15:48:42] [Render thread/WARN] (net.minecraft.client.sound.SoundSystem) Missing sound for event: minecraft:event.mob_effect.bad_omen
[15:48:42] [Render thread/WARN] (net.minecraft.client.sound.SoundSystem) Missing sound for event: minecraft:event.mob_effect.trial_omen
[15:48:42] [Render thread/WARN] (net.minecraft.client.sound.SoundSystem) Missing sound for event: minecraft:event.mob_effect.raid_omen
[15:48:42] [Render thread/WARN] (net.minecraft.client.sound.SoundSystem) Missing sound for event: minecraft:item.saddle.unequip
[15:48:42] [Render thread/INFO] (net.minecraft.client.sound.SoundEngine) OpenAL initialized on device OpenAL Soft on VoiceMeeter Aux Input (VB-Audio VoiceMeeter AUX VAIO)
[15:48:42] [Render thread/INFO] (net.minecraft.client.sound.SoundSystem) Sound engine started
[15:48:42] [Render thread/INFO] (net.minecraft.client.texture.SpriteAtlasTexture) Created: 1024x512x4 minecraft:textures/atlas/blocks.png-atlas
[15:48:42] [Render thread/INFO] (net.minecraft.client.texture.SpriteAtlasTexture) Created: 256x256x4 minecraft:textures/atlas/signs.png-atlas
[15:48:42] [Render thread/INFO] (net.minecraft.client.texture.SpriteAtlasTexture) Created: 512x512x4 minecraft:textures/atlas/banner_patterns.png-atlas
[15:48:42] [Render thread/INFO] (net.minecraft.client.texture.SpriteAtlasTexture) Created: 512x512x4 minecraft:textures/atlas/shield_patterns.png-atlas
[15:48:42] [Render thread/INFO] (net.minecraft.client.texture.SpriteAtlasTexture) Created: 2048x1024x4 minecraft:textures/atlas/armor_trims.png-atlas
[15:48:42] [Render thread/INFO] (net.minecraft.client.texture.SpriteAtlasTexture) Created: 256x256x4 minecraft:textures/atlas/chest.png-atlas
[15:48:42] [Render thread/INFO] (net.minecraft.client.texture.SpriteAtlasTexture) Created: 128x64x4 minecraft:textures/atlas/decorated_pot.png-atlas
[15:48:42] [Render thread/INFO] (net.minecraft.client.texture.SpriteAtlasTexture) Created: 512x256x4 minecraft:textures/atlas/beds.png-atlas
[15:48:42] [Render thread/INFO] (net.minecraft.client.texture.SpriteAtlasTexture) Created: 512x256x4 minecraft:textures/atlas/shulker_boxes.png-atlas
[15:48:42] [Render thread/INFO] (net.minecraft.client.texture.SpriteAtlasTexture) Created: 64x64x0 minecraft:textures/atlas/map_decorations.png-atlas
[15:48:42] [Render thread/DEBUG] (FabricLoader/Mixin) Mixing EntityRenderersMixin from fabric-rendering-v1.mixins.json into net.minecraft.client.render.entity.EntityRenderers
[15:48:42] [Render thread/DEBUG] (FabricLoader/Mixin) Renaming synthetic method lambda$onRegisterRenderers$0(Lnet/minecraft/entity/EntityType;Lnet/minecraft/client/render/entity/EntityRendererFactory;)V to mdbcad25$fabric-rendering-v1$lambda$onRegisterRenderers$0$0 in fabric-rendering-v1.mixins.json:EntityRenderersMixin from mod fabric-rendering-v1
[15:48:42] [Render thread/DEBUG] (FabricLoader/Mixin) fabric-rendering-v1.mixins.json:EntityRenderersMixin from mod fabric-rendering-v1->@Inject::onRegisterRenderers(Lorg/spongepowered/asm/mixin/injection/callback/CallbackInfo;)V doesn't use it's CallbackInfo
[15:48:42] [Render thread/DEBUG] (FabricLoader/Mixin) Mixing LivingEntityRendererAccessor from fabric-rendering-v1.mixins.json into net.minecraft.client.render.entity.LivingEntityRenderer
[15:48:42] [Render thread/DEBUG] (FabricLoader/Mixin) Mixing LivingEntityRendererMixin from fabric-rendering-v1.mixins.json into net.minecraft.client.render.entity.LivingEntityRenderer
[15:48:42] [Render thread/DEBUG] (FabricLoader/Mixin) Mixing BipedEntityRendererMixin from fabric-rendering-v1.mixins.json into net.minecraft.client.render.entity.BipedEntityRenderer
[15:48:42] [Render thread/DEBUG] (FabricLoader/Mixin) Mixing ArmorFeatureRendererMixin from fabric-rendering-v1.mixins.json into net.minecraft.client.render.entity.feature.ArmorFeatureRenderer
[15:48:42] [Render thread/DEBUG] (FabricLoader/Mixin) fabric-rendering-v1.mixins.json:ArmorFeatureRendererMixin from mod fabric-rendering-v1->@Inject::render(Lnet/minecraft/client/util/math/MatrixStack;Lnet/minecraft/client/render/VertexConsumerProvider;ILnet/minecraft/client/render/entity/state/BipedEntityRenderState;FFLorg/spongepowered/asm/mixin/injection/callback/CallbackInfo;)V doesn't use it's CallbackInfo
[15:48:42] [Render thread/DEBUG] (FabricLoader/Mixin) fabric-rendering-v1.mixins.json:ArmorFeatureRendererMixin from mod fabric-rendering-v1->@Inject::render(Lnet/minecraft/client/util/math/MatrixStack;Lnet/minecraft/client/render/VertexConsumerProvider;ILnet/minecraft/client/render/entity/state/BipedEntityRenderState;FFLorg/spongepowered/asm/mixin/injection/callback/CallbackInfo;)V has 0 override(s) in child classes
[15:48:42] [Render thread/DEBUG] (FabricLoader/Mixin) fabric-rendering-v1.mixins.json:ArmorFeatureRendererMixin from mod fabric-rendering-v1->@Inject::render(Lnet/minecraft/client/util/math/MatrixStack;Lnet/minecraft/client/render/VertexConsumerProvider;ILnet/minecraft/client/render/entity/state/BipedEntityRenderState;FFLorg/spongepowered/asm/mixin/injection/callback/CallbackInfo;)V won't be passed a CallbackInfo as a result
[15:48:42] [Render thread/DEBUG] (FabricLoader/Mixin) fabric-rendering-v1.mixins.json:ArmorFeatureRendererMixin from mod fabric-rendering-v1->@Inject::renderArmor(Lnet/minecraft/client/util/math/MatrixStack;Lnet/minecraft/client/render/VertexConsumerProvider;Lnet/minecraft/item/ItemStack;Lnet/minecraft/entity/EquipmentSlot;ILnet/minecraft/client/render/entity/model/BipedEntityModel;Lorg/spongepowered/asm/mixin/injection/callback/CallbackInfo;)V does use it's CallbackInfo
[15:48:42] [Render thread/DEBUG] (FabricLoader/Mixin) Mixing client.block.render.FallingBlockEntityRendererMixin from fabric-renderer-api-v1.mixins.json into net.minecraft.client.render.entity.FallingBlockEntityRenderer
[15:48:42] [Render thread/DEBUG] (FabricLoader/Mixin) Mixing client.block.render.ItemFrameEntityRendererMixin from fabric-renderer-api-v1.mixins.json into net.minecraft.client.render.entity.ItemFrameEntityRenderer
[15:48:42] [Render thread/DEBUG] (FabricLoader/Mixin) Renaming synthetic method lambda$renderProxy$0(Lnet/minecraft/client/render/VertexConsumer;Lnet/minecraft/client/render/BlockRenderLayer;)Lnet/minecraft/client/render/VertexConsumer; to mdbcad25$fabric-renderer-api-v1$lambda$renderProxy$0$0 in fabric-renderer-api-v1.mixins.json:client.block.render.ItemFrameEntityRendererMixin from mod fabric-renderer-api-v1
[15:48:42] [Render thread/DEBUG] (FabricLoader/Mixin) Mixing client.block.render.MooshroomMushroomFeatureRendererMixin from fabric-renderer-api-v1.mixins.json into net.minecraft.client.render.entity.feature.MooshroomMushroomFeatureRenderer
[15:48:42] [Render thread/DEBUG] (FabricLoader/Mixin) Renaming synthetic method lambda$renderProxy$0(Lnet/minecraft/client/render/VertexConsumer;Lnet/minecraft/client/render/BlockRenderLayer;)Lnet/minecraft/client/render/VertexConsumer; to mdbcad25$fabric-renderer-api-v1$lambda$renderProxy$0$0 in fabric-renderer-api-v1.mixins.json:client.block.render.MooshroomMushroomFeatureRendererMixin from mod fabric-renderer-api-v1
[15:48:42] [Render thread/DEBUG] (FabricLoader/Mixin) Mixing client.block.render.SnowGolemPumpkinFeatureRendererMixin from fabric-renderer-api-v1.mixins.json into net.minecraft.client.render.entity.feature.SnowGolemPumpkinFeatureRenderer
[15:48:42] [Render thread/DEBUG] (FabricLoader/Mixin) Renaming synthetic method lambda$renderProxy$0(Lnet/minecraft/client/render/VertexConsumer;Lnet/minecraft/client/render/BlockRenderLayer;)Lnet/minecraft/client/render/VertexConsumer; to mdbcad25$fabric-renderer-api-v1$lambda$renderProxy$0$0 in fabric-renderer-api-v1.mixins.json:client.block.render.SnowGolemPumpkinFeatureRendererMixin from mod fabric-renderer-api-v1
[15:48:42] [Render thread/DEBUG] (FabricLoader/Mixin) Mixing CapeFeatureRendererMixin from fabric-rendering-v1.mixins.json into net.minecraft.client.render.entity.feature.CapeFeatureRenderer
[15:48:42] [Render thread/DEBUG] (FabricLoader/Mixin) Mixing BlockEntityRendererFactoriesMixin from fabric-rendering-v1.mixins.json into net.minecraft.client.render.block.entity.BlockEntityRendererFactories
[15:48:42] [Render thread/DEBUG] (FabricLoader/Mixin) Renaming synthetic method lambda$init$0(Lnet/minecraft/block/entity/BlockEntityType;Lnet/minecraft/client/render/block/entity/BlockEntityRendererFactory;)V to mdbcad25$fabric-rendering-v1$lambda$init$0$0 in fabric-rendering-v1.mixins.json:BlockEntityRendererFactoriesMixin from mod fabric-rendering-v1
[15:48:42] [Render thread/DEBUG] (FabricLoader/Mixin) fabric-rendering-v1.mixins.json:BlockEntityRendererFactoriesMixin from mod fabric-rendering-v1->@Inject::init(Lorg/spongepowered/asm/mixin/injection/callback/CallbackInfo;)V doesn't use it's CallbackInfo
[15:48:42] [Render thread/DEBUG] (FabricLoader/Mixin) Mixing client.block.render.PistonBlockEntityRendererMixin from fabric-renderer-api-v1.mixins.json into net.minecraft.client.render.block.entity.PistonBlockEntityRenderer
[15:48:42] [Render thread/INFO] (net.minecraft.client.texture.SpriteAtlasTexture) Created: 512x256x0 minecraft:textures/atlas/particles.png-atlas
[15:48:42] [Render thread/INFO] (net.minecraft.client.texture.SpriteAtlasTexture) Created: 512x256x0 minecraft:textures/atlas/paintings.png-atlas
[15:48:42] [Render thread/INFO] (net.minecraft.client.texture.SpriteAtlasTexture) Created: 1024x512x0 minecraft:textures/atlas/gui.png-atlas
[15:48:43] [Render thread/DEBUG] (com.mojang.blaze3d.systems.RenderSystem) Growing IndexBuffer: Old limit 60, new limit 180.
[15:48:44] [Render thread/DEBUG] (com.mojang.blaze3d.systems.RenderSystem) Growing IndexBuffer: Old limit 180, new limit 1776.
[15:48:50] [Render thread/DEBUG] (FabricLoader/Mixin) Mixing CreateWorldScreenMixin from fabric-resource-loader-v0.client.mixins.json into net.minecraft.client.gui.screen.world.CreateWorldScreen
[15:48:50] [Render thread/DEBUG] (FabricLoader/Mixin) fabric-resource-loader-v0.client.mixins.json:CreateWorldScreenMixin from mod fabric-resource-loader-v0->@Inject::onScanPacks(Lorg/spongepowered/asm/mixin/injection/callback/CallbackInfoReturnable;)V doesn't use it's CallbackInfoReturnable
[15:48:50] [Render thread/DEBUG] (FabricLoader/Mixin) fabric-resource-loader-v0.client.mixins.json:CreateWorldScreenMixin from mod fabric-resource-loader-v0->@Inject::onScanPacks(Lorg/spongepowered/asm/mixin/injection/callback/CallbackInfoReturnable;)V has 0 override(s) in child classes
[15:48:50] [Render thread/DEBUG] (FabricLoader/Mixin) fabric-resource-loader-v0.client.mixins.json:CreateWorldScreenMixin from mod fabric-resource-loader-v0->@Inject::onScanPacks(Lorg/spongepowered/asm/mixin/injection/callback/CallbackInfoReturnable;)V won't be passed a CallbackInfoReturnable as a result
[15:48:50] [Render thread/DEBUG] (FabricLoader/Mixin) Mixing DataPackContentsMixin from fabric-tag-api-v1.mixins.json into net.minecraft.server.DataPackContents
[15:48:50] [Render thread/DEBUG] (FabricLoader/Mixin) Mixing DataPackContentsMixin from fabric-lifecycle-events-v1.mixins.json into net.minecraft.server.DataPackContents
[15:48:50] [Render thread/DEBUG] (FabricLoader/Mixin) Mixing DataPackContentsMixin from fabric-resource-conditions-api-v1.mixins.json into net.minecraft.server.DataPackContents
[15:48:50] [Render thread/DEBUG] (FabricLoader/Mixin) fabric-tag-api-v1.mixins.json:DataPackContentsMixin from mod fabric-tag-api-v1->@Inject::storeDynamicRegistries(Lnet/minecraft/registry/CombinedDynamicRegistries;Lnet/minecraft/registry/RegistryWrapper$WrapperLookup;Lnet/minecraft/resource/featuretoggle/FeatureSet;Lnet/minecraft/server/command/CommandManager$RegistrationEnvironment;Ljava/util/List;ILorg/spongepowered/asm/mixin/injection/callback/CallbackInfo;)V doesn't use it's CallbackInfo
[15:48:50] [Render thread/DEBUG] (FabricLoader/Mixin) fabric-tag-api-v1.mixins.json:DataPackContentsMixin from mod fabric-tag-api-v1->@Inject::storeDynamicRegistries(Lnet/minecraft/registry/CombinedDynamicRegistries;Lnet/minecraft/registry/RegistryWrapper$WrapperLookup;Lnet/minecraft/resource/featuretoggle/FeatureSet;Lnet/minecraft/server/command/CommandManager$RegistrationEnvironment;Ljava/util/List;ILorg/spongepowered/asm/mixin/injection/callback/CallbackInfo;)V has 0 override(s) in child classes
[15:48:50] [Render thread/DEBUG] (FabricLoader/Mixin) fabric-tag-api-v1.mixins.json:DataPackContentsMixin from mod fabric-tag-api-v1->@Inject::storeDynamicRegistries(Lnet/minecraft/registry/CombinedDynamicRegistries;Lnet/minecraft/registry/RegistryWrapper$WrapperLookup;Lnet/minecraft/resource/featuretoggle/FeatureSet;Lnet/minecraft/server/command/CommandManager$RegistrationEnvironment;Ljava/util/List;ILorg/spongepowered/asm/mixin/injection/callback/CallbackInfo;)V won't be passed a CallbackInfo as a result
[15:48:50] [Render thread/DEBUG] (FabricLoader/Mixin) fabric-tag-api-v1.mixins.json:DataPackContentsMixin from mod fabric-tag-api-v1->@Inject::applyDynamicTagAliases(Lorg/spongepowered/asm/mixin/injection/callback/CallbackInfo;)V doesn't use it's CallbackInfo
[15:48:50] [Render thread/DEBUG] (FabricLoader/Mixin) fabric-tag-api-v1.mixins.json:DataPackContentsMixin from mod fabric-tag-api-v1->@Inject::applyDynamicTagAliases(Lorg/spongepowered/asm/mixin/injection/callback/CallbackInfo;)V has 0 override(s) in child classes
[15:48:50] [Render thread/DEBUG] (FabricLoader/Mixin) fabric-tag-api-v1.mixins.json:DataPackContentsMixin from mod fabric-tag-api-v1->@Inject::applyDynamicTagAliases(Lorg/spongepowered/asm/mixin/injection/callback/CallbackInfo;)V won't be passed a CallbackInfo as a result
[15:48:50] [Render thread/DEBUG] (FabricLoader/Mixin) fabric-lifecycle-events-v1.mixins.json:DataPackContentsMixin from mod fabric-lifecycle-events-v1->@Inject::init(Lnet/minecraft/registry/CombinedDynamicRegistries;Lnet/minecraft/registry/RegistryWrapper$WrapperLookup;Lnet/minecraft/resource/featuretoggle/FeatureSet;Lnet/minecraft/server/command/CommandManager$RegistrationEnvironment;Ljava/util/List;ILorg/spongepowered/asm/mixin/injection/callback/CallbackInfo;)V doesn't use it's CallbackInfo
[15:48:50] [Render thread/DEBUG] (FabricLoader/Mixin) fabric-lifecycle-events-v1.mixins.json:DataPackContentsMixin from mod fabric-lifecycle-events-v1->@Inject::init(Lnet/minecraft/registry/CombinedDynamicRegistries;Lnet/minecraft/registry/RegistryWrapper$WrapperLookup;Lnet/minecraft/resource/featuretoggle/FeatureSet;Lnet/minecraft/server/command/CommandManager$RegistrationEnvironment;Ljava/util/List;ILorg/spongepowered/asm/mixin/injection/callback/CallbackInfo;)V has 0 override(s) in child classes
[15:48:50] [Render thread/DEBUG] (FabricLoader/Mixin) fabric-lifecycle-events-v1.mixins.json:DataPackContentsMixin from mod fabric-lifecycle-events-v1->@Inject::init(Lnet/minecraft/registry/CombinedDynamicRegistries;Lnet/minecraft/registry/RegistryWrapper$WrapperLookup;Lnet/minecraft/resource/featuretoggle/FeatureSet;Lnet/minecraft/server/command/CommandManager$RegistrationEnvironment;Ljava/util/List;ILorg/spongepowered/asm/mixin/injection/callback/CallbackInfo;)V won't be passed a CallbackInfo as a result
[15:48:50] [Render thread/DEBUG] (FabricLoader/Mixin) fabric-lifecycle-events-v1.mixins.json:DataPackContentsMixin from mod fabric-lifecycle-events-v1->@Inject::hookRefresh(Lorg/spongepowered/asm/mixin/injection/callback/CallbackInfo;)V doesn't use it's CallbackInfo
[15:48:50] [Render thread/DEBUG] (FabricLoader/Mixin) fabric-lifecycle-events-v1.mixins.json:DataPackContentsMixin from mod fabric-lifecycle-events-v1->@Inject::hookRefresh(Lorg/spongepowered/asm/mixin/injection/callback/CallbackInfo;)V has 0 override(s) in child classes
[15:48:50] [Render thread/DEBUG] (FabricLoader/Mixin) fabric-lifecycle-events-v1.mixins.json:DataPackContentsMixin from mod fabric-lifecycle-events-v1->@Inject::hookRefresh(Lorg/spongepowered/asm/mixin/injection/callback/CallbackInfo;)V won't be passed a CallbackInfo as a result
[15:48:50] [Render thread/DEBUG] (FabricLoader/Mixin) fabric-resource-conditions-api-v1.mixins.json:DataPackContentsMixin from mod fabric-resource-conditions-api-v1->@Inject::hookReload(Lnet/minecraft/resource/ResourceManager;Lnet/minecraft/registry/CombinedDynamicRegistries;Ljava/util/List;Lnet/minecraft/resource/featuretoggle/FeatureSet;Lnet/minecraft/server/command/CommandManager$RegistrationEnvironment;ILjava/util/concurrent/Executor;Ljava/util/concurrent/Executor;Lorg/spongepowered/asm/mixin/injection/callback/CallbackInfoReturnable;)V doesn't use it's CallbackInfoReturnable
[15:48:50] [Render thread/DEBUG] (FabricLoader/Mixin) fabric-resource-conditions-api-v1.mixins.json:DataPackContentsMixin from mod fabric-resource-conditions-api-v1->@Inject::removeLoadedTags(Lorg/spongepowered/asm/mixin/injection/callback/CallbackInfo;)V doesn't use it's CallbackInfo
[15:48:50] [Render thread/DEBUG] (FabricLoader/Mixin) fabric-resource-conditions-api-v1.mixins.json:DataPackContentsMixin from mod fabric-resource-conditions-api-v1->@Inject::removeLoadedTags(Lorg/spongepowered/asm/mixin/injection/callback/CallbackInfo;)V has 0 override(s) in child classes
[15:48:50] [Render thread/DEBUG] (FabricLoader/Mixin) fabric-resource-conditions-api-v1.mixins.json:DataPackContentsMixin from mod fabric-resource-conditions-api-v1->@Inject::removeLoadedTags(Lorg/spongepowered/asm/mixin/injection/callback/CallbackInfo;)V won't be passed a CallbackInfo as a result
[15:48:50] [Render thread/DEBUG] (FabricLoader/Mixin) Mixing SaveLoadingMixin from fabric-registry-sync-v0.mixins.json into net.minecraft.server.SaveLoading
[15:48:50] [Render thread/DEBUG] (FabricLoader/Mixin) Mixing ServerPlayerInteractionManagerMixin from fabric-events-interaction-v0.mixins.json into net.minecraft.server.network.ServerPlayerInteractionManager
[15:48:50] [Render thread/DEBUG] (FabricLoader/Mixin) fabric-events-interaction-v0.mixins.json:ServerPlayerInteractionManagerMixin from mod fabric-events-interaction-v0->@Inject::startBlockBreak(Lnet/minecraft/util/math/BlockPos;Lnet/minecraft/network/packet/c2s/play/PlayerActionC2SPacket$Action;Lnet/minecraft/util/math/Direction;IILorg/spongepowered/asm/mixin/injection/callback/CallbackInfo;)V does use it's CallbackInfo
[15:48:50] [Render thread/DEBUG] (FabricLoader/Mixin) fabric-events-interaction-v0.mixins.json:ServerPlayerInteractionManagerMixin from mod fabric-events-interaction-v0->@Inject::interactBlock(Lnet/minecraft/server/network/ServerPlayerEntity;Lnet/minecraft/world/World;Lnet/minecraft/item/ItemStack;Lnet/minecraft/util/Hand;Lnet/minecraft/util/hit/BlockHitResult;Lorg/spongepowered/asm/mixin/injection/callback/CallbackInfoReturnable;)V does use it's CallbackInfoReturnable
[15:48:50] [Render thread/DEBUG] (FabricLoader/Mixin) fabric-events-interaction-v0.mixins.json:ServerPlayerInteractionManagerMixin from mod fabric-events-interaction-v0->@Inject::interactItem(Lnet/minecraft/server/network/ServerPlayerEntity;Lnet/minecraft/world/World;Lnet/minecraft/item/ItemStack;Lnet/minecraft/util/Hand;Lorg/spongepowered/asm/mixin/injection/callback/CallbackInfoReturnable;)V does use it's CallbackInfoReturnable
[15:48:50] [Render thread/DEBUG] (FabricLoader/Mixin) fabric-events-interaction-v0.mixins.json:ServerPlayerInteractionManagerMixin from mod fabric-events-interaction-v0->@Inject::breakBlock(Lnet/minecraft/util/math/BlockPos;Lorg/spongepowered/asm/mixin/injection/callback/CallbackInfoReturnable;)V does use it's CallbackInfoReturnable
[15:48:50] [Render thread/DEBUG] (FabricLoader/Mixin) fabric-events-interaction-v0.mixins.json:ServerPlayerInteractionManagerMixin from mod fabric-events-interaction-v0->@Inject::onBlockBroken(Lnet/minecraft/util/math/BlockPos;Lorg/spongepowered/asm/mixin/injection/callback/CallbackInfoReturnable;)V doesn't use it's CallbackInfoReturnable
[15:48:50] [Render thread/DEBUG] (FabricLoader/Mixin) fabric-events-interaction-v0.mixins.json:ServerPlayerInteractionManagerMixin from mod fabric-events-interaction-v0->@Inject::onBlockBroken(Lnet/minecraft/util/math/BlockPos;Lorg/spongepowered/asm/mixin/injection/callback/CallbackInfoReturnable;)V has 0 override(s) in child classes
[15:48:50] [Render thread/DEBUG] (FabricLoader/Mixin) fabric-events-interaction-v0.mixins.json:ServerPlayerInteractionManagerMixin from mod fabric-events-interaction-v0->@Inject::onBlockBroken(Lnet/minecraft/util/math/BlockPos;Lorg/spongepowered/asm/mixin/injection/callback/CallbackInfoReturnable;)V won't be passed a CallbackInfoReturnable as a result
[15:48:50] [Render thread/DEBUG] (net.fabricmc.fabric.impl.resource.loader.ModResourcePackUtil) [Fabric] Starting internal pack sorting with: [fabric, fabric-convention-tags-v2, fabric-gametest-api-v1, malilib]
[15:48:50] [Render thread/DEBUG] (net.fabricmc.fabric.impl.resource.loader.ModResourcePackUtil) [Fabric] Removed all internal packs, result: [fabric]
[15:48:50] [Render thread/DEBUG] (net.fabricmc.fabric.impl.resource.loader.ModResourcePackUtil) [Fabric] cur @ fabric, auto-enabled fabric-convention-tags-v2, currently enabled: [fabric, fabric-convention-tags-v2]
[15:48:50] [Render thread/DEBUG] (net.fabricmc.fabric.impl.resource.loader.ModResourcePackUtil) [Fabric] cur @ fabric, auto-enabled fabric-gametest-api-v1, currently enabled: [fabric, fabric-convention-tags-v2, fabric-gametest-api-v1]
[15:48:50] [Render thread/DEBUG] (net.fabricmc.fabric.impl.resource.loader.ModResourcePackUtil) [Fabric] cur @ fabric, auto-enabled malilib, currently enabled: [fabric, fabric-convention-tags-v2, fabric-gametest-api-v1, malilib]
[15:48:50] [Render thread/DEBUG] (net.fabricmc.fabric.impl.resource.loader.ModResourcePackUtil) [Fabric] Final sorting result: [fabric, fabric-convention-tags-v2, fabric-gametest-api-v1, malilib]
[15:48:50] [Render thread/DEBUG] (net.fabricmc.fabric.impl.resource.loader.ModResourcePackUtil) [Fabric] Starting internal pack sorting with: [vanilla, fabric, fabric-convention-tags-v2, fabric-gametest-api-v1, malilib]
[15:48:50] [Render thread/DEBUG] (net.fabricmc.fabric.impl.resource.loader.ModResourcePackUtil) [Fabric] Removed all internal packs, result: [vanilla, fabric]
[15:48:50] [Render thread/DEBUG] (net.fabricmc.fabric.impl.resource.loader.ModResourcePackUtil) [Fabric] cur @ fabric, auto-enabled fabric-convention-tags-v2, currently enabled: [vanilla, fabric, fabric-convention-tags-v2]
[15:48:50] [Render thread/DEBUG] (net.fabricmc.fabric.impl.resource.loader.ModResourcePackUtil) [Fabric] cur @ fabric, auto-enabled fabric-gametest-api-v1, currently enabled: [vanilla, fabric, fabric-convention-tags-v2, fabric-gametest-api-v1]
[15:48:50] [Render thread/DEBUG] (net.fabricmc.fabric.impl.resource.loader.ModResourcePackUtil) [Fabric] cur @ fabric, auto-enabled malilib, currently enabled: [vanilla, fabric, fabric-convention-tags-v2, fabric-gametest-api-v1, malilib]
[15:48:50] [Render thread/DEBUG] (net.fabricmc.fabric.impl.resource.loader.ModResourcePackUtil) [Fabric] Final sorting result: [vanilla, fabric, fabric-convention-tags-v2, fabric-gametest-api-v1, malilib]
[15:48:50] [Render thread/DEBUG] (FabricLoader/Mixin) Mixing SimpleRegistry2Mixin from fabric-tag-api-v1.mixins.json into net.minecraft.registry.SimpleRegistry$2
[15:48:50] [Render thread/DEBUG] (FabricLoader/Mixin) Mixing SimpleRegistry3Mixin from fabric-tag-api-v1.mixins.json into net.minecraft.registry.SimpleRegistry$3
[15:48:50] [Render thread/DEBUG] (FabricLoader/Mixin) fabric-tag-api-v1.mixins.json:SimpleRegistry3Mixin from mod fabric-tag-api-v1->@Inject::applyTagAliases(Lorg/spongepowered/asm/mixin/injection/callback/CallbackInfo;)V doesn't use it's CallbackInfo
[15:48:50] [Render thread/DEBUG] (FabricLoader/Mixin) fabric-tag-api-v1.mixins.json:SimpleRegistry3Mixin from mod fabric-tag-api-v1->@Inject::applyTagAliases(Lorg/spongepowered/asm/mixin/injection/callback/CallbackInfo;)V has 0 override(s) in child classes
[15:48:50] [Render thread/DEBUG] (FabricLoader/Mixin) fabric-tag-api-v1.mixins.json:SimpleRegistry3Mixin from mod fabric-tag-api-v1->@Inject::applyTagAliases(Lorg/spongepowered/asm/mixin/injection/callback/CallbackInfo;)V won't be passed a CallbackInfo as a result
[15:48:50] [Render thread/DEBUG] (FabricLoader/Mixin) Mixing RegistryLoaderMixin from fabric-item-api-v1.mixins.json into net.minecraft.registry.RegistryLoader
[15:48:50] [Render thread/DEBUG] (FabricLoader/Mixin) Mixing RegistryLoaderMixin from fabric-registry-sync-v0.mixins.json into net.minecraft.registry.RegistryLoader
[15:48:50] [Render thread/DEBUG] (FabricLoader/Mixin) Renaming synthetic method lambda$static$0()Ljava/lang/Boolean; to mdbcad25$fabric-registry-sync-v0$lambda$static$0$0 in fabric-registry-sync-v0.mixins.json:RegistryLoaderMixin from mod fabric-registry-sync-v0
[15:48:50] [Render thread/DEBUG] (FabricLoader/Mixin) Mixing RegistryLoaderMixin from fabric-gametest-api-v1.mixins.json into net.minecraft.registry.RegistryLoader
[15:48:50] [Render thread/DEBUG] (FabricLoader/Mixin) Renaming synthetic method lambda$loadFromResources$0(Lnet/minecraft/registry/RegistryLoader$Entry;)Z to mdbcad25$fabric-gametest-api-v1$lambda$loadFromResources$0$1 in fabric-gametest-api-v1.mixins.json:RegistryLoaderMixin from mod fabric-gametest-api-v1
[15:48:50] [Render thread/DEBUG] (FabricLoader/Mixin) Mixing RegistryLoaderMixin from fabric-resource-conditions-api-v1.mixins.json into net.minecraft.registry.RegistryLoader
[15:48:50] [Render thread/DEBUG] (FabricLoader/Mixin) fabric-registry-sync-v0.mixins.json:RegistryLoaderMixin from mod fabric-registry-sync-v0->@Inject::beforeLoad(Ljava/lang/Object;Ljava/util/List;Ljava/util/List;Lorg/spongepowered/asm/mixin/injection/callback/CallbackInfoReturnable;)V doesn't use it's CallbackInfoReturnable
[15:48:50] [Render thread/DEBUG] (FabricLoader/Mixin) fabric-gametest-api-v1.mixins.json:RegistryLoaderMixin from mod fabric-gametest-api-v1->@Inject::loadFromResources(Lnet/minecraft/resource/ResourceManager;Ljava/util/List;Ljava/util/List;Lorg/spongepowered/asm/mixin/injection/callback/CallbackInfoReturnable;)V doesn't use it's CallbackInfoReturnable
[15:48:50] [Render thread/DEBUG] (FabricLoader/Mixin) fabric-gametest-api-v1.mixins.json:RegistryLoaderMixin from mod fabric-gametest-api-v1->@Inject::beforeFreeze(Ljava/lang/Object;Ljava/util/List;Ljava/util/List;Lorg/spongepowered/asm/mixin/injection/callback/CallbackInfoReturnable;)V doesn't use it's CallbackInfoReturnable
[15:48:50] [Render thread/DEBUG] (FabricLoader/Mixin) fabric-resource-conditions-api-v1.mixins.json:RegistryLoaderMixin from mod fabric-resource-conditions-api-v1->@Inject::captureRegistries(Lnet/minecraft/resource/ResourceManager;Lnet/minecraft/registry/RegistryOps$RegistryInfoGetter;Lnet/minecraft/registry/MutableRegistry;Lcom/mojang/serialization/Decoder;Ljava/util/Map;Lorg/spongepowered/asm/mixin/injection/callback/CallbackInfo;)V doesn't use it's CallbackInfo
[15:48:50] [Render thread/DEBUG] (FabricLoader/Mixin) fabric-resource-conditions-api-v1.mixins.json:RegistryLoaderMixin from mod fabric-resource-conditions-api-v1->@Inject::releaseRegistries(Lnet/minecraft/resource/ResourceManager;Lnet/minecraft/registry/RegistryOps$RegistryInfoGetter;Lnet/minecraft/registry/MutableRegistry;Lcom/mojang/serialization/Decoder;Ljava/util/Map;Lorg/spongepowered/asm/mixin/injection/callback/CallbackInfo;)V doesn't use it's CallbackInfo
[15:48:50] [Render thread/DEBUG] (FabricLoader/Mixin) fabric-resource-conditions-api-v1.mixins.json:RegistryLoaderMixin from mod fabric-resource-conditions-api-v1->@Inject::checkResourceCondition(Lnet/minecraft/registry/MutableRegistry;Lcom/mojang/serialization/Decoder;Lnet/minecraft/registry/RegistryOps;Lnet/minecraft/registry/RegistryKey;Lnet/minecraft/resource/Resource;Lnet/minecraft/registry/entry/RegistryEntryInfo;Lorg/spongepowered/asm/mixin/injection/callback/CallbackInfo;)V does use it's CallbackInfo
[15:48:50] [Render thread/DEBUG] (FabricLoader/Mixin) Mixing EnchantmentBuilderAccessor from fabric-item-api-v1.mixins.json into net.minecraft.enchantment.Enchantment$Builder
[15:48:50] [Render thread/DEBUG] (FabricLoader/Mixin) Mixing EnchantmentBuilderMixin from fabric-item-api-v1.mixins.json into net.minecraft.enchantment.Enchantment$Builder
[15:48:50] [Render thread/DEBUG] (FabricLoader/Mixin) fabric-item-api-v1.mixins.json:EnchantmentBuilderMixin from mod fabric-item-api-v1->@Inject::markModified(Lorg/spongepowered/asm/mixin/injection/callback/CallbackInfoReturnable;)V does use it's CallbackInfo
[15:48:50] [Render thread/DEBUG] (FabricLoader/Mixin) fabric-item-api-v1.mixins.json:EnchantmentBuilderMixin from mod fabric-item-api-v1->@Inject::markModified(Lorg/spongepowered/asm/mixin/injection/callback/CallbackInfoReturnable;)V does use it's CallbackInfoReturnable
[15:48:50] [Render thread/DEBUG] (FabricLoader/Mixin) fabric-item-api-v1.mixins.json:EnchantmentBuilderMixin from mod fabric-item-api-v1->@Inject::markModified(Lorg/spongepowered/asm/mixin/injection/callback/CallbackInfoReturnable;)V does use it's CallbackInfoReturnable
[15:48:50] [Render thread/DEBUG] (FabricLoader/Mixin) fabric-item-api-v1.mixins.json:EnchantmentBuilderMixin from mod fabric-item-api-v1->@Inject::markModified(Lorg/spongepowered/asm/mixin/injection/callback/CallbackInfoReturnable;)V does use it's CallbackInfoReturnable
[15:48:50] [Render thread/DEBUG] (FabricLoader/Mixin) fabric-item-api-v1.mixins.json:EnchantmentBuilderMixin from mod fabric-item-api-v1->@Inject::markModified(Lorg/spongepowered/asm/mixin/injection/callback/CallbackInfoReturnable;)V does use it's CallbackInfoReturnable
[15:48:50] [Render thread/DEBUG] (FabricLoader/Mixin) fabric-item-api-v1.mixins.json:EnchantmentBuilderMixin from mod fabric-item-api-v1->@Inject::markModified(Lorg/spongepowered/asm/mixin/injection/callback/CallbackInfoReturnable;)V does use it's CallbackInfoReturnable
[15:48:50] [Render thread/DEBUG] (FabricLoader/Mixin) fabric-item-api-v1.mixins.json:EnchantmentBuilderMixin from mod fabric-item-api-v1->@Inject::markModified(Lorg/spongepowered/asm/mixin/injection/callback/CallbackInfoReturnable;)V does use it's CallbackInfoReturnable
[15:48:50] [Render thread/DEBUG] (FabricLoader/Mixin) fabric-item-api-v1.mixins.json:EnchantmentBuilderMixin from mod fabric-item-api-v1->@Inject::markModified(Lorg/spongepowered/asm/mixin/injection/callback/CallbackInfoReturnable;)V does use it's CallbackInfoReturnable
[15:48:50] [Render thread/DEBUG] (FabricLoader/Mixin) fabric-item-api-v1.mixins.json:EnchantmentBuilderMixin from mod fabric-item-api-v1->@Inject::markModified(Lorg/spongepowered/asm/mixin/injection/callback/CallbackInfoReturnable;)V does use it's CallbackInfoReturnable
[15:48:50] [Render thread/DEBUG] (FabricLoader/Mixin) fabric-item-api-v1.mixins.json:EnchantmentBuilderMixin from mod fabric-item-api-v1->@Inject::markModified(Lorg/spongepowered/asm/mixin/injection/callback/CallbackInfoReturnable;)V does use it's CallbackInfoReturnable
[15:48:50] [Render thread/DEBUG] (FabricLoader/Mixin) fabric-item-api-v1.mixins.json:EnchantmentBuilderMixin from mod fabric-item-api-v1->@Inject::markModified(Lorg/spongepowered/asm/mixin/injection/callback/CallbackInfoReturnable;)V does use it's CallbackInfoReturnable
[15:48:50] [Render thread/DEBUG] (FabricLoader/Mixin) fabric-item-api-v1.mixins.json:EnchantmentBuilderMixin from mod fabric-item-api-v1->@Inject::markModified(Lorg/spongepowered/asm/mixin/injection/callback/CallbackInfoReturnable;)V does use it's CallbackInfoReturnable
[15:48:51] [Render thread/DEBUG] (FabricLoader/Mixin) Mixing DimensionOptionsRegistryHolderMixin from fabric-dimensions-v1.mixins.json into net.minecraft.world.dimension.DimensionOptionsRegistryHolder
[15:48:51] [Render thread/DEBUG] (FabricLoader/Mixin) Mixing ReloadableRegistriesMixin from fabric-resource-conditions-api-v1.mixins.json into net.minecraft.registry.ReloadableRegistries
[15:48:51] [Render thread/DEBUG] (FabricLoader/Mixin) Mixing ReloadableRegistriesMixin from fabric-loot-api-v3.mixins.json into net.minecraft.registry.ReloadableRegistries
[15:48:51] [Render thread/DEBUG] (FabricLoader/Mixin) Renaming synthetic method lambda$onLootTablesLoaded$2(Lnet/minecraft/registry/entry/RegistryEntry$Reference;)V to mdbcad25$fabric-loot-api-v3$lambda$onLootTablesLoaded$2$0 in fabric-loot-api-v3.mixins.json:ReloadableRegistriesMixin from mod fabric-loot-api-v3
[15:48:51] [Render thread/DEBUG] (FabricLoader/Mixin) Renaming synthetic method lambda$modifyLootTable$1(Lnet/minecraft/registry/RegistryOps;Lnet/minecraft/util/Identifier;Ljava/lang/Object;)Ljava/lang/Object; to mdbcad25$fabric-loot-api-v3$lambda$modifyLootTable$1$1 in fabric-loot-api-v3.mixins.json:ReloadableRegistriesMixin from mod fabric-loot-api-v3
[15:48:51] [Render thread/DEBUG] (FabricLoader/Mixin) Renaming synthetic method lambda$removeOps$0(Lnet/minecraft/registry/RegistryOps;Ljava/util/List;)Ljava/util/List; to mdbcad25$fabric-loot-api-v3$lambda$removeOps$0$2 in fabric-loot-api-v3.mixins.json:ReloadableRegistriesMixin from mod fabric-loot-api-v3
[15:48:51] [Render thread/DEBUG] (FabricLoader/Mixin) fabric-resource-conditions-api-v1.mixins.json:ReloadableRegistriesMixin from mod fabric-resource-conditions-api-v1->@Inject::storeWrapperLookup(Lnet/minecraft/registry/CombinedDynamicRegistries;Ljava/util/List;Lnet/minecraft/resource/ResourceManager;Ljava/util/concurrent/Executor;Lorg/spongepowered/asm/mixin/injection/callback/CallbackInfoReturnable;)V doesn't use it's CallbackInfoReturnable
[15:48:51] [Render thread/DEBUG] (FabricLoader/Mixin) fabric-loot-api-v3.mixins.json:ReloadableRegistriesMixin from mod fabric-loot-api-v3->@Inject::modifyLootTable(Lnet/minecraft/loot/LootDataType;Lnet/minecraft/resource/ResourceManager;Lnet/minecraft/registry/RegistryOps;Lorg/spongepowered/asm/mixin/injection/callback/CallbackInfoReturnable;)V doesn't use it's CallbackInfoReturnable
[15:48:51] [Render thread/DEBUG] (FabricLoader/Mixin) fabric-loot-api-v3.mixins.json:ReloadableRegistriesMixin from mod fabric-loot-api-v3->@Inject::onLootTablesLoaded(Lnet/minecraft/loot/LootDataType;Lnet/minecraft/resource/ResourceManager;Lnet/minecraft/registry/RegistryOps;Lorg/spongepowered/asm/mixin/injection/callback/CallbackInfoReturnable;)V does use it's CallbackInfoReturnable
[15:48:51] [Worker-Main-13/DEBUG] (FabricLoader/Mixin) Mixing LootPoolAccessor from fabric-loot-api-v3.mixins.json into net.minecraft.loot.LootPool
[15:48:51] [Worker-Main-13/DEBUG] (FabricLoader/Mixin) Mixing ServerRecipeManagerMixin from fabric-recipe-api-v1.mixins.json into net.minecraft.recipe.ServerRecipeManager
[15:48:51] [Worker-Main-13/DEBUG] (FabricLoader/Mixin) Mixing KeyedResourceReloadListenerMixin from fabric-resource-loader-v0.mixins.json into net.minecraft.recipe.ServerRecipeManager
[15:48:51] [Worker-Main-13/DEBUG] (FabricLoader/Mixin) Mixing ServerRecipeManagerMixin from fabric-resource-loader-v0.mixins.json into net.minecraft.recipe.ServerRecipeManager
[15:48:51] [Worker-Main-13/DEBUG] (FabricLoader/Mixin) Renaming @Unique field registriesLnet/minecraft/registry/RegistryWrapper$WrapperLookup; to fdbcad25$fabric-resource-loader-v0$registries$0 in fabric-resource-loader-v0.mixins.json:ServerRecipeManagerMixin from mod fabric-resource-loader-v0
[15:48:51] [Worker-Main-13/DEBUG] (FabricLoader/Mixin) fabric-resource-loader-v0.mixins.json:ServerRecipeManagerMixin from mod fabric-resource-loader-v0->@Inject::init(Lnet/minecraft/registry/RegistryWrapper$WrapperLookup;Lorg/spongepowered/asm/mixin/injection/callback/CallbackInfo;)V doesn't use it's CallbackInfo
[15:48:51] [Worker-Main-13/DEBUG] (FabricLoader/Mixin) fabric-resource-loader-v0.mixins.json:ServerRecipeManagerMixin from mod fabric-resource-loader-v0->@Inject::init(Lnet/minecraft/registry/RegistryWrapper$WrapperLookup;Lorg/spongepowered/asm/mixin/injection/callback/CallbackInfo;)V has 0 override(s) in child classes
[15:48:51] [Worker-Main-13/DEBUG] (FabricLoader/Mixin) fabric-resource-loader-v0.mixins.json:ServerRecipeManagerMixin from mod fabric-resource-loader-v0->@Inject::init(Lnet/minecraft/registry/RegistryWrapper$WrapperLookup;Lorg/spongepowered/asm/mixin/injection/callback/CallbackInfo;)V won't be passed a CallbackInfo as a result
[15:48:51] [Worker-Main-13/DEBUG] (FabricLoader/Mixin) Mixing CommandManagerMixin from fabric-networking-api-v1.mixins.json into net.minecraft.server.command.CommandManager
[15:48:51] [Worker-Main-13/DEBUG] (FabricLoader/Mixin) Mixing CommandManagerMixin from fabric-command-api-v2.mixins.json into net.minecraft.server.command.CommandManager
[15:48:51] [Worker-Main-13/DEBUG] (FabricLoader/Mixin) fabric-networking-api-v1.mixins.json:CommandManagerMixin from mod fabric-networking-api-v1->@Inject::init(Lnet/minecraft/server/command/CommandManager$RegistrationEnvironment;Lnet/minecraft/command/CommandRegistryAccess;Lorg/spongepowered/asm/mixin/injection/callback/CallbackInfo;)V doesn't use it's CallbackInfo
[15:48:51] [Worker-Main-13/DEBUG] (FabricLoader/Mixin) fabric-networking-api-v1.mixins.json:CommandManagerMixin from mod fabric-networking-api-v1->@Inject::init(Lnet/minecraft/server/command/CommandManager$RegistrationEnvironment;Lnet/minecraft/command/CommandRegistryAccess;Lorg/spongepowered/asm/mixin/injection/callback/CallbackInfo;)V has 0 override(s) in child classes
[15:48:51] [Worker-Main-13/DEBUG] (FabricLoader/Mixin) fabric-networking-api-v1.mixins.json:CommandManagerMixin from mod fabric-networking-api-v1->@Inject::init(Lnet/minecraft/server/command/CommandManager$RegistrationEnvironment;Lnet/minecraft/command/CommandRegistryAccess;Lorg/spongepowered/asm/mixin/injection/callback/CallbackInfo;)V won't be passed a CallbackInfo as a result
[15:48:51] [Worker-Main-13/DEBUG] (FabricLoader/Mixin) fabric-command-api-v2.mixins.json:CommandManagerMixin from mod fabric-command-api-v2->@Inject::fabric_addCommands(Lnet/minecraft/server/command/CommandManager$RegistrationEnvironment;Lnet/minecraft/command/CommandRegistryAccess;Lorg/spongepowered/asm/mixin/injection/callback/CallbackInfo;)V doesn't use it's CallbackInfo
[15:48:51] [Worker-Main-13/DEBUG] (FabricLoader/Mixin) fabric-command-api-v2.mixins.json:CommandManagerMixin from mod fabric-command-api-v2->@Inject::fabric_addCommands(Lnet/minecraft/server/command/CommandManager$RegistrationEnvironment;Lnet/minecraft/command/CommandRegistryAccess;Lorg/spongepowered/asm/mixin/injection/callback/CallbackInfo;)V has 0 override(s) in child classes
[15:48:51] [Worker-Main-13/DEBUG] (FabricLoader/Mixin) fabric-command-api-v2.mixins.json:CommandManagerMixin from mod fabric-command-api-v2->@Inject::fabric_addCommands(Lnet/minecraft/server/command/CommandManager$RegistrationEnvironment;Lnet/minecraft/command/CommandRegistryAccess;Lorg/spongepowered/asm/mixin/injection/callback/CallbackInfo;)V won't be passed a CallbackInfo as a result
[15:48:51] [Worker-Main-13/DEBUG] (FabricLoader/Mixin) Mixing DatapackCommandMixin from fabric-resource-loader-v0.mixins.json into net.minecraft.server.command.DatapackCommand
[15:48:51] [Worker-Main-13/DEBUG] (FabricLoader/Mixin) Renaming synthetic method lambda$filterDisabledPackSuggestions$2(Lnet/minecraft/resource/ResourcePackProfile;)Z to mdbcad25$fabric-resource-loader-v0$lambda$filterDisabledPackSuggestions$2$0 in fabric-resource-loader-v0.mixins.json:DatapackCommandMixin from mod fabric-resource-loader-v0
[15:48:51] [Worker-Main-13/DEBUG] (FabricLoader/Mixin) Renaming synthetic method lambda$filterEnabledPackSuggestions$1(Lnet/minecraft/resource/ResourcePackProfile;)Z to mdbcad25$fabric-resource-loader-v0$lambda$filterEnabledPackSuggestions$1$1 in fabric-resource-loader-v0.mixins.json:DatapackCommandMixin from mod fabric-resource-loader-v0
[15:48:51] [Worker-Main-13/DEBUG] (FabricLoader/Mixin) Renaming synthetic method lambda$static$0(Ljava/lang/Object;)Lcom/mojang/brigadier/Message; to mdbcad25$fabric-resource-loader-v0$lambda$static$0$2 in fabric-resource-loader-v0.mixins.json:DatapackCommandMixin from mod fabric-resource-loader-v0
[15:48:51] [Worker-Main-13/DEBUG] (FabricLoader/Mixin) fabric-resource-loader-v0.mixins.json:DatapackCommandMixin from mod fabric-resource-loader-v0->@Inject::errorOnInternalPack(Lcom/mojang/brigadier/context/CommandContext;Ljava/lang/String;ZLorg/spongepowered/asm/mixin/injection/callback/CallbackInfoReturnable;)V doesn't use it's CallbackInfoReturnable
[15:48:51] [Worker-Main-13/DEBUG] (FabricLoader/Mixin) Mixing EnchantCommandMixin from fabric-item-api-v1.mixins.json into net.minecraft.server.command.EnchantCommand
[15:48:51] [Worker-Main-13/DEBUG] (FabricLoader/Mixin) Mixing GameRuleCommandAccessor from fabric-game-rule-api-v1.mixins.json into net.minecraft.server.command.GameRuleCommand
[15:48:51] [Worker-Main-13/DEBUG] (FabricLoader/Mixin) Renaming @Invoker method invokeExecuteSet(Lcom/mojang/brigadier/context/CommandContext;Lnet/minecraft/world/GameRules$Key;)I to invokeExecuteSet$fabric-game-rule-api-v1_$md$bcad25$0 in fabric-game-rule-api-v1.mixins.json:GameRuleCommandAccessor from mod fabric-game-rule-api-v1
[15:48:51] [Worker-Main-13/DEBUG] (FabricLoader/Mixin) Renaming @Invoker method invokeExecuteQuery(Lnet/minecraft/server/command/ServerCommandSource;Lnet/minecraft/world/GameRules$Key;)I to invokeExecuteQuery$fabric-game-rule-api-v1_$md$bcad25$1 in fabric-game-rule-api-v1.mixins.json:GameRuleCommandAccessor from mod fabric-game-rule-api-v1
[15:48:51] [Worker-Main-13/DEBUG] (FabricLoader/Mixin) Mixing GameRuleCommandVisitorMixin from fabric-game-rule-api-v1.mixins.json into net.minecraft.server.command.GameRuleCommand$1
[15:48:51] [Worker-Main-13/DEBUG] (FabricLoader/Mixin) fabric-game-rule-api-v1.mixins.json:GameRuleCommandVisitorMixin from mod fabric-game-rule-api-v1->@Inject::onRegisterCommand(Lnet/minecraft/world/GameRules$Key;Lnet/minecraft/world/GameRules$Type;Lorg/spongepowered/asm/mixin/injection/callback/CallbackInfo;)V does use it's CallbackInfo
[15:48:51] [Worker-Main-13/DEBUG] (FabricLoader/Mixin) Mixing HelpCommandAccessor from fabric-command-api-v2.mixins.json into net.minecraft.server.command.HelpCommand
[15:48:51] [Worker-Main-13/DEBUG] (FabricLoader/Mixin) Renaming @Accessor method getFailedException()Lcom/mojang/brigadier/exceptions/SimpleCommandExceptionType; to getFailedException$fabric-command-api-v2_$md$bcad25$0 in fabric-command-api-v2.mixins.json:HelpCommandAccessor from mod fabric-command-api-v2
[15:48:51] [Worker-Main-13/DEBUG] (FabricLoader/Mixin) Mixing KeyedResourceReloadListenerMixin from fabric-resource-loader-v0.mixins.json into net.minecraft.server.ServerAdvancementLoader
[15:48:51] [Worker-Main-13/DEBUG] (FabricLoader/Mixin) Mixing KeyedResourceReloadListenerMixin from fabric-resource-loader-v0.mixins.json into net.minecraft.server.function.FunctionLoader
[15:48:51] [Render thread/INFO] (net.minecraft.recipe.ServerRecipeManager) Loaded 1407 recipes
[15:48:51] [Render thread/INFO] (net.minecraft.advancement.AdvancementManager) Loaded 1520 advancements
[15:48:51] [Render thread/DEBUG] (FabricLoader/Mixin) Mixing PlayerManagerMixin from fabric-networking-api-v1.mixins.json into net.minecraft.server.PlayerManager
[15:48:51] [Render thread/DEBUG] (FabricLoader/Mixin) Mixing PlayerManagerMixin from fabric-lifecycle-events-v1.mixins.json into net.minecraft.server.PlayerManager
[15:48:51] [Render thread/DEBUG] (FabricLoader/Mixin) Mixing PlayerManagerMixin from fabric-entity-events-v1.mixins.json into net.minecraft.server.PlayerManager
[15:48:51] [Render thread/DEBUG] (FabricLoader/Mixin) Mixing PlayerManagerMixin from fabric-message-api-v1.mixins.json into net.minecraft.server.PlayerManager
[15:48:51] [Render thread/DEBUG] (FabricLoader/Mixin) fabric-networking-api-v1.mixins.json:PlayerManagerMixin from mod fabric-networking-api-v1->@Inject::handlePlayerConnection(Lnet/minecraft/network/ClientConnection;Lnet/minecraft/server/network/ServerPlayerEntity;Lnet/minecraft/server/network/ConnectedClientData;Lorg/spongepowered/asm/mixin/injection/callback/CallbackInfo;)V doesn't use it's CallbackInfo
[15:48:51] [Render thread/DEBUG] (FabricLoader/Mixin) fabric-networking-api-v1.mixins.json:PlayerManagerMixin from mod fabric-networking-api-v1->@Inject::handlePlayerConnection(Lnet/minecraft/network/ClientConnection;Lnet/minecraft/server/network/ServerPlayerEntity;Lnet/minecraft/server/network/ConnectedClientData;Lorg/spongepowered/asm/mixin/injection/callback/CallbackInfo;)V has 0 override(s) in child classes
[15:48:51] [Render thread/DEBUG] (FabricLoader/Mixin) fabric-networking-api-v1.mixins.json:PlayerManagerMixin from mod fabric-networking-api-v1->@Inject::handlePlayerConnection(Lnet/minecraft/network/ClientConnection;Lnet/minecraft/server/network/ServerPlayerEntity;Lnet/minecraft/server/network/ConnectedClientData;Lorg/spongepowered/asm/mixin/injection/callback/CallbackInfo;)V won't be passed a CallbackInfo as a result
[15:48:51] [Render thread/DEBUG] (FabricLoader/Mixin) fabric-lifecycle-events-v1.mixins.json:PlayerManagerMixin from mod fabric-lifecycle-events-v1->@Inject::hookOnPlayerConnect(Lnet/minecraft/network/ClientConnection;Lnet/minecraft/server/network/ServerPlayerEntity;Lnet/minecraft/server/network/ConnectedClientData;Lorg/spongepowered/asm/mixin/injection/callback/CallbackInfo;)V doesn't use it's CallbackInfo
[15:48:51] [Render thread/DEBUG] (FabricLoader/Mixin) fabric-lifecycle-events-v1.mixins.json:PlayerManagerMixin from mod fabric-lifecycle-events-v1->@Inject::hookOnPlayerConnect(Lnet/minecraft/network/ClientConnection;Lnet/minecraft/server/network/ServerPlayerEntity;Lnet/minecraft/server/network/ConnectedClientData;Lorg/spongepowered/asm/mixin/injection/callback/CallbackInfo;)V has 0 override(s) in child classes
[15:48:51] [Render thread/DEBUG] (FabricLoader/Mixin) fabric-lifecycle-events-v1.mixins.json:PlayerManagerMixin from mod fabric-lifecycle-events-v1->@Inject::hookOnPlayerConnect(Lnet/minecraft/network/ClientConnection;Lnet/minecraft/server/network/ServerPlayerEntity;Lnet/minecraft/server/network/ConnectedClientData;Lorg/spongepowered/asm/mixin/injection/callback/CallbackInfo;)V won't be passed a CallbackInfo as a result
[15:48:51] [Render thread/DEBUG] (FabricLoader/Mixin) fabric-lifecycle-events-v1.mixins.json:PlayerManagerMixin from mod fabric-lifecycle-events-v1->@Inject::hookOnDataPacksReloaded(Lorg/spongepowered/asm/mixin/injection/callback/CallbackInfo;)V doesn't use it's CallbackInfo
[15:48:51] [Render thread/DEBUG] (FabricLoader/Mixin) fabric-lifecycle-events-v1.mixins.json:PlayerManagerMixin from mod fabric-lifecycle-events-v1->@Inject::hookOnDataPacksReloaded(Lorg/spongepowered/asm/mixin/injection/callback/CallbackInfo;)V has 0 override(s) in child classes
[15:48:51] [Render thread/DEBUG] (FabricLoader/Mixin) fabric-lifecycle-events-v1.mixins.json:PlayerManagerMixin from mod fabric-lifecycle-events-v1->@Inject::hookOnDataPacksReloaded(Lorg/spongepowered/asm/mixin/injection/callback/CallbackInfo;)V won't be passed a CallbackInfo as a result
[15:48:51] [Render thread/DEBUG] (FabricLoader/Mixin) fabric-entity-events-v1.mixins.json:PlayerManagerMixin from mod fabric-entity-events-v1->@Inject::afterRespawn(Lnet/minecraft/server/network/ServerPlayerEntity;ZLnet/minecraft/entity/Entity$RemovalReason;Lorg/spongepowered/asm/mixin/injection/callback/CallbackInfoReturnable;)V does use it's CallbackInfoReturnable
[15:48:51] [Render thread/DEBUG] (FabricLoader/Mixin) fabric-entity-events-v1.mixins.json:PlayerManagerMixin from mod fabric-entity-events-v1->@Inject::firePlayerJoinEvent(Lnet/minecraft/network/ClientConnection;Lnet/minecraft/server/network/ServerPlayerEntity;Lnet/minecraft/server/network/ConnectedClientData;Lorg/spongepowered/asm/mixin/injection/callback/CallbackInfo;)V doesn't use it's CallbackInfo
[15:48:51] [Render thread/DEBUG] (FabricLoader/Mixin) fabric-entity-events-v1.mixins.json:PlayerManagerMixin from mod fabric-entity-events-v1->@Inject::firePlayerJoinEvent(Lnet/minecraft/network/ClientConnection;Lnet/minecraft/server/network/ServerPlayerEntity;Lnet/minecraft/server/network/ConnectedClientData;Lorg/spongepowered/asm/mixin/injection/callback/CallbackInfo;)V has 0 override(s) in child classes
[15:48:51] [Render thread/DEBUG] (FabricLoader/Mixin) fabric-entity-events-v1.mixins.json:PlayerManagerMixin from mod fabric-entity-events-v1->@Inject::firePlayerJoinEvent(Lnet/minecraft/network/ClientConnection;Lnet/minecraft/server/network/ServerPlayerEntity;Lnet/minecraft/server/network/ConnectedClientData;Lorg/spongepowered/asm/mixin/injection/callback/CallbackInfo;)V won't be passed a CallbackInfo as a result
[15:48:51] [Render thread/DEBUG] (FabricLoader/Mixin) fabric-entity-events-v1.mixins.json:PlayerManagerMixin from mod fabric-entity-events-v1->@Inject::firePlayerLeaveEvent(Lnet/minecraft/server/network/ServerPlayerEntity;Lorg/spongepowered/asm/mixin/injection/callback/CallbackInfo;)V doesn't use it's CallbackInfo
[15:48:51] [Render thread/DEBUG] (FabricLoader/Mixin) fabric-entity-events-v1.mixins.json:PlayerManagerMixin from mod fabric-entity-events-v1->@Inject::firePlayerLeaveEvent(Lnet/minecraft/server/network/ServerPlayerEntity;Lorg/spongepowered/asm/mixin/injection/callback/CallbackInfo;)V has 0 override(s) in child classes
[15:48:51] [Render thread/DEBUG] (FabricLoader/Mixin) fabric-entity-events-v1.mixins.json:PlayerManagerMixin from mod fabric-entity-events-v1->@Inject::firePlayerLeaveEvent(Lnet/minecraft/server/network/ServerPlayerEntity;Lorg/spongepowered/asm/mixin/injection/callback/CallbackInfo;)V won't be passed a CallbackInfo as a result
[15:48:51] [Render thread/DEBUG] (FabricLoader/Mixin) fabric-message-api-v1.mixins.json:PlayerManagerMixin from mod fabric-message-api-v1->@Inject::onSendChatMessage(Lnet/minecraft/network/message/SignedMessage;Lnet/minecraft/server/network/ServerPlayerEntity;Lnet/minecraft/network/message/MessageType$Parameters;Lorg/spongepowered/asm/mixin/injection/callback/CallbackInfo;)V does use it's CallbackInfo
[15:48:51] [Render thread/DEBUG] (FabricLoader/Mixin) fabric-message-api-v1.mixins.json:PlayerManagerMixin from mod fabric-message-api-v1->@Inject::onSendGameMessage(Lnet/minecraft/text/Text;Ljava/util/function/Function;ZLorg/spongepowered/asm/mixin/injection/callback/CallbackInfo;)V does use it's CallbackInfo
[15:48:51] [Render thread/DEBUG] (FabricLoader/Mixin) fabric-message-api-v1.mixins.json:PlayerManagerMixin from mod fabric-message-api-v1->@Inject::onSendCommandMessage(Lnet/minecraft/network/message/SignedMessage;Lnet/minecraft/server/command/ServerCommandSource;Lnet/minecraft/network/message/MessageType$Parameters;Lorg/spongepowered/asm/mixin/injection/callback/CallbackInfo;)V does use it's CallbackInfo
[15:48:51] [Render thread/DEBUG] (FabricLoader/Mixin) Mixing server.IMixinServerTickManager from mixins.malilib.json into net.minecraft.server.ServerTickManager
[15:48:51] [Render thread/DEBUG] (FabricLoader/Mixin) Mixing BrewingRecipeRegistryBuilderMixin from fabric-content-registries-v0.mixins.json into net.minecraft.recipe.BrewingRecipeRegistry$Builder
[15:48:51] [Render thread/DEBUG] (FabricLoader/Mixin) fabric-content-registries-v0.mixins.json:BrewingRecipeRegistryBuilderMixin from mod fabric-content-registries-v0->@Inject::build(Lorg/spongepowered/asm/mixin/injection/callback/CallbackInfoReturnable;)V doesn't use it's CallbackInfoReturnable
[15:48:51] [Render thread/DEBUG] (FabricLoader/Mixin) fabric-content-registries-v0.mixins.json:BrewingRecipeRegistryBuilderMixin from mod fabric-content-registries-v0->@Inject::build(Lorg/spongepowered/asm/mixin/injection/callback/CallbackInfoReturnable;)V has 0 override(s) in child classes
[15:48:51] [Render thread/DEBUG] (FabricLoader/Mixin) fabric-content-registries-v0.mixins.json:BrewingRecipeRegistryBuilderMixin from mod fabric-content-registries-v0->@Inject::build(Lorg/spongepowered/asm/mixin/injection/callback/CallbackInfoReturnable;)V won't be passed a CallbackInfoReturnable as a result
[15:48:51] [Render thread/DEBUG] (FabricLoader/Mixin) Mixing FuelRegistryMixin from fabric-content-registries-v0.mixins.json into net.minecraft.item.FuelRegistry
[15:48:51] [Render thread/INFO] (net.fabricmc.fabric.impl.biome.modification.BiomeModificationImpl) Applied 0 biome modifications to 0 of 65 new biomes in 888.7 μs
[15:48:51] [Server thread/INFO] (net.minecraft.server.integrated.IntegratedServer) Starting integrated minecraft server version 1.21.7
[15:48:51] [Server thread/INFO] (net.minecraft.server.MinecraftServer) Generating keypair
[15:48:51] [Render thread/DEBUG] (com.mojang.blaze3d.systems.RenderSystem) Growing IndexBuffer: Old limit 1776, new limit 10080.
[15:48:51] [Server thread/DEBUG] (FabricLoader/Mixin) Mixing world.IMixinWorldTickScheduler from mixins.litematica.json into net.minecraft.world.tick.WorldTickScheduler
[15:48:51] [Server thread/DEBUG] (FabricLoader/Mixin) Mixing ServerWorldServerEntityHandlerMixin from fabric-lifecycle-events-v1.mixins.json into net.minecraft.server.world.ServerWorld$ServerEntityHandler
[15:48:51] [Server thread/DEBUG] (FabricLoader/Mixin) fabric-lifecycle-events-v1.mixins.json:ServerWorldServerEntityHandlerMixin from mod fabric-lifecycle-events-v1->@Inject::invokeEntityLoadEvent(Lnet/minecraft/entity/Entity;Lorg/spongepowered/asm/mixin/injection/callback/CallbackInfo;)V doesn't use it's CallbackInfo
[15:48:51] [Server thread/DEBUG] (FabricLoader/Mixin) fabric-lifecycle-events-v1.mixins.json:ServerWorldServerEntityHandlerMixin from mod fabric-lifecycle-events-v1->@Inject::invokeEntityUnloadEvent(Lnet/minecraft/entity/Entity;Lorg/spongepowered/asm/mixin/injection/callback/CallbackInfo;)V doesn't use it's CallbackInfo
[15:48:51] [Server thread/DEBUG] (FabricLoader/Mixin) Mixing PersistentStateManagerMixin from fabric-object-builder-v1.mixins.json into net.minecraft.world.PersistentStateManager
[15:48:51] [Server thread/DEBUG] (FabricLoader/Mixin) Mixing accessor.ServerChunkLoadingManagerAccessor from fabric-networking-api-v1.mixins.json into net.minecraft.server.world.ServerChunkLoadingManager
[15:48:51] [Server thread/DEBUG] (FabricLoader/Mixin) Mixing ServerChunkLoadingManagerMixin from fabric-lifecycle-events-v1.mixins.json into net.minecraft.server.world.ServerChunkLoadingManager
[15:48:51] [Server thread/DEBUG] (FabricLoader/Mixin) fabric-lifecycle-events-v1.mixins.json:ServerChunkLoadingManagerMixin from mod fabric-lifecycle-events-v1->@Inject::onChunkUnload(Lnet/minecraft/server/world/ChunkHolder;Ljava/util/concurrent/CompletableFuture;JLorg/spongepowered/asm/mixin/injection/callback/CallbackInfo;)V doesn't use it's CallbackInfo
[15:48:51] [Server thread/DEBUG] (FabricLoader/Mixin) fabric-lifecycle-events-v1.mixins.json:ServerChunkLoadingManagerMixin from mod fabric-lifecycle-events-v1->@Inject::onChunkUnload(Lnet/minecraft/server/world/ChunkHolder;Ljava/util/concurrent/CompletableFuture;JLorg/spongepowered/asm/mixin/injection/callback/CallbackInfo;)V has 0 override(s) in child classes
[15:48:51] [Server thread/DEBUG] (FabricLoader/Mixin) fabric-lifecycle-events-v1.mixins.json:ServerChunkLoadingManagerMixin from mod fabric-lifecycle-events-v1->@Inject::onChunkUnload(Lnet/minecraft/server/world/ChunkHolder;Ljava/util/concurrent/CompletableFuture;JLorg/spongepowered/asm/mixin/injection/callback/CallbackInfo;)V won't be passed a CallbackInfo as a result
[15:48:51] [Server thread/DEBUG] (FabricLoader/Mixin) Mixing ChunkHolderMixin from fabric-lifecycle-events-v1.mixins.json into net.minecraft.server.world.ChunkHolder
[15:48:51] [Server thread/DEBUG] (FabricLoader/Mixin) fabric-lifecycle-events-v1.mixins.json:ChunkHolderMixin from mod fabric-lifecycle-events-v1->@Inject::updateFutures$inaccessibleToFull(Lnet/minecraft/server/world/ServerChunkLoadingManager;Ljava/util/concurrent/Executor;Lorg/spongepowered/asm/mixin/injection/callback/CallbackInfo;)V doesn't use it's CallbackInfo
[15:48:51] [Server thread/DEBUG] (FabricLoader/Mixin) fabric-lifecycle-events-v1.mixins.json:ChunkHolderMixin from mod fabric-lifecycle-events-v1->@Inject::updateFutures$inaccessibleToFull(Lnet/minecraft/server/world/ServerChunkLoadingManager;Ljava/util/concurrent/Executor;Lorg/spongepowered/asm/mixin/injection/callback/CallbackInfo;)V has 0 override(s) in child classes
[15:48:51] [Server thread/DEBUG] (FabricLoader/Mixin) fabric-lifecycle-events-v1.mixins.json:ChunkHolderMixin from mod fabric-lifecycle-events-v1->@Inject::updateFutures$inaccessibleToFull(Lnet/minecraft/server/world/ServerChunkLoadingManager;Ljava/util/concurrent/Executor;Lorg/spongepowered/asm/mixin/injection/callback/CallbackInfo;)V won't be passed a CallbackInfo as a result
[15:48:51] [Server thread/DEBUG] (FabricLoader/Mixin) fabric-lifecycle-events-v1.mixins.json:ChunkHolderMixin from mod fabric-lifecycle-events-v1->@Inject::updateFutures$fullToBlockTicking(Lnet/minecraft/server/world/ServerChunkLoadingManager;Ljava/util/concurrent/Executor;Lorg/spongepowered/asm/mixin/injection/callback/CallbackInfo;)V doesn't use it's CallbackInfo
[15:48:51] [Server thread/DEBUG] (FabricLoader/Mixin) fabric-lifecycle-events-v1.mixins.json:ChunkHolderMixin from mod fabric-lifecycle-events-v1->@Inject::updateFutures$fullToBlockTicking(Lnet/minecraft/server/world/ServerChunkLoadingManager;Ljava/util/concurrent/Executor;Lorg/spongepowered/asm/mixin/injection/callback/CallbackInfo;)V has 0 override(s) in child classes
[15:48:51] [Server thread/DEBUG] (FabricLoader/Mixin) fabric-lifecycle-events-v1.mixins.json:ChunkHolderMixin from mod fabric-lifecycle-events-v1->@Inject::updateFutures$fullToBlockTicking(Lnet/minecraft/server/world/ServerChunkLoadingManager;Ljava/util/concurrent/Executor;Lorg/spongepowered/asm/mixin/injection/callback/CallbackInfo;)V won't be passed a CallbackInfo as a result
[15:48:51] [Server thread/DEBUG] (FabricLoader/Mixin) fabric-lifecycle-events-v1.mixins.json:ChunkHolderMixin from mod fabric-lifecycle-events-v1->@Inject::updateFutures$blockTickingToEntityTicking(Lnet/minecraft/server/world/ServerChunkLoadingManager;Ljava/util/concurrent/Executor;Lorg/spongepowered/asm/mixin/injection/callback/CallbackInfo;)V doesn't use it's CallbackInfo
[15:48:51] [Server thread/DEBUG] (FabricLoader/Mixin) fabric-lifecycle-events-v1.mixins.json:ChunkHolderMixin from mod fabric-lifecycle-events-v1->@Inject::updateFutures$blockTickingToEntityTicking(Lnet/minecraft/server/world/ServerChunkLoadingManager;Ljava/util/concurrent/Executor;Lorg/spongepowered/asm/mixin/injection/callback/CallbackInfo;)V has 0 override(s) in child classes
[15:48:51] [Server thread/DEBUG] (FabricLoader/Mixin) fabric-lifecycle-events-v1.mixins.json:ChunkHolderMixin from mod fabric-lifecycle-events-v1->@Inject::updateFutures$blockTickingToEntityTicking(Lnet/minecraft/server/world/ServerChunkLoadingManager;Ljava/util/concurrent/Executor;Lorg/spongepowered/asm/mixin/injection/callback/CallbackInfo;)V won't be passed a CallbackInfo as a result
[15:48:51] [Server thread/DEBUG] (FabricLoader/Mixin) fabric-lifecycle-events-v1.mixins.json:ChunkHolderMixin from mod fabric-lifecycle-events-v1->@Inject::decreaseLevel(Lnet/minecraft/server/world/ServerChunkLoadingManager;Lnet/minecraft/server/world/ChunkLevelType;Lorg/spongepowered/asm/mixin/injection/callback/CallbackInfo;)V doesn't use it's CallbackInfo
[15:48:51] [Server thread/DEBUG] (FabricLoader/Mixin) fabric-lifecycle-events-v1.mixins.json:ChunkHolderMixin from mod fabric-lifecycle-events-v1->@Inject::decreaseLevel(Lnet/minecraft/server/world/ServerChunkLoadingManager;Lnet/minecraft/server/world/ChunkLevelType;Lorg/spongepowered/asm/mixin/injection/callback/CallbackInfo;)V has 0 override(s) in child classes
[15:48:51] [Server thread/DEBUG] (FabricLoader/Mixin) fabric-lifecycle-events-v1.mixins.json:ChunkHolderMixin from mod fabric-lifecycle-events-v1->@Inject::decreaseLevel(Lnet/minecraft/server/world/ServerChunkLoadingManager;Lnet/minecraft/server/world/ChunkLevelType;Lorg/spongepowered/asm/mixin/injection/callback/CallbackInfo;)V won't be passed a CallbackInfo as a result
[15:48:51] [Server thread/DEBUG] (FabricLoader/Mixin) Mixing NoiseConfigMixin from fabric-biome-api-v1.mixins.json into net.minecraft.world.gen.noise.NoiseConfig
[15:48:51] [Server thread/DEBUG] (FabricLoader/Mixin) fabric-biome-api-v1.mixins.json:NoiseConfigMixin from mod fabric-biome-api-v1->@Inject::init(Lnet/minecraft/world/gen/chunk/ChunkGeneratorSettings;Lnet/minecraft/registry/RegistryEntryLookup;JLorg/spongepowered/asm/mixin/injection/callback/CallbackInfo;)V doesn't use it's CallbackInfo
[15:48:51] [Server thread/DEBUG] (FabricLoader/Mixin) Mixing MultiNoiseUtilMultiNoiseSamplerMixin from fabric-biome-api-v1.mixins.json into net.minecraft.world.biome.source.util.MultiNoiseUtil$MultiNoiseSampler
[15:48:51] [Server thread/INFO] (net.minecraft.server.MinecraftServer) Preparing start region for dimension minecraft:overworld
[15:48:52] [Worker-Main-7/DEBUG] (FabricLoader/Mixin) Mixing SerializedChunkMixin from fabric-data-attachment-api-v1.mixins.json into net.minecraft.world.chunk.SerializedChunk
[15:48:52] [Worker-Main-7/DEBUG] (FabricLoader/Mixin) Renaming @Unique field LOGGERLorg/slf4j/Logger; to fdbcad25$fabric-data-attachment-api-v1$LOGGER$0 in fabric-data-attachment-api-v1.mixins.json:SerializedChunkMixin from mod fabric-data-attachment-api-v1
[15:48:52] [Worker-Main-7/DEBUG] (FabricLoader/Mixin) Mixing SerializedChunkMixin from fabric-registry-sync-v0.mixins.json into net.minecraft.world.chunk.SerializedChunk
[15:48:52] [Worker-Main-7/DEBUG] (FabricLoader/Mixin) fabric-data-attachment-api-v1.mixins.json:SerializedChunkMixin from mod fabric-data-attachment-api-v1->@Inject::storeAttachmentNbtData(Lnet/minecraft/world/HeightLimitView;Lnet/minecraft/registry/DynamicRegistryManager;Lnet/minecraft/nbt/NbtCompound;Lorg/spongepowered/asm/mixin/injection/callback/CallbackInfoReturnable;)V does use it's CallbackInfoReturnable
[15:48:52] [Worker-Main-7/DEBUG] (FabricLoader/Mixin) fabric-data-attachment-api-v1.mixins.json:SerializedChunkMixin from mod fabric-data-attachment-api-v1->@Inject::storeAttachmentNbtData(Lnet/minecraft/world/HeightLimitView;Lnet/minecraft/registry/DynamicRegistryManager;Lnet/minecraft/nbt/NbtCompound;Lorg/spongepowered/asm/mixin/injection/callback/CallbackInfoReturnable;)V does use it's CallbackInfoReturnable
[15:48:52] [Worker-Main-7/DEBUG] (FabricLoader/Mixin) fabric-data-attachment-api-v1.mixins.json:SerializedChunkMixin from mod fabric-data-attachment-api-v1->@Inject::setAttachmentDataInChunk(Lnet/minecraft/server/world/ServerWorld;Lnet/minecraft/world/poi/PointOfInterestStorage;Lnet/minecraft/world/storage/StorageKey;Lnet/minecraft/util/math/ChunkPos;Lorg/spongepowered/asm/mixin/injection/callback/CallbackInfoReturnable;)V does use it's CallbackInfoReturnable
[15:48:52] [Worker-Main-7/DEBUG] (FabricLoader/Mixin) fabric-data-attachment-api-v1.mixins.json:SerializedChunkMixin from mod fabric-data-attachment-api-v1->@Inject::setAttachmentDataInChunk(Lnet/minecraft/server/world/ServerWorld;Lnet/minecraft/world/poi/PointOfInterestStorage;Lnet/minecraft/world/storage/StorageKey;Lnet/minecraft/util/math/ChunkPos;Lorg/spongepowered/asm/mixin/injection/callback/CallbackInfoReturnable;)V does use it's CallbackInfoReturnable
[15:48:52] [Worker-Main-7/DEBUG] (FabricLoader/Mixin) fabric-data-attachment-api-v1.mixins.json:SerializedChunkMixin from mod fabric-data-attachment-api-v1->@Inject::storeAttachmentNbtData(Lnet/minecraft/server/world/ServerWorld;Lnet/minecraft/world/chunk/Chunk;Lorg/spongepowered/asm/mixin/injection/callback/CallbackInfoReturnable;)V does use it's CallbackInfoReturnable
[15:48:52] [Worker-Main-7/DEBUG] (FabricLoader/Mixin) fabric-data-attachment-api-v1.mixins.json:SerializedChunkMixin from mod fabric-data-attachment-api-v1->@Inject::writeChunkAttachments(Lorg/spongepowered/asm/mixin/injection/callback/CallbackInfoReturnable;)V does use it's CallbackInfoReturnable
[15:48:52] [Worker-Main-7/DEBUG] (FabricLoader/Mixin) Mixing WrapperProtoChunkMixin from fabric-data-attachment-api-v1.mixins.json into net.minecraft.world.chunk.WrapperProtoChunk
[15:48:52] [Worker-Main-3/DEBUG] (FabricLoader/Mixin) Mixing ChunkSectionMixin from fabric-block-api-v1.mixins.json into net.minecraft.world.chunk.ChunkSection
[15:48:52] [Worker-Main-13/DEBUG] (FabricLoader/Mixin) Mixing ChunkSectionBlockStateCounterMixin from fabric-block-api-v1.mixins.json into net.minecraft.world.chunk.ChunkSection$BlockStateCounter
[15:48:52] [Render thread/INFO] (net.minecraft.server.WorldGenerationProgressLogger) Preparing spawn area: 0%
[15:48:52] [Server thread/DEBUG] (FabricLoader/Mixin) Mixing nbt.IMixinNbtReadView from mixins.malilib.json into net.minecraft.storage.NbtReadView
[15:48:52] [Server thread/DEBUG] (FabricLoader/Mixin) Mixing LandPathNodeMakerMixin from fabric-content-registries-v0.mixins.json into net.minecraft.entity.ai.pathing.LandPathNodeMaker
[15:48:52] [Server thread/DEBUG] (FabricLoader/Mixin) fabric-content-registries-v0.mixins.json:LandPathNodeMakerMixin from mod fabric-content-registries-v0->@Inject::getCommonNodeType(Lnet/minecraft/world/BlockView;Lnet/minecraft/util/math/BlockPos;Lorg/spongepowered/asm/mixin/injection/callback/CallbackInfoReturnable;)V does use it's CallbackInfoReturnable
[15:48:52] [Render thread/INFO] (net.minecraft.server.WorldGenerationProgressLogger) Time elapsed: 290 ms
[15:48:52] [Server thread/DEBUG] (FabricLoader/Mixin) Mixing accessor.EntityTrackerAccessor from fabric-networking-api-v1.mixins.json into net.minecraft.server.world.ServerChunkLoadingManager$EntityTracker
[15:48:52] [Server thread/DEBUG] (FabricLoader/Mixin) Mixing EntityTrackerEntryMixin from fabric-networking-api-v1.mixins.json into net.minecraft.server.network.EntityTrackerEntry
[15:48:52] [Server thread/DEBUG] (FabricLoader/Mixin) fabric-networking-api-v1.mixins.json:EntityTrackerEntryMixin from mod fabric-networking-api-v1->@Inject::onStartTracking(Lnet/minecraft/server/network/ServerPlayerEntity;Lorg/spongepowered/asm/mixin/injection/callback/CallbackInfo;)V doesn't use it's CallbackInfo
[15:48:52] [Server thread/DEBUG] (FabricLoader/Mixin) fabric-networking-api-v1.mixins.json:EntityTrackerEntryMixin from mod fabric-networking-api-v1->@Inject::onStartTracking(Lnet/minecraft/server/network/ServerPlayerEntity;Lorg/spongepowered/asm/mixin/injection/callback/CallbackInfo;)V has 0 override(s) in child classes
[15:48:52] [Server thread/DEBUG] (FabricLoader/Mixin) fabric-networking-api-v1.mixins.json:EntityTrackerEntryMixin from mod fabric-networking-api-v1->@Inject::onStartTracking(Lnet/minecraft/server/network/ServerPlayerEntity;Lorg/spongepowered/asm/mixin/injection/callback/CallbackInfo;)V won't be passed a CallbackInfo as a result
[15:48:52] [Server thread/DEBUG] (FabricLoader/Mixin) fabric-networking-api-v1.mixins.json:EntityTrackerEntryMixin from mod fabric-networking-api-v1->@Inject::onStopTracking(Lnet/minecraft/server/network/ServerPlayerEntity;Lorg/spongepowered/asm/mixin/injection/callback/CallbackInfo;)V doesn't use it's CallbackInfo
[15:48:52] [Server thread/DEBUG] (FabricLoader/Mixin) fabric-networking-api-v1.mixins.json:EntityTrackerEntryMixin from mod fabric-networking-api-v1->@Inject::onStopTracking(Lnet/minecraft/server/network/ServerPlayerEntity;Lorg/spongepowered/asm/mixin/injection/callback/CallbackInfo;)V has 0 override(s) in child classes
[15:48:52] [Server thread/DEBUG] (FabricLoader/Mixin) fabric-networking-api-v1.mixins.json:EntityTrackerEntryMixin from mod fabric-networking-api-v1->@Inject::onStopTracking(Lnet/minecraft/server/network/ServerPlayerEntity;Lorg/spongepowered/asm/mixin/injection/callback/CallbackInfo;)V won't be passed a CallbackInfo as a result
[15:48:52] [Server thread/INFO] (net.minecraft.server.integrated.IntegratedServer) Changing simulation distance to 5, from 0
[15:48:52] [Server thread/DEBUG] (FabricLoader/Mixin) Mixing EnchantmentHelperMixin from fabric-item-api-v1.mixins.json into net.minecraft.enchantment.EnchantmentHelper
[15:48:52] [Render thread/DEBUG] (io.netty.channel.MultithreadEventLoopGroup) -Dio.netty.eventLoopThreads: 32
[15:48:52] [Server thread/DEBUG] (FabricLoader/Mixin) Mixing nbt.IMixinNbtWriteView from mixins.malilib.json into net.minecraft.storage.NbtWriteView
[15:48:52] [Render thread/DEBUG] (io.netty.util.concurrent.GlobalEventExecutor) -Dio.netty.globalEventExecutor.quietPeriodSeconds: 1
[15:48:52] [Render thread/DEBUG] (io.netty.util.internal.InternalThreadLocalMap) -Dio.netty.threadLocalMap.stringBuilder.initialSize: 1024
[15:48:52] [Render thread/DEBUG] (io.netty.util.internal.InternalThreadLocalMap) -Dio.netty.threadLocalMap.stringBuilder.maxSize: 4096
[15:48:52] [Render thread/DEBUG] (io.netty.util.internal.PlatformDependent0) -Dio.netty.noUnsafe: false
[15:48:52] [Render thread/DEBUG] (io.netty.util.internal.PlatformDependent0) Java version: 21
[15:48:52] [Render thread/DEBUG] (io.netty.util.internal.PlatformDependent0) sun.misc.Unsafe.theUnsafe: available
[15:48:52] [Render thread/DEBUG] (io.netty.util.internal.PlatformDependent0) sun.misc.Unsafe base methods: all available
[15:48:52] [Render thread/DEBUG] (io.netty.util.internal.PlatformDependent0) sun.misc.Unsafe.storeFence: available
[15:48:52] [Render thread/DEBUG] (io.netty.util.internal.PlatformDependent0) java.nio.Buffer.address: available
[15:48:52] [Render thread/DEBUG] (io.netty.util.internal.PlatformDependent0) direct buffer constructor: unavailable
java.lang.UnsupportedOperationException: Reflective setAccessible(true) disabled
	at knot/io.netty.util.internal.ReflectionUtil.trySetAccessible(ReflectionUtil.java:31) ~[netty-common-4.1.118.Final.jar:?]
	at knot/io.netty.util.internal.PlatformDependent0$5.run(PlatformDependent0.java:332) ~[netty-common-4.1.118.Final.jar:?]
	at java.base/java.security.AccessController.doPrivileged(AccessController.java:319) ~[?:?]
	at knot/io.netty.util.internal.PlatformDependent0.<clinit>(PlatformDependent0.java:325) ~[netty-common-4.1.118.Final.jar:?]
	at knot/io.netty.util.internal.PlatformDependent.isAndroid(PlatformDependent.java:334) ~[netty-common-4.1.118.Final.jar:?]
	at knot/io.netty.util.internal.PlatformDependent.<clinit>(PlatformDependent.java:90) ~[netty-common-4.1.118.Final.jar:?]
	at knot/io.netty.channel.nio.NioEventLoop.<clinit>(NioEventLoop.java:84) ~[netty-transport-4.1.118.Final.jar:?]
	at knot/io.netty.channel.nio.NioEventLoopGroup.newChild(NioEventLoopGroup.java:182) ~[netty-transport-4.1.118.Final.jar:?]
	at knot/io.netty.channel.nio.NioEventLoopGroup.newChild(NioEventLoopGroup.java:38) ~[netty-transport-4.1.118.Final.jar:?]
	at knot/io.netty.util.concurrent.MultithreadEventExecutorGroup.<init>(MultithreadEventExecutorGroup.java:84) ~[netty-common-4.1.118.Final.jar:?]
	at knot/io.netty.util.concurrent.MultithreadEventExecutorGroup.<init>(MultithreadEventExecutorGroup.java:60) ~[netty-common-4.1.118.Final.jar:?]
	at knot/io.netty.util.concurrent.MultithreadEventExecutorGroup.<init>(MultithreadEventExecutorGroup.java:49) ~[netty-common-4.1.118.Final.jar:?]
	at knot/io.netty.channel.MultithreadEventLoopGroup.<init>(MultithreadEventLoopGroup.java:59) ~[netty-transport-4.1.118.Final.jar:?]
	at knot/io.netty.channel.nio.NioEventLoopGroup.<init>(NioEventLoopGroup.java:87) ~[netty-transport-4.1.118.Final.jar:?]
	at knot/io.netty.channel.nio.NioEventLoopGroup.<init>(NioEventLoopGroup.java:82) ~[netty-transport-4.1.118.Final.jar:?]
	at knot/io.netty.channel.nio.NioEventLoopGroup.<init>(NioEventLoopGroup.java:69) ~[netty-transport-4.1.118.Final.jar:?]
	at knot/net.minecraft.server.ServerNetworkIo.method_14348(ServerNetworkIo.java:55) ~[minecraft-common-8e4d1c984e-1.21.7-net.fabricmc.yarn.1_21_7.1.21.7+build.6-v2.jar:?]
	at knot/com.google.common.base.Suppliers$NonSerializableMemoizingSupplier.get(Suppliers.java:200) ~[guava-33.3.1-jre.jar:?]
	at knot/net.minecraft.server.ServerNetworkIo.bindLocal(ServerNetworkIo.java:141) ~[minecraft-common-8e4d1c984e-1.21.7-net.fabricmc.yarn.1_21_7.1.21.7+build.6-v2.jar:?]
	at knot/net.minecraft.client.MinecraftClient.startIntegratedServer(MinecraftClient.java:2159) ~[minecraft-clientOnly-8e4d1c984e-1.21.7-net.fabricmc.yarn.1_21_7.1.21.7+build.6-v2.jar:?]
	at knot/net.minecraft.server.integrated.IntegratedServerLoader.start(IntegratedServerLoader.java:411) ~[minecraft-clientOnly-8e4d1c984e-1.21.7-net.fabricmc.yarn.1_21_7.1.21.7+build.6-v2.jar:?]
	at knot/net.minecraft.server.integrated.IntegratedServerLoader.start(IntegratedServerLoader.java:406) ~[minecraft-clientOnly-8e4d1c984e-1.21.7-net.fabricmc.yarn.1_21_7.1.21.7+build.6-v2.jar:?]
	at knot/net.minecraft.server.integrated.IntegratedServerLoader.method_57777(IntegratedServerLoader.java:373) ~[minecraft-clientOnly-8e4d1c984e-1.21.7-net.fabricmc.yarn.1_21_7.1.21.7+build.6-v2.jar:?]
	at java.base/java.util.concurrent.CompletableFuture$UniAccept.tryFire(CompletableFuture.java:718) ~[?:?]
	at java.base/java.util.concurrent.CompletableFuture$Completion.run(CompletableFuture.java:482) ~[?:?]
	at knot/net.minecraft.util.thread.ThreadExecutor.execute(ThreadExecutor.java:110) ~[minecraft-common-8e4d1c984e-1.21.7-net.fabricmc.yarn.1_21_7.1.21.7+build.6-v2.jar:?]
	at java.base/java.util.concurrent.CompletableFuture.uniAcceptNow(CompletableFuture.java:754) ~[?:?]
	at java.base/java.util.concurrent.CompletableFuture.uniAcceptStage(CompletableFuture.java:735) ~[?:?]
	at java.base/java.util.concurrent.CompletableFuture.thenAcceptAsync(CompletableFuture.java:2223) ~[?:?]
	at knot/net.minecraft.server.integrated.IntegratedServerLoader.start(IntegratedServerLoader.java:371) ~[minecraft-clientOnly-8e4d1c984e-1.21.7-net.fabricmc.yarn.1_21_7.1.21.7+build.6-v2.jar:?]
	at knot/net.minecraft.server.integrated.IntegratedServerLoader.checkBackupAndStart(IntegratedServerLoader.java:360) ~[minecraft-clientOnly-8e4d1c984e-1.21.7-net.fabricmc.yarn.1_21_7.1.21.7+build.6-v2.jar:?]
	at knot/net.minecraft.server.integrated.IntegratedServerLoader.start(IntegratedServerLoader.java:342) ~[minecraft-clientOnly-8e4d1c984e-1.21.7-net.fabricmc.yarn.1_21_7.1.21.7+build.6-v2.jar:?]
	at knot/net.minecraft.server.integrated.IntegratedServerLoader.start(IntegratedServerLoader.java:314) ~[minecraft-clientOnly-8e4d1c984e-1.21.7-net.fabricmc.yarn.1_21_7.1.21.7+build.6-v2.jar:?]
	at knot/net.minecraft.server.integrated.IntegratedServerLoader.start(IntegratedServerLoader.java:279) ~[minecraft-clientOnly-8e4d1c984e-1.21.7-net.fabricmc.yarn.1_21_7.1.21.7+build.6-v2.jar:?]
	at knot/net.minecraft.server.integrated.IntegratedServerLoader.start(IntegratedServerLoader.java:245) ~[minecraft-clientOnly-8e4d1c984e-1.21.7-net.fabricmc.yarn.1_21_7.1.21.7+build.6-v2.jar:?]
	at knot/net.minecraft.client.gui.screen.world.WorldListWidget$WorldEntry.play(WorldListWidget.java:432) ~[minecraft-clientOnly-8e4d1c984e-1.21.7-net.fabricmc.yarn.1_21_7.1.21.7+build.6-v2.jar:?]
	at knot/net.minecraft.client.gui.screen.world.WorldListWidget$WorldEntry.mouseClicked(WorldListWidget.java:409) ~[minecraft-clientOnly-8e4d1c984e-1.21.7-net.fabricmc.yarn.1_21_7.1.21.7+build.6-v2.jar:?]
	at knot/net.minecraft.client.gui.ParentElement.mouseClicked(ParentElement.java:43) ~[minecraft-clientOnly-8e4d1c984e-1.21.7-net.fabricmc.yarn.1_21_7.1.21.7+build.6-v2.jar:?]
	at knot/net.minecraft.client.gui.widget.ContainerWidget.mouseClicked(ContainerWidget.java:57) ~[minecraft-clientOnly-8e4d1c984e-1.21.7-net.fabricmc.yarn.1_21_7.1.21.7+build.6-v2.jar:?]
	at knot/net.minecraft.client.gui.ParentElement.mouseClicked(ParentElement.java:43) ~[minecraft-clientOnly-8e4d1c984e-1.21.7-net.fabricmc.yarn.1_21_7.1.21.7+build.6-v2.jar:?]
	at knot/net.minecraft.client.Mouse.mixinextras$bridge$mouseClicked$42(Mouse.java) ~[minecraft-clientOnly-8e4d1c984e-1.21.7-net.fabricmc.yarn.1_21_7.1.21.7+build.6-v2.jar:?]
	at knot/net.minecraft.client.Mouse.wrapOperation$bdd000$fabric-screen-api-v1$invokeMouseClickedEvents(Mouse.java:1045) ~[minecraft-clientOnly-8e4d1c984e-1.21.7-net.fabricmc.yarn.1_21_7.1.21.7+build.6-v2.jar:?]
	at knot/net.minecraft.client.Mouse.onMouseButton(Mouse.java:120) ~[minecraft-clientOnly-8e4d1c984e-1.21.7-net.fabricmc.yarn.1_21_7.1.21.7+build.6-v2.jar:?]
	at knot/net.minecraft.client.Mouse.method_22686(Mouse.java:226) ~[minecraft-clientOnly-8e4d1c984e-1.21.7-net.fabricmc.yarn.1_21_7.1.21.7+build.6-v2.jar:?]
	at knot/net.minecraft.util.thread.ThreadExecutor.execute(ThreadExecutor.java:110) ~[minecraft-common-8e4d1c984e-1.21.7-net.fabricmc.yarn.1_21_7.1.21.7+build.6-v2.jar:?]
	at knot/net.minecraft.client.Mouse.method_22684(Mouse.java:226) ~[minecraft-clientOnly-8e4d1c984e-1.21.7-net.fabricmc.yarn.1_21_7.1.21.7+build.6-v2.jar:?]
	at knot/org.lwjgl.glfw.GLFWMouseButtonCallbackI.callback(GLFWMouseButtonCallbackI.java:43) [lwjgl-glfw-3.3.3.jar:?]
	at knot/org.lwjgl.system.JNI.invokeV(Native Method) ~[lwjgl-3.3.3.jar:?]
	at knot/org.lwjgl.glfw.GLFW.glfwWaitEventsTimeout(GLFW.java:3509) [lwjgl-glfw-3.3.3.jar:?]
	at knot/com.mojang.blaze3d.systems.RenderSystem.limitDisplayFPS(RenderSystem.java:179) [minecraft-clientOnly-8e4d1c984e-1.21.7-net.fabricmc.yarn.1_21_7.1.21.7+build.6-v2.jar:?]
	at knot/net.minecraft.client.MinecraftClient.render(MinecraftClient.java:1383) [minecraft-clientOnly-8e4d1c984e-1.21.7-net.fabricmc.yarn.1_21_7.1.21.7+build.6-v2.jar:?]
	at knot/net.minecraft.client.MinecraftClient.run(MinecraftClient.java:947) [minecraft-clientOnly-8e4d1c984e-1.21.7-net.fabricmc.yarn.1_21_7.1.21.7+build.6-v2.jar:?]
	at knot/net.minecraft.client.main.Main.main(Main.java:265) [minecraft-clientOnly-8e4d1c984e-1.21.7-net.fabricmc.yarn.1_21_7.1.21.7+build.6-v2.jar:?]
	at net.fabricmc.loader.impl.game.minecraft.MinecraftGameProvider.launch(MinecraftGameProvider.java:480) [fabric-loader-0.16.14.jar:?]
	at net.fabricmc.loader.impl.launch.knot.Knot.launch(Knot.java:74) [fabric-loader-0.16.14.jar:?]
	at net.fabricmc.loader.impl.launch.knot.KnotClient.main(KnotClient.java:23) [fabric-loader-0.16.14.jar:?]
	at net.fabricmc.devlaunchinjector.Main.main(Main.java:86) [dev-launch-injector-0.2.1+build.8.jar:?]
[15:48:52] [Render thread/DEBUG] (io.netty.util.internal.PlatformDependent0) java.nio.Bits.unaligned: available, true
[15:48:52] [Render thread/DEBUG] (io.netty.util.internal.PlatformDependent0) jdk.internal.misc.Unsafe.allocateUninitializedArray(int): unavailable
java.lang.IllegalAccessException: class io.netty.util.internal.PlatformDependent0$7 cannot access class jdk.internal.misc.Unsafe (in module java.base) because module java.base does not export jdk.internal.misc to unnamed module @55f616cf
	at java.base/jdk.internal.reflect.Reflection.newIllegalAccessException(Reflection.java:394) ~[?:?]
	at java.base/java.lang.reflect.AccessibleObject.checkAccess(AccessibleObject.java:714) ~[?:?]
	at java.base/java.lang.reflect.Method.invoke(Method.java:571) ~[?:?]
	at knot/io.netty.util.internal.PlatformDependent0$7.run(PlatformDependent0.java:468) ~[netty-common-4.1.118.Final.jar:?]
	at java.base/java.security.AccessController.doPrivileged(AccessController.java:319) ~[?:?]
	at knot/io.netty.util.internal.PlatformDependent0.<clinit>(PlatformDependent0.java:459) ~[netty-common-4.1.118.Final.jar:?]
	at knot/io.netty.util.internal.PlatformDependent.isAndroid(PlatformDependent.java:334) ~[netty-common-4.1.118.Final.jar:?]
	at knot/io.netty.util.internal.PlatformDependent.<clinit>(PlatformDependent.java:90) ~[netty-common-4.1.118.Final.jar:?]
	at knot/io.netty.channel.nio.NioEventLoop.<clinit>(NioEventLoop.java:84) ~[netty-transport-4.1.118.Final.jar:?]
	at knot/io.netty.channel.nio.NioEventLoopGroup.newChild(NioEventLoopGroup.java:182) ~[netty-transport-4.1.118.Final.jar:?]
	at knot/io.netty.channel.nio.NioEventLoopGroup.newChild(NioEventLoopGroup.java:38) ~[netty-transport-4.1.118.Final.jar:?]
	at knot/io.netty.util.concurrent.MultithreadEventExecutorGroup.<init>(MultithreadEventExecutorGroup.java:84) ~[netty-common-4.1.118.Final.jar:?]
	at knot/io.netty.util.concurrent.MultithreadEventExecutorGroup.<init>(MultithreadEventExecutorGroup.java:60) ~[netty-common-4.1.118.Final.jar:?]
	at knot/io.netty.util.concurrent.MultithreadEventExecutorGroup.<init>(MultithreadEventExecutorGroup.java:49) ~[netty-common-4.1.118.Final.jar:?]
	at knot/io.netty.channel.MultithreadEventLoopGroup.<init>(MultithreadEventLoopGroup.java:59) ~[netty-transport-4.1.118.Final.jar:?]
	at knot/io.netty.channel.nio.NioEventLoopGroup.<init>(NioEventLoopGroup.java:87) ~[netty-transport-4.1.118.Final.jar:?]
	at knot/io.netty.channel.nio.NioEventLoopGroup.<init>(NioEventLoopGroup.java:82) ~[netty-transport-4.1.118.Final.jar:?]
	at knot/io.netty.channel.nio.NioEventLoopGroup.<init>(NioEventLoopGroup.java:69) ~[netty-transport-4.1.118.Final.jar:?]
	at knot/net.minecraft.server.ServerNetworkIo.method_14348(ServerNetworkIo.java:55) ~[minecraft-common-8e4d1c984e-1.21.7-net.fabricmc.yarn.1_21_7.1.21.7+build.6-v2.jar:?]
	at knot/com.google.common.base.Suppliers$NonSerializableMemoizingSupplier.get(Suppliers.java:200) ~[guava-33.3.1-jre.jar:?]
	at knot/net.minecraft.server.ServerNetworkIo.bindLocal(ServerNetworkIo.java:141) ~[minecraft-common-8e4d1c984e-1.21.7-net.fabricmc.yarn.1_21_7.1.21.7+build.6-v2.jar:?]
	at knot/net.minecraft.client.MinecraftClient.startIntegratedServer(MinecraftClient.java:2159) ~[minecraft-clientOnly-8e4d1c984e-1.21.7-net.fabricmc.yarn.1_21_7.1.21.7+build.6-v2.jar:?]
	at knot/net.minecraft.server.integrated.IntegratedServerLoader.start(IntegratedServerLoader.java:411) ~[minecraft-clientOnly-8e4d1c984e-1.21.7-net.fabricmc.yarn.1_21_7.1.21.7+build.6-v2.jar:?]
	at knot/net.minecraft.server.integrated.IntegratedServerLoader.start(IntegratedServerLoader.java:406) ~[minecraft-clientOnly-8e4d1c984e-1.21.7-net.fabricmc.yarn.1_21_7.1.21.7+build.6-v2.jar:?]
	at knot/net.minecraft.server.integrated.IntegratedServerLoader.method_57777(IntegratedServerLoader.java:373) ~[minecraft-clientOnly-8e4d1c984e-1.21.7-net.fabricmc.yarn.1_21_7.1.21.7+build.6-v2.jar:?]
	at java.base/java.util.concurrent.CompletableFuture$UniAccept.tryFire(CompletableFuture.java:718) ~[?:?]
	at java.base/java.util.concurrent.CompletableFuture$Completion.run(CompletableFuture.java:482) ~[?:?]
	at knot/net.minecraft.util.thread.ThreadExecutor.execute(ThreadExecutor.java:110) ~[minecraft-common-8e4d1c984e-1.21.7-net.fabricmc.yarn.1_21_7.1.21.7+build.6-v2.jar:?]
	at java.base/java.util.concurrent.CompletableFuture.uniAcceptNow(CompletableFuture.java:754) ~[?:?]
	at java.base/java.util.concurrent.CompletableFuture.uniAcceptStage(CompletableFuture.java:735) ~[?:?]
	at java.base/java.util.concurrent.CompletableFuture.thenAcceptAsync(CompletableFuture.java:2223) ~[?:?]
	at knot/net.minecraft.server.integrated.IntegratedServerLoader.start(IntegratedServerLoader.java:371) ~[minecraft-clientOnly-8e4d1c984e-1.21.7-net.fabricmc.yarn.1_21_7.1.21.7+build.6-v2.jar:?]
	at knot/net.minecraft.server.integrated.IntegratedServerLoader.checkBackupAndStart(IntegratedServerLoader.java:360) ~[minecraft-clientOnly-8e4d1c984e-1.21.7-net.fabricmc.yarn.1_21_7.1.21.7+build.6-v2.jar:?]
	at knot/net.minecraft.server.integrated.IntegratedServerLoader.start(IntegratedServerLoader.java:342) ~[minecraft-clientOnly-8e4d1c984e-1.21.7-net.fabricmc.yarn.1_21_7.1.21.7+build.6-v2.jar:?]
	at knot/net.minecraft.server.integrated.IntegratedServerLoader.start(IntegratedServerLoader.java:314) ~[minecraft-clientOnly-8e4d1c984e-1.21.7-net.fabricmc.yarn.1_21_7.1.21.7+build.6-v2.jar:?]
	at knot/net.minecraft.server.integrated.IntegratedServerLoader.start(IntegratedServerLoader.java:279) ~[minecraft-clientOnly-8e4d1c984e-1.21.7-net.fabricmc.yarn.1_21_7.1.21.7+build.6-v2.jar:?]
	at knot/net.minecraft.server.integrated.IntegratedServerLoader.start(IntegratedServerLoader.java:245) ~[minecraft-clientOnly-8e4d1c984e-1.21.7-net.fabricmc.yarn.1_21_7.1.21.7+build.6-v2.jar:?]
	at knot/net.minecraft.client.gui.screen.world.WorldListWidget$WorldEntry.play(WorldListWidget.java:432) ~[minecraft-clientOnly-8e4d1c984e-1.21.7-net.fabricmc.yarn.1_21_7.1.21.7+build.6-v2.jar:?]
	at knot/net.minecraft.client.gui.screen.world.WorldListWidget$WorldEntry.mouseClicked(WorldListWidget.java:409) ~[minecraft-clientOnly-8e4d1c984e-1.21.7-net.fabricmc.yarn.1_21_7.1.21.7+build.6-v2.jar:?]
	at knot/net.minecraft.client.gui.ParentElement.mouseClicked(ParentElement.java:43) ~[minecraft-clientOnly-8e4d1c984e-1.21.7-net.fabricmc.yarn.1_21_7.1.21.7+build.6-v2.jar:?]
	at knot/net.minecraft.client.gui.widget.ContainerWidget.mouseClicked(ContainerWidget.java:57) ~[minecraft-clientOnly-8e4d1c984e-1.21.7-net.fabricmc.yarn.1_21_7.1.21.7+build.6-v2.jar:?]
	at knot/net.minecraft.client.gui.ParentElement.mouseClicked(ParentElement.java:43) ~[minecraft-clientOnly-8e4d1c984e-1.21.7-net.fabricmc.yarn.1_21_7.1.21.7+build.6-v2.jar:?]
	at knot/net.minecraft.client.Mouse.mixinextras$bridge$mouseClicked$42(Mouse.java) ~[minecraft-clientOnly-8e4d1c984e-1.21.7-net.fabricmc.yarn.1_21_7.1.21.7+build.6-v2.jar:?]
	at knot/net.minecraft.client.Mouse.wrapOperation$bdd000$fabric-screen-api-v1$invokeMouseClickedEvents(Mouse.java:1045) ~[minecraft-clientOnly-8e4d1c984e-1.21.7-net.fabricmc.yarn.1_21_7.1.21.7+build.6-v2.jar:?]
	at knot/net.minecraft.client.Mouse.onMouseButton(Mouse.java:120) ~[minecraft-clientOnly-8e4d1c984e-1.21.7-net.fabricmc.yarn.1_21_7.1.21.7+build.6-v2.jar:?]
	at knot/net.minecraft.client.Mouse.method_22686(Mouse.java:226) ~[minecraft-clientOnly-8e4d1c984e-1.21.7-net.fabricmc.yarn.1_21_7.1.21.7+build.6-v2.jar:?]
	at knot/net.minecraft.util.thread.ThreadExecutor.execute(ThreadExecutor.java:110) ~[minecraft-common-8e4d1c984e-1.21.7-net.fabricmc.yarn.1_21_7.1.21.7+build.6-v2.jar:?]
	at knot/net.minecraft.client.Mouse.method_22684(Mouse.java:226) ~[minecraft-clientOnly-8e4d1c984e-1.21.7-net.fabricmc.yarn.1_21_7.1.21.7+build.6-v2.jar:?]
	at knot/org.lwjgl.glfw.GLFWMouseButtonCallbackI.callback(GLFWMouseButtonCallbackI.java:43) [lwjgl-glfw-3.3.3.jar:?]
	at knot/org.lwjgl.system.JNI.invokeV(Native Method) ~[lwjgl-3.3.3.jar:?]
	at knot/org.lwjgl.glfw.GLFW.glfwWaitEventsTimeout(GLFW.java:3509) [lwjgl-glfw-3.3.3.jar:?]
	at knot/com.mojang.blaze3d.systems.RenderSystem.limitDisplayFPS(RenderSystem.java:179) [minecraft-clientOnly-8e4d1c984e-1.21.7-net.fabricmc.yarn.1_21_7.1.21.7+build.6-v2.jar:?]
	at knot/net.minecraft.client.MinecraftClient.render(MinecraftClient.java:1383) [minecraft-clientOnly-8e4d1c984e-1.21.7-net.fabricmc.yarn.1_21_7.1.21.7+build.6-v2.jar:?]
	at knot/net.minecraft.client.MinecraftClient.run(MinecraftClient.java:947) [minecraft-clientOnly-8e4d1c984e-1.21.7-net.fabricmc.yarn.1_21_7.1.21.7+build.6-v2.jar:?]
	at knot/net.minecraft.client.main.Main.main(Main.java:265) [minecraft-clientOnly-8e4d1c984e-1.21.7-net.fabricmc.yarn.1_21_7.1.21.7+build.6-v2.jar:?]
	at net.fabricmc.loader.impl.game.minecraft.MinecraftGameProvider.launch(MinecraftGameProvider.java:480) [fabric-loader-0.16.14.jar:?]
	at net.fabricmc.loader.impl.launch.knot.Knot.launch(Knot.java:74) [fabric-loader-0.16.14.jar:?]
	at net.fabricmc.loader.impl.launch.knot.KnotClient.main(KnotClient.java:23) [fabric-loader-0.16.14.jar:?]
	at net.fabricmc.devlaunchinjector.Main.main(Main.java:86) [dev-launch-injector-0.2.1+build.8.jar:?]
[15:48:52] [Render thread/DEBUG] (io.netty.util.internal.PlatformDependent0) java.nio.DirectByteBuffer.<init>(long, {int,long}): unavailable
[15:48:52] [Render thread/DEBUG] (io.netty.util.internal.PlatformDependent) sun.misc.Unsafe: available
[15:48:52] [Render thread/DEBUG] (io.netty.util.internal.PlatformDependent) -Dio.netty.tmpdir: C:\Users\Envision\AppData\Local\Temp (java.io.tmpdir)
[15:48:52] [Render thread/DEBUG] (io.netty.util.internal.PlatformDependent) -Dio.netty.bitMode: 64 (sun.arch.data.model)
[15:48:52] [Render thread/DEBUG] (io.netty.util.internal.PlatformDependent) Platform: Windows
[15:48:52] [Render thread/DEBUG] (io.netty.util.internal.PlatformDependent) -Dio.netty.maxDirectMemory: -1 bytes
[15:48:52] [Render thread/DEBUG] (io.netty.util.internal.PlatformDependent) -Dio.netty.uninitializedArrayAllocationThreshold: -1
[15:48:52] [Render thread/DEBUG] (io.netty.util.internal.CleanerJava9) java.nio.ByteBuffer.cleaner(): available
[15:48:52] [Render thread/DEBUG] (io.netty.util.internal.PlatformDependent) -Dio.netty.noPreferDirect: false
[15:48:52] [Render thread/DEBUG] (io.netty.channel.nio.NioEventLoop) -Dio.netty.noKeySetOptimization: false
[15:48:52] [Render thread/DEBUG] (io.netty.channel.nio.NioEventLoop) -Dio.netty.selectorAutoRebuildThreshold: 512
[15:48:52] [Render thread/DEBUG] (io.netty.util.internal.PlatformDependent) org.jctools-core.MpscChunkedArrayQueue: available
[15:48:52] [Render thread/DEBUG] (io.netty.channel.DefaultChannelId) -Dio.netty.processId: 2612 (auto-detected)
[15:48:52] [Render thread/DEBUG] (io.netty.util.NetUtil) -Djava.net.preferIPv4Stack: false
[15:48:52] [Render thread/DEBUG] (io.netty.util.NetUtil) -Djava.net.preferIPv6Addresses: false
[15:48:52] [Render thread/DEBUG] (io.netty.util.NetUtilInitializations) Loopback interface: loopback_0 (Software Loopback Interface 1, 0:0:0:0:0:0:0:1)
[15:48:52] [Render thread/DEBUG] (io.netty.util.NetUtil) Failed to get SOMAXCONN from sysctl and file \proc\sys\net\core\somaxconn. Default: 200
[15:48:52] [Render thread/DEBUG] (io.netty.channel.DefaultChannelId) -Dio.netty.machineId: d4:93:90:ff:fe:2c:cb:6d (auto-detected)
[15:48:52] [Render thread/DEBUG] (io.netty.buffer.PooledByteBufAllocator) -Dio.netty.allocator.numHeapArenas: 32
[15:48:52] [Render thread/DEBUG] (io.netty.buffer.PooledByteBufAllocator) -Dio.netty.allocator.numDirectArenas: 32
[15:48:52] [Render thread/DEBUG] (io.netty.buffer.PooledByteBufAllocator) -Dio.netty.allocator.pageSize: 8192
[15:48:52] [Render thread/DEBUG] (io.netty.buffer.PooledByteBufAllocator) -Dio.netty.allocator.maxOrder: 9
[15:48:52] [Render thread/DEBUG] (io.netty.buffer.PooledByteBufAllocator) -Dio.netty.allocator.chunkSize: 4194304
[15:48:52] [Render thread/DEBUG] (io.netty.buffer.PooledByteBufAllocator) -Dio.netty.allocator.smallCacheSize: 256
[15:48:52] [Render thread/DEBUG] (io.netty.buffer.PooledByteBufAllocator) -Dio.netty.allocator.normalCacheSize: 64
[15:48:52] [Render thread/DEBUG] (io.netty.buffer.PooledByteBufAllocator) -Dio.netty.allocator.maxCachedBufferCapacity: 32768
[15:48:52] [Render thread/DEBUG] (io.netty.buffer.PooledByteBufAllocator) -Dio.netty.allocator.cacheTrimInterval: 8192
[15:48:52] [Render thread/DEBUG] (io.netty.buffer.PooledByteBufAllocator) -Dio.netty.allocator.cacheTrimIntervalMillis: 0
[15:48:52] [Render thread/DEBUG] (io.netty.buffer.PooledByteBufAllocator) -Dio.netty.allocator.useCacheForAllThreads: false
[15:48:52] [Render thread/DEBUG] (io.netty.buffer.PooledByteBufAllocator) -Dio.netty.allocator.maxCachedByteBuffersPerChunk: 1023
[15:48:52] [Render thread/DEBUG] (io.netty.buffer.PooledByteBufAllocator) -Dio.netty.allocator.disableCacheFinalizersForFastThreadLocalThreads: false
[15:48:52] [Render thread/DEBUG] (io.netty.buffer.ByteBufUtil) -Dio.netty.allocator.type: pooled
[15:48:52] [Render thread/DEBUG] (io.netty.buffer.ByteBufUtil) -Dio.netty.threadLocalDirectBufferSize: 0
[15:48:52] [Render thread/DEBUG] (io.netty.buffer.ByteBufUtil) -Dio.netty.maxThreadLocalCharBufferSize: 16384
[15:48:52] [Render thread/DEBUG] (io.netty.bootstrap.ChannelInitializerExtensions) -Dio.netty.bootstrap.extensions: null
[15:48:52] [Render thread/DEBUG] (FabricLoader/Mixin) Mixing ingredient.EncoderHandlerMixin from fabric-recipe-api-v1.mixins.json into net.minecraft.network.handler.EncoderHandler
[15:48:52] [Render thread/DEBUG] (FabricLoader/Mixin) fabric-recipe-api-v1.mixins.json:ingredient.EncoderHandlerMixin from mod fabric-recipe-api-v1->@Inject::capturePacketEncoder(Lio/netty/channel/ChannelHandlerContext;Lnet/minecraft/network/packet/Packet;Lio/netty/buffer/ByteBuf;Lorg/spongepowered/asm/mixin/injection/callback/CallbackInfo;)V doesn't use it's CallbackInfo
[15:48:52] [Render thread/DEBUG] (FabricLoader/Mixin) fabric-recipe-api-v1.mixins.json:ingredient.EncoderHandlerMixin from mod fabric-recipe-api-v1->@Inject::capturePacketEncoder(Lio/netty/channel/ChannelHandlerContext;Lnet/minecraft/network/packet/Packet;Lio/netty/buffer/ByteBuf;Lorg/spongepowered/asm/mixin/injection/callback/CallbackInfo;)V has 0 override(s) in child classes
[15:48:52] [Render thread/DEBUG] (FabricLoader/Mixin) fabric-recipe-api-v1.mixins.json:ingredient.EncoderHandlerMixin from mod fabric-recipe-api-v1->@Inject::capturePacketEncoder(Lio/netty/channel/ChannelHandlerContext;Lnet/minecraft/network/packet/Packet;Lio/netty/buffer/ByteBuf;Lorg/spongepowered/asm/mixin/injection/callback/CallbackInfo;)V won't be passed a CallbackInfo as a result
[15:48:52] [Render thread/DEBUG] (FabricLoader/Mixin) fabric-recipe-api-v1.mixins.json:ingredient.EncoderHandlerMixin from mod fabric-recipe-api-v1->@Inject::releasePacketEncoder(Lio/netty/channel/ChannelHandlerContext;Lnet/minecraft/network/packet/Packet;Lio/netty/buffer/ByteBuf;Lorg/spongepowered/asm/mixin/injection/callback/CallbackInfo;)V doesn't use it's CallbackInfo
[15:48:52] [Render thread/DEBUG] (FabricLoader/Mixin) fabric-recipe-api-v1.mixins.json:ingredient.EncoderHandlerMixin from mod fabric-recipe-api-v1->@Inject::releasePacketEncoder(Lio/netty/channel/ChannelHandlerContext;Lnet/minecraft/network/packet/Packet;Lio/netty/buffer/ByteBuf;Lorg/spongepowered/asm/mixin/injection/callback/CallbackInfo;)V has 0 override(s) in child classes
[15:48:52] [Render thread/DEBUG] (FabricLoader/Mixin) fabric-recipe-api-v1.mixins.json:ingredient.EncoderHandlerMixin from mod fabric-recipe-api-v1->@Inject::releasePacketEncoder(Lio/netty/channel/ChannelHandlerContext;Lnet/minecraft/network/packet/Packet;Lio/netty/buffer/ByteBuf;Lorg/spongepowered/asm/mixin/injection/callback/CallbackInfo;)V won't be passed a CallbackInfo as a result
[15:48:52] [Render thread/DEBUG] (FabricLoader/Mixin) fabric-recipe-api-v1.mixins.json:ingredient.EncoderHandlerMixin from mod fabric-recipe-api-v1->@Inject::releasePacketEncoder(Lio/netty/channel/ChannelHandlerContext;Lnet/minecraft/network/packet/Packet;Lio/netty/buffer/ByteBuf;Lorg/spongepowered/asm/mixin/injection/callback/CallbackInfo;)V doesn't use it's CallbackInfo
[15:48:52] [Render thread/DEBUG] (FabricLoader/Mixin) fabric-recipe-api-v1.mixins.json:ingredient.EncoderHandlerMixin from mod fabric-recipe-api-v1->@Inject::releasePacketEncoder(Lio/netty/channel/ChannelHandlerContext;Lnet/minecraft/network/packet/Packet;Lio/netty/buffer/ByteBuf;Lorg/spongepowered/asm/mixin/injection/callback/CallbackInfo;)V has 0 override(s) in child classes
[15:48:52] [Render thread/DEBUG] (FabricLoader/Mixin) fabric-recipe-api-v1.mixins.json:ingredient.EncoderHandlerMixin from mod fabric-recipe-api-v1->@Inject::releasePacketEncoder(Lio/netty/channel/ChannelHandlerContext;Lnet/minecraft/network/packet/Packet;Lio/netty/buffer/ByteBuf;Lorg/spongepowered/asm/mixin/injection/callback/CallbackInfo;)V won't be passed a CallbackInfo as a result
[15:48:52] [Render thread/DEBUG] (FabricLoader/Mixin) Mixing PacketCodecDispatcherMixin from fabric-networking-api-v1.mixins.json into net.minecraft.network.handler.PacketCodecDispatcher
[15:48:52] [Render thread/DEBUG] (FabricLoader/Mixin) fabric-networking-api-v1.mixins.json:PacketCodecDispatcherMixin from mod fabric-networking-api-v1->@Inject::encode(Lio/netty/buffer/ByteBuf;Ljava/lang/Object;Lorg/spongepowered/asm/mixin/injection/callback/CallbackInfo;)V doesn't use it's CallbackInfo
[15:48:52] [Render thread/DEBUG] (FabricLoader/Mixin) fabric-networking-api-v1.mixins.json:PacketCodecDispatcherMixin from mod fabric-networking-api-v1->@Inject::encode(Lio/netty/buffer/ByteBuf;Ljava/lang/Object;Lorg/spongepowered/asm/mixin/injection/callback/CallbackInfo;)V has 0 override(s) in child classes
[15:48:52] [Render thread/DEBUG] (FabricLoader/Mixin) fabric-networking-api-v1.mixins.json:PacketCodecDispatcherMixin from mod fabric-networking-api-v1->@Inject::encode(Lio/netty/buffer/ByteBuf;Ljava/lang/Object;Lorg/spongepowered/asm/mixin/injection/callback/CallbackInfo;)V won't be passed a CallbackInfo as a result
[15:48:52] [Render thread/DEBUG] (FabricLoader/Mixin) Mixing LoginQueryResponseC2SPacketMixin from fabric-networking-api-v1.mixins.json into net.minecraft.network.packet.c2s.login.LoginQueryResponseC2SPacket
[15:48:52] [Render thread/DEBUG] (FabricLoader/Mixin) fabric-networking-api-v1.mixins.json:LoginQueryResponseC2SPacketMixin from mod fabric-networking-api-v1->@Inject::readResponse(ILnet/minecraft/network/PacketByteBuf;Lorg/spongepowered/asm/mixin/injection/callback/CallbackInfoReturnable;)V does use it's CallbackInfoReturnable
[15:48:52] [Render thread/DEBUG] (FabricLoader/Mixin) Mixing LoginQueryRequestS2CPacketMixin from fabric-networking-api-v1.mixins.json into net.minecraft.network.packet.s2c.login.LoginQueryRequestS2CPacket
[15:48:52] [Render thread/DEBUG] (FabricLoader/Mixin) fabric-networking-api-v1.mixins.json:LoginQueryRequestS2CPacketMixin from mod fabric-networking-api-v1->@Inject::readPayload(Lnet/minecraft/util/Identifier;Lnet/minecraft/network/PacketByteBuf;Lorg/spongepowered/asm/mixin/injection/callback/CallbackInfoReturnable;)V does use it's CallbackInfoReturnable
[15:48:52] [Render thread/DEBUG] (io.netty.util.Recycler) -Dio.netty.recycler.maxCapacityPerThread: 4096
[15:48:52] [Render thread/DEBUG] (io.netty.util.Recycler) -Dio.netty.recycler.ratio: 8
[15:48:52] [Render thread/DEBUG] (io.netty.util.Recycler) -Dio.netty.recycler.chunkSize: 32
[15:48:52] [Render thread/DEBUG] (io.netty.util.Recycler) -Dio.netty.recycler.blocking: false
[15:48:52] [Render thread/DEBUG] (io.netty.util.Recycler) -Dio.netty.recycler.batchFastThreadLocalOnly: true
[15:48:52] [Netty Local Client IO #0/DEBUG] (io.netty.buffer.AbstractByteBuf) -Dio.netty.buffer.checkAccessible: true
[15:48:52] [Netty Local Client IO #0/DEBUG] (io.netty.buffer.AbstractByteBuf) -Dio.netty.buffer.checkBounds: true
[15:48:52] [Netty Local Client IO #0/DEBUG] (io.netty.util.ResourceLeakDetectorFactory) Loaded default ResourceLeakDetector: io.netty.util.ResourceLeakDetector@706cb6f7
[15:48:52] [Netty Local Client IO #0/DEBUG] (FabricLoader/Mixin) Mixing VarIntsAccessor from fabric-data-attachment-api-v1.mixins.json into net.minecraft.network.encoding.VarInts
[15:48:52] [Netty Local Client IO #0/DEBUG] (FabricLoader/Mixin) Renaming @Accessor method getMaxByteSize()I to getMaxByteSize$fabric-data-attachment-api-v1_$md$bcad25$0 in fabric-data-attachment-api-v1.mixins.json:VarIntsAccessor from mod fabric-data-attachment-api-v1
[15:48:52] [Netty Server IO #1/DEBUG] (FabricLoader/Mixin) Mixing ServerLoginNetworkHandlerMixin from fabric-networking-api-v1.mixins.json into net.minecraft.server.network.ServerLoginNetworkHandler
[15:48:52] [Netty Server IO #1/DEBUG] (FabricLoader/Mixin) Mixing accessor.ServerLoginNetworkHandlerAccessor from fabric-networking-api-v1.mixins.json into net.minecraft.server.network.ServerLoginNetworkHandler
[15:48:52] [Netty Server IO #1/DEBUG] (FabricLoader/Mixin) fabric-networking-api-v1.mixins.json:ServerLoginNetworkHandlerMixin from mod fabric-networking-api-v1->@Inject::initAddon(Lorg/spongepowered/asm/mixin/injection/callback/CallbackInfo;)V doesn't use it's CallbackInfo
[15:48:52] [Netty Server IO #1/DEBUG] (FabricLoader/Mixin) fabric-networking-api-v1.mixins.json:ServerLoginNetworkHandlerMixin from mod fabric-networking-api-v1->@Inject::initAddon(Lorg/spongepowered/asm/mixin/injection/callback/CallbackInfo;)V has 0 override(s) in child classes
[15:48:52] [Netty Server IO #1/DEBUG] (FabricLoader/Mixin) fabric-networking-api-v1.mixins.json:ServerLoginNetworkHandlerMixin from mod fabric-networking-api-v1->@Inject::initAddon(Lorg/spongepowered/asm/mixin/injection/callback/CallbackInfo;)V won't be passed a CallbackInfo as a result
[15:48:52] [Netty Server IO #1/DEBUG] (FabricLoader/Mixin) fabric-networking-api-v1.mixins.json:ServerLoginNetworkHandlerMixin from mod fabric-networking-api-v1->@Inject::handleCustomPayloadReceivedAsync(Lnet/minecraft/network/packet/c2s/login/LoginQueryResponseC2SPacket;Lorg/spongepowered/asm/mixin/injection/callback/CallbackInfo;)V does use it's CallbackInfo
[15:48:52] [Netty Local Client IO #0/DEBUG] (FabricLoader/Mixin) Mixing SelectKnownPacksC2SPacketMixin from fabric-resource-loader-v0.mixins.json into net.minecraft.network.packet.c2s.config.SelectKnownPacksC2SPacket
[15:48:52] [Netty Local Client IO #0/DEBUG] (FabricLoader/Mixin) Mixing CustomPayloadS2CPacketMixin from fabric-networking-api-v1.mixins.json into net.minecraft.network.packet.s2c.common.CustomPayloadS2CPacket
[15:48:52] [Netty Local Client IO #0/DEBUG] (FabricLoader/Mixin) Renaming synthetic method lambda$wrapConfigCodec$1(Lnet/minecraft/network/PacketByteBuf;Lnet/minecraft/util/Identifier;)Lnet/minecraft/network/packet/CustomPayload$Type; to mdbcad25$fabric-networking-api-v1$lambda$wrapConfigCodec$1$0 in fabric-networking-api-v1.mixins.json:CustomPayloadS2CPacketMixin from mod fabric-networking-api-v1
[15:48:52] [Netty Local Client IO #0/DEBUG] (FabricLoader/Mixin) Renaming synthetic method lambda$wrapPlayCodec$0(Lnet/minecraft/network/RegistryByteBuf;Lnet/minecraft/util/Identifier;)Lnet/minecraft/network/packet/CustomPayload$Type; to mdbcad25$fabric-networking-api-v1$lambda$wrapPlayCodec$0$1 in fabric-networking-api-v1.mixins.json:CustomPayloadS2CPacketMixin from mod fabric-networking-api-v1
[15:48:52] [Netty Local Client IO #0/DEBUG] (FabricLoader/Mixin) Mixing SerializableRegistriesMixin from fabric-registry-sync-v0.mixins.json into net.minecraft.registry.SerializableRegistries
[15:48:52] [Netty Local Client IO #0/DEBUG] (FabricLoader/Mixin) fabric-registry-sync-v0.mixins.json:SerializableRegistriesMixin from mod fabric-registry-sync-v0->@Inject::filterNonSyncedEntries(Lnet/minecraft/registry/DynamicRegistryManager$Entry;Lorg/spongepowered/asm/mixin/injection/callback/CallbackInfoReturnable;)V does use it's CallbackInfoReturnable
[15:48:52] [Netty Local Client IO #0/DEBUG] (FabricLoader/Mixin) fabric-registry-sync-v0.mixins.json:SerializableRegistriesMixin from mod fabric-registry-sync-v0->@Inject::filterNonSyncedEntriesAgain(Ljava/util/Set;Lnet/minecraft/registry/RegistryLoader$Entry;Lcom/mojang/serialization/DynamicOps;Ljava/util/function/BiConsumer;Lnet/minecraft/registry/Registry;Lorg/spongepowered/asm/mixin/injection/callback/CallbackInfo;)V does use it's CallbackInfo
[15:48:52] [Netty Local Client IO #0/DEBUG] (FabricLoader/Mixin) Mixing ClientRegistriesMixin from fabric-registry-sync-v0.client.mixins.json into net.minecraft.client.network.ClientRegistries
[15:48:52] [Netty Local Client IO #0/DEBUG] (FabricLoader/Mixin) Renaming synthetic method lambda$skipEmptyRegistries$0(Ljava/util/Map;Lnet/minecraft/registry/RegistryLoader$Entry;)Z to mdbcad25$fabric-registry-sync-v0$lambda$skipEmptyRegistries$0$0 in fabric-registry-sync-v0.client.mixins.json:ClientRegistriesMixin from mod fabric-registry-sync-v0
[15:48:52] [Netty Local Client IO #0/DEBUG] (ClientPlayNetworkAddon for Player885) Handling inbound packet from channel with name "minecraft:register"
[15:48:52] [Netty Server IO #1/DEBUG] (ServerConfigurationNetworkAddon for Player885) Handling inbound packet from channel with name "minecraft:register"
[15:48:52] [Netty Local Client IO #0/DEBUG] (ClientPlayNetworkAddon for Player885) Handling inbound packet from channel with name "minecraft:brand"
[15:48:52] [Netty Server IO #1/DEBUG] (FabricLoader/Mixin) Mixing SynchronizeRegistriesTaskMixin from fabric-resource-loader-v0.mixins.json into net.minecraft.server.network.SynchronizeRegistriesTask
[15:48:52] [Netty Server IO #1/DEBUG] (FabricLoader/Mixin) fabric-resource-loader-v0.mixins.json:SynchronizeRegistriesTaskMixin from mod fabric-resource-loader-v0->@Inject::onSelectKnownPacks(Ljava/util/List;Ljava/util/function/Consumer;Lorg/spongepowered/asm/mixin/injection/callback/CallbackInfo;)V does use it's CallbackInfo
[15:48:52] [Netty Server IO #1/DEBUG] (FabricLoader/Mixin) fabric-resource-loader-v0.mixins.json:SynchronizeRegistriesTaskMixin from mod fabric-resource-loader-v0->@Inject::syncRegistryAndTags(Ljava/util/function/Consumer;Ljava/util/Set;Lorg/spongepowered/asm/mixin/injection/callback/CallbackInfo;)V doesn't use it's CallbackInfo
[15:48:52] [Netty Server IO #1/DEBUG] (FabricLoader/Mixin) fabric-resource-loader-v0.mixins.json:SynchronizeRegistriesTaskMixin from mod fabric-resource-loader-v0->@Inject::syncRegistryAndTags(Ljava/util/function/Consumer;Ljava/util/Set;Lorg/spongepowered/asm/mixin/injection/callback/CallbackInfo;)V has 0 override(s) in child classes
[15:48:52] [Netty Server IO #1/DEBUG] (FabricLoader/Mixin) fabric-resource-loader-v0.mixins.json:SynchronizeRegistriesTaskMixin from mod fabric-resource-loader-v0->@Inject::syncRegistryAndTags(Ljava/util/function/Consumer;Ljava/util/Set;Lorg/spongepowered/asm/mixin/injection/callback/CallbackInfo;)V won't be passed a CallbackInfo as a result
[15:48:52] [Netty Server IO #1/DEBUG] (FabricLoader/Mixin) fabric-resource-loader-v0.mixins.json:SynchronizeRegistriesTaskMixin from mod fabric-resource-loader-v0->@Inject::sendPacket(Ljava/util/function/Consumer;Lorg/spongepowered/asm/mixin/injection/callback/CallbackInfo;)V does use it's CallbackInfo
[15:48:52] [Netty Local Client IO #0/DEBUG] (ClientPlayNetworkAddon for Player885) Handling inbound packet from channel with name "c:version"
[15:48:52] [Render thread/DEBUG] (ClientPlayNetworkAddon for Player885) Handling inbound packet from channel with name "minecraft:brand"
[15:48:52] [Netty Local Client IO #0/DEBUG] (ClientPlayNetworkAddon for Player885) Negotiated common packet version 1
[15:48:52] [Netty Server IO #1/DEBUG] (ServerConfigurationNetworkAddon for Player885) Handling inbound packet from channel with name "c:version"
[15:48:52] [Netty Server IO #1/DEBUG] (ServerConfigurationNetworkAddon for Player885) Negotiated common packet version 1
[15:48:52] [Netty Local Client IO #0/DEBUG] (ClientPlayNetworkAddon for Player885) Handling inbound packet from channel with name "c:register"
[15:48:52] [Netty Local Client IO #0/DEBUG] (fabric-networking-api-v1) Received accepted channels from the server
[15:48:52] [Netty Server IO #1/DEBUG] (ServerConfigurationNetworkAddon for Player885) Handling inbound packet from channel with name "c:register"
[15:48:52] [Netty Server IO #1/DEBUG] (fabric-networking-api-v1) Received accepted channels from the client for play phase
[15:48:52] [Netty Local Client IO #0/DEBUG] (ClientPlayNetworkAddon for Player885) Handling inbound packet from channel with name "fabric:accepted_attachments_v1"
[15:48:52] [Netty Server IO #1/DEBUG] (ServerConfigurationNetworkAddon for Player885) Handling inbound packet from channel with name "fabric:accepted_attachments_v1"
[15:48:52] [Netty Local Client IO #0/DEBUG] (ClientPlayNetworkAddon for Player885) Handling inbound packet from channel with name "fabric:custom_ingredient_sync"
[15:48:52] [Netty Server IO #1/DEBUG] (ServerConfigurationNetworkAddon for Player885) Handling inbound packet from channel with name "fabric:custom_ingredient_sync"
[15:48:52] [Render thread/DEBUG] (FabricLoader/Mixin) Mixing ClientDataPackManagerMixin from fabric-resource-loader-v0.client.mixins.json into net.minecraft.client.resource.ClientDataPackManager
[15:48:52] [Render thread/DEBUG] (net.fabricmc.fabric.impl.resource.loader.ModResourcePackUtil) [Fabric] Starting internal pack sorting with: []
[15:48:52] [Render thread/DEBUG] (net.fabricmc.fabric.impl.resource.loader.ModResourcePackUtil) [Fabric] Removed all internal packs, result: []
[15:48:52] [Render thread/DEBUG] (net.fabricmc.fabric.impl.resource.loader.ModResourcePackUtil) [Fabric] Final sorting result: []
[15:48:52] [Render thread/DEBUG] (net.fabricmc.fabric.impl.resource.loader.ModResourcePackUtil) [Fabric] Starting internal pack sorting with: [vanilla, fabric-convention-tags-v2, fabric-gametest-api-v1, malilib]
[15:48:52] [Render thread/DEBUG] (net.fabricmc.fabric.impl.resource.loader.ModResourcePackUtil) [Fabric] Removed all internal packs, result: [vanilla, fabric-convention-tags-v2, fabric-gametest-api-v1, malilib]
[15:48:52] [Render thread/DEBUG] (net.fabricmc.fabric.impl.resource.loader.ModResourcePackUtil) [Fabric] Final sorting result: [vanilla, fabric-convention-tags-v2, fabric-gametest-api-v1, malilib]
[15:48:52] [Server thread/DEBUG] (SynchronizeRegistriesTaskMixin) Synchronizing registries with common known packs: [fabric:fabric-gametest-api-v1:3.1.9+39ce47f56c, fabric:malilib:0.25.1, minecraft:core:1.21.7, fabric:fabric-convention-tags-v2:2.15.5+eb5df52f6c]
[15:48:52] [Render thread/DEBUG] (FabricLoader/Mixin) Mixing ClientRegistriesDynamicRegistriesAccessor from fabric-registry-sync-v0.client.mixins.json into net.minecraft.client.network.ClientRegistries$DynamicRegistries
[15:48:53] [Render thread/DEBUG] (FabricLoader/Mixin) Mixing network.IMixinChunkDeltaUpdateS2CPacket from mixins.litematica.json into net.minecraft.network.packet.s2c.play.ChunkDeltaUpdateS2CPacket
[15:48:53] [Render thread/DEBUG] (FabricLoader/Mixin) Mixing network.IMixinDataQueryHandler from mixins.malilib.json into net.minecraft.client.network.DataQueryHandler
[15:48:53] [Render thread/DEBUG] (FabricLoader/Mixin) Mixing ClientCommandSourceMixin from fabric-command-api-v2.client.mixins.json into net.minecraft.client.network.ClientCommandSource
[15:48:53] [Server thread/DEBUG] (FabricLoader/Mixin) Mixing PlayerAdvancementTrackerMixin from fabric-events-interaction-v0.mixins.json into net.minecraft.advancement.PlayerAdvancementTracker
[15:48:53] [Server thread/DEBUG] (FabricLoader/Mixin) fabric-events-interaction-v0.mixins.json:PlayerAdvancementTrackerMixin from mod fabric-events-interaction-v0->@Inject::preventOwnerOverride(Lnet/minecraft/server/network/ServerPlayerEntity;Lorg/spongepowered/asm/mixin/injection/callback/CallbackInfo;)V does use it's CallbackInfo
[15:48:53] [Server thread/DEBUG] (FabricLoader/Mixin) fabric-events-interaction-v0.mixins.json:PlayerAdvancementTrackerMixin from mod fabric-events-interaction-v0->@Inject::preventGrantCriterion(Lnet/minecraft/advancement/AdvancementEntry;Ljava/lang/String;Lorg/spongepowered/asm/mixin/injection/callback/CallbackInfoReturnable;)V does use it's CallbackInfoReturnable
[15:48:53] [Server thread/INFO] (net.minecraft.server.PlayerManager) Player885[local:E:48a7f32a] logged in with entity id 76 at (-8.971336767901358, -52.97211616660316, 4.775260602328692)
[15:48:53] [Server thread/DEBUG] (FabricLoader/Mixin) Mixing ChunkDataSenderMixin from fabric-data-attachment-api-v1.mixins.json into net.minecraft.server.network.ChunkDataSender
[15:48:53] [Render thread/DEBUG] (FabricLoader/Mixin) Mixing ClientPlayerInteractionManagerMixin from fabric-item-api-v1.client.mixins.json into net.minecraft.client.network.ClientPlayerInteractionManager
[15:48:53] [Render thread/DEBUG] (FabricLoader/Mixin) Mixing ClientPlayerInteractionManagerMixin from tweakerxihe.client.mixins.json into net.minecraft.client.network.ClientPlayerInteractionManager
[15:48:53] [Render thread/DEBUG] (FabricLoader/Mixin) tweakerxihe.client.mixins.json:ClientPlayerInteractionManagerMixin from mod tweakerxihe: Class version 65 required is higher than the class version supported by the current version of Mixin (JAVA_17 supports class version 61)
[15:48:53] [Render thread/DEBUG] (FabricLoader/Mixin) Mixing test.MixinClientPlayInteractionManager from mixins.malilib.json into net.minecraft.client.network.ClientPlayerInteractionManager
[15:48:53] [Render thread/DEBUG] (FabricLoader/Mixin) Mixing network.MixinClientPlayerInteractionManager from mixins.litematica.json into net.minecraft.client.network.ClientPlayerInteractionManager
[15:48:53] [Render thread/DEBUG] (FabricLoader/Mixin) Mixing ClientPlayerInteractionManagerMixin from fabric-events-interaction-v0.client.mixins.json into net.minecraft.client.network.ClientPlayerInteractionManager
[15:48:53] [Render thread/DEBUG] (FabricLoader/Mixin) Renaming synthetic method lambda$interactItem$2(Lnet/minecraft/util/Hand;Lnet/minecraft/entity/player/PlayerEntity;I)Lnet/minecraft/network/packet/Packet; to mdbcad25$fabric-events-interaction-v0$lambda$interactItem$2$0 in fabric-events-interaction-v0.client.mixins.json:ClientPlayerInteractionManagerMixin from mod fabric-events-interaction-v0
[15:48:53] [Render thread/DEBUG] (FabricLoader/Mixin) Renaming synthetic method lambda$interactBlock$1(Lnet/minecraft/util/Hand;Lnet/minecraft/util/hit/BlockHitResult;I)Lnet/minecraft/network/packet/Packet; to mdbcad25$fabric-events-interaction-v0$lambda$interactBlock$1$1 in fabric-events-interaction-v0.client.mixins.json:ClientPlayerInteractionManagerMixin from mod fabric-events-interaction-v0
[15:48:53] [Render thread/DEBUG] (FabricLoader/Mixin) Renaming synthetic method lambda$fabric_fireAttackBlockCallback$0(Lnet/minecraft/util/math/BlockPos;Lnet/minecraft/util/math/Direction;I)Lnet/minecraft/network/packet/Packet; to mdbcad25$fabric-events-interaction-v0$lambda$fabric_fireAttackBlockCallback$0$2 in fabric-events-interaction-v0.client.mixins.json:ClientPlayerInteractionManagerMixin from mod fabric-events-interaction-v0
[15:48:53] [Render thread/DEBUG] (FabricLoader/Mixin) Mixing containerscan.ClientPlayerInteractionManagerMixin from techutils.mixins.json into net.minecraft.client.network.ClientPlayerInteractionManager
[15:48:53] [Render thread/DEBUG] (FabricLoader/Mixin) tweakerxihe.client.mixins.json:ClientPlayerInteractionManagerMixin from mod tweakerxihe->@Inject::onContainerClick(Lnet/minecraft/client/network/ClientPlayerEntity;Lnet/minecraft/util/Hand;Lnet/minecraft/util/hit/BlockHitResult;Lorg/spongepowered/asm/mixin/injection/callback/CallbackInfoReturnable;)V doesn't use it's CallbackInfoReturnable
[15:48:53] [Render thread/DEBUG] (FabricLoader/Mixin) tweakerxihe.client.mixins.json:ClientPlayerInteractionManagerMixin from mod tweakerxihe->@Inject::onContainerClick(Lnet/minecraft/client/network/ClientPlayerEntity;Lnet/minecraft/util/Hand;Lnet/minecraft/util/hit/BlockHitResult;Lorg/spongepowered/asm/mixin/injection/callback/CallbackInfoReturnable;)V has 0 override(s) in child classes
[15:48:53] [Render thread/DEBUG] (FabricLoader/Mixin) tweakerxihe.client.mixins.json:ClientPlayerInteractionManagerMixin from mod tweakerxihe->@Inject::onContainerClick(Lnet/minecraft/client/network/ClientPlayerEntity;Lnet/minecraft/util/Hand;Lnet/minecraft/util/hit/BlockHitResult;Lorg/spongepowered/asm/mixin/injection/callback/CallbackInfoReturnable;)V won't be passed a CallbackInfoReturnable as a result
[15:48:53] [Render thread/DEBUG] (FabricLoader/Mixin) mixins.malilib.json:test.MixinClientPlayInteractionManager from mod malilib->@Inject::handleBreakingRestriction1(Lnet/minecraft/util/math/BlockPos;Lnet/minecraft/util/math/Direction;Lorg/spongepowered/asm/mixin/injection/callback/CallbackInfoReturnable;)V doesn't use it's CallbackInfoReturnable
[15:48:53] [Render thread/DEBUG] (FabricLoader/Mixin) mixins.malilib.json:test.MixinClientPlayInteractionManager from mod malilib->@Inject::handleBreakingRestriction1(Lnet/minecraft/util/math/BlockPos;Lnet/minecraft/util/math/Direction;Lorg/spongepowered/asm/mixin/injection/callback/CallbackInfoReturnable;)V has 0 override(s) in child classes
[15:48:53] [Render thread/DEBUG] (FabricLoader/Mixin) mixins.malilib.json:test.MixinClientPlayInteractionManager from mod malilib->@Inject::handleBreakingRestriction1(Lnet/minecraft/util/math/BlockPos;Lnet/minecraft/util/math/Direction;Lorg/spongepowered/asm/mixin/injection/callback/CallbackInfoReturnable;)V won't be passed a CallbackInfoReturnable as a result
[15:48:53] [Render thread/DEBUG] (FabricLoader/Mixin) fabric-events-interaction-v0.client.mixins.json:ClientPlayerInteractionManagerMixin from mod fabric-events-interaction-v0->@Inject::attackBlock(Lnet/minecraft/util/math/BlockPos;Lnet/minecraft/util/math/Direction;Lorg/spongepowered/asm/mixin/injection/callback/CallbackInfoReturnable;)V does use it's CallbackInfoReturnable
[15:48:53] [Render thread/DEBUG] (FabricLoader/Mixin) fabric-events-interaction-v0.client.mixins.json:ClientPlayerInteractionManagerMixin from mod fabric-events-interaction-v0->@Inject::method_2902(Lnet/minecraft/util/math/BlockPos;Lnet/minecraft/util/math/Direction;Lorg/spongepowered/asm/mixin/injection/callback/CallbackInfoReturnable;)V does use it's CallbackInfoReturnable
[15:48:53] [Render thread/DEBUG] (FabricLoader/Mixin) fabric-events-interaction-v0.client.mixins.json:ClientPlayerInteractionManagerMixin from mod fabric-events-interaction-v0->@Inject::fabric$onBlockBroken(Lnet/minecraft/util/math/BlockPos;Lorg/spongepowered/asm/mixin/injection/callback/CallbackInfoReturnable;)V doesn't use it's CallbackInfoReturnable
[15:48:53] [Render thread/DEBUG] (FabricLoader/Mixin) fabric-events-interaction-v0.client.mixins.json:ClientPlayerInteractionManagerMixin from mod fabric-events-interaction-v0->@Inject::fabric$onBlockBroken(Lnet/minecraft/util/math/BlockPos;Lorg/spongepowered/asm/mixin/injection/callback/CallbackInfoReturnable;)V has 0 override(s) in child classes
[15:48:53] [Render thread/DEBUG] (FabricLoader/Mixin) fabric-events-interaction-v0.client.mixins.json:ClientPlayerInteractionManagerMixin from mod fabric-events-interaction-v0->@Inject::fabric$onBlockBroken(Lnet/minecraft/util/math/BlockPos;Lorg/spongepowered/asm/mixin/injection/callback/CallbackInfoReturnable;)V won't be passed a CallbackInfoReturnable as a result
[15:48:53] [Render thread/DEBUG] (FabricLoader/Mixin) fabric-events-interaction-v0.client.mixins.json:ClientPlayerInteractionManagerMixin from mod fabric-events-interaction-v0->@Inject::interactBlock(Lnet/minecraft/client/network/ClientPlayerEntity;Lnet/minecraft/util/Hand;Lnet/minecraft/util/hit/BlockHitResult;Lorg/spongepowered/asm/mixin/injection/callback/CallbackInfoReturnable;)V does use it's CallbackInfoReturnable
[15:48:53] [Render thread/DEBUG] (FabricLoader/Mixin) fabric-events-interaction-v0.client.mixins.json:ClientPlayerInteractionManagerMixin from mod fabric-events-interaction-v0->@Inject::interactItem(Lnet/minecraft/entity/player/PlayerEntity;Lnet/minecraft/util/Hand;Lorg/spongepowered/asm/mixin/injection/callback/CallbackInfoReturnable;)V does use it's CallbackInfoReturnable
[15:48:53] [Render thread/DEBUG] (FabricLoader/Mixin) fabric-events-interaction-v0.client.mixins.json:ClientPlayerInteractionManagerMixin from mod fabric-events-interaction-v0->@Inject::attackEntity(Lnet/minecraft/entity/player/PlayerEntity;Lnet/minecraft/entity/Entity;Lorg/spongepowered/asm/mixin/injection/callback/CallbackInfo;)V does use it's CallbackInfo
[15:48:53] [Render thread/DEBUG] (FabricLoader/Mixin) techutils.mixins.json:containerscan.ClientPlayerInteractionManagerMixin from mod techutils->@Inject::recordContainer(Lnet/minecraft/client/network/ClientPlayerEntity;Lnet/minecraft/util/Hand;Lnet/minecraft/util/hit/BlockHitResult;Lorg/spongepowered/asm/mixin/injection/callback/CallbackInfoReturnable;)V doesn't use it's CallbackInfoReturnable
[15:48:53] [Render thread/DEBUG] (FabricLoader/Mixin) techutils.mixins.json:containerscan.ClientPlayerInteractionManagerMixin from mod techutils->@Inject::recordContainer(Lnet/minecraft/client/network/ClientPlayerEntity;Lnet/minecraft/util/Hand;Lnet/minecraft/util/hit/BlockHitResult;Lorg/spongepowered/asm/mixin/injection/callback/CallbackInfoReturnable;)V has 0 override(s) in child classes
[15:48:53] [Render thread/DEBUG] (FabricLoader/Mixin) techutils.mixins.json:containerscan.ClientPlayerInteractionManagerMixin from mod techutils->@Inject::recordContainer(Lnet/minecraft/client/network/ClientPlayerEntity;Lnet/minecraft/util/Hand;Lnet/minecraft/util/hit/BlockHitResult;Lorg/spongepowered/asm/mixin/injection/callback/CallbackInfoReturnable;)V won't be passed a CallbackInfoReturnable as a result
[15:48:53] [Render thread/DEBUG] (FabricLoader/Mixin) Mixing ClientChunkManagerMixin from fabric-lifecycle-events-v1.client.mixins.json into net.minecraft.client.world.ClientChunkManager
[15:48:53] [Render thread/DEBUG] (FabricLoader/Mixin) fabric-lifecycle-events-v1.client.mixins.json:ClientChunkManagerMixin from mod fabric-lifecycle-events-v1->@Inject::onChunkLoad(IILnet/minecraft/network/PacketByteBuf;Ljava/util/Map;Ljava/util/function/Consumer;Lorg/spongepowered/asm/mixin/injection/callback/CallbackInfoReturnable;)V does use it's CallbackInfoReturnable
[15:48:53] [Render thread/DEBUG] (FabricLoader/Mixin) fabric-lifecycle-events-v1.client.mixins.json:ClientChunkManagerMixin from mod fabric-lifecycle-events-v1->@Inject::onChunkUnload(IILnet/minecraft/network/PacketByteBuf;Ljava/util/Map;Ljava/util/function/Consumer;Lorg/spongepowered/asm/mixin/injection/callback/CallbackInfoReturnable;)V doesn't use it's CallbackInfoReturnable
[15:48:53] [Render thread/DEBUG] (FabricLoader/Mixin) fabric-lifecycle-events-v1.client.mixins.json:ClientChunkManagerMixin from mod fabric-lifecycle-events-v1->@Inject::onChunkUnload(IILnet/minecraft/network/PacketByteBuf;Ljava/util/Map;Ljava/util/function/Consumer;Lorg/spongepowered/asm/mixin/injection/callback/CallbackInfoReturnable;)V has 0 override(s) in child classes
[15:48:53] [Render thread/DEBUG] (FabricLoader/Mixin) fabric-lifecycle-events-v1.client.mixins.json:ClientChunkManagerMixin from mod fabric-lifecycle-events-v1->@Inject::onChunkUnload(IILnet/minecraft/network/PacketByteBuf;Ljava/util/Map;Ljava/util/function/Consumer;Lorg/spongepowered/asm/mixin/injection/callback/CallbackInfoReturnable;)V won't be passed a CallbackInfoReturnable as a result
[15:48:53] [Render thread/DEBUG] (FabricLoader/Mixin) fabric-lifecycle-events-v1.client.mixins.json:ClientChunkManagerMixin from mod fabric-lifecycle-events-v1->@Inject::onChunkUnload(Lnet/minecraft/util/math/ChunkPos;Lorg/spongepowered/asm/mixin/injection/callback/CallbackInfo;)V doesn't use it's CallbackInfo
[15:48:53] [Render thread/DEBUG] (FabricLoader/Mixin) fabric-lifecycle-events-v1.client.mixins.json:ClientChunkManagerMixin from mod fabric-lifecycle-events-v1->@Inject::onChunkUnload(Lnet/minecraft/util/math/ChunkPos;Lorg/spongepowered/asm/mixin/injection/callback/CallbackInfo;)V has 0 override(s) in child classes
[15:48:53] [Render thread/DEBUG] (FabricLoader/Mixin) fabric-lifecycle-events-v1.client.mixins.json:ClientChunkManagerMixin from mod fabric-lifecycle-events-v1->@Inject::onChunkUnload(Lnet/minecraft/util/math/ChunkPos;Lorg/spongepowered/asm/mixin/injection/callback/CallbackInfo;)V won't be passed a CallbackInfo as a result
[15:48:53] [Render thread/DEBUG] (FabricLoader/Mixin) fabric-lifecycle-events-v1.client.mixins.json:ClientChunkManagerMixin from mod fabric-lifecycle-events-v1->@Inject::onUpdateLoadDistance(ILorg/spongepowered/asm/mixin/injection/callback/CallbackInfo;)V doesn't use it's CallbackInfo
[15:48:53] [Render thread/DEBUG] (FabricLoader/Mixin) fabric-lifecycle-events-v1.client.mixins.json:ClientChunkManagerMixin from mod fabric-lifecycle-events-v1->@Inject::onUpdateLoadDistance(ILorg/spongepowered/asm/mixin/injection/callback/CallbackInfo;)V has 0 override(s) in child classes
[15:48:53] [Render thread/DEBUG] (FabricLoader/Mixin) fabric-lifecycle-events-v1.client.mixins.json:ClientChunkManagerMixin from mod fabric-lifecycle-events-v1->@Inject::onUpdateLoadDistance(ILorg/spongepowered/asm/mixin/injection/callback/CallbackInfo;)V won't be passed a CallbackInfo as a result
[15:48:53] [Render thread/DEBUG] (FabricLoader/Mixin) Mixing ClientWorldClientEntityHandlerMixin from fabric-lifecycle-events-v1.client.mixins.json into net.minecraft.client.world.ClientWorld$ClientEntityHandler
[15:48:53] [Render thread/DEBUG] (FabricLoader/Mixin) fabric-lifecycle-events-v1.client.mixins.json:ClientWorldClientEntityHandlerMixin from mod fabric-lifecycle-events-v1->@Inject::invokeLoadEntity(Lnet/minecraft/entity/Entity;Lorg/spongepowered/asm/mixin/injection/callback/CallbackInfo;)V doesn't use it's CallbackInfo
[15:48:53] [Render thread/DEBUG] (FabricLoader/Mixin) fabric-lifecycle-events-v1.client.mixins.json:ClientWorldClientEntityHandlerMixin from mod fabric-lifecycle-events-v1->@Inject::invokeUnloadEntity(Lnet/minecraft/entity/Entity;Lorg/spongepowered/asm/mixin/injection/callback/CallbackInfo;)V doesn't use it's CallbackInfo
[15:48:53] [Server thread/INFO] (net.minecraft.server.MinecraftServer) Player885 joined the game
[15:48:53] [Render thread/DEBUG] (FabricLoader/Mixin) Mixing DimensionEffectsAccessor from fabric-rendering-v1.mixins.json into net.minecraft.client.render.DimensionEffects
[15:48:53] [Render thread/DEBUG] (FabricLoader/Mixin) Renaming @Accessor method getIdentifierMap()Lit/unimi/dsi/fastutil/objects/Object2ObjectMap; to getIdentifierMap$fabric-rendering-v1_$md$bcad25$0 in fabric-rendering-v1.mixins.json:DimensionEffectsAccessor from mod fabric-rendering-v1
[15:48:53] [Render thread/DEBUG] (FabricLoader/Mixin) Mixing SectionBuilderMixin from fabric-renderer-indigo.mixins.json into net.minecraft.client.render.chunk.SectionBuilder
[15:48:53] [Render thread/DEBUG] (FabricLoader/Mixin) Renaming synthetic method lambda$hookBuild$0(Ljava/util/Map;Lnet/minecraft/client/render/chunk/BlockBufferAllocatorStorage;Lnet/minecraft/client/render/BlockRenderLayer;)Lnet/minecraft/client/render/BufferBuilder; to mdbcad25$fabric-renderer-indigo$lambda$hookBuild$0$0 in fabric-renderer-indigo.mixins.json:SectionBuilderMixin from mod fabric-renderer-indigo
[15:48:53] [Render thread/DEBUG] (FabricLoader/Mixin) fabric-renderer-indigo.mixins.json:SectionBuilderMixin from mod fabric-renderer-indigo->@Inject::hookBuild(Lnet/minecraft/util/math/ChunkSectionPos;Lnet/minecraft/client/render/chunk/ChunkRendererRegion;Lcom/mojang/blaze3d/systems/VertexSorter;Lnet/minecraft/client/render/chunk/BlockBufferAllocatorStorage;Lorg/spongepowered/asm/mixin/injection/callback/CallbackInfoReturnable;)V doesn't use it's CallbackInfoReturnable
[15:48:53] [Render thread/DEBUG] (FabricLoader/Mixin) fabric-renderer-indigo.mixins.json:SectionBuilderMixin from mod fabric-renderer-indigo->@Inject::hookBuild(Lnet/minecraft/util/math/ChunkSectionPos;Lnet/minecraft/client/render/chunk/ChunkRendererRegion;Lcom/mojang/blaze3d/systems/VertexSorter;Lnet/minecraft/client/render/chunk/BlockBufferAllocatorStorage;Lorg/spongepowered/asm/mixin/injection/callback/CallbackInfoReturnable;)V has 0 override(s) in child classes
[15:48:53] [Render thread/DEBUG] (FabricLoader/Mixin) fabric-renderer-indigo.mixins.json:SectionBuilderMixin from mod fabric-renderer-indigo->@Inject::hookBuild(Lnet/minecraft/util/math/ChunkSectionPos;Lnet/minecraft/client/render/chunk/ChunkRendererRegion;Lcom/mojang/blaze3d/systems/VertexSorter;Lnet/minecraft/client/render/chunk/BlockBufferAllocatorStorage;Lorg/spongepowered/asm/mixin/injection/callback/CallbackInfoReturnable;)V won't be passed a CallbackInfoReturnable as a result
[15:48:53] [Render thread/DEBUG] (FabricLoader/Mixin) fabric-renderer-indigo.mixins.json:SectionBuilderMixin from mod fabric-renderer-indigo->@Inject::hookBuildReturn(Lnet/minecraft/util/math/ChunkSectionPos;Lnet/minecraft/client/render/chunk/ChunkRendererRegion;Lcom/mojang/blaze3d/systems/VertexSorter;Lnet/minecraft/client/render/chunk/BlockBufferAllocatorStorage;Lorg/spongepowered/asm/mixin/injection/callback/CallbackInfoReturnable;)V doesn't use it's CallbackInfoReturnable
[15:48:53] [Render thread/DEBUG] (FabricLoader/Mixin) fabric-renderer-indigo.mixins.json:SectionBuilderMixin from mod fabric-renderer-indigo->@Inject::hookBuildReturn(Lnet/minecraft/util/math/ChunkSectionPos;Lnet/minecraft/client/render/chunk/ChunkRendererRegion;Lcom/mojang/blaze3d/systems/VertexSorter;Lnet/minecraft/client/render/chunk/BlockBufferAllocatorStorage;Lorg/spongepowered/asm/mixin/injection/callback/CallbackInfoReturnable;)V has 0 override(s) in child classes
[15:48:53] [Render thread/DEBUG] (FabricLoader/Mixin) fabric-renderer-indigo.mixins.json:SectionBuilderMixin from mod fabric-renderer-indigo->@Inject::hookBuildReturn(Lnet/minecraft/util/math/ChunkSectionPos;Lnet/minecraft/client/render/chunk/ChunkRendererRegion;Lcom/mojang/blaze3d/systems/VertexSorter;Lnet/minecraft/client/render/chunk/BlockBufferAllocatorStorage;Lorg/spongepowered/asm/mixin/injection/callback/CallbackInfoReturnable;)V won't be passed a CallbackInfoReturnable as a result
[15:48:53] [Render thread/DEBUG] (FabricLoader/Mixin) Mixing RenderLayersMixin from fabric-rendering-v1.mixins.json into net.minecraft.client.render.RenderLayers
[15:48:53] [Render thread/DEBUG] (FabricLoader/Mixin) fabric-rendering-v1.mixins.json:RenderLayersMixin from mod fabric-rendering-v1->@Inject::onInitialize(Lorg/spongepowered/asm/mixin/injection/callback/CallbackInfo;)V doesn't use it's CallbackInfo
[15:48:53] [Render thread/DEBUG] (FabricLoader/Mixin) Mixing IMixinProfilerSystem from mixins.litematica.json into net.minecraft.util.profiler.ProfilerSystem
[15:48:53] [Render thread/DEBUG] (FabricLoader/Mixin) Mixing recipe.IMixinClientRecipeBook from mixins.malilib.json into net.minecraft.client.recipebook.ClientRecipeBook
[15:48:53] [Render thread/DEBUG] (FabricLoader/Mixin) Mixing HangingSignEditScreenMixin from fabric-object-builder-v1.client.mixins.json into net.minecraft.client.gui.screen.ingame.HangingSignEditScreen
[15:48:53] [Render thread/DEBUG] (FabricLoader/Mixin) Renaming synthetic method lambda$init$0(Ljava/lang/String;)Ljava/lang/String; to mdbcad25$fabric-object-builder-api-v1$lambda$init$0$0 in fabric-object-builder-v1.client.mixins.json:HangingSignEditScreenMixin from mod fabric-object-builder-api-v1
[15:48:53] [Render thread/DEBUG] (FabricLoader/Mixin) Mixing entity.MixinAbstractSignEditScreen from mixins.litematica.json into net.minecraft.client.gui.screen.ingame.AbstractSignEditScreen
[15:48:53] [Render thread/DEBUG] (FabricLoader/Mixin) mixins.litematica.json:entity.MixinAbstractSignEditScreen from mod litematica->@Inject::litematica_insertSignText(Lorg/spongepowered/asm/mixin/injection/callback/CallbackInfo;)V doesn't use it's CallbackInfo
[15:48:53] [Render thread/DEBUG] (FabricLoader/Mixin) mixins.litematica.json:entity.MixinAbstractSignEditScreen from mod litematica->@Inject::litematica_insertSignText(Lorg/spongepowered/asm/mixin/injection/callback/CallbackInfo;)V has 0 override(s) in child classes
[15:48:53] [Render thread/DEBUG] (FabricLoader/Mixin) mixins.litematica.json:entity.MixinAbstractSignEditScreen from mod litematica->@Inject::litematica_insertSignText(Lorg/spongepowered/asm/mixin/injection/callback/CallbackInfo;)V won't be passed a CallbackInfo as a result
[15:48:53] [Netty Server IO #1/DEBUG] (ServerPlayNetworkAddon for literal{Player885}[style={clickEvent=SuggestCommand[command=/tell Player885 ],hoverEvent=ShowEntity[entity=net.minecraft.text.HoverEvent$EntityContent@8564c41a],insertion=Player885}]) Handling inbound packet from channel with name "minecraft:register"
[15:48:53] [Render thread/INFO] (litematica) Using 3 total BufferAllocator caches
[15:48:53] [Render thread/DEBUG] (FabricLoader/Mixin) Mixing mod.litematica.LitematicaSchematicAccessor from tweakerxihe.client.mixins.json into fi.dy.masa.litematica.schematic.LitematicaSchematic
[15:48:53] [Render thread/DEBUG] (FabricLoader/Mixin) tweakerxihe.client.mixins.json:mod.litematica.LitematicaSchematicAccessor from mod tweakerxihe: Class version 65 required is higher than the class version supported by the current version of Mixin (JAVA_17 supports class version 61)
[15:48:53] [Render thread/DEBUG] (FabricLoader/Mixin) Mixing mod.litematica.LitematicaSchematicAccessor from techutils.mixins.json into fi.dy.masa.litematica.schematic.LitematicaSchematic
[15:48:53] [Render thread/DEBUG] (FabricLoader/Mixin) Unexpected: Registered method setTileEntities(Ljava/util/Map;)V in fi.dy.masa.litematica.schematic.LitematicaSchematic was not merged
[15:48:53] [Render thread/DEBUG] (FabricLoader/Mixin) Unexpected: Registered method getBlockContainers()Ljava/util/Map; in fi.dy.masa.litematica.schematic.LitematicaSchematic was not merged
[15:48:53] [Render thread/DEBUG] (FabricLoader/Mixin) Unexpected: Registered method getTileEntities()Ljava/util/Map; in fi.dy.masa.litematica.schematic.LitematicaSchematic was not merged
[15:48:53] [Server thread/DEBUG] (FabricLoader/Mixin) Mixing PathContextMixin from fabric-content-registries-v0.mixins.json into net.minecraft.entity.ai.pathing.PathContext
[15:48:53] [Server thread/DEBUG] (FabricLoader/Mixin) fabric-content-registries-v0.mixins.json:PathContextMixin from mod fabric-content-registries-v0->@Inject::onGetNodeType(IIILorg/spongepowered/asm/mixin/injection/callback/CallbackInfoReturnable;)V does use it's CallbackInfoReturnable
[15:48:53] [Render thread/INFO] (litematica) LitematicaSchematic: executing Vanilla DataFixer for Tile Entities DataVersion 3953 -> 4438
[15:48:54] [Render thread/INFO] (litematica) LitematicaSchematic: executing Vanilla DataFixer for Entities DataVersion 3953 -> 4438
[15:48:54] [Render thread/INFO] (litematica) LitematicaSchematic: executing Vanilla DataFixer for Block State Palette DataVersion 3953 -> 4438
[15:48:54] [Render thread/DEBUG] (FabricLoader/Mixin) Mixing mod.litematica.OverlayRendererMixin from techutils.mixins.json into fi.dy.masa.litematica.render.OverlayRenderer
[15:48:54] [Render thread/DEBUG] (FabricLoader/Mixin) Mixing block.MixinBlockStateFlattening from mixins.litematica.json into net.minecraft.datafixer.fix.BlockStateFlattening
[15:48:54] [Render thread/DEBUG] (FabricLoader/Mixin) mixins.litematica.json:block.MixinBlockStateFlattening from mod litematica->@Inject::litematica_onAddEntry(ILcom/mojang/serialization/Dynamic;[Lcom/mojang/serialization/Dynamic;Lorg/spongepowered/asm/mixin/injection/callback/CallbackInfo;)V doesn't use it's CallbackInfo
[15:48:54] [Render thread/WARN] (net.minecraft.nbt.NbtHelper) Unable to read property: east with value: "false" for blockstate: {Name:"minecraft:cobblestone_wall",Properties:{east:"false",north:"false",south:"false",up:"false",west:"false"}}
[15:48:54] [Render thread/WARN] (net.minecraft.nbt.NbtHelper) Unable to read property: south with value: "false" for blockstate: {Name:"minecraft:cobblestone_wall",Properties:{east:"false",north:"false",south:"false",up:"false",west:"false"}}
[15:48:54] [Render thread/WARN] (net.minecraft.nbt.NbtHelper) Unable to read property: north with value: "false" for blockstate: {Name:"minecraft:cobblestone_wall",Properties:{east:"false",north:"false",south:"false",up:"false",west:"false"}}
[15:48:54] [Render thread/WARN] (net.minecraft.nbt.NbtHelper) Unable to read property: west with value: "false" for blockstate: {Name:"minecraft:cobblestone_wall",Properties:{east:"false",north:"false",south:"false",up:"false",west:"false"}}
[15:48:54] [Render thread/WARN] (net.minecraft.nbt.NbtHelper) Unable to read property: east with value: "false" for blockstate: {Name:"minecraft:mossy_cobblestone_wall",Properties:{east:"false",north:"false",south:"false",up:"false",west:"false"}}
[15:48:54] [Render thread/WARN] (net.minecraft.nbt.NbtHelper) Unable to read property: south with value: "false" for blockstate: {Name:"minecraft:mossy_cobblestone_wall",Properties:{east:"false",north:"false",south:"false",up:"false",west:"false"}}
[15:48:54] [Render thread/WARN] (net.minecraft.nbt.NbtHelper) Unable to read property: north with value: "false" for blockstate: {Name:"minecraft:mossy_cobblestone_wall",Properties:{east:"false",north:"false",south:"false",up:"false",west:"false"}}
[15:48:54] [Render thread/WARN] (net.minecraft.nbt.NbtHelper) Unable to read property: west with value: "false" for blockstate: {Name:"minecraft:mossy_cobblestone_wall",Properties:{east:"false",north:"false",south:"false",up:"false",west:"false"}}
[15:48:54] [Render thread/INFO] (net.minecraft.advancement.AdvancementManager) Loaded 3 advancements
[15:48:54] [Render thread/DEBUG] (FabricLoader/Mixin) Mixing ChunkRendererRegionBuilderMixin from fabric-block-view-api-v2.client.mixins.json into net.minecraft.client.render.chunk.ChunkRendererRegionBuilder
[15:48:54] [Render thread/DEBUG] (FabricLoader/Mixin) fabric-block-view-api-v2.client.mixins.json:ChunkRendererRegionBuilderMixin from mod fabric-block-view-api-v2->@Inject::copyDataForChunk(Lnet/minecraft/world/World;JLorg/spongepowered/asm/mixin/injection/callback/CallbackInfoReturnable;)V doesn't use it's CallbackInfoReturnable
[15:48:54] [Render thread/DEBUG] (FabricLoader/Mixin) fabric-block-view-api-v2.client.mixins.json:ChunkRendererRegionBuilderMixin from mod fabric-block-view-api-v2->@Inject::copyDataForChunk(Lnet/minecraft/world/World;JLorg/spongepowered/asm/mixin/injection/callback/CallbackInfoReturnable;)V has 0 override(s) in child classes
[15:48:54] [Render thread/DEBUG] (FabricLoader/Mixin) fabric-block-view-api-v2.client.mixins.json:ChunkRendererRegionBuilderMixin from mod fabric-block-view-api-v2->@Inject::copyDataForChunk(Lnet/minecraft/world/World;JLorg/spongepowered/asm/mixin/injection/callback/CallbackInfoReturnable;)V won't be passed a CallbackInfoReturnable as a result
[15:48:54] [Render thread/DEBUG] (FabricLoader/Mixin) fabric-block-view-api-v2.client.mixins.json:ChunkRendererRegionBuilderMixin from mod fabric-block-view-api-v2->@Inject::createDataMap(Lnet/minecraft/world/World;JLorg/spongepowered/asm/mixin/injection/callback/CallbackInfoReturnable;)V does use it's CallbackInfoReturnable
[15:48:54] [Render thread/DEBUG] (FabricLoader/Mixin) Mixing mod.litematica.RenderUtilsMixin from techutils.mixins.json into fi.dy.masa.litematica.render.RenderUtils
[15:48:54] [Render thread/DEBUG] (FabricLoader/Mixin) techutils.mixins.json:mod.litematica.RenderUtilsMixin from mod techutils->@Inject::createOverlay(Lorg/spongepowered/asm/mixin/injection/callback/CallbackInfoReturnable;)V doesn't use it's CallbackInfoReturnable
[15:48:54] [Render thread/DEBUG] (com.mojang.blaze3d.systems.RenderSystem) Growing IndexBuffer: Old limit 0, new limit 36.
[15:48:54] [Render thread/INFO] (net.minecraft.client.gl.DynamicUniformStorage) Resizing Dynamic Transforms UBO, capacity limit of 2 reached during a single frame. New capacity will be 4.
[15:48:54] [Render thread/DEBUG] (FabricLoader/Mixin) Mixing render.MixinSectionRenderState from mixins.litematica.json into net.minecraft.client.render.SectionRenderState
[15:48:54] [Render thread/DEBUG] (FabricLoader/Mixin) mixins.litematica.json:render.MixinSectionRenderState from mod litematica->@Inject::litematica_drawBlockLayerGroup(Lnet/minecraft/client/render/BlockRenderLayerGroup;Lorg/spongepowered/asm/mixin/injection/callback/CallbackInfo;)V doesn't use it's CallbackInfo
[15:48:54] [Render thread/INFO] (net.minecraft.client.gl.DynamicUniformStorage) Resizing Dynamic Transforms UBO, capacity limit of 4 reached during a single frame. New capacity will be 8.
[15:48:54] [Render thread/DEBUG] (com.mojang.blaze3d.systems.RenderSystem) Growing IndexBuffer: Old limit 10080, new limit 440304.
[15:48:54] [Render thread/DEBUG] (com.mojang.blaze3d.systems.RenderSystem) Growing IndexBuffer: Old limit 36, new limit 12160.
[15:48:54] [Render thread/INFO] (net.minecraft.client.gl.DynamicUniformStorage) Resizing Dynamic Transforms UBO, capacity limit of 8 reached during a single frame. New capacity will be 16.
[15:48:54] [Render thread/DEBUG] (FabricLoader/Mixin) Mixing ChunkRendererRegionMixin from fabric-renderer-indigo.mixins.json into net.minecraft.client.render.chunk.ChunkRendererRegion
[15:48:54] [Render thread/DEBUG] (FabricLoader/Mixin) Mixing ChunkRendererRegionMixin from fabric-block-view-api-v2.client.mixins.json into net.minecraft.client.render.chunk.ChunkRendererRegion
[15:48:54] [Render thread/DEBUG] (io.netty.util.internal.ThreadLocalRandom) -Dio.netty.initialSeedUniquifier: 0xf04f769621ca54a3
[15:48:54] [Render thread/INFO] (net.minecraft.client.gl.DynamicUniformStorage) Resizing Dynamic Transforms UBO, capacity limit of 16 reached during a single frame. New capacity will be 32.
[15:48:54] [Render thread/DEBUG] (FabricLoader/Mixin) Mixing mod.litematica.RayTraceUtilsMixin from techutils.mixins.json into fi.dy.masa.litematica.util.RayTraceUtils
[15:48:54] [Render thread/INFO] (net.minecraft.client.gl.DynamicUniformStorage) Resizing Dynamic Transforms UBO, capacity limit of 32 reached during a single frame. New capacity will be 64.
[15:48:54] [Render thread/INFO] (net.minecraft.client.gl.DynamicUniformStorage) Resizing Dynamic Transforms UBO, capacity limit of 64 reached during a single frame. New capacity will be 128.
[15:48:56] [Render thread/INFO] (net.minecraft.client.gui.hud.ChatHud) [System] [CHAT] Starting Auto Highlight Block.
[15:48:57] [Server thread/INFO] (net.minecraft.server.integrated.IntegratedServer) Saving and pausing game...
[15:48:57] [Server thread/INFO] (net.minecraft.server.MinecraftServer) Saving chunks for level 'ServerLevel[New World]'/minecraft:overworld
[15:48:57] [Server thread/INFO] (net.minecraft.server.MinecraftServer) Saving chunks for level 'ServerLevel[New World]'/minecraft:the_nether
[15:48:57] [Server thread/INFO] (net.minecraft.server.MinecraftServer) Saving chunks for level 'ServerLevel[New World]'/minecraft:the_end
[15:48:59] [Server thread/INFO] (net.minecraft.server.network.ServerPlayNetworkHandler) Player885 lost connection: Disconnected
[15:48:59] [Server thread/INFO] (net.minecraft.server.MinecraftServer) Player885 left the game
[15:48:59] [Server thread/INFO] (net.minecraft.server.network.ServerCommonNetworkHandler) Stopping singleplayer server as player logged out
[15:48:59] [Server thread/INFO] (net.minecraft.server.MinecraftServer) Stopping server
[15:48:59] [Server thread/INFO] (net.minecraft.server.MinecraftServer) Saving players
[15:48:59] [Server thread/INFO] (net.minecraft.server.MinecraftServer) Saving worlds
[15:48:59] [Server thread/INFO] (net.minecraft.server.MinecraftServer) Saving chunks for level 'ServerLevel[New World]'/minecraft:overworld
[15:48:59] [Server thread/INFO] (net.minecraft.server.MinecraftServer) Saving chunks for level 'ServerLevel[New World]'/minecraft:the_nether
[15:48:59] [Server thread/INFO] (net.minecraft.server.MinecraftServer) Saving chunks for level 'ServerLevel[New World]'/minecraft:the_end
[15:48:59] [Server thread/INFO] (net.minecraft.server.MinecraftServer) ThreadedAnvilChunkStorage (New World (1)): All chunks are saved
[15:48:59] [Server thread/INFO] (net.minecraft.server.MinecraftServer) ThreadedAnvilChunkStorage (DIM-1): All chunks are saved
[15:48:59] [Server thread/INFO] (net.minecraft.server.MinecraftServer) ThreadedAnvilChunkStorage (DIM1): All chunks are saved
[15:48:59] [Server thread/INFO] (net.minecraft.server.MinecraftServer) ThreadedAnvilChunkStorage: All dimensions are saved
[15:48:59] [Render thread/DEBUG] (FabricLoader/Mixin) Mixing mod.litematica.SchematicVerifierMixin from techutils.mixins.json into fi.dy.masa.litematica.schematic.verifier.SchematicVerifier
[15:48:59] [Render thread/DEBUG] (FabricLoader/Mixin) Renaming synthetic method lambda$populateTooltipsIfNecessary$5(Lnet/minecraft/component/type/NbtComponent;)Lnet/minecraft/component/type/NbtComponent; to mdbcad25$techutils$lambda$populateTooltipsIfNecessary$5$0 in techutils.mixins.json:mod.litematica.SchematicVerifierMixin from mod techutils
[15:48:59] [Render thread/DEBUG] (FabricLoader/Mixin) Renaming synthetic method lambda$populateTooltipsIfNecessary$4(Lnet/minecraft/nbt/NbtCompound;)V to mdbcad25$techutils$lambda$populateTooltipsIfNecessary$4$1 in techutils.mixins.json:mod.litematica.SchematicVerifierMixin from mod techutils
[15:48:59] [Render thread/DEBUG] (FabricLoader/Mixin) Renaming synthetic method lambda$populateTooltipsIfNecessary$3(Lnet/minecraft/text/Style;)Lnet/minecraft/text/Style; to mdbcad25$techutils$lambda$populateTooltipsIfNecessary$3$2 in techutils.mixins.json:mod.litematica.SchematicVerifierMixin from mod techutils
[15:48:59] [Render thread/DEBUG] (FabricLoader/Mixin) Renaming synthetic method lambda$populateTooltipsIfNecessary$2(Lnet/minecraft/item/ItemStack;Lnet/minecraft/predicate/item/ItemPredicate;Lnet/minecraft/component/type/NbtComponent;)Lnet/minecraft/component/type/NbtComponent; to mdbcad25$techutils$lambda$populateTooltipsIfNecessary$2$3 in techutils.mixins.json:mod.litematica.SchematicVerifierMixin from mod techutils
[15:48:59] [Render thread/DEBUG] (FabricLoader/Mixin) Renaming synthetic method lambda$populateTooltipsIfNecessary$1(Lnet/minecraft/item/ItemStack;Lnet/minecraft/predicate/item/ItemPredicate;Lnet/minecraft/nbt/NbtCompound;)V to mdbcad25$techutils$lambda$populateTooltipsIfNecessary$1$4 in techutils.mixins.json:mod.litematica.SchematicVerifierMixin from mod techutils
[15:48:59] [Render thread/DEBUG] (FabricLoader/Mixin) Renaming synthetic method lambda$populateTooltipsIfNecessary$0(Lnet/minecraft/text/Style;)Lnet/minecraft/text/Style; to mdbcad25$techutils$lambda$populateTooltipsIfNecessary$0$5 in techutils.mixins.json:mod.litematica.SchematicVerifierMixin from mod techutils
[15:48:59] [Render thread/DEBUG] (FabricLoader/Mixin) techutils.mixins.json:mod.litematica.SchematicVerifierMixin from mod techutils->@Inject::checkInventories(Lnet/minecraft/world/chunk/Chunk;Lnet/minecraft/world/chunk/Chunk;Lfi/dy/masa/malilib/util/IntBoundingBox;Lorg/spongepowered/asm/mixin/injection/callback/CallbackInfoReturnable;)V doesn't use it's CallbackInfoReturnable
[15:48:59] [Render thread/DEBUG] (FabricLoader/Mixin) techutils.mixins.json:mod.litematica.SchematicVerifierMixin from mod techutils->@Inject::checkInventories(Lnet/minecraft/world/chunk/Chunk;Lnet/minecraft/world/chunk/Chunk;Lfi/dy/masa/malilib/util/IntBoundingBox;Lorg/spongepowered/asm/mixin/injection/callback/CallbackInfoReturnable;)V has 0 override(s) in child classes
[15:48:59] [Render thread/DEBUG] (FabricLoader/Mixin) techutils.mixins.json:mod.litematica.SchematicVerifierMixin from mod techutils->@Inject::checkInventories(Lnet/minecraft/world/chunk/Chunk;Lnet/minecraft/world/chunk/Chunk;Lfi/dy/masa/malilib/util/IntBoundingBox;Lorg/spongepowered/asm/mixin/injection/callback/CallbackInfoReturnable;)V won't be passed a CallbackInfoReturnable as a result
[15:48:59] [Render thread/DEBUG] (FabricLoader/Mixin) techutils.mixins.json:mod.litematica.SchematicVerifierMixin from mod techutils->@Inject::addCountForWrongInventories(Lfi/dy/masa/litematica/schematic/verifier/SchematicVerifier$MismatchType;Lcom/google/common/collect/ArrayListMultimap;Ljava/util/List;Lorg/spongepowered/asm/mixin/injection/callback/CallbackInfo;)V does use it's CallbackInfo
[15:48:59] [Render thread/DEBUG] (FabricLoader/Mixin) techutils.mixins.json:mod.litematica.SchematicVerifierMixin from mod techutils->@Inject::tryRemoveSelectedInventoryMismatch(Lfi/dy/masa/litematica/schematic/verifier/SchematicVerifier$BlockMismatch;Lorg/spongepowered/asm/mixin/injection/callback/CallbackInfo;)V doesn't use it's CallbackInfo
[15:48:59] [Render thread/DEBUG] (FabricLoader/Mixin) techutils.mixins.json:mod.litematica.SchematicVerifierMixin from mod techutils->@Inject::tryRemoveSelectedInventoryMismatch(Lfi/dy/masa/litematica/schematic/verifier/SchematicVerifier$BlockMismatch;Lorg/spongepowered/asm/mixin/injection/callback/CallbackInfo;)V has 0 override(s) in child classes
[15:48:59] [Render thread/DEBUG] (FabricLoader/Mixin) techutils.mixins.json:mod.litematica.SchematicVerifierMixin from mod techutils->@Inject::tryRemoveSelectedInventoryMismatch(Lfi/dy/masa/litematica/schematic/verifier/SchematicVerifier$BlockMismatch;Lorg/spongepowered/asm/mixin/injection/callback/CallbackInfo;)V won't be passed a CallbackInfo as a result
[15:48:59] [Render thread/DEBUG] (FabricLoader/Mixin) techutils.mixins.json:mod.litematica.SchematicVerifierMixin from mod techutils->@Inject::tryAddSelectedInventoryMismatch(Lfi/dy/masa/litematica/schematic/verifier/SchematicVerifier$BlockMismatch;Lorg/spongepowered/asm/mixin/injection/callback/CallbackInfo;)V doesn't use it's CallbackInfo
[15:48:59] [Render thread/DEBUG] (FabricLoader/Mixin) techutils.mixins.json:mod.litematica.SchematicVerifierMixin from mod techutils->@Inject::tryAddSelectedInventoryMismatch(Lfi/dy/masa/litematica/schematic/verifier/SchematicVerifier$BlockMismatch;Lorg/spongepowered/asm/mixin/injection/callback/CallbackInfo;)V has 0 override(s) in child classes
[15:48:59] [Render thread/DEBUG] (FabricLoader/Mixin) techutils.mixins.json:mod.litematica.SchematicVerifierMixin from mod techutils->@Inject::tryAddSelectedInventoryMismatch(Lfi/dy/masa/litematica/schematic/verifier/SchematicVerifier$BlockMismatch;Lorg/spongepowered/asm/mixin/injection/callback/CallbackInfo;)V won't be passed a CallbackInfo as a result
[15:48:59] [Render thread/DEBUG] (FabricLoader/Mixin) techutils.mixins.json:mod.litematica.SchematicVerifierMixin from mod techutils->@Inject::tryRemoveSelectedInventoryMismatches(Lfi/dy/masa/litematica/schematic/verifier/SchematicVerifier$MismatchType;Lorg/spongepowered/asm/mixin/injection/callback/CallbackInfo;)V doesn't use it's CallbackInfo
[15:48:59] [Render thread/DEBUG] (FabricLoader/Mixin) techutils.mixins.json:mod.litematica.SchematicVerifierMixin from mod techutils->@Inject::tryRemoveSelectedInventoryMismatches(Lfi/dy/masa/litematica/schematic/verifier/SchematicVerifier$MismatchType;Lorg/spongepowered/asm/mixin/injection/callback/CallbackInfo;)V has 0 override(s) in child classes
[15:48:59] [Render thread/DEBUG] (FabricLoader/Mixin) techutils.mixins.json:mod.litematica.SchematicVerifierMixin from mod techutils->@Inject::tryRemoveSelectedInventoryMismatches(Lfi/dy/masa/litematica/schematic/verifier/SchematicVerifier$MismatchType;Lorg/spongepowered/asm/mixin/injection/callback/CallbackInfo;)V won't be passed a CallbackInfo as a result
[15:48:59] [Render thread/DEBUG] (FabricLoader/Mixin) techutils.mixins.json:mod.litematica.SchematicVerifierMixin from mod techutils->@Inject::updateClosestWrongInventoriesPositions(Lnet/minecraft/util/math/BlockPos;ILorg/spongepowered/asm/mixin/injection/callback/CallbackInfo;)V doesn't use it's CallbackInfo
[15:48:59] [Render thread/DEBUG] (FabricLoader/Mixin) techutils.mixins.json:mod.litematica.SchematicVerifierMixin from mod techutils->@Inject::updateClosestWrongInventoriesPositions(Lnet/minecraft/util/math/BlockPos;ILorg/spongepowered/asm/mixin/injection/callback/CallbackInfo;)V has 0 override(s) in child classes
[15:48:59] [Render thread/DEBUG] (FabricLoader/Mixin) techutils.mixins.json:mod.litematica.SchematicVerifierMixin from mod techutils->@Inject::updateClosestWrongInventoriesPositions(Lnet/minecraft/util/math/BlockPos;ILorg/spongepowered/asm/mixin/injection/callback/CallbackInfo;)V won't be passed a CallbackInfo as a result
[15:48:59] [Render thread/DEBUG] (FabricLoader/Mixin) techutils.mixins.json:mod.litematica.SchematicVerifierMixin from mod techutils->@Inject::addWrongInventoriesMap(Lfi/dy/masa/litematica/schematic/verifier/SchematicVerifier$MismatchType;Lorg/spongepowered/asm/mixin/injection/callback/CallbackInfoReturnable;)V does use it's CallbackInfoReturnable
[15:48:59] [Render thread/DEBUG] (FabricLoader/Mixin) techutils.mixins.json:mod.litematica.SchematicVerifierMixin from mod techutils->@Inject::addWrongInventoriesMismatchedPositions(Lfi/dy/masa/litematica/schematic/verifier/SchematicVerifier$MismatchType;Lorg/spongepowered/asm/mixin/injection/callback/CallbackInfoReturnable;)V does use it's CallbackInfoReturnable
[15:48:59] [Render thread/DEBUG] (FabricLoader/Mixin) techutils.mixins.json:mod.litematica.SchematicVerifierMixin from mod techutils->@Inject::clearAdditionalData(Lorg/spongepowered/asm/mixin/injection/callback/CallbackInfo;)V doesn't use it's CallbackInfo
[15:48:59] [Render thread/DEBUG] (FabricLoader/Mixin) techutils.mixins.json:mod.litematica.SchematicVerifierMixin from mod techutils->@Inject::clearAdditionalData(Lorg/spongepowered/asm/mixin/injection/callback/CallbackInfo;)V has 0 override(s) in child classes
[15:48:59] [Render thread/DEBUG] (FabricLoader/Mixin) techutils.mixins.json:mod.litematica.SchematicVerifierMixin from mod techutils->@Inject::clearAdditionalData(Lorg/spongepowered/asm/mixin/injection/callback/CallbackInfo;)V won't be passed a CallbackInfo as a result
[15:49:01] [Render thread/DEBUG] (net.fabricmc.fabric.impl.resource.loader.ModResourcePackUtil) [Fabric] Starting internal pack sorting with: [fabric, fabric-convention-tags-v2, fabric-gametest-api-v1, malilib]
[15:49:01] [Render thread/DEBUG] (net.fabricmc.fabric.impl.resource.loader.ModResourcePackUtil) [Fabric] Removed all internal packs, result: [fabric]
[15:49:01] [Render thread/DEBUG] (net.fabricmc.fabric.impl.resource.loader.ModResourcePackUtil) [Fabric] cur @ fabric, auto-enabled fabric-convention-tags-v2, currently enabled: [fabric, fabric-convention-tags-v2]
[15:49:01] [Render thread/DEBUG] (net.fabricmc.fabric.impl.resource.loader.ModResourcePackUtil) [Fabric] cur @ fabric, auto-enabled fabric-gametest-api-v1, currently enabled: [fabric, fabric-convention-tags-v2, fabric-gametest-api-v1]
[15:49:01] [Render thread/DEBUG] (net.fabricmc.fabric.impl.resource.loader.ModResourcePackUtil) [Fabric] cur @ fabric, auto-enabled malilib, currently enabled: [fabric, fabric-convention-tags-v2, fabric-gametest-api-v1, malilib]
[15:49:01] [Render thread/DEBUG] (net.fabricmc.fabric.impl.resource.loader.ModResourcePackUtil) [Fabric] Final sorting result: [fabric, fabric-convention-tags-v2, fabric-gametest-api-v1, malilib]
[15:49:01] [Render thread/DEBUG] (net.fabricmc.fabric.impl.resource.loader.ModResourcePackUtil) [Fabric] Starting internal pack sorting with: [vanilla, fabric, fabric-convention-tags-v2, fabric-gametest-api-v1, malilib]
[15:49:01] [Render thread/DEBUG] (net.fabricmc.fabric.impl.resource.loader.ModResourcePackUtil) [Fabric] Removed all internal packs, result: [vanilla, fabric]
[15:49:01] [Render thread/DEBUG] (net.fabricmc.fabric.impl.resource.loader.ModResourcePackUtil) [Fabric] cur @ fabric, auto-enabled fabric-convention-tags-v2, currently enabled: [vanilla, fabric, fabric-convention-tags-v2]
[15:49:01] [Render thread/DEBUG] (net.fabricmc.fabric.impl.resource.loader.ModResourcePackUtil) [Fabric] cur @ fabric, auto-enabled fabric-gametest-api-v1, currently enabled: [vanilla, fabric, fabric-convention-tags-v2, fabric-gametest-api-v1]
[15:49:01] [Render thread/DEBUG] (net.fabricmc.fabric.impl.resource.loader.ModResourcePackUtil) [Fabric] cur @ fabric, auto-enabled malilib, currently enabled: [vanilla, fabric, fabric-convention-tags-v2, fabric-gametest-api-v1, malilib]
[15:49:01] [Render thread/DEBUG] (net.fabricmc.fabric.impl.resource.loader.ModResourcePackUtil) [Fabric] Final sorting result: [vanilla, fabric, fabric-convention-tags-v2, fabric-gametest-api-v1, malilib]
[15:49:01] [Render thread/INFO] (net.minecraft.recipe.ServerRecipeManager) Loaded 1407 recipes
[15:49:01] [Render thread/INFO] (net.minecraft.advancement.AdvancementManager) Loaded 1520 advancements
[15:49:01] [Render thread/INFO] (net.fabricmc.fabric.impl.biome.modification.BiomeModificationImpl) Applied 0 biome modifications to 0 of 65 new biomes in 246.9 μs
[15:49:01] [Server thread/INFO] (net.minecraft.server.integrated.IntegratedServer) Starting integrated minecraft server version 1.21.7
[15:49:01] [Server thread/INFO] (net.minecraft.server.MinecraftServer) Generating keypair
[15:49:01] [Server thread/INFO] (net.minecraft.server.MinecraftServer) Preparing start region for dimension minecraft:overworld
[15:49:01] [Server thread/INFO] (net.minecraft.server.integrated.IntegratedServer) Changing simulation distance to 5, from 0
[15:49:01] [Render thread/INFO] (net.minecraft.server.WorldGenerationProgressLogger) Preparing spawn area: 0%
[15:49:01] [Render thread/INFO] (net.minecraft.server.WorldGenerationProgressLogger) Time elapsed: 21 ms
[15:49:01] [Netty Local Client IO #1/DEBUG] (ClientPlayNetworkAddon for Player885) Handling inbound packet from channel with name "minecraft:register"
[15:49:01] [Netty Server IO #3/DEBUG] (ServerConfigurationNetworkAddon for Player885) Handling inbound packet from channel with name "minecraft:register"
[15:49:01] [Netty Local Client IO #1/DEBUG] (ClientPlayNetworkAddon for Player885) Handling inbound packet from channel with name "minecraft:brand"
[15:49:01] [Netty Local Client IO #1/DEBUG] (ClientPlayNetworkAddon for Player885) Handling inbound packet from channel with name "c:version"
[15:49:01] [Netty Local Client IO #1/DEBUG] (ClientPlayNetworkAddon for Player885) Negotiated common packet version 1
[15:49:01] [Netty Server IO #3/DEBUG] (ServerConfigurationNetworkAddon for Player885) Handling inbound packet from channel with name "c:version"
[15:49:01] [Netty Server IO #3/DEBUG] (ServerConfigurationNetworkAddon for Player885) Negotiated common packet version 1
[15:49:01] [Netty Local Client IO #1/DEBUG] (ClientPlayNetworkAddon for Player885) Handling inbound packet from channel with name "c:register"
[15:49:01] [Netty Local Client IO #1/DEBUG] (fabric-networking-api-v1) Received accepted channels from the server
[15:49:01] [Netty Server IO #3/DEBUG] (ServerConfigurationNetworkAddon for Player885) Handling inbound packet from channel with name "c:register"
[15:49:01] [Netty Server IO #3/DEBUG] (fabric-networking-api-v1) Received accepted channels from the client for play phase
[15:49:01] [Netty Local Client IO #1/DEBUG] (ClientPlayNetworkAddon for Player885) Handling inbound packet from channel with name "fabric:accepted_attachments_v1"
[15:49:01] [Netty Server IO #3/DEBUG] (ServerConfigurationNetworkAddon for Player885) Handling inbound packet from channel with name "fabric:accepted_attachments_v1"
[15:49:01] [Netty Local Client IO #1/DEBUG] (ClientPlayNetworkAddon for Player885) Handling inbound packet from channel with name "fabric:custom_ingredient_sync"
[15:49:01] [Netty Server IO #3/DEBUG] (ServerConfigurationNetworkAddon for Player885) Handling inbound packet from channel with name "fabric:custom_ingredient_sync"
[15:49:01] [Render thread/DEBUG] (ClientPlayNetworkAddon for Player885) Handling inbound packet from channel with name "minecraft:brand"
[15:49:01] [Render thread/DEBUG] (net.fabricmc.fabric.impl.resource.loader.ModResourcePackUtil) [Fabric] Starting internal pack sorting with: []
[15:49:01] [Render thread/DEBUG] (net.fabricmc.fabric.impl.resource.loader.ModResourcePackUtil) [Fabric] Removed all internal packs, result: []
[15:49:01] [Render thread/DEBUG] (net.fabricmc.fabric.impl.resource.loader.ModResourcePackUtil) [Fabric] Final sorting result: []
[15:49:01] [Render thread/DEBUG] (net.fabricmc.fabric.impl.resource.loader.ModResourcePackUtil) [Fabric] Starting internal pack sorting with: [vanilla, fabric-convention-tags-v2, fabric-gametest-api-v1, malilib]
[15:49:01] [Render thread/DEBUG] (net.fabricmc.fabric.impl.resource.loader.ModResourcePackUtil) [Fabric] Removed all internal packs, result: [vanilla, fabric-convention-tags-v2, fabric-gametest-api-v1, malilib]
[15:49:01] [Render thread/DEBUG] (net.fabricmc.fabric.impl.resource.loader.ModResourcePackUtil) [Fabric] Final sorting result: [vanilla, fabric-convention-tags-v2, fabric-gametest-api-v1, malilib]
[15:49:01] [Server thread/DEBUG] (SynchronizeRegistriesTaskMixin) Synchronizing registries with common known packs: [fabric:fabric-gametest-api-v1:3.1.9+39ce47f56c, fabric:malilib:0.25.1, minecraft:core:1.21.7, fabric:fabric-convention-tags-v2:2.15.5+eb5df52f6c]
[15:49:01] [Server thread/INFO] (net.minecraft.server.PlayerManager) Player885[local:E:1f274bdf] logged in with entity id 430 at (-10.50814545180712, -54.841888335324256, 7.106521944272835)
[15:49:01] [Server thread/INFO] (net.minecraft.server.MinecraftServer) Player885 joined the game
[15:49:01] [Netty Server IO #3/DEBUG] (ServerPlayNetworkAddon for literal{Player885}[style={clickEvent=SuggestCommand[command=/tell Player885 ],hoverEvent=ShowEntity[entity=net.minecraft.text.HoverEvent$EntityContent@8564c41a],insertion=Player885}]) Handling inbound packet from channel with name "minecraft:register"
[15:49:01] [Render thread/INFO] (litematica) Using 3 total BufferAllocator caches
[15:49:01] [Render thread/INFO] (litematica) LitematicaSchematic: executing Vanilla DataFixer for Tile Entities DataVersion 3953 -> 4438
[15:49:01] [Render thread/INFO] (litematica) LitematicaSchematic: executing Vanilla DataFixer for Entities DataVersion 3953 -> 4438
[15:49:01] [Render thread/INFO] (litematica) LitematicaSchematic: executing Vanilla DataFixer for Block State Palette DataVersion 3953 -> 4438
[15:49:01] [Render thread/INFO] (net.minecraft.advancement.AdvancementManager) Loaded 3 advancements
[15:49:02] [Server thread/INFO] (net.minecraft.server.integrated.IntegratedServer) Saving and pausing game...
[15:49:02] [Server thread/INFO] (net.minecraft.server.MinecraftServer) Saving chunks for level 'ServerLevel[New World]'/minecraft:overworld
[15:49:02] [Server thread/INFO] (net.minecraft.server.MinecraftServer) Saving chunks for level 'ServerLevel[New World]'/minecraft:the_nether
[15:49:02] [Server thread/INFO] (net.minecraft.server.MinecraftServer) Saving chunks for level 'ServerLevel[New World]'/minecraft:the_end
[15:49:08] [Render thread/DEBUG] (com.mojang.blaze3d.systems.RenderSystem) Growing IndexBuffer: Old limit 0, new limit 144.
[15:49:08] [Render thread/INFO] (net.minecraft.client.gl.DynamicUniformStorage) Resizing Dynamic Transforms UBO, capacity limit of 128 reached during a single frame. New capacity will be 256.
[15:49:08] [Render thread/DEBUG] (FabricLoader/Mixin) Mixing mod.litematica.InventoryOverlayMixin from techutils.mixins.json into fi.dy.masa.malilib.render.InventoryOverlay
[15:49:08] [Render thread/DEBUG] (FabricLoader/Mixin) techutils.mixins.json:mod.litematica.InventoryOverlayMixin from mod techutils->@Inject::cleanUp(Lorg/spongepowered/asm/mixin/injection/callback/CallbackInfo;)V doesn't use it's CallbackInfo
[15:49:08] [Render thread/DEBUG] (FabricLoader/Mixin) Mixing containerscan.CrafterScreenMixin from techutils.mixins.json into net.minecraft.client.gui.screen.ingame.CrafterScreen
[15:49:08] [Render thread/DEBUG] (FabricLoader/Mixin) techutils.mixins.json:containerscan.CrafterScreenMixin from mod techutils->@Inject::tryDrawTooltipOfMissingItem(Lorg/spongepowered/asm/mixin/injection/callback/CallbackInfo;)V doesn't use it's CallbackInfo
[15:49:08] [Render thread/DEBUG] (FabricLoader/Mixin) techutils.mixins.json:containerscan.CrafterScreenMixin from mod techutils->@Inject::tryDrawTooltipOfMissingItem(Lorg/spongepowered/asm/mixin/injection/callback/CallbackInfo;)V has 0 override(s) in child classes
[15:49:08] [Render thread/DEBUG] (FabricLoader/Mixin) techutils.mixins.json:containerscan.CrafterScreenMixin from mod techutils->@Inject::tryDrawTooltipOfMissingItem(Lorg/spongepowered/asm/mixin/injection/callback/CallbackInfo;)V won't be passed a CallbackInfo as a result
[15:49:08] [Render thread/DEBUG] (FabricLoader/Mixin) techutils.mixins.json:containerscan.CrafterScreenMixin from mod techutils->@Inject::trySetFocusedSlotBackToEmpty(Lorg/spongepowered/asm/mixin/injection/callback/CallbackInfo;)V doesn't use it's CallbackInfo
[15:49:08] [Render thread/DEBUG] (FabricLoader/Mixin) techutils.mixins.json:containerscan.CrafterScreenMixin from mod techutils->@Inject::trySetFocusedSlotBackToEmpty(Lorg/spongepowered/asm/mixin/injection/callback/CallbackInfo;)V has 0 override(s) in child classes
[15:49:08] [Render thread/DEBUG] (FabricLoader/Mixin) techutils.mixins.json:containerscan.CrafterScreenMixin from mod techutils->@Inject::trySetFocusedSlotBackToEmpty(Lorg/spongepowered/asm/mixin/injection/callback/CallbackInfo;)V won't be passed a CallbackInfo as a result
[15:49:10] [Render thread/INFO] (net.minecraft.client.gl.DynamicUniformStorage) Resizing Dynamic Transforms UBO, capacity limit of 256 reached during a single frame. New capacity will be 512.
[15:49:11] [Server thread/DEBUG] (FabricLoader/Mixin) Mixing DoubleInventoryAccessor from fabric-transfer-api-v1.mixins.json into net.minecraft.inventory.DoubleInventory
[15:49:11] [Render thread/DEBUG] (FabricLoader/Mixin) Mixing TooltipComponentMixin from fabric-rendering-v1.mixins.json into net.minecraft.client.gui.tooltip.TooltipComponent
[15:49:11] [Render thread/DEBUG] (FabricLoader/Mixin) fabric-rendering-v1.mixins.json:TooltipComponentMixin from mod fabric-rendering-v1->@Inject::convertCustomTooltipData(Lnet/minecraft/item/tooltip/TooltipData;Lorg/spongepowered/asm/mixin/injection/callback/CallbackInfoReturnable;)V does use it's CallbackInfoReturnable
[15:49:12] [Render thread/INFO] (net.minecraft.client.gui.hud.ChatHud) [System] [CHAT] Starting Auto Highlight Block.
[15:49:15] [Render thread/DEBUG] (com.mojang.blaze3d.systems.RenderSystem) Growing IndexBuffer: Old limit 144, new limit 576.
[15:49:16] [Render thread/DEBUG] (com.mojang.blaze3d.systems.RenderSystem) Growing IndexBuffer: Old limit 576, new limit 2016.
[15:49:34] [Server thread/INFO] (net.minecraft.server.integrated.IntegratedServer) Saving and pausing game...
[15:49:34] [Server thread/INFO] (net.minecraft.server.MinecraftServer) Saving chunks for level 'ServerLevel[New World]'/minecraft:overworld
[15:49:34] [Server thread/INFO] (net.minecraft.server.MinecraftServer) Saving chunks for level 'ServerLevel[New World]'/minecraft:the_nether
[15:49:34] [Server thread/INFO] (net.minecraft.server.MinecraftServer) Saving chunks for level 'ServerLevel[New World]'/minecraft:the_end
[15:49:34] [Render thread/INFO] (net.minecraft.client.MinecraftClient) Stopping!
[15:49:34] [Server thread/INFO] (net.minecraft.server.network.ServerPlayNetworkHandler) Player885 lost connection: Disconnected
[15:49:34] [Server thread/INFO] (net.minecraft.server.MinecraftServer) Player885 left the game
[15:49:34] [Server thread/INFO] (net.minecraft.server.network.ServerCommonNetworkHandler) Stopping singleplayer server as player logged out
[15:49:34] [Server thread/INFO] (net.minecraft.server.MinecraftServer) Stopping server
[15:49:34] [Server thread/INFO] (net.minecraft.server.MinecraftServer) Saving players
[15:49:34] [Server thread/INFO] (net.minecraft.server.MinecraftServer) Saving worlds
[15:49:34] [Server thread/INFO] (net.minecraft.server.MinecraftServer) Saving chunks for level 'ServerLevel[New World]'/minecraft:overworld
[15:49:35] [Server thread/INFO] (net.minecraft.server.MinecraftServer) Saving chunks for level 'ServerLevel[New World]'/minecraft:the_nether
[15:49:35] [Server thread/INFO] (net.minecraft.server.MinecraftServer) Saving chunks for level 'ServerLevel[New World]'/minecraft:the_end
[15:49:35] [Server thread/INFO] (net.minecraft.server.MinecraftServer) ThreadedAnvilChunkStorage (New World (1)): All chunks are saved
[15:49:35] [Server thread/INFO] (net.minecraft.server.MinecraftServer) ThreadedAnvilChunkStorage (DIM-1): All chunks are saved
[15:49:35] [Server thread/INFO] (net.minecraft.server.MinecraftServer) ThreadedAnvilChunkStorage (DIM1): All chunks are saved
[15:49:35] [Server thread/INFO] (net.minecraft.server.MinecraftServer) ThreadedAnvilChunkStorage: All dimensions are saved
