net/minecraft/client/render/entity/model/WarmCowEntityModel	26	41
	17	18
	18	20
	19	23
	20	25
	21	27
	22	29
	23	31
	24	35
	25	39
	26	41
	13	14
	14	15
net/minecraft/client/gui/screen/dialog/ServerLinksDialogScreen	31	27
	17	19
	18	20
	22	23
	26	27
	28	27
	29	27
	31	27
net/minecraft/client/gui/screen/AccessibilityOnboardingScreen	171	168
	128	124
	129	125
	130	126
	131	127
	132	128
	134	130
	135	131
	137	134
	140	137
	141	138
	142	139
	143	140
	144	141
	145	142
	147	144
	148	145
	150	148
	153	151
	154	152
	158	156
	159	157
	162	160
	163	161
	164	162
	165	163
	167	164
	168	165
	171	168
	51	44
	52	45
	53	46
	54	47
	55	48
	56	49
	60	53
	61	54
	63	55
	65	56
	66	57
	67	58
	68	59
	70	63
	71	67
	73	70
	75	71
	76	72
	77	73
	81	77
	82	78
	84	81
	85	82
	89	86
	90	87
	92	89
	94	91
	97	94
	102	99
	103	100
	106	103
	107	104
	110	107
	111	108
	113	111
	114	112
	115	113
	119	117
	121	118
	123	119
	124	120
	127	123
net/minecraft/client/gui/widget/AlwaysSelectedEntryListWidget	84	82
	64	60
	65	61
	68	65
	69	66
	71	68
	78	76
	17	19
	18	20
	83	81
	84	82
	21	23
	22	24
	27	29
	29	30
	32	31
	33	32
	34	33
	35	34
	37	36
	38	37
	42	39
	43	40
	44	41
	45	42
	47	45
	48	45
	50	45
	52	47
	57	53
	58	54
	59	55
	60	56
	62	58
	63	59
net/minecraft/client/session/telemetry/WorldUnloadedEvent	44	41
	33	32
	34	33
	38	37
	39	37
	40	38
	41	39
	42	40
	43	40
	44	41
	19	17
	20	18
	21	19
	23	21
	26	24
	27	25
	29	28
	30	29
net/minecraft/client/Mouse	440	447
	61	57
	62	58
	63	59
	66	62
	67	63
	68	158
	71	64
	73	65
	74	66
	77	69
	80	70
	81	71
	82	72
	83	73
	84	74
	86	76
	87	77
	88	78
	92	82
	93	83
	94	84
	95	85
	97	88
	98	89
	99	90
	100	91
	101	92
	103	95
	106	98
	108	99
	109	100
	110	101
	113	104
	114	105
	115	106
	117	107
	118	108
	120	111
	121	112
	123	114
	124	115
	125	116
	126	117
	127	118
	128	119
	129	120
	133	124
	134	125
	136	127
	137	128
	138	129
	139	130
	141	131
	143	132
	144	133
	148	139
	149	140
	150	141
	151	142
	152	143
	153	144
	154	145
	157	148
	158	149
	159	150
	160	151
	162	153
	166	158
	169	162
	170	167
	171	176
	174	186
	175	187
	176	188
	177	189
	178	190
	179	191
	180	192
	182	193
	183	194
	184	195
	185	196
	186	197
	187	198
	188	199
	189	200
	190	201
	192	204
	194	205
	195	206
	196	207
	198	209
	199	210
	205	213
	206	214
	210	219
	213	222
	214	223
	215	224
	218	227
	219	228
	221	230
	224	234
	225	235
	226	236
	227	237
	229	239
	230	240
	231	242
	232	243
	234	246
	235	247
	236	248
	237	249
	240	253
	241	254
	242	255
	244	257
	246	259
	249	262
	250	277
	252	263
	253	264
	254	265
	255	266
	256	277
	259	268
	260	269
	261	270
	264	273
	265	274
	266	277
	270	280
	271	281
	272	282
	273	283
	274	284
	275	285
	276	286
	277	287
	279	290
	280	291
	281	292
	282	293
	285	296
	286	297
	287	298
	288	299
	289	300
	290	301
	291	302
	294	305
	295	306
	296	307
	298	310
	299	311
	300	312
	301	313
	302	314
	303	315
	304	316
	307	320
	309	323
	310	324
	313	328
	314	329
	315	330
	318	333
	322	337
	326	341
	330	345
	337	349
	338	350
	339	351
	341	354
	342	355
	343	356
	344	357
	345	358
	346	359
	347	360
	348	361
	350	362
	351	363
	353	365
	354	366
	356	367
	357	368
	360	371
	361	372
	362	373
	365	376
	366	377
	367	378
	369	380
	372	383
	376	387
	380	391
	384	395
	388	399
	392	403
	393	404
	398	407
	402	411
	403	426
	405	412
	406	426
	408	413
	409	414
	411	417
	412	418
	413	419
	414	420
	415	421
	416	422
	417	423
	418	426
	421	429
	422	435
	424	430
	425	431
	426	432
	427	433
	428	435
	431	438
	432	439
	435	442
	436	443
	437	444
	438	445
	439	446
	440	447
net/minecraft/client/render/entity/CaveSpiderEntityRenderer	18	21
	18	21
	12	15
	13	16
	14	17
net/minecraft/client/render/RawProjectionMatrix	34	36
	33	35
	18	20
	34	36
	19	21
	20	22
	21	23
	24	26
	25	27
	26	28
	28	31
net/minecraft/client/sound/SoundSystem	587	524
	512	453
	513	454
	516	457
	520	461
	524	465
	528	469
	529	476
	532	470
	533	471
	534	472
	537	476
	540	479
	541	480
	543	482
	546	485
	547	486
	550	489
	551	495
	554	491
	555	493
	556	495
	559	498
	560	499
	561	500
	562	501
	566	504
	567	505
	569	507
	570	508
	571	509
	576	513
	579	516
	583	520
	587	524
	90	71
	91	72
	92	73
	93	74
	94	75
	97	78
	98	80
	99	81
	100	82
	101	83
	102	84
	103	85
	107	90
	108	91
	109	92
	112	95
	113	108
	117	97
	118	98
	119	99
	120	100
	121	101
	122	102
	123	103
	124	104
	125	105
	127	108
	130	111
	131	111
	134	111
	138	115
	139	129
	142	116
	143	117
	144	129
	147	119
	148	120
	151	123
	152	124
	153	125
	154	126
	155	129
	158	132
	159	133
	160	134
	161	135
	162	136
	164	138
	167	141
	168	142
	170	144
	173	147
	174	148
	175	149
	176	150
	179	153
	182	156
	183	157
	184	158
	185	159
	188	162
	191	165
	192	166
	193	167
	194	168
	195	169
	196	170
	197	171
	198	172
	199	173
	200	174
	202	176
	205	179
	206	180
	209	183
	210	184
	218	187
	219	188
	220	189
	223	191
	224	192
	225	193
	226	194
	228	195
	229	196
	230	197
	231	198
	232	199
	233	200
	234	201
	237	203
	238	204
	239	205
	242	208
	243	209
	247	213
	251	218
	252	219
	254	222
	255	223
	257	225
	259	228
	260	229
	263	232
	265	233
	266	234
	269	236
	270	237
	271	238
	273	241
	275	242
	276	243
	278	245
	279	246
	280	247
	281	248
	282	249
	283	250
	284	251
	285	252
	286	253
	287	254
	293	259
	294	261
	295	262
	297	263
	298	264
	300	265
	301	266
	302	267
	303	268
	304	269
	306	272
	307	273
	308	274
	311	277
	312	278
	316	281
	317	282
	323	288
	324	290
	325	291
	327	292
	328	293
	331	294
	332	295
	335	298
	336	299
	339	302
	343	305
	344	307
	345	308
	346	309
	347	310
	348	311
	349	312
	350	313
	351	314
	352	315
	355	318
	358	321
	362	325
	366	329
	370	333
	371	334
	374	336
	375	336
	378	336
	382	341
	383	342
	386	343
	387	344
	390	346
	391	347
	392	348
	393	349
	394	350
	397	353
	403	355
	405	356
	406	357
	409	358
	410	359
	411	360
	413	363
	416	365
	417	366
	419	367
	420	368
	421	369
	423	370
	424	371
	426	372
	427	373
	428	375
	429	376
	433	380
	434	381
	435	382
	436	387
	438	383
	439	384
	443	390
	445	391
	446	392
	447	393
	450	395
	451	396
	453	397
	454	399
	455	400
	456	401
	457	402
	459	405
	462	407
	464	408
	465	409
	466	410
	468	411
	469	412
	470	413
	471	414
	472	415
	474	417
	477	420
	478	421
	479	422
	480	423
	482	424
	483	425
	484	425
	485	425
	486	426
	487	427
	488	428
	490	430
	491	430
	492	430
	493	431
	494	432
	495	433
	498	436
	499	437
	501	440
	502	440
	504	440
	508	449
	509	450
net/minecraft/client/network/OtherClientPlayerEntity	94	109
	64	70
	65	73
	67	71
	70	76
	72	81
	73	80
	74	93
	75	96
	79	99
	16	22
	80	100
	81	101
	18	23
	19	24
	23	27
	24	28
	88	104
	25	29
	27	32
	28	33
	92	107
	93	108
	94	109
	33	37
	38	42
	39	43
	40	44
	44	47
	45	48
	47	51
	48	52
	49	53
	51	56
	52	57
	53	59
	54	60
	55	61
	57	64
	59	67
	61	68
net/minecraft/client/render/entity/model/WindChargeEntityModel	50	53
	33	32
	35	33
	36	36
	37	38
	39	42
	40	43
	42	45
	47	50
	48	51
	49	52
	50	53
	23	23
	24	24
	25	25
	26	26
	27	27
	30	30
	31	31
net/minecraft/client/render/debug/WaterDebugRenderer	55	59
	32	35
	33	35
	34	35
	36	35
	37	36
	41	45
	42	46
	43	47
	44	48
	47	51
	48	52
	17	20
	49	53
	18	21
	50	54
	22	25
	23	26
	55	59
	25	28
	26	29
	27	30
	28	31
	30	32
	31	35
net/minecraft/client/render/entity/state/AxolotlEntityRenderState	0	0
net/minecraft/client/render/entity/model/HappyGhastHarnessEntityModel	44	49
	36	41
	37	42
	38	43
	39	44
	41	46
	42	47
	44	49
	19	20
	20	21
	21	22
	24	25
	25	26
	27	27
	29	30
	31	35
net/minecraft/client/texture/SpriteOpener	55	81
	32	31
	36	40
	37	39
	38	55
	39	56
	40	57
	43	60
	45	62
	46	63
	47	64
	48	66
	49	74
	50	75
	53	78
	55	81
	26	25
	29	28
	30	29
	31	30
net/minecraft/client/particle/TrialSpawnerDetectionParticle	69	70
	64	66
	65	67
	69	70
	13	17
	14	18
	15	19
	16	20
	17	21
	19	22
	20	23
	21	24
	22	25
	23	26
	24	27
	26	28
	28	29
	29	30
	30	31
	31	32
	32	33
	36	37
	41	42
	46	47
	51	52
	52	53
	53	54
	57	58
net/minecraft/client/render/item/model/special/BedModelRenderer	55	56
	33	46
	34	47
	38	51
	43	56
	49	31
	50	32
	54	36
	23	25
	55	37
	24	26
	25	27
	28	42
	29	42
	30	42
net/minecraft/client/ClientWatchdog	32	28
	32	28
	17	17
	18	18
	19	19
	26	22
	27	23
	28	24
	29	25
	30	26
	31	27
	15	15
net/minecraft/client/render/block/entity/ConduitBlockEntityRenderer	153	136
	128	106
	133	109
	134	111
	135	112
	136	113
	137	114
	138	115
	139	116
	140	117
	141	118
	142	119
	144	120
	145	121
	146	122
	147	123
	148	124
	149	125
	150	126
	151	127
	152	134
	153	136
	42	43
	43	44
	44	45
	45	46
	46	47
	47	48
	50	51
	51	52
	52	53
	53	53
	54	53
	57	54
	61	58
	62	59
	63	60
	64	60
	65	60
	68	61
	72	65
	73	66
	74	67
	75	67
	76	67
	79	68
	83	72
	84	73
	85	74
	86	74
	87	74
	90	75
	95	81
	97	82
	98	83
	100	84
	101	85
	102	86
	103	87
	104	88
	105	89
	106	136
	109	91
	110	92
	111	93
	113	94
	114	95
	115	96
	116	97
	117	98
	118	99
	120	100
	122	101
	123	102
	125	103
	126	104
	127	105
net/minecraft/client/render/model/MissingModel	46	37
	32	28
	38	29
	39	30
	26	26
	28	27
	44	35
	45	36
	29	27
	46	37
net/minecraft/client/render/entity/model/MinecartEntityModel	54	72
	14	43
	15	44
	18	47
	19	48
	21	49
	22	50
	23	51
	24	52
	26	53
	27	55
	28	55
	29	56
	33	58
	34	60
	35	60
	36	61
	38	63
	39	65
	40	65
	41	66
	43	68
	44	69
	45	69
	46	69
	48	71
	49	71
	50	71
	51	71
	54	72
net/minecraft/client/particle/SculkChargeParticle	46	48
	33	33
	34	34
	35	35
	40	42
	41	43
	10	13
	42	44
	11	14
	43	45
	44	46
	13	15
	45	47
	14	16
	46	48
	16	17
	18	18
	19	19
	23	23
	28	28
net/minecraft/client/realms/dto/RealmsConfigurationDto	0	0
net/minecraft/client/realms/dto/RealmsRegion	72	74
	66	68
	67	69
	68	70
	69	71
	70	72
	72	74
	42	44
	43	45
	44	46
	48	50
	49	51
	50	52
	53	56
	61	64
	62	65
net/minecraft/client/render/entity/model/PandaEntityModel	124	114
	20	20
	21	21
	24	24
	25	25
	27	26
	28	28
	29	29
	30	31
	31	33
	32	35
	33	37
	35	39
	36	41
	37	41
	38	42
	41	44
	42	45
	43	46
	44	46
	45	47
	46	48
	47	49
	48	50
	50	51
	55	55
	57	56
	58	57
	59	58
	61	59
	62	60
	64	62
	67	65
	68	66
	69	67
	70	68
	71	69
	72	70
	76	74
	77	75
	78	76
	81	77
	82	78
	85	79
	86	80
	88	81
	89	82
	91	83
	92	84
	95	87
	96	88
	97	89
	98	90
	101	93
	102	94
	103	95
	104	96
	107	99
	108	100
	109	101
	110	102
	111	103
	113	104
	116	107
	117	108
	119	109
	120	110
	121	111
	122	112
	124	114
net/minecraft/client/render/entity/model/BeeEntityModel	154	181
	128	162
	130	163
	131	164
	132	165
	135	168
	137	168
	138	169
	139	170
	141	171
	142	172
	144	173
	145	174
	147	175
	151	178
	152	179
	154	181
	40	102
	41	103
	43	104
	44	105
	45	106
	46	107
	48	108
	49	109
	50	110
	51	111
	52	112
	53	113
	56	116
	57	117
	59	118
	60	118
	61	118
	63	119
	64	120
	65	120
	67	122
	68	122
	69	122
	72	123
	73	124
	74	124
	75	124
	77	126
	78	127
	79	127
	80	127
	83	129
	84	130
	85	132
	86	132
	87	133
	89	135
	90	137
	91	137
	92	138
	94	140
	95	141
	96	141
	97	141
	99	143
	100	144
	101	144
	102	144
	104	146
	105	147
	106	147
	107	147
	110	149
	115	153
	116	154
	119	155
	121	156
	122	157
	123	158
	124	159
	126	160
	127	161
net/minecraft/client/option/StickyKeyBinding	28	30
	17	19
	18	20
	19	21
	22	24
	24	26
	11	13
	27	29
	12	14
	28	30
	13	15
net/minecraft/client/render/item/property/select/SelectProperty	65	64
	33	33
	65	64
	34	34
	35	34
	36	36
	38	38
	42	42
	46	46
	47	47
	50	49
	51	51
	52	52
	55	55
	56	56
	57	58
	58	59
	59	60
	60	61
	61	62
net/minecraft/client/render/debug/GoalSelectorDebugRenderer	57	57
	32	33
	35	36
	36	37
	40	41
	42	42
	44	44
	45	45
	46	46
	47	47
	48	48
	49	49
	50	50
	51	51
	52	52
	53	53
	23	24
	24	25
	57	57
	27	28
	28	29
	31	32
net/minecraft/client/render/entity/LlamaEntityRenderer	44	44
	34	35
	39	39
	40	40
	41	41
	42	42
	43	43
	44	44
	17	20
	19	21
	20	22
	24	25
	25	26
	26	27
	27	28
	28	29
net/minecraft/client/model/Dilation	25	32
	17	24
	18	25
	21	28
	25	32
	11	18
	12	19
	13	20
	14	21
net/minecraft/client/render/entity/BoggedEntityRenderer	34	33
	32	31
	17	19
	33	32
	18	20
	34	33
	22	23
	27	27
	15	18
net/minecraft/client/color/block/BlockColors	152	136
	131	115
	132	116
	136	120
	137	121
	139	123
	142	126
	143	127
	145	129
	148	132
	149	133
	152	136
	39	37
	41	38
	42	39
	43	41
	45	40
	47	45
	49	46
	50	47
	51	47
	53	47
	56	54
	57	55
	58	56
	59	56
	61	56
	63	58
	67	61
	68	62
	70	63
	71	64
	72	64
	74	64
	77	72
	78	73
	79	73
	81	73
	84	75
	85	76
	86	76
	88	76
	91	82
	92	84
	94	85
	95	86
	96	86
	98	86
	101	88
	103	89
	104	90
	105	91
	107	93
	109	94
	110	94
	111	94
	113	94
	116	95
	120	105
	122	106
	123	107
	126	109
	127	110
net/minecraft/client/render/entity/WitherEntityRenderer	63	54
	32	30
	33	31
	34	31
	36	31
	41	35
	46	39
	48	40
	49	41
	20	21
	52	44
	53	45
	22	22
	23	23
	57	48
	58	49
	27	26
	59	50
	60	51
	61	52
	62	53
	63	54
net/minecraft/client/render/item/model/special/HeadModelRenderer	75	77
	65	36
	66	37
	70	41
	71	42
	72	43
	73	44
	74	45
	75	46
	27	29
	28	30
	29	31
	30	32
	33	51
	34	52
	35	53
	36	54
	37	56
	40	60
	41	61
	45	65
	51	71
	52	72
	54	73
	55	74
	58	76
	59	77
net/minecraft/client/realms/util/RealmsPersistence	56	57
	32	34
	33	35
	35	36
	36	37
	38	39
	39	40
	40	41
	43	44
	47	48
	50	51
	51	52
	21	23
	53	54
	56	57
	25	27
	26	28
	29	31
net/minecraft/client/render/entity/state/PlayerEntityRenderState	43	45
	43	45
net/minecraft/client/gui/screen/ingame/ForgingScreen	58	58
	33	36
	35	37
	36	38
	40	42
	41	43
	42	44
	46	48
	47	49
	48	50
	17	20
	18	21
	19	22
	22	25
	54	55
	26	29
	58	58
	27	30
	28	31
	29	32
net/minecraft/client/gui/widget/ElementListWidget	213	216
	132	128
	137	133
	138	134
	142	138
	147	143
	148	144
	22	24
	150	147
	23	25
	151	148
	153	151
	26	28
	154	152
	27	29
	159	157
	32	34
	34	35
	36	36
	164	162
	37	39
	165	163
	38	40
	39	41
	167	165
	168	166
	43	43
	44	44
	45	45
	174	173
	47	46
	175	174
	176	177
	49	49
	177	175
	50	50
	178	176
	180	179
	53	52
	181	180
	54	53
	55	54
	183	183
	184	185
	185	186
	58	56
	186	187
	59	57
	187	188
	60	58
	188	189
	61	60
	65	64
	193	194
	67	68
	68	69
	69	70
	71	73
	199	200
	72	74
	200	201
	73	76
	201	202
	202	203
	203	204
	77	37
	205	207
	206	208
	207	209
	208	210
	82	83
	83	89
	211	214
	85	84
	213	216
	86	85
	87	86
	89	89
	93	93
	95	93
	97	93
	102	98
	107	103
	108	104
	109	105
	110	106
	112	108
	113	109
	114	110
	115	111
	118	115
	119	116
net/minecraft/client/util/TextCollector	34	34
	33	33
	18	20
	34	34
	19	21
	21	23
	22	23
	24	23
	28	28
	13	15
	29	29
	14	16
net/minecraft/client/gui/screen/DemoScreen	70	73
	64	69
	66	70
	68	71
	69	72
	70	73
	19	24
	20	25
	27	29
	29	30
	30	31
	31	32
	32	33
	33	34
	34	35
	35	36
	36	37
	38	38
	39	39
	40	44
	41	50
	42	51
	43	52
	46	54
	47	55
	51	59
	53	60
	54	61
	55	62
	56	63
	60	67
	62	68
net/minecraft/client/gui/tooltip/OrderedTextTooltipComponent	30	30
	19	19
	24	24
	29	29
	14	14
	30	30
	15	15
net/minecraft/client/render/BufferBuilderStorage	75	72
	67	64
	71	68
	75	72
	22	22
	24	23
	25	25
	26	26
	28	27
	29	28
	31	29
	32	30
	33	31
	34	32
	35	33
	36	34
	37	35
	38	36
	39	37
	40	38
	41	39
	42	40
	44	42
	45	43
	47	44
	49	46
	50	47
	51	48
	52	49
	55	52
	56	53
	59	56
	63	60
net/minecraft/client/gui/screen/report/ReportScreen	242	221
	63	58
	64	59
	65	60
	66	61
	67	62
	70	65
	72	66
	73	67
	74	68
	75	69
	77	70
	82	75
	84	76
	85	77
	86	78
	88	79
	90	81
	91	83
	92	84
	95	87
	96	88
	101	94
	102	94
	103	94
	104	94
	105	95
	106	96
	107	97
	108	97
	110	98
	111	99
	112	100
	113	101
	116	104
	117	105
	118	106
	119	107
	123	111
	124	112
	125	113
	128	116
	129	117
	131	118
	132	119
	133	120
	134	121
	136	122
	137	123
	138	124
	139	126
	140	127
	142	130
	144	133
	146	135
	147	136
	150	139
	151	140
	152	141
	155	144
	158	146
	159	147
	161	149
	164	152
	165	153
	168	156
	170	157
	171	158
	174	161
	175	162
	177	164
	180	167
	181	168
	185	172
	186	173
	188	175
	190	177
	194	181
	195	182
	196	183
	206	194
	207	195
	211	199
	212	200
	213	201
	214	202
	215	202
	216	202
	218	203
	219	203
	220	204
	221	205
	222	206
	223	206
	225	207
	226	207
	227	208
	228	209
	229	210
	230	210
	232	211
	237	216
	238	217
	242	221
net/minecraft/client/realms/util/JsonUtils	95	96
	66	68
	67	69
	68	70
	70	72
	75	77
	76	78
	77	79
	14	16
	15	17
	79	81
	16	18
	17	19
	18	20
	20	22
	84	86
	85	87
	86	88
	88	90
	25	28
	26	29
	27	30
	28	31
	29	32
	93	95
	94	96
	31	34
	95	96
	35	39
	36	40
	37	41
	39	43
	43	48
	48	53
	49	54
	50	55
	52	57
	58	63
	59	64
	60	64
	62	64
net/minecraft/client/model/TexturedModelData	23	26
	19	22
	23	26
	10	13
	11	14
	12	15
	15	18
net/minecraft/client/font/FontLoader	35	33
	32	29
	33	30
	34	31
	35	33
net/minecraft/client/resource/metadata/LanguageResourceMetadata	0	0
net/minecraft/client/data/WaypointStyleProvider	62	65
	32	35
	33	35
	36	38
	39	43
	40	44
	41	45
	42	46
	43	47
	44	48
	47	52
	51	55
	52	56
	53	57
	22	26
	54	58
	23	27
	56	60
	57	61
	26	30
	29	35
	30	35
	62	65
	31	35
net/minecraft/client/gui/screen/dialog/DialogListDialogScreen	32	29
	32	29
	18	20
	19	21
	23	24
	27	28
	29	29
	30	29
net/minecraft/client/realms/gui/screen/RealmsNotificationsScreen	195	174
	130	148
	131	149
	134	152
	140	155
	141	156
	142	157
	143	158
	144	159
	145	160
	146	161
	149	164
	150	165
	151	167
	24	24
	152	168
	153	169
	154	170
	157	173
	158	174
	37	62
	38	63
	169	36
	42	67
	171	37
	43	68
	172	38
	45	70
	174	39
	49	74
	50	75
	179	44
	51	76
	55	80
	56	81
	57	82
	186	50
	59	84
	188	51
	190	52
	66	90
	195	57
	67	91
	68	92
	69	93
	70	94
	72	96
	76	100
	77	101
	79	103
	82	106
	86	110
	91	115
	93	116
	94	117
	96	119
	101	123
	104	126
	106	127
	107	128
	109	129
	110	130
	112	131
	114	132
	115	133
	116	134
	119	137
	120	138
	121	139
	122	140
	125	143
	126	144
	127	145
net/minecraft/client/render/item/ItemRenderer	144	148
	128	112
	129	113
	130	114
	131	115
	133	118
	135	120
	138	132
	139	133
	142	146
	143	147
	144	148
	46	37
	47	38
	51	52
	53	53
	54	54
	55	55
	56	56
	57	57
	59	60
	61	62
	64	65
	65	66
	68	69
	69	69
	70	69
	71	69
	74	69
	78	73
	79	74
	80	75
	85	80
	86	81
	87	82
	88	82
	89	82
	93	83
	94	83
	95	83
	98	85
	102	90
	106	94
	107	94
	109	94
	113	98
	115	100
	121	105
	122	106
	123	107
	124	108
	125	109
	126	110
net/minecraft/client/render/entity/HoglinEntityRenderer	28	28
	17	19
	22	23
	23	24
	24	25
	12	15
	28	28
	13	16
net/minecraft/client/realms/task/ResettingWorldTemplateTask	19	22
	18	21
	19	22
	12	15
	13	16
	14	17
net/minecraft/client/search/SuffixArray	229	246
	36	45
	37	46
	38	47
	40	48
	41	50
	42	51
	43	52
	44	53
	46	56
	47	57
	48	58
	49	59
	52	70
	54	71
	56	72
	57	73
	58	74
	60	75
	61	75
	62	75
	64	75
	67	76
	68	77
	69	78
	70	79
	71	80
	73	81
	74	82
	75	83
	77	84
	78	85
	79	86
	81	88
	83	90
	84	91
	87	94
	89	96
	90	96
	91	97
	92	98
	93	99
	94	97
	97	102
	99	104
	100	105
	101	106
	103	108
	107	96
	110	113
	111	114
	113	115
	114	116
	115	118
	116	119
	117	120
	118	121
	120	124
	121	125
	123	127
	126	130
	127	131
	129	134
	130	135
	133	138
	134	139
	136	140
	137	142
	138	143
	139	144
	141	147
	142	148
	145	152
	147	155
	152	159
	153	160
	155	162
	156	163
	157	164
	158	165
	161	168
	162	169
	163	170
	164	171
	165	174
	166	175
	170	179
	174	193
	178	194
	179	195
	181	197
	182	198
	183	199
	184	200
	185	201
	187	204
	188	205
	190	207
	194	211
	195	246
	198	212
	200	213
	201	215
	202	216
	203	217
	204	218
	205	219
	207	222
	208	223
	210	225
	214	229
	217	230
	218	232
	219	233
	222	236
	223	237
	225	238
	226	240
	227	241
	229	244
net/minecraft/client/texture/TextureStitcher	271	210
	256	190
	132	121
	260	199
	261	200
	134	121
	262	201
	135	121
	263	202
	264	203
	137	122
	267	206
	13	18
	271	210
	25	28
	26	29
	27	30
	155	137
	28	31
	156	138
	157	139
	158	140
	31	34
	159	141
	162	144
	35	38
	166	148
	39	42
	40	43
	41	44
	171	152
	44	47
	172	153
	45	48
	47	50
	175	155
	48	51
	176	156
	49	53
	179	157
	52	57
	180	193
	184	158
	186	159
	59	60
	187	160
	60	61
	62	63
	191	162
	192	163
	65	66
	195	164
	69	70
	197	165
	70	71
	198	166
	71	72
	200	167
	75	76
	87	80
	215	168
	88	81
	216	169
	89	82
	217	170
	90	83
	218	171
	219	172
	92	84
	93	85
	221	174
	222	175
	95	86
	96	87
	224	177
	99	89
	100	90
	102	92
	103	93
	106	95
	234	178
	235	179
	110	99
	112	100
	113	101
	116	104
	117	105
	246	180
	120	107
	121	108
	250	184
	251	185
	124	111
	252	186
	125	112
	127	113
net/minecraft/client/search/TextSearchProvider	31	32
	16	18
	17	19
	21	23
	26	28
	27	29
	28	30
	30	31
	15	17
	31	32
net/minecraft/client/render/entity/model/Deadmau5EarsEntityModel	40	33
	32	30
	33	31
	34	31
	36	32
	37	32
	40	33
	15	17
	16	18
	19	21
	20	22
	22	23
	23	24
	24	25
	25	26
	26	27
	27	28
	28	29
	30	30
	31	30
net/minecraft/client/render/debug/GameEventDebugRenderer	171	168
	130	130
	131	131
	138	147
	139	148
	140	149
	143	152
	144	152
	145	152
	149	156
	154	160
	159	164
	37	39
	165	168
	38	40
	42	44
	171	137
	44	45
	45	46
	46	47
	48	113
	51	49
	53	50
	54	51
	56	52
	58	54
	59	55
	60	58
	61	59
	62	60
	64	61
	65	62
	66	63
	68	65
	69	67
	72	71
	73	73
	74	74
	75	76
	78	79
	79	80
	80	81
	81	82
	82	83
	83	84
	89	90
	92	93
	93	94
	94	95
	95	96
	96	97
	99	100
	100	101
	101	102
	102	103
	103	104
	104	105
	106	106
	107	107
	108	108
	110	109
	111	110
	113	113
	116	118
	117	119
	118	123
	121	120
	122	121
	123	123
	126	126
	127	127
net/minecraft/client/sound/SoundEngine	351	331
	259	162
	261	163
	265	168
	266	169
	267	170
	269	173
	270	174
	272	177
	276	181
	277	182
	278	183
	280	185
	281	186
	286	191
	287	192
	288	193
	290	196
	291	197
	293	200
	294	201
	296	204
	297	205
	300	207
	304	212
	306	213
	307	213
	310	213
	314	217
	315	218
	317	219
	318	220
	319	221
	321	223
	324	226
	69	42
	329	231
	74	47
	333	235
	334	236
	79	52
	336	238
	83	56
	339	242
	343	252
	88	61
	344	253
	345	253
	347	253
	351	257
	97	286
	98	287
	103	292
	104	293
	105	294
	107	297
	110	299
	111	300
	112	301
	115	304
	120	310
	121	311
	123	313
	124	314
	129	320
	130	321
	131	322
	135	326
	140	331
	150	69
	151	70
	154	73
	155	74
	157	75
	158	76
	159	77
	162	78
	163	79
	166	81
	167	82
	168	83
	171	86
	172	87
	175	89
	177	90
	178	91
	179	92
	181	93
	182	94
	184	95
	185	96
	187	97
	189	98
	191	100
	193	101
	194	102
	196	104
	197	105
	201	106
	202	111
	205	114
	206	115
	208	116
	209	117
	210	118
	212	119
	217	122
	219	123
	223	127
	224	128
	225	129
	226	130
	229	133
	230	134
	231	135
	232	136
	235	139
	236	141
	237	142
	238	143
	241	147
	243	148
	244	149
	248	154
	253	159
	254	160
net/minecraft/client/render/entity/VillagerEntityRenderer	51	50
	32	37
	33	38
	35	38
	37	38
	42	42
	47	46
	48	47
	49	48
	18	22
	50	49
	51	50
	20	27
	21	28
	22	29
	23	30
	27	33
net/minecraft/client/render/ChunkBuilderMode	35	34
	35	34
	20	21
	21	22
	22	23
	26	26
	31	30
net/minecraft/client/particle/Particle	264	381
	259	377
	260	378
	263	380
	264	381
	59	66
	61	67
	62	68
	63	69
	64	70
	65	71
	67	72
	68	73
	71	76
	73	77
	74	78
	75	79
	76	80
	78	81
	79	82
	80	83
	81	84
	82	85
	85	93
	86	94
	87	95
	88	96
	92	107
	93	108
	94	109
	95	110
	98	120
	99	121
	103	133
	104	134
	105	135
	106	136
	109	151
	110	152
	113	160
	114	161
	117	168
	121	175
	122	176
	123	177
	125	178
	126	179
	127	196
	130	181
	131	182
	132	183
	133	184
	134	185
	136	188
	137	189
	138	190
	140	191
	141	192
	142	193
	144	196
	152	214
	158	225
	162	248
	163	249
	166	252
	167	253
	168	254
	169	255
	170	256
	171	257
	172	258
	174	260
	177	270
	178	271
	179	272
	180	273
	181	274
	182	275
	183	276
	186	286
	187	315
	190	287
	191	288
	192	289
	194	290
	195	291
	196	292
	197	293
	198	294
	201	297
	202	298
	203	299
	206	302
	207	303
	210	306
	212	307
	213	308
	215	311
	216	312
	218	315
	221	318
	222	319
	223	320
	224	321
	225	322
	228	330
	229	331
	230	331
	232	331
	236	338
	240	350
	244	354
	245	355
	248	365
	255	373
net/minecraft/client/render/entity/feature/IronGolemFlowerFeatureRenderer	43	40
	32	30
	33	31
	35	32
	36	33
	37	34
	38	35
	39	36
	41	37
	42	38
	43	40
	18	20
	19	21
	20	22
	24	27
	25	40
	28	28
	29	29
net/minecraft/client/render/entity/CodEntityRenderer	40	40
	16	19
	17	20
	33	34
	34	35
	36	36
	21	24
	37	37
	38	38
	40	40
	26	28
	31	33
net/minecraft/client/gui/screen/multiplayer/SocialInteractionsPlayerListWidget	203	188
	128	118
	129	118
	131	118
	133	120
	135	121
	136	122
	137	123
	142	124
	145	128
	147	129
	148	130
	151	133
	152	134
	153	135
	154	136
	155	137
	156	138
	157	139
	160	142
	161	143
	162	144
	35	34
	36	35
	164	146
	37	36
	167	149
	168	150
	42	40
	171	153
	47	44
	175	157
	176	159
	177	160
	178	161
	51	48
	179	162
	52	49
	182	166
	55	52
	183	167
	56	53
	184	168
	57	54
	185	170
	58	55
	186	172
	59	56
	187	173
	62	59
	190	175
	63	61
	64	62
	65	63
	193	178
	66	64
	194	179
	67	65
	195	180
	196	181
	70	70
	199	184
	73	73
	74	73
	202	187
	203	188
	76	75
	77	76
	78	80
	79	82
	80	83
	83	87
	84	88
	88	93
	90	95
	93	98
	95	100
	96	101
	97	101
	98	102
	102	106
	106	110
	107	110
	115	111
	116	112
	118	113
	119	114
	121	115
	126	116
net/minecraft/client/realms/util/RealmsUploader	106	121
	64	74
	65	75
	66	76
	67	77
	68	78
	69	79
	70	80
	71	81
	73	83
	74	84
	75	85
	78	88
	82	94
	83	95
	84	96
	85	97
	87	99
	90	102
	92	104
	93	105
	94	106
	96	109
	97	110
	98	111
	100	114
	102	116
	103	117
	41	41
	42	42
	106	121
	43	43
	44	44
	45	45
	46	46
	49	49
	50	51
	52	54
	53	55
	55	56
	56	58
	57	67
	58	68
	60	69
	61	70
	62	71
com/mojang/blaze3d/pipeline/CompiledRenderPipeline	0	0
net/minecraft/client/gui/render/state/special/EntityGuiElementRenderState	14	50
	13	38
	14	50
net/minecraft/client/gui/screen/world/PresetsScreen	317	347
	256	285
	257	286
	258	287
	262	291
	263	292
	265	294
	266	294
	267	295
	270	298
	280	309
	281	310
	282	311
	283	312
	284	313
	288	319
	289	320
	290	321
	294	325
	295	326
	299	330
	300	331
	301	332
	302	333
	303	334
	306	337
	308	338
	309	339
	312	342
	313	343
	317	347
	69	70
	70	71
	71	72
	75	79
	79	82
	80	83
	82	86
	83	87
	84	88
	85	89
	89	92
	90	93
	93	96
	94	97
	98	101
	99	102
	100	103
	101	104
	104	107
	105	108
	106	109
	109	111
	113	120
	114	121
	115	122
	117	124
	118	125
	119	126
	120	127
	122	130
	123	131
	126	132
	127	133
	130	137
	134	148
	135	149
	136	150
	139	152
	141	153
	142	154
	145	156
	146	157
	147	158
	148	159
	149	160
	150	161
	151	162
	152	163
	153	164
	154	165
	158	169
	162	175
	164	177
	165	178
	166	179
	168	182
	171	185
	172	186
	174	187
	179	192
	180	193
	182	194
	183	195
	184	196
	185	197
	186	198
	188	199
	189	200
	190	201
	191	202
	192	203
	193	204
	194	205
	196	206
	198	207
	199	212
	200	214
	201	215
	202	216
	203	222
	205	224
	206	225
	211	229
	216	234
	217	235
	218	236
	219	237
	223	241
	224	242
	228	246
	230	247
	231	248
	232	249
	234	250
	235	251
	238	254
	239	255
	243	260
	244	262
	245	269
	246	271
	247	275
	249	279
	252	282
net/minecraft/client/render/entity/DrownedEntityRenderer	61	59
	35	37
	40	42
	45	46
	47	47
	48	48
	49	49
	50	50
	51	51
	21	24
	53	53
	22	26
	23	27
	24	28
	25	29
	57	56
	26	30
	58	57
	27	31
	59	58
	61	59
	30	33
	31	34
net/minecraft/client/render/entity/model/WitchEntityModel	115	154
	25	75
	26	76
	27	77
	28	78
	29	79
	30	80
	31	81
	32	82
	33	83
	36	86
	37	87
	39	88
	40	89
	41	89
	44	91
	45	92
	46	92
	47	92
	49	94
	50	96
	51	96
	52	97
	54	99
	55	101
	56	101
	57	102
	59	104
	60	106
	61	106
	62	107
	65	109
	66	110
	67	111
	68	111
	69	111
	72	113
	77	117
	79	118
	80	119
	82	120
	83	121
	85	125
	86	126
	87	127
	89	128
	90	129
	91	130
	93	132
	96	135
	101	140
	106	145
	107	146
	108	147
	109	148
	113	152
	114	153
	115	154
net/minecraft/client/sound/PassiveBeeSoundInstance	19	22
	19	22
	9	12
	10	13
	14	17
net/minecraft/client/render/entity/model/AbstractBoatEntityModel	34	32
	32	30
	34	32
	14	15
	15	16
	16	17
	17	18
	21	21
	23	22
	24	23
	25	24
	28	27
	29	28
	31	29
net/minecraft/client/texture/atlas/PalettedPermutationsAtlasSource	139	166
	128	153
	129	154
	130	160
	132	157
	138	165
	139	166
	42	39
	43	40
	44	41
	45	42
	46	43
	47	45
	50	49
	51	50
	55	54
	56	55
	57	56
	58	56
	60	58
	61	59
	62	60
	63	61
	64	62
	67	64
	68	66
	69	67
	70	68
	73	72
	76	75
	77	76
	78	77
	81	79
	82	81
	83	82
	84	83
	85	84
	89	88
	90	89
	91	90
	92	91
	95	93
	96	94
	97	95
	98	96
	103	103
	104	104
	105	105
	106	106
	108	109
	109	130
	110	131
	111	132
	112	133
	118	140
	126	149
	127	151
net/minecraft/client/render/entity/model/ArmorStandEntityModel	124	96
	28	31
	29	32
	30	33
	31	34
	32	35
	34	36
	35	37
	38	40
	39	41
	40	42
	41	43
	42	43
	43	43
	45	45
	46	45
	47	45
	50	46
	51	47
	52	47
	53	47
	55	49
	56	51
	57	51
	58	52
	60	54
	61	55
	62	55
	63	55
	65	57
	66	59
	67	59
	68	60
	70	62
	71	62
	72	62
	75	63
	76	63
	77	63
	80	64
	81	64
	82	64
	85	65
	86	66
	87	66
	88	66
	91	68
	96	73
	98	74
	100	75
	101	76
	102	77
	104	78
	105	79
	106	80
	108	81
	109	82
	110	83
	112	84
	113	85
	114	86
	115	87
	119	91
	120	92
	121	93
	122	94
	123	95
	124	96
net/minecraft/client/render/entity/model/LargePufferfishEntityModel	102	96
	18	20
	19	21
	20	22
	21	23
	24	26
	25	27
	27	28
	28	29
	29	30
	30	30
	31	30
	33	32
	34	34
	35	34
	36	35
	38	37
	39	39
	40	39
	41	40
	43	42
	44	44
	45	44
	46	45
	48	47
	49	48
	50	48
	51	48
	53	50
	54	52
	55	52
	56	53
	58	55
	59	57
	60	57
	61	58
	63	60
	64	62
	65	62
	66	63
	68	65
	69	67
	70	67
	71	68
	73	70
	74	71
	75	71
	76	71
	78	73
	79	75
	80	75
	81	76
	83	78
	84	80
	85	80
	86	81
	88	83
	89	85
	90	85
	91	86
	94	88
	99	93
	100	94
	101	95
	102	96
com/mojang/blaze3d/platform/GLX	103	104
	66	67
	67	68
	71	73
	72	74
	73	75
	75	77
	79	80
	86	84
	87	85
	89	88
	90	89
	91	91
	30	35
	94	95
	31	36
	32	37
	33	38
	98	99
	35	41
	36	42
	102	103
	103	104
	40	46
	44	50
	45	51
	48	53
	50	54
	51	55
	52	56
	53	57
	56	58
	57	61
	59	63
	60	64
	63	59
net/minecraft/client/render/entity/feature/EyesFeatureRenderer	21	23
	19	21
	20	22
	21	23
	14	16
	15	17
net/minecraft/client/render/entity/feature/WolfArmorFeatureRenderer	65	79
	64	77
	65	79
	35	44
	36	45
	37	46
	38	47
	39	48
	43	53
	44	54
	45	55
	46	70
	49	56
	50	57
	51	58
	53	68
	54	70
	57	73
	58	74
	59	79
	61	75
	63	76
net/minecraft/client/render/entity/state/MinecartEntityRenderState	0	0
net/minecraft/client/util/RawTextureDataLoader	18	36
	17	36
	18	32
	13	21
	14	15
	15	18
net/minecraft/client/gui/widget/PressableWidget	56	67
	33	45
	34	46
	35	47
	38	50
	39	51
	43	55
	44	56
	48	60
	49	61
	51	62
	52	63
	53	64
	54	65
	23	28
	24	29
	56	67
	30	35
	31	36
net/minecraft/client/gui/hud/DebugHud	732	783
	512	562
	513	563
	515	565
	517	570
	518	574
	519	575
	522	577
	523	578
	526	580
	527	581
	528	582
	530	583
	531	584
	532	585
	534	587
	535	588
	538	591
	541	594
	542	595
	543	596
	544	597
	545	598
	546	599
	548	601
	549	602
	552	605
	555	608
	556	609
	557	610
	558	611
	559	612
	562	615
	566	620
	567	621
	568	622
	570	623
	571	624
	572	625
	573	626
	576	629
	580	633
	584	637
	588	641
	592	645
	596	649
	600	653
	601	654
	604	657
	605	658
	606	659
	607	660
	609	662
	612	665
	613	666
	614	667
	615	668
	617	670
	620	673
	621	674
	622	675
	624	677
	627	680
	628	681
	631	684
	635	688
	639	692
	643	696
	647	700
	648	701
	649	702
	651	704
	654	707
	655	708
	656	709
	657	710
	658	711
	661	714
	150	155
	662	715
	151	156
	663	716
	152	157
	664	717
	153	158
	665	718
	154	159
	666	719
	155	160
	667	720
	156	161
	157	162
	669	721
	159	164
	671	722
	160	165
	672	723
	161	166
	673	724
	162	167
	674	725
	163	168
	675	726
	164	169
	165	170
	166	171
	167	173
	168	174
	680	734
	681	735
	682	736
	171	177
	683	737
	684	738
	174	180
	686	739
	175	181
	687	740
	176	182
	689	741
	690	742
	179	185
	180	186
	692	745
	693	746
	182	187
	184	188
	185	189
	187	190
	188	191
	190	192
	191	193
	192	194
	193	195
	705	758
	194	196
	195	197
	707	759
	196	198
	708	760
	197	199
	198	200
	711	762
	200	203
	202	206
	203	207
	715	763
	204	208
	716	764
	205	209
	717	765
	206	210
	718	766
	208	213
	209	214
	721	769
	210	215
	722	770
	723	771
	724	772
	728	777
	729	779
	730	780
	732	783
	221	222
	222	221
	223	234
	225	238
	226	239
	229	242
	231	243
	232	244
	233	245
	234	255
	236	256
	237	257
	240	260
	242	261
	243	262
	246	265
	247	267
	248	268
	249	269
	250	270
	251	271
	252	272
	253	273
	256	277
	257	278
	258	279
	259	280
	260	281
	261	282
	262	283
	265	286
	270	289
	271	290
	272	291
	273	292
	274	293
	276	294
	277	296
	278	297
	279	298
	280	299
	282	301
	285	305
	286	306
	287	307
	288	308
	289	309
	291	312
	292	313
	294	315
	297	318
	298	319
	299	320
	300	321
	303	324
	304	325
	305	326
	306	327
	308	329
	312	332
	313	333
	315	335
	317	336
	320	337
	323	338
	326	339
	329	340
	333	342
	334	343
	335	344
	336	345
	339	348
	340	349
	341	350
	342	352
	345	361
	346	362
	347	363
	348	364
	351	366
	352	367
	353	368
	356	371
	357	372
	358	373
	359	378
	360	390
	361	403
	363	408
	364	409
	365	410
	367	412
	368	413
	369	414
	370	415
	371	416
	380	417
	381	419
	382	420
	383	421
	386	428
	388	429
	389	430
	390	432
	391	433
	392	434
	393	435
	394	436
	396	438
	400	443
	402	444
	403	445
	407	446
	408	447
	409	448
	410	449
	411	450
	413	460
	416	464
	417	465
	421	469
	422	470
	423	471
	425	472
	426	473
	427	474
	428	475
	429	476
	430	477
	432	478
	433	479
	434	480
	435	481
	436	487
	438	491
	442	495
	443	496
	444	497
	447	500
	449	503
	453	508
	458	513
	459	514
	460	514
	463	514
	468	519
	469	520
	470	520
	472	520
	476	524
	477	525
	484	531
	485	532
	486	533
	487	534
	489	539
	491	542
	495	546
	496	547
	498	550
	503	554
	504	555
	505	556
	506	557
	507	558
	509	559
	510	560
	511	561
net/minecraft/client/session/report/ChatAbuseReport	144	144
	128	122
	132	126
	133	127
	135	128
	136	128
	137	128
	138	129
	140	131
	144	144
	33	34
	34	35
	37	38
	38	39
	39	40
	40	41
	42	43
	46	46
	47	47
	48	48
	49	49
	50	50
	51	51
	56	56
	61	62
	62	63
	65	66
	66	67
	69	70
	73	74
	74	75
	77	78
	82	83
	88	89
	89	90
	91	91
	92	92
	94	93
	95	94
	97	96
	98	96
	100	96
	105	102
	106	103
	107	104
	110	106
	112	107
	114	108
	116	110
	117	112
	121	117
	123	118
	124	119
	125	120
	126	121
net/minecraft/client/font/TrueTypeFont	222	209
	131	117
	132	118
	133	119
	134	120
	135	122
	137	125
	138	126
	139	127
	143	131
	152	141
	153	142
	35	33
	36	34
	165	155
	38	35
	166	156
	40	36
	168	157
	41	37
	170	158
	43	38
	171	159
	44	39
	173	160
	46	40
	174	161
	47	41
	48	43
	49	44
	50	45
	178	165
	52	46
	53	47
	55	50
	183	170
	56	51
	186	173
	60	55
	61	56
	191	178
	64	59
	67	52
	196	183
	72	67
	73	68
	201	188
	77	72
	78	73
	206	193
	79	74
	80	75
	82	76
	83	77
	211	198
	84	78
	85	79
	213	200
	214	201
	215	202
	217	205
	90	84
	222	209
	98	88
	99	89
	100	90
	102	93
	103	94
	104	95
	107	97
	109	98
	110	99
	111	100
	112	101
	113	102
	115	103
	116	103
	119	103
	123	108
	124	111
	126	109
net/minecraft/client/render/entity/feature/HeadFeatureRenderer	71	67
	64	59
	65	61
	68	64
	69	65
	70	66
	71	67
	28	28
	29	29
	32	32
	33	33
	34	34
	35	35
	39	38
	40	61
	43	39
	44	40
	46	41
	47	42
	48	43
	50	44
	51	45
	52	46
	54	47
	55	48
	56	49
	57	50
	59	52
	61	55
	62	56
com/mojang/blaze3d/pipeline/RenderPipeline	471	530
	257	279
	258	280
	260	283
	261	284
	263	286
	264	287
	268	292
	269	293
	271	296
	272	297
	274	299
	275	300
	279	305
	280	306
	284	310
	285	311
	289	315
	290	316
	294	320
	295	321
	299	325
	300	326
	46	67
	47	68
	48	69
	304	330
	49	70
	305	331
	50	71
	306	332
	51	72
	52	73
	53	74
	54	75
	310	336
	55	76
	311	337
	56	77
	312	338
	57	78
	58	79
	59	80
	60	81
	316	342
	61	82
	317	343
	62	83
	63	84
	64	85
	65	86
	68	89
	326	348
	327	349
	72	93
	73	94
	331	353
	332	354
	77	97
	333	355
	81	101
	337	359
	338	360
	339	361
	85	105
	343	365
	344	366
	89	109
	346	369
	347	370
	93	113
	349	373
	350	374
	351	375
	97	117
	353	378
	354	380
	355	381
	101	121
	357	384
	358	385
	105	125
	361	389
	362	390
	363	391
	109	129
	365	393
	367	395
	113	133
	369	396
	370	397
	371	398
	117	137
	373	400
	375	402
	121	141
	378	403
	379	404
	125	145
	382	407
	383	408
	129	149
	386	411
	387	412
	133	153
	390	415
	391	416
	137	157
	394	419
	395	420
	141	161
	398	423
	399	424
	145	165
	402	427
	403	428
	149	169
	406	431
	407	432
	153	173
	410	435
	411	436
	413	438
	416	441
	161	177
	163	179
	419	444
	164	180
	420	445
	421	446
	166	183
	436	461
	437	462
	439	463
	440	464
	442	465
	443	466
	445	467
	446	468
	192	210
	448	469
	449	470
	195	213
	451	472
	196	214
	452	476
	453	478
	454	482
	455	485
	200	218
	456	488
	201	219
	205	223
	206	224
	463	522
	464	523
	465	524
	210	228
	211	229
	467	526
	470	529
	215	233
	471	530
	216	234
	220	238
	221	239
	225	243
	226	244
	228	247
	229	248
	233	252
	234	253
	236	256
	237	257
	241	261
	242	262
	244	265
	245	266
	249	270
	250	271
	252	274
	253	275
net/minecraft/client/world/ClientWorld	1089	1030
	1024	928
	1025	929
	1026	930
	1027	931
	1028	932
	1029	933
	1032	936
	1036	939
	1041	841
	1046	845
	1047	846
	1050	849
	1051	850
	1054	853
	1059	857
	1064	861
	1069	865
	1074	882
	1078	885
	1083	889
	1088	894
	1089	895
	134	137
	135	138
	136	139
	137	140
	138	141
	153	153
	154	154
	158	157
	159	158
	160	159
	162	161
	165	164
	169	168
	170	169
	172	171
	175	174
	176	175
	177	176
	180	177
	181	178
	182	179
	185	182
	188	185
	193	189
	194	190
	195	191
	196	192
	197	193
	199	196
	201	198
	207	214
	208	215
	209	216
	210	217
	211	218
	212	219
	213	220
	214	221
	215	222
	216	223
	218	224
	219	225
	220	226
	221	227
	224	230
	225	231
	228	234
	229	235
	230	237
	231	238
	232	239
	233	243
	238	245
	241	248
	245	252
	246	253
	247	254
	248	255
	251	258
	252	259
	255	266
	256	265
	257	278
	258	281
	261	284
	262	285
	263	286
	265	288
	268	291
	269	292
	270	293
	271	294
	274	297
	278	301
	279	302
	281	303
	282	304
	283	307
	285	305
	286	307
	287	308
	289	309
	290	310
	293	313
	298	317
	302	321
	304	322
	305	323
	306	324
	307	325
	309	327
	310	328
	312	330
	315	333
	316	334
	317	344
	320	335
	321	344
	324	336
	326	337
	327	338
	329	340
	330	341
	332	344
	335	347
	336	348
	337	349
	338	350
	341	353
	342	354
	343	355
	346	358
	347	359
	350	362
	351	363
	355	366
	359	370
	363	374
	364	375
	365	376
	368	379
	369	380
	370	381
	371	382
	373	384
	378	387
	379	388
	381	390
	382	391
	384	392
	386	393
	392	398
	396	402
	397	403
	400	406
	401	407
	403	408
	404	409
	405	411
	406	412
	407	413
	409	415
	413	419
	414	420
	415	421
	416	422
	417	423
	421	427
	425	431
	426	432
	427	433
	429	434
	430	435
	431	436
	433	437
	435	438
	436	439
	438	440
	439	441
	440	442
	441	443
	442	444
	446	448
	447	449
	450	452
	451	453
	452	457
	453	458
	455	468
	457	471
	460	474
	461	496
	464	475
	465	476
	466	477
	467	478
	468	479
	470	481
	471	482
	472	483
	473	484
	475	486
	476	487
	477	488
	478	489
	479	490
	480	491
	484	496
	487	499
	488	500
	489	500
	490	500
	493	502
	496	505
	497	508
	501	511
	503	512
	504	513
	505	514
	507	515
	512	521
	513	522
	515	524
	519	529
	520	530
	522	532
	526	535
	527	536
	531	539
	532	540
	534	542
	538	545
	539	546
	542	549
	543	550
	545	551
	547	552
	548	553
	550	555
	552	557
	556	562
	558	563
	559	564
	562	567
	564	571
	568	574
	569	575
	573	578
	578	582
	583	586
	588	590
	593	594
	599	599
	603	603
	604	604
	608	607
	613	611
	614	612
	618	615
	619	616
	622	619
	623	620
	626	623
	627	624
	631	627
	632	628
	636	631
	637	632
	642	636
	643	637
	644	638
	645	639
	647	640
	648	641
	649	642
	650	643
	652	644
	654	646
	658	649
	659	650
	663	655
	664	656
	668	659
	669	660
	673	665
	674	666
	678	669
	683	673
	688	677
	692	681
	694	682
	695	683
	697	684
	699	685
	700	686
	702	687
	706	691
	708	692
	709	694
	711	696
	712	697
	713	698
	715	699
	717	700
	718	701
	719	702
	720	703
	721	704
	722	705
	725	708
	726	709
	727	710
	728	711
	729	712
	730	713
	733	716
	734	717
	735	718
	736	719
	737	720
	740	723
	744	727
	746	728
	747	729
	748	730
	749	731
	752	734
	753	735
	754	736
	756	737
	758	737
	761	738
	762	739
	763	740
	764	741
	767	744
	771	748
	773	749
	774	750
	776	751
	780	755
	785	759
	786	760
	790	763
	792	764
	793	765
	796	767
	798	769
	800	771
	803	774
	806	777
	808	779
	814	785
	815	786
	819	790
	820	791
	821	792
	824	794
	825	795
	826	796
	827	797
	829	798
	830	799
	831	801
	832	802
	833	803
	835	804
	836	805
	837	806
	840	809
	844	814
	845	815
	849	818
	854	822
	860	826
	863	829
	867	833
	868	834
	885	955
	886	956
	887	957
	888	958
	892	961
	897	965
	902	969
	907	973
	911	977
	912	978
	915	981
	916	982
	920	985
	921	986
	922	987
	926	990
	931	994
	936	998
	937	999
	941	1002
	946	1006
	951	1010
	956	1014
	957	1015
	960	1018
	961	1019
	964	1022
	965	1023
	968	1026
	969	1026
	972	1026
	976	1030
	977	1030
	979	1030
	985	837
	991	900
	995	903
	999	906
	1000	907
	1004	910
	1005	911
	1009	914
	1010	915
	1011	916
	1012	917
	1013	918
	1014	919
	1015	920
	1018	923
	1022	926
	1023	927
net/minecraft/client/texture/SpriteAtlasTexture	184	190
	128	126
	129	112
	130	113
	131	114
	133	141
	134	142
	136	144
	139	147
	140	152
	143	148
	144	149
	146	152
	150	156
	151	157
	154	160
	155	161
	156	162
	158	164
	162	169
	163	170
	165	171
	166	172
	167	173
	168	174
	169	175
	172	178
	176	182
	180	186
	53	47
	54	48
	55	49
	184	190
	59	52
	61	53
	62	54
	63	55
	64	56
	65	57
	66	58
	67	59
	68	60
	71	63
	72	64
	74	65
	75	66
	76	67
	77	68
	78	69
	81	71
	82	72
	84	74
	85	75
	88	78
	89	79
	90	80
	91	81
	93	82
	94	83
	96	84
	99	87
	100	88
	101	89
	105	93
	106	94
	117	96
	121	100
	122	101
	123	102
	124	103
	127	106
net/minecraft/client/render/chunk/BlockBufferAllocatorStorage	30	32
	16	19
	20	23
	21	24
	24	27
	25	28
	13	15
	29	31
	30	32
net/minecraft/client/gui/widget/TexturedButtonWidget	29	33
	17	21
	18	22
	19	23
	22	26
	23	27
	27	31
	28	32
	13	17
	29	33
	14	18
net/minecraft/client/render/entity/feature/MooshroomMushroomFeatureRenderer	75	80
	64	57
	65	58
	66	59
	67	62
	70	73
	71	75
	73	78
	75	80
	21	23
	22	24
	23	25
	27	30
	28	62
	31	31
	33	32
	34	62
	37	33
	38	34
	39	35
	41	36
	42	37
	43	38
	44	39
	45	40
	46	41
	47	42
	49	43
	50	44
	51	45
	52	46
	53	47
	54	48
	55	49
	56	50
	57	51
	59	52
	60	53
	61	54
	62	55
	63	56
net/minecraft/client/texture/PaintingManager	21	22
	17	18
	21	22
	13	14
	14	15
net/minecraft/client/render/entity/model/MediumPufferfishEntityModel	92	90
	18	20
	19	21
	20	22
	21	23
	24	26
	25	27
	27	28
	28	29
	29	30
	30	30
	31	30
	33	32
	34	34
	35	34
	36	35
	38	37
	39	39
	40	39
	41	40
	43	42
	44	44
	45	44
	46	45
	48	47
	49	49
	50	49
	51	50
	53	52
	54	54
	55	54
	56	55
	58	57
	59	59
	60	59
	61	60
	63	62
	64	64
	65	64
	66	65
	68	67
	69	69
	70	69
	71	70
	73	72
	74	74
	75	74
	76	75
	78	77
	79	79
	80	79
	81	80
	84	82
	89	87
	90	88
	91	89
	92	90
net/minecraft/client/render/fog/WaterFogModifier	72	71
	64	62
	66	65
	71	70
	72	71
	29	29
	30	30
	32	31
	33	32
	35	33
	36	34
	39	38
	40	39
	41	40
	45	44
	50	49
	51	50
	52	51
	53	52
	54	53
	55	54
	58	57
	59	58
	61	59
	62	60
	63	61
net/minecraft/client/sound/GuardianAttackSoundInstance	44	42
	32	32
	33	40
	34	42
	37	33
	38	34
	39	35
	41	36
	42	37
	43	38
	44	42
	16	18
	18	19
	20	20
	21	21
	22	22
	23	23
	27	27
net/minecraft/client/particle/TrailParticle	69	65
	65	62
	66	63
	67	64
	69	65
	14	16
	16	18
	18	20
	19	21
	20	22
	22	23
	24	24
	25	25
	29	29
	34	34
	35	35
	36	36
	38	37
	39	38
	40	46
	43	40
	44	41
	46	42
	47	43
	48	44
	49	46
	53	50
	60	58
	61	59
net/minecraft/client/gui/render/SignGuiElementRenderer	40	38
	32	30
	33	31
	34	32
	19	19
	35	33
	20	20
	36	34
	24	24
	40	38
	29	28
	30	29
net/minecraft/client/session/telemetry/PropertyMap	110	115
	66	71
	74	78
	79	82
	83	86
	20	22
	21	23
	24	26
	90	94
	28	30
	93	97
	94	98
	31	32
	32	34
	33	35
	98	102
	35	38
	99	103
	101	106
	39	42
	40	43
	41	43
	105	110
	106	111
	43	43
	110	115
	48	48
	49	50
	50	51
	52	54
	56	60
	57	61
	58	62
	59	63
	61	65
net/minecraft/client/render/entity/state/RavagerEntityRenderState	0	0
net/minecraft/client/render/model/ModelRotation	97	98
	65	65
	97	98
	35	37
	36	38
	69	69
	38	40
	73	73
	77	77
	49	51
	81	81
	50	52
	52	53
	53	54
	54	55
	87	88
	56	57
	59	60
	92	93
	61	61
	62	62
	63	63
net/minecraft/client/gui/navigation/GuiNavigationType	15	21
	11	17
	15	21
net/minecraft/client/render/BlockRenderLayer	73	72
	32	31
	33	32
	65	68
	34	33
	66	69
	35	34
	36	35
	69	64
	70	65
	39	38
	73	72
	43	42
	47	46
	51	50
	55	54
	56	55
	57	56
	58	57
	62	61
	31	30
	63	62
net/minecraft/client/render/entity/feature/SheepWoolUndercoatFeatureRenderer	35	35
	33	32
	34	33
	35	35
	22	23
	23	24
	24	25
	25	26
	29	31
	30	35
net/minecraft/client/realms/gui/screen/RealmsTermsScreen	96	100
	67	74
	68	75
	69	76
	70	77
	73	79
	78	85
	83	90
	85	91
	86	92
	87	93
	89	94
	90	95
	91	96
	92	97
	94	98
	95	99
	96	100
	33	33
	34	34
	35	35
	36	36
	40	40
	42	42
	43	45
	44	49
	48	53
	49	54
	50	55
	52	57
	56	62
	58	65
	59	66
	60	67
	61	68
	63	70
net/minecraft/client/session/report/log/ChatLog	63	84
	34	46
	35	48
	36	49
	38	52
	42	59
	43	60
	12	24
	13	27
	14	28
	15	29
	47	68
	17	30
	51	72
	55	76
	25	37
	26	38
	59	80
	29	41
	30	42
	31	43
	63	84
net/minecraft/client/gui/screen/report/UsernameReportScreen	58	55
	32	33
	36	37
	37	41
	39	43
	40	44
	41	45
	42	46
	43	47
	44	48
	52	52
	53	53
	23	24
	55	55
	24	25
	56	55
	58	55
	27	28
	28	29
	31	32
net/minecraft/client/render/block/entity/model/BellBlockModel	63	58
	20	23
	21	24
	22	25
	25	28
	26	29
	28	30
	29	31
	30	31
	31	31
	33	33
	34	34
	35	34
	36	34
	39	36
	43	40
	45	41
	46	42
	48	43
	49	44
	50	45
	51	46
	52	47
	53	48
	54	49
	55	50
	56	51
	57	52
	61	56
	62	57
	63	58
net/minecraft/client/render/entity/state/ChickenEntityRenderState	0	0
net/minecraft/client/resource/VideoWarningManager	174	229
	129	179
	138	190
	139	191
	140	192
	141	193
	144	196
	145	198
	146	199
	147	201
	148	202
	151	206
	155	210
	156	211
	157	212
	158	213
	159	214
	160	215
	163	218
	36	38
	164	219
	165	220
	40	42
	168	223
	169	224
	170	225
	44	46
	45	47
	174	229
	48	50
	49	51
	52	54
	53	55
	54	56
	57	59
	61	63
	65	67
	66	68
	67	69
	68	70
	72	74
	77	79
	82	84
	87	89
	88	90
	89	91
	94	95
	95	96
	96	97
	98	98
	99	99
	100	106
	101	103
	102	104
	103	105
	104	118
	107	123
	112	127
	113	128
	116	131
	117	132
	121	145
	122	137
	123	141
	125	176
	126	177
	127	178
net/minecraft/client/render/block/entity/BeaconBlockEntityRenderer	138	205
	128	195
	133	200
	138	205
	29	32
	33	36
	34	37
	37	38
	38	39
	40	40
	41	41
	42	43
	43	44
	44	45
	45	46
	47	48
	50	53
	51	54
	54	69
	56	70
	57	71
	59	72
	61	73
	62	74
	64	75
	66	76
	68	77
	69	94
	70	95
	71	78
	73	79
	74	80
	75	81
	76	82
	78	83
	79	84
	80	85
	81	86
	83	88
	85	106
	87	107
	88	108
	89	123
	90	109
	92	110
	93	126
	94	127
	95	128
	97	111
	98	112
	99	113
	100	114
	102	116
	104	134
	105	135
	108	156
	109	157
	110	158
	111	159
	112	160
	113	161
	116	178
	117	179
	118	180
	119	181
	120	182
	123	185
	124	191
net/minecraft/client/render/entity/SheepEntityRenderer	39	38
	33	32
	34	33
	35	34
	36	35
	37	36
	38	37
	39	38
	15	18
	17	19
	18	20
	19	21
	23	24
	28	28
net/minecraft/client/gui/widget/TabButtonWidget	89	90
	64	65
	65	66
	68	69
	69	70
	70	71
	71	72
	72	73
	76	77
	77	78
	78	79
	82	83
	85	86
	89	90
	36	36
	37	37
	38	38
	39	39
	43	43
	45	46
	46	47
	48	48
	49	49
	50	50
	52	53
	53	54
	56	57
	57	58
	60	61
	61	62
	62	63
	63	64
net/minecraft/client/gui/screen/report/AbuseReportReasonScreen	197	197
	130	127
	134	131
	139	136
	140	137
	144	143
	145	146
	146	147
	147	148
	150	151
	154	155
	155	155
	156	155
	157	155
	162	160
	167	164
	168	165
	169	166
	175	173
	48	46
	176	174
	49	47
	50	48
	51	49
	52	50
	180	180
	53	51
	181	181
	182	182
	183	183
	57	55
	58	56
	59	57
	187	187
	60	59
	61	61
	62	62
	64	63
	192	192
	65	64
	193	193
	66	65
	67	66
	68	67
	69	68
	197	197
	71	71
	72	72
	74	74
	75	76
	76	77
	80	81
	81	82
	82	83
	84	85
	88	89
	90	90
	91	91
	92	92
	94	93
	95	94
	96	95
	97	96
	98	97
	99	98
	101	99
	102	100
	104	101
	105	102
	107	104
	110	107
	114	111
	118	115
	122	119
	126	123
net/minecraft/client/realms/exception/RealmsDefaultUncaughtExceptionHandler	15	18
	9	13
	10	14
	14	17
	15	18
net/minecraft/client/render/RenderPhase	340	289
	256	62
	262	193
	263	194
	264	195
	267	198
	271	63
	274	65
	275	66
	276	66
	278	66
	283	69
	284	70
	285	70
	30	87
	287	70
	31	88
	32	89
	33	90
	292	73
	36	93
	293	74
	37	94
	294	74
	296	74
	40	97
	41	98
	301	77
	45	101
	302	78
	303	78
	305	78
	49	105
	310	81
	54	232
	311	82
	55	233
	312	82
	314	82
	58	236
	59	237
	62	240
	322	144
	323	145
	324	146
	325	147
	327	149
	330	152
	331	153
	332	154
	76	249
	77	250
	334	156
	78	251
	335	157
	79	252
	336	158
	80	253
	81	254
	82	255
	340	162
	84	257
	85	258
	86	259
	90	263
	94	267
	116	208
	117	209
	118	210
	119	211
	120	212
	121	213
	123	214
	124	215
	125	216
	129	220
	134	225
	144	274
	145	275
	155	169
	156	169
	157	169
	158	169
	159	169
	160	170
	164	109
	165	110
	166	111
	169	112
	172	113
	173	114
	174	115
	176	34
	178	37
	180	40
	186	283
	187	284
	188	285
	192	289
	198	127
	199	128
	200	129
	202	131
	203	132
	204	133
	206	135
	207	136
	215	176
	216	177
	217	178
	219	180
	220	181
	221	182
	223	184
	224	185
	232	120
	233	121
	241	48
	242	49
	243	50
	244	51
	245	52
	246	53
	247	54
	250	56
	251	57
	252	58
	253	59
	254	60
	255	61
net/minecraft/client/render/debug/WorldGenAttemptDebugRenderer	54	55
	32	34
	34	36
	35	37
	36	38
	38	39
	39	40
	42	43
	43	44
	44	45
	45	46
	46	47
	47	48
	48	49
	49	50
	50	51
	51	52
	22	24
	54	55
	23	25
	24	26
	25	27
	26	28
	27	29
	28	30
net/minecraft/client/gui/screen/dialog/DialogBodyHandlers	88	108
	67	106
	68	107
	69	108
	76	66
	77	67
	78	68
	79	69
	80	71
	81	81
	83	82
	84	84
	86	86
	88	89
	30	30
	31	31
	36	35
	41	40
	42	41
	43	42
	44	43
	47	45
	51	50
	52	51
	53	52
	56	55
	57	56
	58	57
	59	58
	62	61
net/minecraft/client/gui/screen/dialog/InputControlHandlers	208	199
	129	70
	130	71
	131	72
	134	74
	139	78
	142	81
	150	107
	151	108
	152	109
	156	113
	157	114
	161	118
	164	121
	168	125
	42	43
	43	44
	172	129
	48	48
	176	133
	52	52
	180	137
	53	53
	54	54
	55	58
	184	141
	185	142
	58	56
	59	58
	187	142
	189	142
	62	61
	63	62
	64	63
	65	64
	66	65
	195	87
	196	89
	197	91
	71	166
	200	93
	74	169
	75	170
	76	171
	205	97
	77	172
	78	173
	208	100
	80	175
	81	176
	82	177
	83	178
	84	179
	85	180
	87	182
	88	183
	89	184
	90	185
	91	186
	93	189
	94	190
	97	192
	102	196
	105	199
	111	150
	112	151
	113	152
	115	153
	116	154
	117	155
	120	158
	122	159
	123	160
net/minecraft/client/render/entity/model/ParrotEntityModel	213	165
	34	30
	35	31
	36	32
	37	33
	38	34
	39	35
	40	36
	41	37
	42	38
	45	41
	46	42
	48	43
	49	45
	50	45
	51	46
	53	48
	54	50
	55	50
	56	51
	58	53
	59	55
	60	55
	61	56
	63	58
	64	60
	65	60
	66	61
	68	63
	69	64
	70	64
	71	64
	73	66
	74	66
	75	66
	76	66
	78	67
	79	67
	80	67
	81	67
	83	68
	84	69
	85	69
	86	69
	88	71
	89	72
	90	72
	91	72
	93	74
	94	74
	95	75
	96	76
	98	77
	103	81
	105	82
	107	83
	108	84
	110	85
	114	109
	115	110
	116	111
	117	112
	119	113
	120	114
	121	115
	123	116
	124	117
	126	118
	127	119
	128	120
	130	121
	131	122
	132	123
	134	124
	135	125
	139	87
	140	89
	145	94
	146	95
	148	96
	149	98
	151	99
	153	100
	154	101
	156	102
	157	103
	159	104
	160	105
	163	127
	166	130
	168	132
	169	133
	172	139
	174	140
	176	141
	177	142
	179	143
	181	144
	182	145
	184	146
	185	147
	187	148
	188	149
	190	150
	191	151
	192	152
	194	154
	195	155
	203	157
	206	160
	207	161
	208	162
	209	163
	210	165
	211	165
	213	165
net/minecraft/client/render/entity/model/HorseEntityModel	9	12
	8	11
	9	12
net/minecraft/client/resource/PeriodicNotificationManager	178	194
	128	147
	129	148
	130	149
	131	150
	132	151
	144	162
	145	163
	146	164
	147	165
	150	168
	152	169
	157	173
	158	174
	31	40
	32	41
	160	176
	33	42
	161	177
	34	43
	35	44
	36	46
	165	178
	166	179
	168	180
	169	183
	170	184
	172	186
	173	187
	175	190
	49	59
	50	60
	178	194
	51	61
	55	70
	56	86
	57	87
	58	88
	60	89
	65	94
	66	96
	67	97
	68	98
	69	99
	71	100
	72	101
	73	120
	76	102
	77	103
	78	104
	79	120
	82	106
	83	107
	85	108
	86	109
	89	112
	90	113
	92	115
	95	118
	96	120
	100	123
	101	124
	104	127
	105	128
	107	130
	110	133
	111	133
	112	134
	113	135
	115	136
	116	136
	120	140
	121	140
	122	140
	123	140
net/minecraft/client/render/entity/PolarBearEntityRenderer	30	35
	18	25
	23	29
	28	33
	13	16
	29	34
	14	22
	30	35
net/minecraft/client/color/world/BiomeColors	31	34
	19	22
	23	26
	10	13
	11	14
	27	30
	12	15
	15	18
	31	34
net/minecraft/unused/packageinfo/PackageInfo10520	0	0
net/minecraft/client/render/entity/model/VexEntityModel	131	164
	129	162
	131	164
	27	58
	34	59
	37	62
	38	63
	40	64
	41	65
	42	67
	43	68
	45	70
	46	73
	47	75
	48	77
	50	79
	51	81
	52	82
	53	84
	54	86
	55	87
	57	89
	58	91
	59	92
	60	94
	61	96
	62	97
	64	99
	69	103
	70	104
	71	105
	72	106
	74	107
	75	108
	77	109
	78	110
	79	111
	81	113
	83	116
	84	117
	85	118
	86	119
	87	120
	88	121
	89	122
	92	125
	93	126
	94	127
	95	128
	96	129
	97	130
	98	131
	99	145
	102	133
	103	134
	104	135
	105	136
	107	139
	108	140
	109	141
	110	142
	112	145
	116	149
	117	150
	118	151
	119	152
	120	153
	121	154
	122	155
	123	156
	126	159
	127	160
net/minecraft/client/gui/widget/PressableTextWidget	26	29
	16	19
	17	20
	18	21
	19	22
	20	23
	24	27
	25	28
	26	29
net/minecraft/client/particle/ExplosionSmokeParticle	48	51
	35	38
	36	39
	37	40
	10	15
	11	16
	43	47
	12	17
	44	48
	13	18
	14	19
	15	20
	16	21
	48	51
	18	22
	19	23
	20	24
	21	25
	22	26
	24	27
	25	28
	26	29
	30	33
net/minecraft/client/session/report/log/ChatLogEntry	33	37
	16	22
	33	37
	23	28
	24	29
	25	30
	28	33
	15	21
net/minecraft/client/render/entity/animation/BatAnimations	0	0
net/minecraft/client/particle/ParticleFactory	0	0
net/minecraft/client/render/entity/state/TropicalFishEntityRenderState	0	0
net/minecraft/client/render/item/property/bool/CustomModelDataFlagProperty	31	31
	16	19
	17	19
	18	20
	22	25
	23	26
	24	26
	26	26
	31	31
net/minecraft/client/gui/screen/world/BackupPromptScreen	72	86
	68	82
	69	83
	70	84
	72	86
	26	29
	27	30
	30	35
	31	36
	32	37
	33	38
	34	39
	35	40
	36	41
	40	45
	42	46
	44	47
	45	48
	46	51
	47	52
	49	56
	50	61
	51	65
	52	66
	56	70
	57	71
	58	72
	59	73
	63	77
net/minecraft/client/render/block/entity/model/ChestBlockModel	97	59
	21	24
	22	25
	23	26
	24	27
	27	30
	28	31
	30	32
	31	32
	32	32
	35	33
	36	33
	37	33
	38	33
	40	34
	41	34
	42	34
	43	34
	46	35
	50	39
	51	40
	53	41
	54	41
	55	41
	58	42
	59	42
	60	42
	61	42
	63	43
	64	43
	65	43
	66	43
	68	44
	72	48
	73	49
	75	50
	76	50
	77	50
	80	51
	81	51
	82	51
	83	51
	85	52
	86	52
	87	52
	88	52
	91	53
	95	57
	96	58
	97	59
net/minecraft/client/gui/render/PlayerSkinGuiElementRenderer	50	46
	32	30
	33	31
	34	32
	35	33
	37	36
	39	37
	41	38
	42	39
	43	40
	45	41
	46	42
	50	46
	19	19
	20	20
	24	24
	29	28
	31	29
net/minecraft/client/render/entity/model/SheepWoolEntityModel	50	45
	32	31
	35	33
	36	33
	37	34
	38	35
	39	36
	40	37
	42	38
	47	42
	48	43
	17	17
	49	44
	18	18
	50	45
	21	21
	22	22
	24	23
	25	25
	26	25
	27	26
	29	28
	30	30
	31	30
net/minecraft/client/gui/screen/pack/PackScreen	372	447
	256	262
	259	265
	260	266
	261	267
	264	270
	265	271
	266	273
	267	275
	268	276
	269	277
	271	280
	274	284
	275	285
	276	286
	277	287
	278	290
	281	293
	285	335
	286	304
	287	305
	288	358
	290	310
	291	312
	293	320
	294	317
	295	318
	296	351
	297	332
	298	359
	299	360
	301	361
	305	367
	313	376
	314	377
	317	380
	320	389
	321	384
	322	385
	323	386
	326	401
	327	404
	328	405
	329	406
	331	408
	336	413
	337	414
	338	415
	339	416
	86	81
	87	82
	88	83
	344	421
	89	84
	345	422
	90	85
	348	425
	94	89
	95	90
	96	91
	352	428
	353	429
	354	429
	99	94
	355	430
	356	431
	101	96
	357	432
	102	97
	358	433
	103	98
	359	434
	106	101
	363	439
	110	105
	366	442
	111	106
	112	107
	113	108
	115	109
	371	446
	372	447
	117	110
	119	111
	120	112
	121	112
	122	112
	124	113
	126	114
	127	116
	128	118
	129	119
	133	123
	134	124
	135	125
	136	126
	137	127
	138	128
	142	132
	144	134
	146	135
	148	137
	149	138
	150	139
	154	143
	155	143
	156	144
	159	146
	162	149
	163	150
	164	151
	165	152
	168	155
	169	156
	170	157
	171	158
	172	159
	173	160
	174	161
	175	162
	176	163
	178	165
	179	166
	182	169
	183	170
	184	171
	187	174
	188	175
	189	176
	192	179
	193	180
	194	181
	195	182
	196	183
	199	186
	200	187
	201	200
	202	192
	204	194
	205	195
	206	196
	207	197
	209	199
	210	215
	211	216
	212	217
	214	219
	215	220
	216	221
	218	223
	222	227
	223	229
	224	232
	225	233
	226	234
	227	235
	230	237
	235	241
	239	244
	240	246
	242	248
	243	249
	244	250
	246	252
	247	253
	249	255
	250	256
	254	260
	255	261
net/minecraft/client/gui/screen/option/CreditsAndAttributionScreen	56	56
	32	35
	34	36
	35	37
	36	38
	38	39
	40	40
	41	41
	42	42
	46	46
	47	47
	50	50
	51	51
	23	27
	55	55
	24	28
	56	56
	25	29
	29	33
	31	34
net/minecraft/client/particle/BubblePopParticle	51	51
	32	32
	34	33
	35	35
	39	39
	10	13
	11	14
	12	15
	13	16
	14	17
	46	47
	15	18
	47	48
	16	19
	17	20
	18	21
	51	51
	22	25
	23	26
	24	27
	26	28
	27	29
	28	35
	31	31
net/minecraft/client/render/entity/state/DisplayEntityRenderState	0	0
net/minecraft/client/realms/gui/RealmsWorldSlotButton	179	177
	128	77
	129	78
	130	79
	134	81
	135	82
	136	83
	137	84
	138	85
	139	86
	140	87
	141	88
	142	89
	143	90
	144	91
	145	92
	147	94
	150	97
	151	98
	152	99
	155	102
	157	103
	158	104
	159	105
	160	106
	162	108
	165	111
	166	112
	169	115
	42	39
	170	116
	43	40
	171	117
	44	41
	172	118
	45	42
	174	121
	48	45
	176	122
	177	123
	179	131
	70	154
	71	155
	72	156
	73	157
	74	158
	75	159
	76	160
	77	161
	78	162
	79	163
	81	165
	82	166
	83	167
	84	168
	85	169
	86	170
	87	171
	88	172
	89	173
	91	176
	92	177
	96	49
	97	50
	98	51
	102	55
	103	56
	104	57
	107	59
	108	60
	111	63
	112	64
	113	65
	116	68
	117	69
	120	72
	121	72
	123	72
net/minecraft/client/render/entity/state/LightningEntityRenderState	0	0
net/minecraft/client/network/MultiplayerServerListPinger	219	196
	47	47
	48	48
	49	48
	50	48
	51	49
	52	50
	53	134
	56	52
	57	53
	59	54
	61	55
	62	56
	64	57
	71	63
	72	64
	73	105
	75	66
	76	67
	77	68
	79	69
	80	70
	81	71
	82	72
	83	73
	84	74
	85	75
	87	76
	88	77
	89	78
	91	79
	92	80
	93	82
	94	83
	96	86
	97	87
	99	90
	101	92
	103	94
	104	94
	105	94
	107	95
	108	96
	109	97
	110	98
	112	100
	114	101
	115	102
	116	103
	117	105
	121	108
	122	109
	123	110
	125	111
	127	112
	128	113
	132	116
	133	117
	134	118
	136	120
	140	123
	145	128
	146	129
	147	130
	148	131
	150	134
	153	137
	154	138
	155	139
	156	140
	159	143
	160	143
	161	143
	166	147
	167	148
	170	151
	172	152
	173	153
	174	154
	175	155
	176	156
	177	157
	179	158
	181	159
	182	159
	183	160
	186	163
	187	164
	188	165
	192	169
	193	170
	194	172
	195	173
	197	174
	198	175
	200	177
	201	178
	205	182
	208	185
	209	186
	210	188
	211	189
	213	190
	214	191
	215	192
	219	196
net/minecraft/client/sound/SoundListenerTransform	9	12
	9	12
net/minecraft/client/sound/MusicInstance	18	16
	17	12
	18	13
	10	16
	11	16
	13	16
net/minecraft/client/gl/GpuBufferManager	109	114
	64	39
	69	44
	70	45
	71	46
	72	47
	73	48
	79	53
	80	54
	17	18
	81	55
	18	19
	19	20
	83	58
	84	59
	21	22
	86	63
	88	64
	89	65
	90	66
	91	67
	94	70
	96	73
	33	94
	34	95
	35	96
	101	78
	103	79
	40	101
	105	81
	41	102
	106	82
	42	103
	107	83
	43	104
	109	85
	49	109
	50	110
	51	111
	52	112
	54	114
	61	36
	62	37
	63	38
net/minecraft/client/render/VertexConsumers	140	157
	128	145
	133	150
	134	151
	7	20
	11	24
	139	156
	140	157
	15	28
	19	32
	28	41
	29	42
	31	44
	32	45
	33	47
	37	51
	38	52
	39	53
	44	58
	45	59
	46	60
	51	65
	52	66
	53	67
	58	72
	59	73
	60	74
	65	79
	66	80
	67	81
	72	86
	73	87
	74	88
	79	93
	80	94
	81	95
	85	109
	86	101
	87	102
	88	103
	89	104
	93	110
	96	113
	97	114
	99	116
	103	120
	104	121
	109	126
	110	127
	115	132
	116	133
	121	138
	122	139
	127	144
net/minecraft/client/render/entity/ParrotEntityRenderer	47	48
	33	34
	34	35
	35	36
	36	37
	37	38
	38	39
	39	40
	42	43
	43	44
	44	45
	45	46
	46	47
	47	48
	18	22
	19	23
	23	26
	28	30
com/mojang/blaze3d/buffers/GpuBuffer	86	49
	80	44
	65	29
	82	42
	70	33
	86	49
	60	24
	61	25
	62	26
	79	41
net/minecraft/client/render/entity/EvokerEntityRenderer	42	45
	16	20
	18	21
	35	39
	21	26
	22	27
	24	29
	40	43
	41	44
	26	32
	42	45
	30	35
net/minecraft/client/realms/RepeatedNarrator	37	40
	16	18
	19	21
	35	38
	20	23
	36	39
	21	25
	37	40
	23	24
	25	27
	26	28
	28	30
	15	17
net/minecraft/client/gui/widget/CheckboxWidget	174	161
	131	57
	136	62
	137	63
	138	64
	141	67
	146	72
	147	73
	148	74
	149	75
	151	77
	154	80
	158	84
	159	85
	162	87
	163	88
	165	90
	167	93
	168	94
	170	95
	171	96
	172	97
	173	98
	174	99
	54	116
	55	117
	56	118
	57	119
	60	122
	61	123
	62	124
	66	128
	67	129
	71	133
	72	134
	73	135
	77	139
	78	140
	79	141
	83	145
	84	146
	88	150
	89	151
	93	155
	94	156
	95	157
	96	158
	98	159
	99	160
	100	161
	105	32
	107	33
	108	34
	109	35
	110	36
	111	37
	112	38
	115	41
	119	45
	123	49
	127	53
net/minecraft/client/particle/SoulParticle	66	63
	64	61
	65	62
	66	63
	35	32
	36	33
	37	34
	11	14
	43	41
	44	42
	13	15
	14	16
	16	17
	48	45
	17	18
	49	46
	50	47
	21	22
	22	22
	25	22
	58	56
	59	57
	30	27
	63	60
net/minecraft/client/model/ModelCuboidData	34	51
	34	51
	23	39
	24	40
	25	41
	26	42
	27	43
	28	44
	29	45
	30	46
	31	47
net/minecraft/client/particle/FishingParticle	64	61
	64	61
	10	13
	11	14
	12	15
	13	16
	14	17
	16	18
	18	19
	19	20
	20	21
	21	22
	22	23
	23	24
	24	25
	28	29
	33	34
	34	35
	35	36
	37	37
	38	38
	39	39
	40	50
	43	41
	44	42
	45	43
	46	44
	47	45
	49	46
	50	47
	52	48
	53	50
	59	57
	60	58
net/minecraft/client/realms/dto/BackupList	29	32
	17	18
	18	19
	20	22
	21	23
	22	24
	23	25
	26	28
	27	29
	29	32
net/minecraft/client/tutorial/PunchTreeTutorialStepHandler	96	92
	67	63
	68	64
	69	65
	71	67
	75	71
	76	72
	77	73
	78	74
	80	77
	81	78
	83	80
	84	81
	85	82
	86	83
	88	85
	92	89
	93	90
	30	29
	94	92
	31	30
	96	92
	35	34
	37	35
	38	36
	39	59
	42	38
	43	39
	44	40
	45	41
	46	42
	47	43
	48	44
	50	47
	51	48
	52	49
	57	54
	58	54
	59	55
	60	56
	63	59
net/minecraft/client/font/TrueTypeFontLoader	95	109
	66	48
	67	49
	68	73
	69	56
	70	57
	72	58
	73	59
	74	60
	75	61
	76	62
	79	65
	80	66
	81	67
	84	70
	86	89
	88	90
	89	91
	90	92
	91	93
	94	97
	95	98
	35	108
	36	109
	44	25
	47	27
	48	28
	49	29
	50	30
	51	31
	52	32
	53	34
	57	39
	62	44
net/minecraft/client/realms/util/RealmsTextureManager	66	62
	64	59
	33	31
	65	62
	34	32
	66	62
	35	33
	38	35
	39	36
	40	37
	41	38
	42	39
	45	41
	46	42
	47	43
	49	44
	57	51
	26	27
	58	52
	27	27
	60	55
	29	27
	61	56
	62	57
net/minecraft/client/render/entity/MagmaCubeEntityRenderer	53	49
	32	31
	37	35
	38	36
	39	37
	40	38
	44	41
	17	19
	49	45
	18	20
	50	46
	51	47
	52	48
	53	49
	22	23
	27	27
net/minecraft/client/render/item/property/bool/KeybindDownProperty	35	33
	18	19
	19	20
	35	33
	24	23
	25	23
	26	23
	30	28
net/minecraft/unused/packageinfo/PackageInfo11404	0	0
net/minecraft/client/gl/GlBackend	442	425
	257	256
	262	261
	267	266
	271	270
	272	272
	273	273
	274	274
	275	275
	276	276
	279	280
	280	281
	281	282
	286	287
	291	292
	296	297
	297	298
	298	299
	301	303
	302	305
	303	306
	304	307
	307	311
	309	312
	310	313
	311	314
	313	316
	319	319
	320	320
	70	66
	326	321
	71	67
	328	322
	329	324
	75	68
	76	69
	78	70
	79	71
	80	72
	81	73
	82	74
	83	75
	339	326
	85	76
	341	327
	86	77
	342	328
	343	329
	88	78
	344	330
	90	79
	346	331
	91	80
	348	332
	349	333
	94	83
	350	334
	351	335
	355	339
	100	88
	360	344
	105	93
	361	345
	364	348
	110	98
	111	99
	368	352
	113	100
	114	101
	372	356
	117	103
	373	357
	118	104
	119	105
	120	106
	122	109
	378	361
	123	110
	379	363
	125	113
	126	114
	383	367
	128	116
	384	368
	129	117
	385	369
	386	370
	388	372
	133	120
	389	373
	134	121
	390	374
	135	122
	391	375
	136	123
	393	376
	394	377
	139	127
	395	378
	140	128
	396	379
	141	129
	143	131
	399	381
	144	132
	400	382
	401	383
	146	135
	147	136
	148	137
	149	138
	405	389
	150	139
	406	390
	407	391
	408	392
	153	142
	409	393
	154	143
	155	144
	411	394
	156	146
	412	395
	413	396
	160	151
	161	153
	417	400
	418	401
	419	402
	420	403
	165	158
	166	159
	422	406
	167	160
	423	407
	168	161
	424	408
	169	162
	172	164
	428	413
	173	165
	174	166
	432	417
	179	173
	438	424
	439	425
	184	178
	440	425
	185	179
	442	425
	188	180
	189	184
	192	181
	197	191
	198	192
	201	194
	202	195
	203	196
	204	197
	205	198
	206	199
	207	200
	209	202
	210	203
	215	210
	216	211
	219	213
	220	214
	221	215
	222	216
	223	217
	224	218
	225	219
	226	220
	228	222
	229	223
	234	230
	235	231
	237	232
	242	241
	247	246
	252	251
net/minecraft/client/model/ModelPart	383	417
	43	42
	44	43
	45	44
	48	47
	52	51
	56	55
	57	56
	60	59
	61	60
	64	63
	65	64
	66	65
	67	66
	68	67
	69	68
	70	69
	71	70
	72	71
	73	72
	76	75
	77	76
	78	77
	79	78
	80	79
	81	80
	82	81
	83	82
	84	83
	85	84
	88	87
	92	91
	93	92
	94	93
	96	95
	100	100
	101	101
	102	102
	103	103
	106	106
	107	107
	108	108
	109	109
	112	112
	113	113
	116	116
	117	131
	119	117
	120	131
	123	118
	124	119
	126	120
	127	121
	130	124
	131	125
	134	128
	135	131
	138	134
	139	135
	140	136
	141	137
	142	138
	150	141
	151	142
	152	143
	153	144
	154	145
	155	146
	156	147
	157	148
	160	151
	161	152
	164	155
	165	156
	168	159
	169	172
	172	160
	173	161
	175	162
	176	164
	177	165
	180	168
	181	169
	182	169
	185	170
	186	172
	189	175
	190	176
	191	177
	193	180
	194	181
	196	183
	199	186
	200	187
	202	189
	205	192
	209	196
	213	200
	214	201
	215	202
	216	203
	219	206
	220	207
	221	208
	222	209
	225	212
	226	213
	227	214
	228	215
	231	218
	232	219
	233	220
	234	221
	238	225
	239	226
	240	227
	241	228
	245	232
	246	233
	248	236
	249	237
	251	239
	263	268
	264	269
	265	270
	266	271
	267	272
	268	273
	269	274
	271	275
	272	276
	273	277
	275	278
	276	279
	277	280
	278	281
	279	282
	280	283
	282	284
	283	285
	284	286
	285	287
	288	290
	289	291
	290	292
	291	293
	293	294
	294	295
	295	296
	296	297
	298	298
	299	299
	300	300
	301	301
	302	302
	303	303
	305	304
	306	305
	307	306
	309	307
	310	308
	311	309
	313	314
	314	315
	317	320
	318	321
	320	326
	321	327
	323	332
	324	333
	326	338
	327	339
	329	343
	332	346
	333	347
	334	349
	335	350
	336	351
	337	352
	338	353
	340	355
	341	356
	342	357
	343	358
	344	359
	345	360
	348	363
	353	386
	355	387
	356	388
	357	389
	358	390
	359	391
	360	392
	362	393
	363	394
	364	396
	365	397
	366	398
	367	399
	371	403
	372	404
	374	406
	379	413
	380	414
	383	417
net/minecraft/client/realms/gui/screen/BuyRealmsScreen	154	147
	128	119
	129	120
	130	121
	131	122
	133	126
	136	129
	140	133
	144	137
	148	141
	153	146
	154	147
	62	50
	63	51
	64	52
	65	53
	68	56
	69	57
	70	58
	74	62
	76	63
	77	64
	78	65
	79	65
	80	66
	84	71
	85	72
	86	73
	88	77
	89	79
	91	80
	92	81
	93	82
	94	83
	96	86
	97	87
	101	91
	102	92
	103	93
	104	94
	106	96
	110	100
	112	101
	113	102
	115	104
	118	107
	119	108
	120	111
	124	115
	125	116
	126	117
	127	118
net/minecraft/client/render/entity/model/SlimeEntityModel	55	35
	32	28
	34	29
	35	29
	36	29
	39	30
	40	31
	41	31
	44	33
	45	33
	14	16
	46	33
	15	17
	49	34
	18	20
	50	34
	19	21
	51	34
	21	22
	22	22
	23	22
	55	35
	27	23
	31	27
net/minecraft/client/network/ClientCommonNetworkHandler	489	444
	99	100
	100	101
	101	102
	102	103
	103	104
	104	105
	105	106
	106	107
	107	108
	108	109
	111	112
	116	116
	121	117
	122	118
	124	119
	125	119
	129	120
	133	123
	134	124
	136	125
	140	129
	142	130
	144	131
	145	132
	146	133
	147	134
	148	135
	149	135
	151	135
	156	139
	157	139
	160	139
	165	143
	166	144
	170	147
	171	148
	172	149
	176	152
	177	153
	178	162
	181	154
	182	155
	183	156
	184	157
	186	159
	188	162
	194	167
	195	168
	196	169
	197	170
	198	171
	199	182
	202	173
	203	174
	205	175
	206	176
	207	179
	210	177
	212	182
	216	185
	217	186
	218	186
	219	186
	221	187
	224	190
	225	191
	227	192
	234	198
	235	199
	236	200
	237	200
	239	201
	240	202
	242	200
	247	207
	248	208
	249	209
	253	212
	254	213
	255	214
	259	217
	260	218
	261	219
	265	222
	267	223
	268	224
	270	226
	272	228
	273	229
	274	230
	275	231
	279	235
	280	236
	284	239
	285	240
	286	241
	291	246
	292	247
	296	250
	298	251
	299	252
	300	253
	302	254
	303	255
	305	257
	307	276
	311	261
	314	262
	315	263
	316	264
	318	266
	320	269
	321	270
	322	271
	324	273
	326	276
	330	279
	331	280
	332	281
	335	284
	336	285
	337	285
	338	286
	340	288
	342	289
	344	291
	349	294
	350	295
	352	296
	353	297
	356	299
	357	300
	358	301
	360	302
	361	304
	362	312
	366	315
	367	316
	370	319
	371	321
	372	322
	373	323
	374	324
	375	325
	376	326
	377	327
	380	330
	383	333
	384	334
	388	337
	389	338
	390	339
	391	340
	395	343
	396	344
	397	345
	399	346
	400	347
	401	348
	403	350
	406	353
	407	354
	408	355
	410	356
	416	361
	420	365
	421	366
	423	368
	425	370
	432	373
	433	374
	434	375
	436	377
	448	394
	450	396
	451	397
	452	398
	453	399
	454	400
	456	403
	458	405
	459	406
	460	407
	461	408
	462	409
	466	413
	468	414
	471	417
	472	418
	474	420
	475	421
	476	423
	477	428
	478	429
	480	431
	481	432
	482	433
	485	439
	486	441
	487	442
	488	443
	489	444
net/minecraft/client/render/item/property/numeric/BundleFullnessProperty	21	23
	16	18
	21	23
net/minecraft/client/gui/screen/world/CreateWorldCallback	0	0
net/minecraft/client/realms/gui/screen/RealmsInviteScreen	117	111
	67	64
	68	65
	70	67
	73	70
	74	91
	77	71
	78	72
	79	91
	82	74
	83	75
	84	76
	85	77
	86	78
	88	79
	89	79
	90	80
	91	81
	93	83
	95	86
	96	87
	97	88
	98	91
	101	94
	102	95
	39	38
	103	96
	40	39
	41	40
	42	41
	107	100
	108	101
	46	45
	48	46
	112	105
	50	47
	114	106
	51	48
	115	107
	52	49
	117	111
	54	50
	56	52
	57	54
	58	55
	62	59
	63	60
net/minecraft/client/render/model/SpriteAtlasManager	77	83
	65	78
	34	37
	35	38
	36	39
	69	82
	70	83
	39	43
	40	44
	41	45
	42	46
	76	54
	77	55
	51	64
	52	65
	21	25
	53	66
	22	26
	23	27
	24	28
	57	70
	26	30
	29	33
	61	74
net/minecraft/client/gui/screen/ReconfiguringScreen	65	65
	65	65
	35	35
	36	36
	37	38
	38	39
	39	40
	40	42
	41	44
	42	45
	46	49
	47	50
	51	54
	53	55
	54	56
	55	57
	24	24
	25	25
	26	26
	60	60
	61	61
	30	30
	63	63
net/minecraft/util/annotation/ClientFieldsAreNonnullByDefault	0	0
net/minecraft/client/render/item/property/bool/BooleanProperties	26	28
	10	12
	13	15
	14	16
	15	17
	16	18
	17	19
	18	20
	19	21
	20	22
	21	23
	22	24
	23	25
	24	26
	25	27
	26	28
net/minecraft/client/render/block/BlockModels	37	40
	16	19
	32	35
	19	22
	36	39
	37	40
	23	26
	24	27
	25	28
	28	31
	15	18
net/minecraft/client/resource/DryFoliageColormapResourceSupplier	26	27
	17	19
	18	20
	19	21
	25	26
	26	27
net/minecraft/client/gui/screen/ingame/BlastFurnaceScreen	29	29
	28	28
	29	29
net/minecraft/client/session/report/ContextMessageCollector	105	103
	65	65
	80	76
	81	77
	82	78
	22	24
	86	81
	23	25
	87	82
	89	84
	26	28
	90	85
	91	86
	28	30
	92	87
	29	30
	93	88
	30	31
	31	32
	95	90
	32	33
	33	34
	34	35
	98	94
	35	36
	99	95
	36	37
	101	98
	39	30
	41	41
	105	103
	44	44
	45	45
	48	48
	50	49
	51	51
	52	52
	53	53
	54	54
	55	55
	56	56
	61	61
net/minecraft/client/render/item/tint/TintSourceTypes	22	24
	16	18
	17	19
	18	20
	19	21
	20	22
	21	23
	22	24
	11	13
	14	16
	15	17
net/minecraft/client/toast/RecipeToast	87	85
	65	66
	66	67
	69	70
	70	71
	71	72
	74	75
	76	76
	77	77
	78	78
	81	81
	83	82
	84	83
	86	84
	87	85
	30	31
	34	35
	39	40
	40	41
	41	42
	43	45
	44	46
	46	48
	48	51
	49	54
	53	58
	55	59
	56	60
	58	61
	60	62
	61	63
	62	64
	63	65
net/minecraft/client/render/item/model/EmptyItemModel	33	47
	16	29
	17	30
	33	47
	24	38
	28	42
net/minecraft/client/gui/screen/dialog/SimpleDialogScreen	26	29
	19	21
	21	22
	22	24
	23	25
	25	28
	26	29
	14	15
	15	16
net/minecraft/client/render/entity/HuskEntityRenderer	16	27
	16	27
	11	15
	12	23
net/minecraft/client/input/Scroller	45	47
	35	35
	36	36
	37	37
	39	39
	40	40
	42	43
	43	44
	13	13
	45	47
	14	14
	16	17
	17	18
	19	21
	20	22
	22	23
	23	24
	24	25
	25	26
	28	28
	29	29
	31	30
com/mojang/blaze3d/buffers/GpuFence	0	0
net/minecraft/client/gui/screen/ingame/BookScreen	285	288
	256	239
	259	242
	263	246
	264	247
	267	249
	268	250
	270	251
	271	265
	273	252
	275	253
	276	254
	277	255
	278	256
	279	257
	282	259
	285	262
	42	273
	46	277
	47	277
	49	277
	54	282
	55	283
	56	284
	57	285
	59	287
	60	288
	61	288
	63	288
	89	56
	90	57
	93	60
	94	61
	97	64
	98	65
	99	66
	100	67
	103	70
	104	71
	105	72
	106	73
	107	74
	110	77
	111	78
	112	79
	113	80
	114	81
	115	82
	117	84
	121	89
	126	94
	127	95
	128	96
	132	100
	136	104
	140	108
	141	109
	144	112
	145	113
	147	114
	148	115
	150	116
	151	117
	154	120
	158	124
	159	125
	161	128
	162	129
	165	132
	166	133
	168	136
	169	137
	172	140
	173	141
	174	142
	178	146
	179	147
	182	149
	184	151
	185	152
	187	154
	188	155
	190	157
	196	164
	198	165
	199	166
	201	167
	202	168
	203	169
	204	170
	206	173
	208	174
	209	175
	211	176
	212	178
	213	179
	214	180
	217	183
	218	184
	219	185
	221	187
	225	191
	226	192
	227	193
	231	197
	232	198
	233	199
	234	200
	238	204
	244	209
	246	210
	247	211
	248	216
	249	233
	252	234
	253	235
	254	237
net/minecraft/client/render/entity/model/GuardianEntityModel	163	168
	128	127
	129	128
	130	130
	131	136
	132	137
	134	140
	136	141
	137	142
	138	143
	139	144
	140	145
	143	148
	144	149
	145	150
	146	151
	148	153
	151	156
	155	160
	159	164
	163	168
	36	46
	39	47
	41	49
	42	50
	45	53
	46	54
	47	55
	48	56
	49	57
	50	58
	53	61
	57	65
	58	66
	60	67
	61	69
	62	70
	63	72
	64	74
	65	76
	66	78
	70	82
	71	82
	72	84
	73	85
	74	86
	75	87
	76	88
	77	89
	78	90
	79	91
	82	94
	83	94
	84	94
	85	94
	87	95
	88	96
	89	96
	91	98
	92	99
	93	99
	94	99
	96	101
	97	103
	98	103
	99	103
	100	104
	103	106
	107	110
	112	114
	114	115
	115	116
	117	117
	118	118
	120	119
	121	120
	122	121
	123	122
	125	124
net/minecraft/client/gl/GlGpuFence	38	32
	16	17
	32	29
	18	19
	34	30
	22	23
	38	32
	24	24
	27	26
	28	27
	14	15
	30	28
	15	16
net/minecraft/client/render/item/tint/PotionTintSource	38	36
	33	31
	18	19
	19	19
	20	19
	38	36
	23	23
	24	24
	28	28
	29	29
	30	30
net/minecraft/client/gui/screen/recipebook/RecipeGroupButtonWidget	104	95
	64	57
	65	58
	68	61
	70	62
	72	63
	73	64
	74	65
	76	68
	79	71
	81	72
	82	73
	83	74
	85	76
	87	78
	90	81
	27	24
	28	25
	30	26
	94	85
	31	27
	95	86
	97	88
	34	30
	98	89
	35	34
	99	90
	36	34
	100	91
	37	35
	38	36
	39	37
	104	95
	41	38
	45	42
	49	46
	50	68
	53	47
	54	48
	55	49
	56	50
	57	51
	58	52
	61	55
	63	56
net/minecraft/client/render/item/tint/ConstantTintSource	29	32
	16	17
	18	22
	19	21
	20	23
	24	27
	29	32
	14	17
	15	17
net/minecraft/client/gui/screen/report/ChatReportScreen	88	87
	64	69
	65	70
	67	72
	70	75
	71	76
	72	77
	74	79
	76	82
	77	83
	85	87
	86	87
	88	87
	25	26
	26	27
	29	30
	30	31
	33	34
	34	35
	38	40
	39	42
	40	43
	41	44
	42	45
	43	47
	45	50
	46	51
	48	52
	49	53
	50	54
	51	56
	52	58
	54	59
	55	60
	56	61
	57	62
	58	63
	59	64
	63	68
com/mojang/blaze3d/opengl/GlStateManager	634	597
	512	510
	513	511
	514	512
	517	515
	518	516
	519	517
	522	520
	523	521
	524	522
	527	525
	528	526
	532	530
	534	532
	536	534
	539	537
	540	538
	544	542
	545	543
	549	547
	550	548
	554	552
	555	553
	45	46
	559	557
	560	558
	561	559
	52	53
	53	54
	54	55
	57	58
	58	59
	59	60
	62	63
	63	64
	64	65
	67	68
	68	69
	69	70
	72	73
	73	74
	74	75
	77	78
	78	79
	79	80
	80	81
	82	83
	85	86
	86	87
	87	88
	88	89
	90	91
	93	94
	94	95
	95	96
	98	99
	99	100
	100	101
	613	576
	614	577
	103	104
	104	105
	105	109
	617	580
	106	110
	618	581
	107	111
	108	112
	109	113
	621	584
	622	585
	111	115
	625	588
	114	118
	626	589
	115	119
	627	590
	628	591
	629	592
	119	123
	631	594
	120	124
	121	125
	634	597
	124	128
	125	129
	126	130
	129	133
	130	134
	134	138
	138	139
	139	140
	140	141
	141	142
	142	143
	144	145
	145	146
	146	147
	147	148
	149	150
	150	152
	154	155
	155	156
	156	157
	159	160
	160	161
	164	165
	165	166
	166	167
	169	170
	170	171
	174	175
	175	176
	176	177
	179	180
	180	181
	181	182
	184	185
	185	186
	189	190
	190	191
	191	192
	194	195
	195	196
	196	197
	199	200
	200	201
	201	202
	204	205
	205	206
	206	207
	209	210
	210	211
	211	212
	214	215
	215	216
	216	217
	219	220
	220	221
	221	222
	224	225
	225	226
	226	227
	229	230
	230	231
	231	232
	234	235
	235	236
	236	237
	237	238
	241	242
	242	243
	246	247
	247	248
	248	249
	251	252
	252	253
	253	254
	256	257
	257	258
	258	259
	261	262
	262	263
	263	264
	266	267
	267	268
	268	269
	272	273
	273	274
	277	278
	278	279
	279	280
	282	283
	283	284
	284	285
	285	286
	286	287
	289	290
	290	291
	291	292
	293	295
	294	296
	295	297
	297	299
	300	302
	301	303
	303	305
	304	305
	306	305
	310	310
	311	311
	312	312
	315	315
	317	316
	318	317
	321	320
	323	321
	327	325
	329	326
	330	327
	333	330
	334	331
	335	332
	338	335
	339	336
	340	337
	343	340
	344	341
	348	345
	349	346
	353	350
	354	351
	355	352
	358	355
	359	356
	360	357
	363	360
	364	361
	365	362
	368	365
	369	366
	370	367
	373	370
	374	371
	375	372
	378	375
	379	376
	380	377
	381	378
	382	379
	384	381
	387	384
	388	385
	389	386
	392	389
	393	390
	394	391
	397	394
	398	395
	399	396
	400	397
	402	399
	405	402
	406	403
	407	404
	408	405
	410	407
	413	410
	414	411
	415	412
	418	415
	422	419
	423	420
	424	421
	425	422
	429	426
	430	427
	431	429
	432	430
	433	431
	436	435
	437	436
	438	437
	441	440
	442	441
	443	442
	444	443
	446	445
	449	448
	453	452
	454	453
	455	454
	458	457
	459	458
	460	459
	463	462
	464	463
	465	464
	468	467
	469	468
	472	471
	473	472
	474	473
	475	474
	476	475
	477	476
	478	477
	480	479
	483	482
	484	483
	486	484
	487	485
	489	487
	492	490
	493	491
	494	492
	497	495
	498	496
	499	497
	502	500
	503	501
	504	502
	507	505
	508	506
	509	507
net/minecraft/client/gui/screen/ingame/BookEditScreen	212	196
	129	118
	130	119
	133	122
	134	123
	136	125
	137	126
	138	127
	141	131
	142	132
	143	133
	146	136
	147	137
	148	138
	151	141
	152	142
	155	145
	156	147
	157	148
	159	150
	162	153
	164	154
	166	155
	167	156
	168	157
	173	160
	174	161
	177	164
	178	167
	180	165
	181	167
	55	48
	56	49
	57	50
	185	171
	58	51
	187	173
	60	52
	188	174
	62	53
	190	176
	63	54
	191	177
	66	57
	67	58
	195	179
	70	61
	200	185
	202	186
	75	66
	203	187
	76	67
	204	188
	205	189
	78	68
	206	190
	79	69
	80	70
	81	71
	82	72
	210	194
	83	73
	211	195
	84	74
	212	196
	85	75
	86	76
	87	77
	88	78
	89	79
	90	80
	91	81
	92	82
	94	83
	96	84
	97	85
	99	86
	100	87
	101	87
	102	91
	103	92
	104	93
	105	94
	107	95
	108	96
	112	100
	113	101
	117	105
	121	109
	125	113
	126	114
	127	115
net/minecraft/client/realms/util/UploadProgress	56	55
	35	36
	39	40
	43	44
	44	45
	45	46
	46	52
	15	16
	16	17
	48	47
	49	48
	19	20
	51	49
	52	50
	53	52
	23	24
	56	55
	27	28
	28	29
	31	32
net/minecraft/client/render/item/tint/CustomModelDataTintSource	38	41
	33	36
	19	19
	20	20
	21	21
	22	23
	38	41
	26	28
	27	29
	28	30
	29	31
	30	32
net/minecraft/client/render/entity/feature/EndermanEyesFeatureRenderer	18	20
	18	20
	13	15
	14	16
net/minecraft/client/texture/PlayerSkinProvider	155	170
	128	142
	129	143
	130	144
	133	147
	134	148
	135	149
	136	150
	137	151
	139	154
	143	158
	144	159
	145	160
	146	161
	150	165
	151	166
	152	167
	153	168
	155	170
	41	44
	42	45
	43	46
	44	47
	45	48
	46	49
	47	50
	50	53
	51	54
	52	55
	53	56
	55	58
	56	59
	57	60
	59	63
	60	65
	61	66
	62	67
	63	68
	64	69
	66	72
	70	77
	73	80
	74	81
	75	82
	79	86
	80	87
	81	87
	83	87
	88	92
	92	96
	93	97
	97	101
	100	104
	101	105
	102	106
	104	108
	105	109
	106	110
	108	113
	110	114
	111	115
	113	118
	114	119
	116	122
	117	125
net/minecraft/client/render/item/model/special/TridentModelRenderer	52	52
	33	52
	39	27
	40	28
	42	29
	43	30
	44	31
	45	32
	49	36
	50	37
	51	38
	20	22
	52	39
	21	23
	28	47
net/minecraft/client/session/report/AbuseReport	104	110
	64	65
	65	66
	69	70
	104	110
	73	74
	74	75
	43	44
	44	45
	45	46
	77	78
	78	79
	48	49
	52	53
	84	85
	85	85
	87	85
	56	57
	25	25
	26	26
	27	27
	28	28
	60	61
	31	31
net/minecraft/client/gui/screen/advancement/AdvancementsScreen	275	262
	256	245
	257	246
	261	249
	262	250
	263	251
	267	255
	268	256
	274	261
	275	262
	64	56
	65	57
	68	60
	69	61
	70	62
	71	63
	75	67
	76	68
	77	69
	78	70
	79	71
	80	72
	81	73
	84	75
	86	78
	88	80
	89	82
	90	83
	94	87
	95	88
	99	92
	100	93
	104	97
	105	98
	106	99
	107	100
	109	102
	113	106
	114	107
	115	108
	117	110
	118	111
	119	112
	120	113
	124	118
	129	123
	130	124
	131	125
	132	126
	134	128
	139	134
	141	135
	142	136
	143	137
	144	138
	145	139
	146	140
	147	141
	148	142
	152	146
	153	147
	154	148
	157	150
	158	151
	159	152
	160	153
	162	156
	167	162
	168	163
	169	164
	171	166
	175	171
	176	172
	177	173
	178	174
	179	175
	180	176
	181	180
	184	178
	185	180
	188	183
	189	184
	190	185
	191	186
	194	189
	195	190
	198	194
	199	195
	202	198
	203	199
	204	200
	206	201
	207	202
	209	203
	212	206
	213	207
	214	208
	215	209
	219	213
	223	216
	224	217
	225	220
	227	218
	228	220
	232	223
	236	226
	237	227
	238	228
	240	230
	244	233
	248	237
	249	238
	250	239
	252	241
net/minecraft/client/render/model/ResolvableModel	0	0
net/minecraft/client/texture/NativeImageBackedTexture	89	91
	67	67
	68	68
	70	71
	71	72
	75	76
	76	77
	77	78
	79	81
	80	82
	84	86
	85	87
	86	88
	87	89
	24	24
	25	25
	89	91
	26	26
	27	27
	30	30
	31	31
	32	32
	35	35
	36	36
	37	37
	40	40
	41	41
	42	42
	43	43
	44	44
	47	47
	48	48
	49	49
	50	50
	51	51
	54	54
	55	55
	57	57
	59	59
	63	63
net/minecraft/client/render/block/entity/ChestBlockEntityRenderer	101	92
	64	58
	65	59
	66	60
	67	61
	70	63
	71	64
	73	66
	76	69
	78	70
	79	71
	81	72
	82	73
	84	74
	85	75
	86	76
	87	77
	89	79
	92	82
	95	85
	96	87
	99	90
	100	91
	101	92
	38	39
	39	40
	40	41
	41	42
	44	45
	45	46
	50	51
	51	52
	53	53
	54	54
	55	55
	56	55
	57	87
	59	55
	60	56
	62	57
com/mojang/blaze3d/systems/RenderPass	65	65
	64	64
	65	65
net/minecraft/client/sound/StaticSound	60	64
	20	20
	21	21
	22	22
	25	25
	26	26
	27	27
	29	30
	30	31
	31	32
	32	33
	33	34
	35	37
	36	38
	37	39
	39	42
	40	43
	41	44
	44	47
	48	51
	49	52
	50	53
	51	54
	54	58
	55	59
	58	62
	59	63
	60	64
net/minecraft/client/render/entity/ProjectileEntityRenderer	47	44
	32	32
	34	33
	36	34
	37	35
	43	40
	44	41
	45	42
	46	43
	47	44
	19	22
	20	23
	21	24
	25	27
	27	28
	28	29
	30	30
	31	31
net/minecraft/client/gui/screen/SleepingChatScreen	83	78
	64	60
	65	61
	66	62
	67	63
	69	58
	73	68
	74	69
	75	70
	78	73
	79	74
	81	76
	19	18
	83	78
	20	19
	24	23
	26	24
	27	27
	28	28
	32	32
	33	33
	34	37
	36	35
	37	37
	41	41
	42	42
	46	46
	47	46
	50	46
	56	51
	57	52
	59	55
	60	56
	63	57
net/minecraft/client/sound/SoundEntryDeserializer	82	73
	64	58
	65	59
	67	60
	69	61
	71	62
	73	63
	77	67
	78	68
	79	69
	80	70
	82	73
	24	25
	26	26
	27	27
	28	28
	30	29
	34	33
	36	34
	37	35
	38	37
	39	38
	41	39
	42	40
	43	41
	45	43
	50	48
	54	52
	56	53
	58	54
	59	55
	61	56
	62	57
net/minecraft/client/render/entity/state/EntityDebugInfo	19	21
	18	20
	19	21
net/minecraft/client/render/entity/state/EvokerEntityRenderState	0	0
net/minecraft/client/render/chunk/Buffers	61	62
	32	34
	33	35
	36	38
	40	42
	44	46
	45	47
	16	18
	48	50
	17	19
	49	51
	18	20
	19	21
	20	22
	52	54
	53	55
	23	25
	57	58
	58	59
	59	60
	28	30
	61	62
net/minecraft/client/render/entity/PiglinEntityRenderer	54	61
	35	45
	40	49
	45	53
	46	54
	47	55
	48	56
	49	57
	50	58
	22	31
	54	61
	24	32
	25	35
	26	36
	27	37
	28	38
	29	39
	31	42
net/minecraft/client/realms/util/PeriodicRunnerFactory	174	169
	128	122
	129	123
	130	124
	131	125
	133	127
	136	130
	137	131
	138	132
	139	133
	141	135
	144	138
	145	139
	146	140
	153	148
	154	149
	155	150
	156	151
	30	28
	31	29
	159	154
	32	30
	160	155
	33	31
	162	157
	36	34
	37	35
	165	160
	38	36
	166	161
	40	38
	168	163
	171	166
	44	43
	172	167
	174	169
	64	59
	65	60
	66	61
	67	62
	68	63
	71	66
	72	67
	73	68
	75	69
	77	72
	78	73
	79	74
	80	74
	81	75
	82	76
	83	77
	84	77
	85	78
	86	79
	87	80
	88	81
	91	84
	92	85
	94	87
	95	88
	96	89
	97	90
	98	91
	99	92
	103	96
	106	99
	107	100
	108	101
	109	102
	118	112
	119	113
	120	114
	123	117
	124	118
	125	119
net/minecraft/client/render/model/json/ModelTransformation	67	76
	64	76
	65	76
	67	76
	26	36
	27	37
	28	38
	29	39
	30	40
	31	41
	32	42
	33	43
	34	44
	35	45
	42	52
	44	53
	45	54
	46	55
	47	56
	49	59
	50	60
	51	61
	52	62
	54	65
	55	66
	56	67
	57	68
	59	70
	63	75
net/minecraft/client/render/debug/HeightmapDebugRenderer	63	79
	26	28
	27	29
	31	33
	32	34
	34	35
	36	37
	37	38
	38	39
	39	41
	40	42
	41	43
	42	44
	43	46
	44	47
	45	48
	46	49
	47	50
	48	52
	54	70
	57	73
	58	74
	59	75
	60	76
	61	77
	62	78
	63	79
com/mojang/blaze3d/buffers/GpuBufferSlice	13	15
	10	11
	11	15
	13	12
net/minecraft/client/gui/hud/debug/PacketSizeChart	71	70
	33	34
	34	35
	67	66
	37	38
	38	39
	39	40
	71	70
	43	44
	47	48
	48	49
	50	51
	51	51
	21	22
	53	51
	22	23
	26	27
	58	57
	27	28
	28	29
	29	30
	30	31
	62	61
net/minecraft/client/render/entity/model/BoatEntityModel	125	158
	26	77
	27	78
	30	81
	31	82
	32	83
	34	84
	35	86
	36	86
	37	87
	39	89
	40	91
	41	91
	42	92
	44	94
	45	96
	46	96
	47	97
	49	99
	50	101
	51	101
	52	102
	54	104
	55	104
	56	104
	57	104
	60	105
	61	106
	62	107
	63	108
	65	109
	66	111
	67	111
	68	111
	69	111
	70	112
	72	114
	73	116
	74	116
	75	116
	76	116
	77	117
	79	119
	82	122
	83	123
	84	124
	85	125
	89	129
	90	130
	91	131
	93	132
	94	134
	95	134
	96	135
	99	137
	100	139
	101	139
	102	140
	105	142
	106	144
	107	144
	108	145
	111	147
	115	151
	116	152
	118	153
	119	155
	120	155
	121	155
	122	156
	125	158
net/minecraft/client/render/item/property/numeric/UseCycleProperty	28	26
	19	21
	20	21
	23	21
	28	26
	13	16
	14	16
	15	16
net/minecraft/client/search/SearchManager	116	127
	64	62
	65	63
	66	64
	67	65
	69	66
	71	76
	72	70
	73	75
	75	78
	76	80
	77	81
	78	83
	81	86
	85	90
	86	93
	87	94
	88	95
	89	95
	91	95
	92	97
	93	98
	94	100
	97	103
	101	107
	102	110
	103	111
	105	112
	106	117
	43	40
	107	115
	44	41
	108	116
	45	42
	110	119
	111	121
	48	45
	112	122
	49	46
	113	124
	51	48
	116	127
	54	51
	55	51
	56	52
	57	53
	61	57
	62	60
	63	61
net/minecraft/client/render/entity/AbstractMinecartEntityRenderer	191	180
	32	33
	33	34
	34	35
	35	36
	36	37
	40	40
	42	41
	44	42
	46	43
	47	44
	48	45
	50	46
	52	47
	53	48
	55	50
	58	53
	59	54
	60	55
	63	61
	64	62
	65	63
	67	64
	68	65
	69	66
	70	67
	72	68
	75	71
	76	72
	77	73
	78	74
	79	75
	80	76
	83	79
	84	80
	86	81
	87	82
	90	85
	91	86
	92	87
	94	88
	95	89
	97	90
	98	91
	99	92
	100	93
	102	94
	103	95
	104	96
	105	97
	106	98
	109	102
	111	103
	112	104
	113	105
	117	108
	119	109
	120	110
	121	111
	122	112
	123	113
	124	114
	127	117
	128	118
	130	119
	131	120
	132	121
	134	122
	135	123
	136	124
	139	129
	140	130
	141	131
	142	132
	144	134
	145	135
	146	136
	148	138
	151	143
	152	144
	153	145
	155	146
	156	147
	157	148
	158	149
	159	150
	160	151
	161	152
	162	153
	163	154
	164	155
	166	157
	167	158
	168	159
	170	161
	173	164
	174	165
	178	168
	179	169
	180	169
	182	169
	187	173
	188	174
	189	175
	191	180
net/minecraft/client/render/entity/ShulkerBulletEntityRenderer	72	62
	64	55
	69	59
	70	60
	71	61
	72	62
	25	26
	26	27
	27	28
	31	31
	36	37
	38	38
	40	39
	41	40
	42	41
	43	42
	45	43
	47	44
	49	45
	50	46
	52	47
	54	48
	55	49
	57	50
	59	51
	60	52
net/minecraft/client/render/entity/AxolotlEntityRenderer	43	45
	32	35
	37	39
	38	40
	39	41
	40	42
	41	43
	42	44
	43	45
	16	19
	17	20
	19	22
	22	25
	23	28
	27	31
net/minecraft/client/render/entity/IllusionerEntityRenderer	74	78
	65	71
	69	74
	74	78
	21	24
	23	25
	26	30
	27	31
	29	33
	31	36
	32	37
	36	40
	41	44
	46	48
	47	49
	48	50
	49	51
	50	52
	54	55
	55	56
	56	58
	57	59
	58	60
	59	65
	60	66
	63	69
net/minecraft/unused/packageinfo/PackageInfo6180	0	0
net/minecraft/client/gl/Defines	94	102
	64	71
	67	74
	68	75
	70	77
	71	78
	75	83
	79	87
	80	88
	18	18
	19	19
	20	20
	84	92
	21	22
	85	93
	24	26
	89	97
	90	98
	28	30
	29	31
	30	32
	94	102
	31	33
	33	35
	34	36
	35	37
	36	38
	37	39
	38	40
	39	41
	43	46
	44	48
	45	49
	46	50
	47	51
	49	54
	50	55
	52	58
	56	62
net/minecraft/client/toast/TutorialToast	136	135
	64	64
	65	65
	66	66
	131	130
	68	68
	132	131
	69	69
	70	70
	135	134
	72	72
	136	135
	76	76
	80	80
	85	85
	86	86
	87	87
	89	88
	90	89
	92	91
	93	92
	96	95
	97	96
	98	97
	101	99
	102	100
	40	39
	104	102
	41	40
	42	41
	106	105
	43	42
	44	43
	108	107
	46	46
	47	47
	111	110
	48	48
	112	111
	51	51
	115	114
	52	52
	116	115
	56	56
	61	61
	62	62
	63	63
net/minecraft/client/render/entity/state/PolarBearEntityRenderState	0	0
net/minecraft/client/realms/dto/RealmsRegionSelectionPreference	47	49
	33	35
	34	36
	35	37
	36	38
	38	40
	39	42
	40	43
	41	44
	47	49
	24	26
	25	27
	26	28
	29	31
net/minecraft/client/render/item/model/special/ChestModelRenderer	74	75
	32	33
	64	40
	33	34
	65	41
	34	35
	66	42
	35	36
	67	43
	38	55
	71	47
	39	56
	72	48
	73	49
	41	57
	74	50
	42	59
	45	63
	46	64
	50	68
	55	73
	56	74
	58	75
net/minecraft/client/render/entity/model/EntityModel	23	39
	18	34
	19	35
	22	38
	23	39
	14	30
	15	31
net/minecraft/client/render/entity/model/ArrowEntityModel	44	42
	32	32
	34	33
	39	37
	40	38
	41	39
	42	40
	44	42
	16	19
	17	20
	20	23
	21	24
	23	25
	24	27
	25	27
	27	28
	29	30
	30	30
	31	31
net/minecraft/unused/packageinfo/PackageInfo6188	0	0
net/minecraft/unused/packageinfo/PackageInfo6187	0	0
net/minecraft/unused/packageinfo/PackageInfo6186	0	0
net/minecraft/client/gui/screen/dialog/WaitingForResponseScreen	96	90
	65	61
	67	62
	68	63
	69	64
	70	65
	71	66
	72	67
	73	68
	76	71
	81	75
	86	80
	91	85
	92	86
	96	90
	37	34
	38	35
	39	36
	40	37
	41	38
	45	42
	47	43
	49	44
	50	45
	51	46
	53	48
	54	50
	55	51
	59	55
	60	56
	61	57
net/minecraft/unused/packageinfo/PackageInfo6185	0	0
net/minecraft/client/render/entity/TridentEntityRenderer	50	48
	32	34
	34	35
	36	36
	37	37
	41	40
	46	44
	47	45
	48	46
	49	47
	50	48
	20	23
	21	24
	22	25
	26	28
	28	29
	29	30
	31	32
net/minecraft/client/render/item/model/BasicItemModel	121	138
	38	44
	39	45
	40	46
	41	47
	42	48
	43	50
	44	51
	45	52
	46	53
	49	57
	50	58
	53	61
	54	63
	55	64
	57	67
	62	80
	63	81
	64	82
	65	83
	66	84
	67	85
	68	86
	71	89
	72	90
	74	92
	75	93
	76	94
	77	95
	80	98
	81	99
	82	100
	83	101
	84	102
	85	103
	87	105
	90	108
	97	114
	98	115
	99	116
	100	118
	104	123
	105	124
	109	128
	111	129
	112	130
	113	131
	114	132
	116	133
	121	138
net/minecraft/unused/packageinfo/PackageInfo6183	0	0
net/minecraft/unused/packageinfo/PackageInfo6182	0	0
net/minecraft/unused/packageinfo/PackageInfo6181	0	0
net/minecraft/client/render/item/model/SpecialItemModel	88	104
	65	81
	66	82
	70	86
	71	87
	72	88
	74	90
	75	91
	79	96
	81	97
	82	98
	83	99
	88	104
	26	32
	27	33
	28	34
	32	46
	33	47
	34	48
	35	49
	36	50
	37	51
	38	52
	41	55
	42	56
	43	57
	44	58
	45	59
	47	61
	48	62
	49	63
	51	66
	52	67
	58	72
	59	73
	60	74
	61	76
net/minecraft/client/render/entity/model/QuadrupedEntityModel	72	105
	65	99
	66	100
	68	101
	69	102
	70	103
	71	104
	72	105
	22	54
	23	55
	24	56
	25	57
	26	58
	27	59
	28	60
	29	61
	32	64
	33	65
	35	66
	36	68
	37	68
	38	69
	40	71
	41	73
	42	73
	43	74
	45	76
	46	77
	50	81
	51	85
	52	89
	53	90
	54	91
	55	92
	56	93
	60	96
	62	97
	63	98
net/minecraft/client/data/Models	223	227
	211	215
	215	219
	219	223
	140	130
	207	211
	223	227
net/minecraft/client/network/AllowedAddressResolver	37	34
	16	19
	32	28
	17	20
	18	21
	34	29
	19	22
	37	32
	23	25
	26	26
	27	26
	28	34
	31	27
net/minecraft/client/realms/dto/RealmsNotification	194	194
	139	105
	140	106
	141	107
	142	108
	143	109
	144	110
	147	113
	148	114
	149	115
	150	116
	151	117
	156	122
	157	123
	158	124
	159	125
	161	127
	162	127
	163	127
	164	128
	165	129
	166	130
	167	131
	168	132
	169	133
	170	134
	44	42
	172	136
	45	43
	46	44
	174	138
	47	45
	175	139
	48	46
	176	140
	178	143
	51	49
	179	144
	180	145
	181	146
	182	147
	55	53
	183	148
	59	57
	63	61
	192	159
	65	64
	193	160
	66	64
	194	161
	67	65
	69	67
	70	68
	72	71
	76	75
	77	76
	78	77
	80	79
	81	80
	82	81
	84	82
	85	84
	86	85
	87	86
	88	87
	102	175
	103	176
	104	177
	105	178
	106	179
	109	182
	110	183
	111	184
	112	185
	116	189
	120	193
	121	194
net/minecraft/client/render/entity/ZombieEntityRenderer	29	47
	17	26
	21	38
	22	40
	23	41
	24	42
	25	43
	26	44
	27	45
	12	15
	13	23
	29	47
net/minecraft/client/gui/widget/ItemStackWidget	46	51
	32	35
	33	36
	35	39
	36	40
	38	43
	39	44
	41	46
	45	50
	46	51
	20	23
	21	24
	22	25
	23	26
	24	27
	25	28
	26	29
	27	30
	31	34
net/minecraft/client/gui/DrawContext	759	1000
	513	692
	514	693
	517	696
	518	699
	521	702
	522	703
	525	706
	526	706
	527	706
	528	706
	529	707
	530	708
	531	709
	534	712
	535	713
	538	716
	539	717
	542	720
	543	721
	546	724
	547	727
	550	730
	551	731
	554	734
	555	743
	558	746
	559	747
	562	752
	563	757
	565	753
	566	754
	568	757
	572	762
	573	763
	574	765
	575	766
	576	767
	577	768
	579	771
	582	774
	583	775
	585	776
	586	777
	587	778
	589	779
	591	780
	594	781
	595	783
	596	784
	597	785
	598	786
	88	96
	89	97
	90	98
	602	789
	91	99
	603	791
	92	100
	604	792
	605	793
	606	794
	95	103
	96	104
	609	797
	610	798
	99	107
	613	801
	614	802
	103	111
	615	803
	616	804
	618	806
	107	115
	108	116
	621	809
	622	810
	111	119
	623	811
	112	120
	624	812
	625	813
	115	123
	627	815
	630	818
	119	127
	631	819
	120	128
	632	820
	121	129
	122	130
	634	822
	124	133
	125	134
	637	825
	638	826
	639	829
	128	137
	640	830
	129	138
	641	831
	130	139
	642	832
	131	140
	644	834
	133	143
	134	144
	647	837
	648	880
	137	147
	138	147
	650	838
	139	148
	651	839
	140	149
	652	851
	653	861
	654	862
	143	152
	144	153
	657	844
	658	875
	147	156
	662	876
	151	160
	152	161
	665	883
	666	884
	155	164
	667	885
	156	165
	157	166
	669	886
	158	167
	671	888
	160	170
	672	889
	161	171
	162	172
	163	173
	675	890
	676	891
	165	176
	677	892
	166	177
	678	893
	679	894
	169	180
	681	895
	170	181
	682	896
	683	897
	684	898
	173	184
	174	185
	686	903
	688	904
	177	189
	689	905
	690	906
	691	907
	693	908
	694	909
	183	191
	695	910
	184	191
	696	911
	697	917
	186	194
	700	921
	189	197
	190	198
	191	199
	703	934
	704	938
	194	202
	195	203
	707	943
	708	947
	198	206
	199	207
	711	950
	200	208
	712	951
	203	211
	715	954
	204	212
	716	955
	207	215
	719	958
	208	216
	720	959
	211	219
	723	962
	212	222
	724	963
	214	220
	215	222
	727	970
	218	225
	730	973
	219	226
	731	974
	732	975
	733	976
	222	229
	734	977
	223	232
	736	979
	225	230
	737	980
	226	232
	229	235
	230	236
	743	986
	744	987
	233	239
	234	240
	746	989
	747	990
	237	243
	238	244
	752	996
	241	247
	242	248
	243	249
	756	1000
	245	251
	757	1000
	759	1000
	248	254
	249	255
	250	256
	251	257
	253	260
	254	261
	257	264
	258	265
	259	266
	260	267
	261	268
	264	271
	265	272
	268	275
	269	276
	272	279
	273	280
	274	281
	275	282
	276	283
	277	284
	278	285
	279	286
	281	288
	284	291
	285	292
	288	309
	289	310
	290	311
	291	312
	294	314
	295	315
	296	316
	298	318
	301	321
	302	322
	305	325
	306	330
	308	326
	309	327
	312	327
	313	327
	316	330
	319	335
	320	350
	322	336
	323	338
	326	343
	327	344
	328	345
	329	346
	332	350
	335	353
	336	354
	337	355
	338	356
	339	357
	340	358
	341	359
	342	460
	343	360
	344	361
	345	362
	346	378
	347	460
	348	379
	349	380
	350	381
	351	397
	352	460
	356	399
	358	400
	360	403
	362	404
	364	405
	366	421
	368	424
	370	427
	372	443
	373	460
	376	478
	377	497
	379	479
	380	480
	381	482
	384	487
	385	488
	386	489
	387	490
	391	494
	393	497
	396	514
	397	528
	399	515
	400	525
	402	516
	403	517
	404	519
	405	520
	406	521
	409	528
	412	539
	413	540
	416	549
	417	550
	420	574
	421	575
	424	595
	431	608
	434	611
	435	612
	438	615
	439	616
	440	617
	443	622
	444	628
	447	631
	448	632
	451	635
	452	636
	455	639
	456	640
	459	643
	460	644
	463	647
	464	648
	467	651
	468	671
	471	652
	472	653
	474	657
	475	659
	479	659
	481	662
	482	663
	483	664
	485	665
	486	666
	487	667
	489	668
	491	671
	494	674
	495	675
	498	678
	499	685
	501	679
	502	680
	503	681
	504	682
	505	683
	506	685
	509	688
	510	689
net/minecraft/client/data/ModelProvider	178	159
	128	116
	129	117
	130	118
	132	121
	134	122
	135	123
	136	124
	137	125
	139	127
	140	129
	142	130
	143	132
	144	133
	145	134
	147	135
	148	136
	150	138
	153	142
	159	46
	160	47
	161	48
	163	49
	164	50
	166	51
	167	52
	41	40
	169	53
	42	41
	170	54
	43	42
	171	55
	44	43
	172	56
	178	61
	51	152
	52	153
	53	154
	55	156
	58	159
	67	69
	68	70
	69	71
	70	72
	72	74
	75	77
	79	77
	82	78
	83	78
	84	78
	85	78
	87	79
	88	80
	90	82
	93	85
	94	86
	95	87
	105	98
	106	99
	109	102
	110	103
	111	104
	113	106
	117	110
	118	111
	123	114
	124	115
	125	121
net/minecraft/client/render/entity/state/IllagerEntityRenderState	0	0
net/minecraft/client/gui/ScreenRect	141	166
	131	158
	132	159
	133	160
	134	161
	135	162
	136	163
	137	164
	138	165
	139	166
	140	166
	13	20
	141	166
	14	21
	17	27
	21	39
	22	40
	23	41
	28	49
	32	56
	33	57
	34	58
	39	66
	40	67
	41	67
	43	67
	47	76
	49	77
	50	78
	51	79
	53	80
	57	87
	61	94
	62	95
	63	96
	64	97
	65	98
	69	105
	74	114
	75	115
	76	116
	77	117
	78	118
	79	118
	81	118
	85	122
	86	122
	87	122
	88	122
	92	126
	96	130
	100	134
	104	138
	108	142
	112	146
	119	150
	120	151
	121	152
	122	153
	123	153
net/minecraft/client/realms/dto/RealmsSettingDto	22	22
	17	16
	18	17
	19	18
	22	22
	13	12
net/minecraft/client/render/item/model/special/ShieldModelRenderer	82	104
	64	56
	65	57
	66	63
	68	64
	69	66
	71	79
	40	99
	74	82
	75	83
	45	104
	79	87
	80	88
	81	89
	82	90
	52	37
	57	49
	58	52
	59	53
	61	54
	30	32
	62	55
	31	33
net/minecraft/client/particle/SpriteBillboardParticle	49	73
	33	47
	38	52
	8	16
	9	17
	42	61
	43	62
	12	20
	13	21
	46	70
	47	71
	49	73
	18	32
	19	33
	23	37
	28	42
net/minecraft/client/sound/ElytraSoundInstance	57	53
	17	17
	19	18
	20	19
	21	20
	22	21
	23	22
	27	26
	28	27
	29	51
	30	53
	33	28
	34	29
	35	30
	37	31
	38	32
	39	33
	41	35
	45	38
	46	39
	47	40
	48	41
	51	44
	52	45
	53	46
	55	48
	57	53
net/minecraft/client/gui/AbstractParentElement	42	40
	19	15
	35	31
	36	32
	38	35
	39	36
	24	20
	25	21
	41	39
	42	40
	30	26
net/minecraft/client/gui/widget/LockButtonWidget	57	65
	33	41
	34	42
	35	43
	36	44
	38	46
	41	49
	42	50
	14	17
	15	18
	19	25
	23	31
	56	64
	57	65
	27	35
	28	36
net/minecraft/client/util/InputUtil	505	485
	33	228
	34	229
	36	230
	37	231
	40	234
	41	235
	42	236
	43	237
	44	238
	45	239
	48	242
	49	243
	190	244
	194	310
	195	311
	197	313
	198	314
	201	318
	202	319
	204	323
	207	334
	208	335
	209	336
	214	356
	216	357
	217	358
	218	359
	219	360
	220	361
	221	362
	222	363
	223	364
	225	365
	226	366
	227	367
	228	368
	229	369
	230	370
	231	371
	232	372
	233	373
	234	374
	236	375
	237	376
	238	377
	239	378
	240	379
	241	380
	242	381
	243	382
	244	383
	245	384
	246	385
	247	386
	248	387
	249	388
	250	389
	251	390
	252	391
	253	392
	254	393
	255	394
	256	395
	257	396
	258	397
	259	398
	260	399
	261	400
	263	401
	264	402
	265	403
	266	404
	267	405
	268	406
	269	407
	270	408
	271	409
	272	410
	273	411
	274	412
	275	413
	276	414
	277	415
	278	416
	279	417
	280	418
	281	419
	282	420
	283	421
	284	422
	285	423
	286	424
	287	425
	289	426
	290	427
	291	428
	292	429
	293	430
	294	431
	295	432
	296	433
	297	434
	298	435
	299	436
	300	437
	301	438
	302	439
	303	440
	304	441
	305	442
	306	443
	308	444
	309	445
	310	446
	311	447
	313	448
	314	449
	315	450
	316	451
	317	452
	318	453
	319	454
	320	455
	321	456
	322	457
	323	458
	324	459
	325	460
	327	461
	328	462
	329	463
	330	464
	331	465
	332	466
	333	467
	334	468
	336	469
	337	470
	339	471
	340	472
	341	473
	342	474
	343	475
	344	476
	345	477
	347	478
	348	479
	349	480
	351	481
	352	482
	353	483
	354	484
	355	485
	364	339
	365	340
	366	341
	369	344
	370	345
	371	346
	372	347
	375	350
	376	351
	390	256
	391	257
	392	258
	394	259
	395	260
	396	261
	399	264
	403	268
	407	272
	411	276
	415	280
	416	281
	418	283
	419	283
	421	283
	426	288
	427	289
	429	290
	430	294
	432	291
	433	292
	438	299
	443	303
	448	163
	449	163
	451	163
	455	167
	456	168
	459	170
	460	171
	461	172
	462	173
	463	174
	464	175
	466	178
	469	182
	473	187
	477	191
	478	192
	479	193
	482	202
	483	203
	484	204
	485	205
	486	206
	489	209
	490	210
	491	211
	495	215
	496	216
	497	217
	502	222
	503	223
	505	225
net/minecraft/client/gui/screen/world/WorldCreator	326	326
	257	254
	258	256
	259	257
	260	258
	261	259
	262	260
	263	261
	264	264
	265	265
	268	266
	271	268
	274	271
	280	319
	281	321
	282	322
	286	326
	291	274
	295	280
	299	284
	300	285
	301	286
	304	289
	54	54
	55	55
	56	56
	57	57
	58	58
	59	59
	60	60
	61	61
	62	62
	63	63
	64	64
	320	304
	65	64
	321	305
	66	65
	322	306
	67	69
	323	307
	68	71
	69	72
	70	73
	326	310
	73	76
	74	77
	77	80
	78	81
	79	82
	81	85
	82	86
	83	87
	85	90
	86	91
	88	93
	91	96
	92	97
	93	98
	94	99
	97	102
	99	105
	103	108
	104	109
	105	110
	110	116
	114	120
	118	124
	119	125
	120	126
	123	129
	124	129
	126	129
	130	133
	131	134
	132	135
	135	138
	136	138
	138	138
	142	142
	146	146
	147	147
	148	148
	151	151
	152	152
	154	153
	155	154
	157	156
	158	156
	160	156
	164	161
	165	162
	166	163
	167	164
	170	167
	174	171
	175	172
	176	173
	179	176
	180	176
	182	176
	186	180
	187	181
	188	182
	191	185
	192	185
	194	185
	198	189
	199	190
	200	191
	201	192
	204	195
	208	199
	209	200
	210	201
	213	204
	214	205
	215	206
	218	207
	219	216
	221	218
	225	223
	229	227
	230	228
	231	229
	232	230
	234	232
	237	235
	242	240
	243	241
	247	245
	251	249
	255	253
net/minecraft/client/font/FontManager	351	361
	258	178
	262	182
	264	183
	266	184
	267	185
	269	186
	270	187
	272	188
	274	189
	275	190
	276	191
	277	192
	278	193
	279	194
	281	195
	283	196
	285	197
	287	198
	289	200
	292	203
	293	205
	294	206
	296	208
	299	211
	301	213
	302	226
	303	218
	304	219
	305	220
	307	222
	308	223
	309	224
	311	241
	312	242
	315	246
	319	250
	66	66
	67	68
	323	254
	68	68
	69	68
	71	70
	327	258
	74	73
	331	262
	332	263
	333	264
	335	266
	80	349
	337	267
	338	268
	86	282
	343	273
	87	284
	344	274
	345	275
	89	286
	346	276
	90	287
	91	288
	92	290
	349	360
	94	292
	350	360
	351	361
	101	299
	111	307
	116	308
	119	311
	120	312
	121	313
	124	316
	125	317
	128	320
	132	324
	133	326
	134	327
	135	328
	136	332
	138	329
	141	335
	146	339
	147	340
	152	343
	159	77
	160	78
	161	79
	165	83
	167	85
	168	86
	169	87
	170	88
	172	89
	173	91
	174	92
	175	93
	176	94
	177	94
	178	95
	179	96
	180	97
	181	97
	183	100
	187	104
	188	107
	189	110
	190	111
	192	112
	193	115
	195	118
	196	120
	197	121
	198	122
	205	138
	207	133
	208	134
	209	135
	211	136
	216	142
	218	143
	219	144
	221	145
	222	146
	227	150
	229	151
	230	153
	231	154
	235	157
	236	158
	237	165
	239	159
	240	160
	244	165
	245	166
	248	169
	250	170
	251	171
	254	174
	255	175
net/minecraft/client/network/RedirectResolver	52	50
	32	30
	33	31
	34	32
	35	33
	36	34
	39	37
	40	38
	42	40
	43	41
	44	42
	46	43
	47	44
	49	46
	18	18
	52	50
	25	25
	27	26
	29	27
	30	28
	31	29
net/minecraft/client/render/DiffuseLighting	77	77
	64	65
	65	66
	66	67
	68	69
	71	72
	72	73
	76	76
	77	77
	34	29
	35	30
	36	31
	38	32
	39	32
	40	32
	41	33
	43	39
	44	39
	45	40
	46	41
	47	42
	49	47
	51	48
	52	49
	53	54
	56	57
	57	58
	59	60
	61	62
net/minecraft/client/render/debug/DebugRenderer	374	322
	257	162
	258	163
	259	164
	260	166
	266	171
	267	172
	268	177
	271	173
	272	174
	273	175
	274	177
	277	180
	278	181
	281	197
	282	198
	283	199
	286	202
	287	203
	290	206
	291	207
	294	210
	295	211
	304	226
	305	227
	307	228
	308	253
	311	229
	312	230
	313	231
	314	232
	316	233
	317	234
	62	60
	318	235
	63	61
	319	236
	64	62
	65	63
	321	237
	66	64
	322	238
	67	65
	68	66
	324	239
	69	67
	70	68
	326	251
	71	69
	327	253
	72	70
	73	71
	74	72
	75	73
	331	256
	76	74
	332	257
	77	75
	333	258
	78	76
	334	260
	79	77
	335	261
	80	78
	336	262
	81	79
	337	263
	82	80
	338	264
	83	81
	339	265
	84	82
	340	266
	85	83
	341	267
	88	86
	89	87
	90	88
	91	89
	347	272
	92	90
	348	273
	93	91
	349	274
	94	92
	350	275
	95	93
	351	276
	96	94
	352	277
	97	95
	98	96
	99	97
	100	98
	356	293
	101	99
	357	294
	102	100
	358	315
	103	101
	104	102
	360	295
	105	103
	361	297
	106	104
	362	300
	107	105
	363	301
	108	106
	364	302
	109	107
	365	303
	110	108
	366	305
	368	315
	113	111
	114	112
	118	116
	374	322
	126	120
	127	121
	130	124
	131	125
	210	128
	211	129
	214	132
	215	133
	218	136
	219	137
	224	139
	225	140
	226	141
	228	142
	230	143
	231	144
	232	145
	233	146
	236	148
	238	148
	241	148
	245	154
	246	155
	252	160
	253	161
	254	166
net/minecraft/client/gui/screen/world/EditGameRulesScreen	286	304
	258	264
	259	265
	260	266
	261	267
	262	268
	263	269
	265	271
	266	272
	269	275
	270	276
	273	278
	274	283
	275	292
	276	293
	277	295
	281	299
	282	300
	283	301
	284	302
	286	304
	54	60
	55	61
	56	62
	57	63
	61	67
	63	68
	65	69
	66	70
	67	71
	68	73
	69	75
	70	76
	74	80
	75	81
	76	82
	78	84
	82	88
	83	89
	86	92
	87	93
	89	95
	92	98
	93	99
	94	100
	97	103
	98	104
	99	105
	106	113
	107	114
	114	203
	115	204
	116	205
	120	209
	121	210
	125	214
	130	219
	133	222
	138	227
	139	228
	154	174
	155	175
	156	176
	160	180
	165	185
	169	189
	170	190
	171	191
	172	192
	173	193
	175	195
	182	122
	183	123
	184	124
	185	125
	186	126
	187	127
	188	128
	192	132
	193	133
	194	134
	195	135
	196	136
	203	144
	205	145
	206	146
	207	147
	208	148
	209	149
	210	150
	212	152
	213	153
	215	155
	216	156
	217	157
	221	161
	222	162
	223	163
	224	164
	225	165
	232	239
	234	245
	236	246
	239	248
	240	249
	244	252
	245	253
	248	256
	249	257
	251	258
	252	259
	253	260
	254	261
net/minecraft/unused/packageinfo/PackageInfo11486	0	0
net/minecraft/client/render/block/entity/SkullBlockEntityModel	9	13
	8	12
	9	13
net/minecraft/client/realms/dto/WorldTemplatePaginatedList	62	56
	42	34
	46	38
	47	39
	49	42
	18	24
	50	43
	51	44
	52	45
	21	27
	22	28
	23	29
	24	30
	56	49
	25	31
	57	50
	58	51
	59	52
	60	53
	62	56
net/minecraft/client/render/block/entity/model/BannerBlockModel	39	36
	34	33
	35	34
	20	23
	36	34
	21	24
	39	36
	24	27
	25	28
	27	29
	28	30
	29	30
	30	30
net/minecraft/client/render/entity/model/SmallTropicalFishEntityModel	62	60
	18	20
	19	21
	20	22
	23	25
	24	26
	26	27
	28	28
	29	30
	30	30
	31	31
	33	33
	34	35
	35	35
	36	36
	38	38
	39	40
	40	40
	41	41
	43	43
	44	45
	45	45
	46	46
	48	48
	49	50
	50	50
	51	51
	54	53
	59	57
	60	58
	61	59
	62	60
net/minecraft/client/data/BlockModelDefinitionCreator	0	0
net/minecraft/client/render/entity/model/BookModel	88	119
	65	101
	66	101
	67	102
	68	103
	70	104
	74	108
	76	109
	77	110
	78	111
	79	112
	81	113
	82	114
	84	115
	85	116
	86	117
	87	118
	88	119
	27	74
	28	75
	29	76
	30	77
	31	78
	32	79
	33	80
	34	81
	37	84
	38	85
	40	86
	41	88
	42	88
	43	89
	45	91
	46	93
	47	93
	48	94
	50	96
	51	97
	52	97
	53	97
	55	99
	56	99
	57	99
	60	100
	61	100
	62	100
net/minecraft/unused/packageinfo/PackageInfo11496	0	0
net/minecraft/client/render/entity/animation/FrogAnimations	0	0
net/minecraft/client/render/entity/model/FelineEntityModel	192	211
	41	79
	42	80
	43	81
	44	82
	45	83
	46	84
	47	85
	48	86
	49	87
	50	88
	53	91
	54	92
	55	93
	57	94
	58	96
	59	97
	60	98
	61	99
	62	100
	63	101
	65	103
	66	105
	67	105
	68	106
	70	108
	71	109
	72	109
	73	109
	75	111
	76	112
	77	112
	78	112
	80	114
	81	114
	82	115
	83	116
	85	117
	86	117
	87	118
	88	119
	90	120
	95	124
	97	125
	99	126
	100	127
	101	128
	102	129
	103	130
	104	131
	105	132
	106	133
	107	134
	108	135
	109	136
	110	137
	111	138
	114	141
	115	142
	117	143
	118	144
	119	145
	120	146
	121	147
	122	148
	123	149
	124	150
	125	151
	126	152
	128	154
	129	155
	130	156
	131	157
	133	158
	134	159
	136	161
	141	166
	142	167
	143	168
	144	169
	145	170
	146	171
	148	172
	149	173
	150	174
	151	175
	152	176
	153	177
	155	178
	156	179
	157	180
	159	181
	160	182
	161	183
	163	184
	164	185
	165	186
	167	187
	168	188
	169	189
	172	192
	173	193
	174	194
	175	195
	176	196
	177	197
	178	198
	179	199
	180	200
	181	201
	182	202
	183	203
	185	204
	186	205
	189	208
	190	209
	192	211
net/minecraft/unused/packageinfo/PackageInfo11495	0	0
net/minecraft/client/network/ClientRegistries	167	167
	128	120
	129	121
	131	123
	134	126
	135	127
	136	128
	138	130
	139	131
	144	135
	146	136
	149	138
	150	139
	152	142
	155	145
	34	40
	162	162
	35	41
	163	163
	38	44
	166	166
	39	45
	167	167
	42	48
	43	49
	46	52
	47	53
	54	153
	55	154
	59	56
	60	57
	65	61
	66	62
	68	63
	69	64
	71	65
	72	66
	73	67
	74	68
	75	78
	78	69
	79	70
	80	71
	81	72
	84	74
	85	75
	89	78
	92	81
	95	85
	96	86
	97	87
	98	88
	99	89
	102	92
	103	92
	104	93
	107	94
	108	95
	112	99
	113	100
	114	102
	115	103
	116	104
	117	106
	118	109
	119	110
	120	111
	121	114
	123	116
	124	118
	125	119
	126	120
	127	120
net/minecraft/client/network/ServerInfo	168	186
	133	182
	134	183
	137	186
	157	133
	159	135
	160	136
	161	137
	163	139
	164	140
	168	144
	42	52
	43	53
	44	54
	45	55
	48	58
	49	59
	50	60
	52	61
	54	62
	56	63
	60	70
	64	80
	65	81
	68	84
	69	85
	70	86
	71	87
	76	92
	80	96
	81	97
	84	100
	88	104
	92	108
	96	112
	97	113
	98	114
	99	115
	102	118
	103	119
	104	120
	105	121
	108	124
	112	128
	113	129
	122	172
	123	173
	124	174
	125	175
	126	176
net/minecraft/client/render/entity/feature/WitchHeldItemFeatureRenderer	28	29
	11	13
	12	14
	16	17
	17	18
	18	19
	19	20
	20	21
	21	22
	22	23
	23	24
	24	25
	25	29
	27	27
	28	29
net/minecraft/client/realms/gui/screen/RealmsClientIncompatibleScreen	51	51
	32	33
	33	35
	34	37
	35	38
	39	42
	40	43
	44	47
	45	48
	48	51
	49	51
	51	51
	24	25
	25	26
	26	27
	30	31
	31	32
net/minecraft/client/gui/widget/PlayerSkinWidget	75	73
	65	63
	69	67
	38	34
	39	35
	40	36
	41	37
	42	38
	75	73
	46	42
	47	43
	48	44
	49	45
	50	46
	51	49
	55	53
	56	54
	57	55
	61	59
net/minecraft/client/render/fog/FogRenderer	229	220
	129	102
	130	103
	131	104
	132	105
	133	106
	136	109
	137	110
	138	111
	140	112
	141	113
	142	114
	143	115
	144	116
	147	119
	148	120
	149	121
	150	122
	154	126
	155	127
	156	128
	158	130
	160	132
	161	135
	163	137
	166	140
	168	141
	169	142
	170	143
	171	144
	174	147
	178	152
	182	156
	183	157
	184	158
	186	159
	187	160
	188	161
	190	163
	191	164
	192	165
	193	166
	69	46
	197	170
	70	47
	198	171
	199	172
	72	49
	73	50
	201	174
	74	51
	202	175
	75	52
	204	188
	79	55
	80	56
	208	192
	209	193
	210	194
	211	194
	84	59
	85	60
	213	194
	86	61
	216	196
	89	64
	90	65
	220	211
	93	68
	221	212
	94	69
	222	213
	223	214
	96	71
	224	215
	97	72
	225	216
	98	73
	226	217
	227	218
	228	219
	229	220
	103	79
	104	80
	107	81
	109	82
	110	84
	111	85
	112	86
	113	87
	115	90
	116	91
	119	94
	123	98
	124	99
	127	101
net/minecraft/client/render/entity/feature/Deadmau5FeatureRenderer	36	36
	33	32
	34	33
	35	34
	20	22
	36	36
	21	23
	22	24
	26	29
	27	36
	30	30
	31	31
net/minecraft/client/gui/screen/recipebook/AnimatedResultButton	190	176
	128	116
	131	119
	135	123
	139	127
	140	128
	145	132
	146	133
	147	134
	148	135
	149	136
	153	140
	154	141
	155	142
	157	145
	162	150
	163	151
	164	152
	165	152
	166	152
	41	39
	169	154
	42	40
	43	41
	171	156
	46	44
	175	160
	48	45
	49	48
	50	49
	52	50
	180	165
	53	51
	54	52
	55	53
	57	55
	185	172
	186	173
	60	58
	61	59
	189	175
	190	176
	63	60
	66	62
	68	64
	69	65
	71	66
	72	67
	75	71
	79	76
	85	82
	86	83
	87	84
	89	86
	92	88
	93	89
	95	91
	99	94
	100	95
	101	96
	103	97
	104	98
	105	99
	106	100
	108	101
	111	104
	113	105
	114	106
	118	107
	119	108
	120	109
	123	112
	125	113
	126	114
net/minecraft/client/render/debug/VillageSectionsDebugRenderer	48	45
	32	30
	33	31
	37	35
	39	36
	40	37
	41	38
	43	40
	44	41
	47	44
	48	45
	20	18
	24	22
	25	23
	28	26
	29	27
net/minecraft/client/render/entity/state/AllayEntityRenderState	0	0
net/minecraft/client/gui/screen/ingame/BrewingStandScreen	60	60
	33	33
	34	34
	35	35
	39	39
	40	40
	41	41
	42	42
	43	43
	44	44
	45	45
	48	48
	49	49
	50	50
	51	51
	52	52
	22	22
	23	23
	55	55
	56	56
	57	57
	27	27
	28	28
	60	60
	29	29
net/minecraft/client/gl/VertexBufferManager	160	173
	128	84
	129	85
	130	97
	134	87
	137	88
	138	89
	142	90
	144	93
	17	21
	145	94
	18	22
	19	23
	147	97
	21	25
	157	108
	158	109
	159	110
	31	120
	160	111
	32	121
	36	125
	37	126
	40	127
	41	128
	42	129
	43	130
	45	131
	46	132
	47	133
	48	142
	52	135
	55	136
	56	137
	57	138
	58	139
	60	142
	63	145
	64	146
	65	148
	66	149
	67	150
	68	151
	70	154
	72	158
	73	160
	75	163
	79	169
	82	173
	91	38
	92	39
	93	40
	95	41
	97	43
	99	45
	103	49
	104	50
	105	51
	106	52
	107	53
	109	54
	110	56
	111	57
	112	58
	113	59
	115	63
	116	65
	118	69
	122	76
	124	80
	127	83
net/minecraft/client/render/entity/state/SlimeEntityRenderState	0	0
net/minecraft/client/gui/screen/world/CustomizeFlatLevelScreen	240	250
	50	48
	51	49
	52	50
	53	51
	54	52
	57	55
	61	59
	62	60
	63	61
	64	62
	66	64
	70	68
	72	69
	74	70
	75	71
	76	72
	77	73
	79	74
	80	78
	81	93
	83	79
	84	80
	85	81
	86	82
	87	83
	88	89
	89	90
	90	91
	91	93
	93	97
	94	98
	95	99
	96	100
	97	101
	99	102
	100	103
	101	104
	102	105
	103	106
	105	107
	106	108
	107	109
	108	110
	110	111
	111	112
	113	113
	114	114
	115	115
	119	119
	120	120
	122	123
	123	124
	126	127
	127	128
	129	130
	132	133
	137	138
	138	139
	145	147
	147	149
	148	150
	150	152
	154	155
	155	156
	156	157
	159	160
	160	161
	161	163
	162	164
	165	167
	166	168
	167	169
	169	171
	173	175
	174	176
	175	183
	180	191
	181	194
	183	195
	184	196
	186	197
	187	198
	190	200
	191	201
	192	202
	193	203
	195	205
	198	208
	199	211
	202	214
	203	215
	204	216
	205	217
	206	218
	207	219
	210	223
	215	228
	216	231
	217	232
	218	232
	220	232
	226	237
	227	238
	231	242
	233	243
	234	244
	236	246
	239	249
	240	250
net/minecraft/client/particle/DamageParticle	92	92
	67	69
	68	70
	72	73
	9	12
	73	74
	10	13
	74	75
	11	14
	75	76
	12	15
	76	77
	13	16
	14	17
	15	18
	16	19
	17	20
	19	21
	20	22
	84	53
	21	23
	85	54
	22	24
	23	25
	25	26
	89	57
	90	58
	27	27
	91	59
	28	28
	92	60
	29	29
	33	33
	38	38
	39	39
	40	40
	41	41
	45	45
	52	86
	53	87
	57	90
	58	91
	59	92
net/minecraft/client/render/entity/EntityRenderers	221	266
	24	26
	25	28
	29	73
	30	74
	31	75
	32	76
	33	77
	34	78
	35	79
	36	80
	37	81
	38	82
	39	83
	40	84
	41	85
	42	86
	43	87
	44	88
	45	89
	46	90
	47	91
	48	92
	49	93
	50	94
	51	95
	52	96
	53	97
	54	98
	55	99
	56	100
	57	101
	58	102
	59	103
	60	104
	61	105
	62	106
	63	107
	64	108
	65	109
	66	110
	67	111
	68	112
	69	113
	70	114
	71	115
	72	116
	73	117
	74	118
	75	119
	76	120
	77	121
	78	122
	79	123
	80	124
	81	125
	82	126
	83	127
	84	128
	85	129
	86	130
	87	131
	88	132
	89	135
	90	139
	91	140
	92	141
	93	142
	94	143
	95	144
	96	145
	97	146
	98	147
	99	148
	100	149
	101	150
	102	151
	103	152
	104	153
	105	154
	106	155
	107	156
	108	157
	109	158
	110	159
	111	160
	112	161
	113	162
	114	163
	115	164
	116	165
	117	166
	118	167
	119	168
	120	169
	121	170
	122	171
	123	172
	124	173
	125	174
	126	175
	127	179
	128	191
	129	200
	130	201
	131	202
	132	203
	133	204
	134	205
	135	206
	136	207
	137	208
	138	209
	139	210
	140	211
	141	212
	142	213
	143	214
	144	215
	145	216
	146	217
	147	218
	148	219
	149	220
	150	221
	151	222
	152	225
	153	229
	154	230
	155	231
	156	232
	157	233
	158	234
	159	235
	160	236
	161	237
	162	238
	163	239
	164	240
	165	241
	166	242
	167	243
	168	244
	169	245
	170	246
	171	247
	172	248
	173	249
	174	250
	175	251
	176	252
	177	253
	178	257
	179	266
	182	32
	183	33
	186	36
	187	37
	189	39
	190	40
	191	41
	193	43
	194	44
	199	48
	200	49
	202	51
	203	52
	204	53
	206	55
	207	56
	211	60
	212	62
	213	63
	216	63
	217	64
	218	65
	221	69
net/minecraft/client/render/item/property/numeric/NeedleAngleState	99	87
	67	56
	72	61
	73	62
	75	63
	76	64
	77	65
	78	66
	15	17
	16	18
	19	21
	83	71
	21	22
	22	23
	88	76
	25	25
	26	26
	29	29
	93	81
	30	29
	33	29
	98	86
	99	87
	39	36
	43	40
	55	44
	62	51
net/minecraft/client/texture/CubemapTexture	55	106
	19	18
	20	19
	24	23
	25	73
	26	28
	27	29
	28	30
	29	31
	30	33
	31	55
	32	37
	33	40
	35	54
	36	67
	38	89
	39	85
	44	94
	45	95
	46	96
	47	97
	48	98
	49	99
	50	100
	51	101
	52	103
	53	104
	55	106
net/minecraft/client/gui/screen/multiplayer/MultiplayerScreen	295	281
	257	245
	258	246
	259	247
	260	248
	261	249
	263	251
	266	254
	267	255
	270	258
	272	259
	273	260
	276	263
	277	264
	278	265
	280	266
	281	267
	282	268
	283	269
	284	270
	285	271
	288	274
	291	277
	295	281
	53	51
	54	52
	55	53
	59	57
	60	58
	62	60
	64	61
	65	62
	67	63
	69	66
	70	67
	71	68
	72	69
	75	72
	76	73
	79	76
	81	77
	82	78
	83	79
	84	80
	85	81
	86	82
	87	83
	88	84
	89	85
	91	86
	92	87
	93	88
	94	89
	96	90
	97	91
	99	92
	101	94
	102	95
	103	96
	104	97
	105	98
	106	99
	107	100
	108	101
	109	102
	110	103
	112	104
	115	107
	116	109
	117	111
	120	112
	121	113
	122	114
	123	115
	124	116
	126	117
	128	118
	129	119
	130	120
	131	121
	132	122
	134	123
	135	124
	137	125
	138	126
	142	130
	143	131
	147	135
	149	136
	150	137
	151	138
	154	141
	155	142
	159	146
	160	147
	161	148
	163	151
	164	152
	165	153
	168	156
	169	157
	172	160
	173	161
	174	162
	175	163
	176	164
	177	165
	179	168
	180	169
	183	172
	184	173
	185	174
	186	175
	187	176
	188	177
	189	178
	190	179
	192	182
	193	183
	196	186
	197	187
	198	188
	199	189
	200	190
	202	192
	203	193
	205	196
	206	197
	208	200
	209	201
	212	204
	213	205
	214	206
	215	207
	216	208
	217	209
	219	211
	222	214
	224	216
	228	220
	229	221
	232	222
	233	223
	234	224
	237	225
	238	226
	239	227
	240	228
	242	230
	245	233
	250	239
	251	240
	252	241
	255	244
net/minecraft/client/particle/SpriteProvider	0	0
net/minecraft/client/gui/screen/ingame/FurnaceScreen	30	30
	29	29
	30	30
net/minecraft/client/realms/ServiceQuality	62	64
	32	34
	35	38
	39	42
	43	46
	51	54
	52	55
	24	26
	56	58
	25	27
	57	59
	26	28
	58	60
	59	61
	60	62
	30	32
	62	64
	31	33
net/minecraft/client/render/block/entity/CampfireBlockEntityRenderer	48	48
	32	35
	35	36
	36	37
	38	38
	39	39
	40	40
	41	41
	42	42
	43	43
	45	44
	46	45
	48	48
	21	23
	22	24
	26	29
	28	30
	29	31
	30	33
	31	34
net/minecraft/client/gui/screen/advancement/AdvancementObtainedStatus	41	45
	34	38
	38	42
	39	43
	40	44
	41	45
	27	31
	28	32
	29	33
	30	34
	31	35
net/minecraft/client/util/BufferAllocator	179	177
	129	129
	130	130
	131	131
	132	132
	136	135
	137	136
	138	137
	139	138
	140	139
	142	141
	145	144
	146	145
	148	147
	158	157
	159	158
	160	159
	161	160
	34	32
	35	33
	36	34
	164	163
	37	35
	165	164
	38	36
	39	37
	167	166
	41	39
	44	42
	172	171
	45	43
	173	177
	175	172
	48	46
	176	173
	177	174
	179	177
	52	50
	53	51
	54	52
	55	53
	56	54
	60	58
	61	59
	62	60
	64	63
	65	64
	66	65
	68	67
	71	70
	72	71
	74	72
	75	73
	76	74
	77	75
	79	77
	80	79
	84	83
	85	84
	86	85
	87	86
	88	87
	89	88
	91	89
	93	91
	94	92
	95	93
	99	98
	100	99
	102	102
	103	103
	106	106
	107	107
	108	108
	109	109
	111	111
	114	114
	118	118
	119	119
	121	121
	124	124
	126	125
	127	126
net/minecraft/client/session/telemetry/TelemetryLogger	0	0
net/minecraft/client/render/entity/LivingEntityRenderer	370	362
	256	261
	259	265
	264	269
	269	273
	271	274
	272	275
	274	276
	275	277
	277	278
	278	279
	279	280
	280	281
	281	282
	284	285
	285	286
	286	287
	288	289
	289	290
	291	293
	292	294
	294	296
	297	299
	298	300
	299	301
	300	302
	301	303
	302	304
	305	307
	306	308
	51	56
	307	309
	52	57
	308	310
	53	58
	309	311
	54	59
	55	60
	311	312
	58	63
	314	313
	315	314
	316	315
	317	316
	63	68
	319	318
	320	319
	322	320
	323	321
	68	72
	69	73
	70	74
	326	323
	71	75
	73	77
	330	327
	332	328
	333	329
	78	82
	334	330
	335	331
	80	83
	81	84
	82	85
	83	86
	339	334
	84	87
	340	335
	341	337
	342	337
	343	338
	88	91
	344	339
	89	92
	345	340
	346	341
	91	93
	347	342
	95	94
	96	95
	352	347
	353	348
	99	96
	356	351
	101	97
	357	352
	103	98
	359	353
	104	99
	360	354
	361	355
	106	100
	107	101
	363	356
	108	102
	364	357
	109	103
	110	104
	111	105
	367	360
	112	106
	370	362
	115	109
	116	110
	117	111
	121	117
	122	118
	123	119
	126	122
	130	126
	137	136
	138	137
	139	138
	141	139
	142	140
	144	142
	145	142
	147	142
	151	150
	155	154
	159	158
	161	160
	163	162
	165	164
	167	166
	169	168
	174	177
	178	181
	180	182
	183	185
	184	186
	186	189
	187	190
	188	191
	189	192
	190	193
	192	196
	193	197
	194	198
	195	199
	196	200
	197	201
	198	202
	199	203
	200	204
	201	205
	202	206
	203	207
	204	208
	206	210
	209	213
	213	217
	217	221
	221	224
	222	225
	223	226
	224	227
	228	231
	229	232
	230	233
	231	234
	232	235
	233	236
	234	237
	235	238
	236	239
	238	241
	240	243
	242	245
	244	247
	246	249
	249	254
	253	258
	254	259
	255	260
net/minecraft/client/gui/render/state/GuiElementRenderState	0	0
net/minecraft/client/gui/screen/world/WorldIcon	83	87
	64	69
	65	70
	67	72
	70	75
	75	79
	76	80
	77	81
	80	84
	81	85
	83	87
	26	25
	27	26
	28	27
	31	32
	35	39
	39	43
	40	60
	41	61
	44	45
	46	46
	47	47
	49	49
	50	50
	52	53
	53	54
	54	55
	55	56
	56	57
	58	63
	61	66
	62	67
	63	68
net/minecraft/client/recipebook/ClientRecipeBook	103	110
	66	67
	67	72
	70	77
	71	78
	72	79
	75	82
	76	83
	78	85
	79	86
	80	87
	82	88
	84	89
	86	91
	87	92
	88	93
	89	94
	90	95
	92	98
	31	32
	95	102
	32	33
	35	36
	99	106
	36	37
	37	38
	103	110
	40	41
	41	42
	42	43
	45	46
	49	50
	50	51
	53	54
	54	55
	57	58
	59	59
	60	60
	62	61
	63	62
net/minecraft/client/render/entity/equipment/EquipmentModel	137	140
	128	132
	65	77
	129	133
	66	77
	67	78
	133	136
	137	140
	74	43
	77	46
	81	50
	82	51
	83	52
	21	24
	22	25
	23	27
	87	56
	26	31
	91	60
	92	61
	30	35
	96	65
	97	67
	99	69
	39	85
	40	86
	41	87
	42	88
	43	90
	46	94
	47	95
	50	98
	54	102
	58	106
net/minecraft/client/model/ModelPartData	67	78
	32	33
	65	76
	34	36
	66	77
	67	78
	38	40
	39	41
	40	42
	43	44
	47	56
	48	60
	50	61
	51	62
	20	21
	52	63
	21	22
	53	64
	22	23
	25	26
	57	68
	26	27
	61	72
	30	31
	31	32
net/minecraft/client/input/KeyboardInput	37	39
	34	36
	35	37
	36	38
	37	39
	11	14
	12	15
	15	18
	16	19
	19	21
	24	27
	25	28
	26	29
	27	30
	28	31
	29	32
	30	33
	31	34
net/minecraft/client/data/PropertiesMap	36	40
	16	21
	19	24
	36	40
	23	28
	27	32
	31	36
net/minecraft/client/particle/ParticleManager	574	587
	512	504
	514	505
	518	509
	519	511
	522	514
	523	515
	524	550
	527	516
	528	517
	529	518
	531	519
	533	520
	534	521
	535	522
	536	523
	539	524
	540	525
	542	528
	543	529
	545	532
	546	533
	548	536
	549	537
	551	540
	552	541
	554	544
	555	545
	558	548
	559	550
	562	553
	566	561
	570	565
	571	566
	572	567
	573	568
	574	569
	99	577
	104	582
	108	586
	109	587
	113	89
	114	90
	116	91
	118	92
	119	93
	122	96
	123	97
	124	98
	125	99
	126	100
	127	101
	128	102
	129	103
	130	104
	131	105
	132	106
	133	107
	134	108
	135	109
	136	110
	137	111
	138	112
	139	113
	140	114
	141	115
	142	116
	143	117
	144	118
	145	119
	146	120
	147	121
	148	122
	149	123
	150	124
	151	125
	152	126
	153	127
	154	128
	155	129
	156	130
	157	131
	158	132
	159	133
	160	134
	161	135
	162	136
	163	137
	164	138
	165	139
	166	140
	167	141
	168	142
	169	143
	170	144
	171	145
	172	146
	173	147
	174	148
	175	149
	176	150
	177	151
	178	152
	179	153
	180	154
	181	155
	182	156
	183	157
	184	158
	185	159
	186	160
	187	161
	188	162
	189	163
	190	164
	191	165
	192	166
	193	167
	194	168
	195	169
	196	170
	197	171
	198	172
	199	173
	200	174
	201	175
	202	176
	203	177
	204	178
	205	179
	206	180
	207	181
	208	182
	210	183
	211	184
	213	185
	214	186
	215	187
	217	188
	218	189
	219	190
	220	191
	221	192
	222	193
	223	194
	224	195
	225	196
	226	197
	227	198
	229	199
	230	200
	231	201
	232	202
	233	203
	234	204
	235	205
	236	206
	237	207
	238	208
	239	209
	240	210
	243	213
	244	214
	247	217
	248	218
	249	219
	250	220
	252	223
	254	225
	257	228
	258	229
	259	230
	260	231
	266	238
	267	239
	268	240
	269	241
	270	242
	271	243
	272	244
	273	245
	276	247
	277	247
	278	249
	280	250
	281	250
	282	250
	283	251
	284	252
	285	253
	286	254
	287	255
	288	256
	289	257
	290	258
	291	259
	292	260
	293	261
	294	280
	296	262
	297	264
	298	265
	299	266
	300	267
	301	268
	303	270
	306	274
	307	275
	309	278
	310	280
	311	281
	312	282
	314	285
	315	286
	319	290
	320	291
	323	294
	324	295
	325	296
	327	305
	328	303
	329	321
	330	322
	331	323
	336	329
	337	330
	340	333
	341	334
	345	338
	346	339
	347	340
	348	341
	350	343
	356	349
	357	350
	358	350
	360	350
	364	354
	365	355
	366	356
	367	357
	368	358
	371	361
	373	363
	376	366
	377	367
	378	368
	379	369
	380	370
	382	371
	383	372
	384	374
	385	375
	386	376
	387	377
	390	381
	393	385
	395	386
	396	387
	399	390
	402	398
	403	399
	404	402
	405	403
	407	404
	408	405
	409	406
	413	410
	416	413
	417	414
	421	418
	422	419
	423	420
	424	421
	425	422
	426	423
	428	424
	430	426
	433	429
	434	430
	435	431
	436	432
	440	436
	441	437
	442	438
	445	441
	446	442
	449	447
	450	449
	452	451
	453	452
	454	453
	455	454
	456	455
	457	456
	458	457
	461	460
	464	463
	465	465
	467	467
	468	468
	469	469
	470	470
	471	471
	472	472
	473	473
	476	476
	479	479
	480	480
	481	481
	482	482
	485	485
	486	511
	489	486
	491	487
	494	488
	495	489
	496	490
	497	491
	499	492
	500	493
	501	494
	503	496
	504	497
	505	498
	506	499
	507	500
	508	501
	510	502
	511	503
net/minecraft/client/render/entity/model/LargeTropicalFishEntityModel	67	65
	64	62
	65	63
	66	64
	67	65
	18	20
	19	21
	20	22
	23	25
	24	26
	26	27
	28	28
	29	30
	30	30
	31	31
	33	33
	34	35
	35	35
	36	36
	38	38
	39	40
	40	40
	41	41
	43	43
	44	45
	45	45
	46	46
	48	48
	49	50
	50	50
	51	51
	53	53
	54	55
	55	55
	56	56
	59	58
net/minecraft/client/render/item/property/bool/ViewEntityProperty	25	27
	18	20
	19	21
	20	22
	25	27
net/minecraft/client/render/fog/PowderSnowFogModifier	36	38
	32	34
	18	19
	36	38
	23	24
	24	25
	25	26
	27	28
	28	29
	30	32
	31	33
net/minecraft/client/particle/RainSplashParticle	73	71
	66	65
	67	66
	71	69
	72	70
	73	71
	10	13
	11	14
	12	15
	13	16
	15	17
	16	18
	18	19
	19	20
	23	24
	28	29
	29	30
	30	31
	32	32
	33	33
	34	58
	37	35
	38	36
	39	37
	40	38
	41	39
	43	40
	44	41
	45	42
	47	45
	48	46
	51	49
	52	50
	53	51
	54	52
	57	54
	58	55
	60	58
net/minecraft/client/particle/DustPlumeParticle	34	39
	34	39
	11	16
	12	17
	13	18
	14	19
	15	20
	16	21
	20	25
	21	26
	22	27
	23	28
	29	35
	30	36
net/minecraft/client/render/entity/model/SnifferEntityModel	113	139
	34	32
	35	33
	36	33
	37	33
	38	33
	40	34
	41	35
	42	36
	43	37
	44	38
	45	39
	46	40
	47	41
	48	42
	51	45
	52	46
	54	47
	55	47
	57	48
	58	51
	59	53
	60	55
	62	59
	63	61
	64	64
	65	66
	66	69
	67	71
	68	74
	69	76
	70	79
	71	81
	72	84
	73	86
	75	89
	76	92
	77	94
	79	98
	80	100
	81	103
	82	105
	83	108
	84	110
	85	113
	86	115
	88	118
	93	122
	95	123
	96	124
	98	125
	99	126
	101	128
	104	131
	105	132
	106	133
	107	134
	108	135
	110	136
	111	137
	113	139
net/minecraft/client/search/SearchProvider	25	31
	16	22
	19	24
	20	26
	21	27
	23	30
	25	31
	11	17
	15	21
net/minecraft/client/render/entity/feature/CatCollarFeatureRenderer	34	33
	32	30
	33	31
	34	33
	20	21
	21	22
	22	23
	23	24
	27	27
	28	28
	29	33
	31	29
net/minecraft/client/render/block/entity/BlockEntityRenderDispatcher	117	124
	64	70
	65	71
	66	72
	69	75
	70	76
	71	90
	75	77
	76	90
	79	78
	80	90
	84	80
	85	81
	86	82
	87	83
	89	84
	91	85
	93	90
	97	95
	98	97
	99	98
	101	100
	103	103
	104	104
	107	107
	108	108
	109	109
	46	52
	47	53
	111	111
	48	54
	49	55
	50	56
	51	57
	115	115
	52	58
	116	123
	117	124
	57	62
	61	66
	62	67
net/minecraft/client/particle/ConnectionParticle	155	156
	132	134
	133	135
	137	138
	138	139
	139	140
	17	19
	18	20
	147	149
	148	150
	21	33
	22	34
	23	35
	24	36
	152	153
	153	154
	26	37
	154	155
	27	38
	155	156
	28	39
	29	40
	30	41
	31	42
	32	43
	33	44
	34	45
	35	46
	36	47
	37	48
	39	49
	41	50
	42	51
	43	52
	44	53
	46	54
	48	55
	49	56
	53	60
	54	60
	56	60
	61	65
	62	66
	63	67
	67	71
	68	72
	70	74
	72	75
	73	76
	74	77
	76	78
	77	79
	78	80
	79	81
	80	82
	82	85
	87	91
	88	92
	89	93
	91	94
	92	95
	93	106
	96	97
	97	98
	99	99
	100	100
	101	101
	102	102
	103	103
	104	104
	105	106
	109	110
	110	111
	111	112
	117	119
	118	120
	122	123
	123	124
	124	125
com/mojang/blaze3d/platform/TextureUtil	108	112
	64	64
	65	65
	66	66
	67	67
	68	69
	69	70
	70	71
	71	73
	72	74
	73	75
	74	76
	75	77
	78	81
	79	82
	80	83
	81	84
	82	85
	84	88
	87	92
	88	93
	90	94
	91	95
	92	97
	93	98
	94	99
	95	100
	97	102
	34	32
	98	103
	35	33
	36	34
	100	105
	38	35
	104	108
	43	39
	108	112
	45	42
	46	43
	47	44
	50	48
	51	49
	52	50
	53	51
	58	56
	59	57
	60	59
	61	60
	63	63
net/minecraft/client/render/entity/feature/WolfCollarFeatureRenderer	32	32
	32	32
	18	20
	19	21
	24	26
	25	27
	26	32
	29	28
	30	29
	31	30
net/minecraft/client/gui/screen/NoticeScreen	60	58
	35	36
	40	41
	42	42
	44	43
	45	44
	46	45
	48	46
	49	47
	53	51
	22	23
	54	52
	23	24
	55	53
	56	54
	26	27
	27	28
	28	29
	60	58
	29	30
	30	31
	31	32
net/minecraft/client/gui/screen/ingame/SmokerScreen	28	27
	27	26
	28	27
net/minecraft/client/texture/atlas/DirectoryAtlasSource	32	32
	16	16
	32	32
	17	16
	18	18
	22	23
	24	24
	25	25
	26	26
	27	27
	28	28
	15	15
net/minecraft/client/render/entity/state/ShulkerBulletEntityRenderState	0	0
com/mojang/blaze3d/opengl/GlConst	392	315
	256	186
	257	187
	258	188
	259	189
	260	190
	261	191
	262	192
	263	193
	264	194
	265	195
	266	196
	267	197
	268	198
	269	199
	270	200
	271	201
	276	206
	277	207
	278	208
	279	209
	280	210
	281	211
	282	212
	283	213
	284	214
	289	219
	290	220
	291	221
	296	226
	297	227
	298	228
	299	229
	300	230
	305	235
	306	236
	307	237
	312	242
	313	243
	314	244
	315	245
	316	246
	317	247
	318	248
	319	249
	324	254
	325	255
	326	256
	327	257
	328	258
	333	263
	334	264
	335	265
	336	266
	337	267
	342	272
	343	273
	344	274
	345	275
	346	276
	351	281
	352	282
	353	283
	358	288
	359	289
	360	290
	362	293
	363	294
	365	297
	367	298
	369	301
	370	302
	372	305
	378	309
	379	310
	380	311
	381	311
	383	311
	385	312
	386	313
	387	313
	389	313
	392	315
	220	150
	221	151
	222	152
	223	153
	224	154
	225	155
	230	160
	231	161
	232	162
	237	167
	238	168
	239	169
	240	170
	241	171
	242	172
	243	173
	244	174
	245	175
	246	176
	247	177
	248	178
	249	179
	250	180
	251	181
net/minecraft/client/realms/gui/screen/tab/RealmsSubscriptionInfoTab	180	178
	128	130
	132	134
	133	135
	134	136
	135	137
	138	139
	139	140
	140	141
	141	142
	143	143
	144	144
	145	145
	146	146
	147	148
	148	148
	150	148
	156	155
	157	156
	159	157
	160	158
	161	159
	162	160
	163	161
	165	164
	167	165
	168	166
	170	167
	171	168
	173	170
	175	173
	176	174
	180	178
	61	63
	62	64
	63	65
	64	66
	66	67
	68	68
	69	69
	70	69
	71	70
	72	70
	74	71
	75	72
	76	72
	77	73
	78	73
	80	74
	81	75
	82	77
	83	78
	84	80
	86	83
	87	84
	88	86
	89	87
	90	89
	91	93
	94	96
	95	97
	96	100
	97	101
	99	102
	100	103
	103	106
	104	107
	105	107
	106	109
	108	110
	109	111
	112	114
	114	117
	115	118
	116	119
	117	120
	118	121
	119	122
	120	123
	122	125
	125	128
	127	129
net/minecraft/client/render/entity/state/ItemStackEntityRenderState	36	36
	32	36
	33	36
	36	36
	16	19
	17	20
	18	21
	19	22
	22	25
	26	29
	27	30
	28	31
	29	32
	30	33
	31	34
net/minecraft/client/gui/screen/OutOfMemoryScreen	39	41
	34	36
	35	37
	39	41
	18	20
	19	21
	23	25
	24	26
	25	27
	26	28
	27	29
	28	30
	29	31
	30	32
net/minecraft/client/texture/MapDecorationsAtlasManager	15	16
	11	12
	12	13
	15	16
net/minecraft/client/render/entity/model/StriderEntityModel	159	152
	129	129
	130	130
	132	131
	133	132
	134	133
	135	134
	136	135
	137	136
	139	137
	141	138
	142	139
	143	140
	145	141
	146	142
	147	143
	149	144
	150	145
	152	146
	153	147
	154	148
	156	149
	157	150
	158	151
	159	152
	35	52
	36	53
	37	54
	38	55
	39	56
	40	57
	41	58
	42	59
	43	60
	44	61
	45	62
	48	65
	49	66
	51	67
	52	68
	53	68
	54	68
	56	70
	57	71
	58	71
	59	71
	61	73
	62	74
	63	74
	64	74
	67	76
	68	78
	69	78
	70	79
	72	81
	73	83
	74	83
	75	84
	77	86
	78	88
	79	88
	80	89
	82	91
	83	93
	84	93
	85	94
	87	96
	88	98
	89	98
	90	99
	92	101
	93	103
	94	103
	95	104
	98	106
	103	110
	105	111
	106	112
	108	113
	109	114
	110	115
	112	117
	113	118
	116	121
	118	122
	120	123
	121	124
	123	125
	124	126
	126	127
	127	128
net/minecraft/client/render/entity/model/WolfEntityModel	156	149
	128	125
	129	126
	130	127
	131	128
	133	129
	134	130
	135	131
	136	132
	137	133
	138	134
	140	136
	141	137
	142	138
	143	139
	146	142
	148	143
	149	144
	150	145
	152	146
	153	147
	155	148
	156	149
	37	49
	38	50
	39	51
	40	52
	41	53
	42	54
	43	55
	44	56
	45	57
	46	58
	47	59
	48	60
	51	63
	52	64
	54	65
	56	66
	57	66
	58	66
	60	67
	61	69
	62	70
	63	72
	64	74
	65	76
	68	80
	69	82
	70	82
	71	83
	73	85
	74	87
	75	87
	76	88
	79	90
	80	91
	81	92
	82	93
	83	94
	84	95
	86	96
	87	97
	88	97
	90	99
	91	99
	92	99
	96	100
	101	104
	103	105
	104	106
	106	107
	107	108
	109	110
	112	113
	113	114
	115	115
	116	116
	117	117
	119	118
	120	119
	121	120
	123	121
	124	122
	126	123
	127	124
net/minecraft/client/gui/hud/bar/JumpBar	44	44
	32	32
	33	33
	34	40
	37	35
	38	36
	39	37
	41	40
	44	44
	21	23
	22	24
	23	25
	27	29
	28	30
	30	31
net/minecraft/client/gui/hud/spectator/TeamTeleportSpectatorMenu	129	126
	64	62
	65	63
	129	126
	69	67
	78	77
	79	78
	80	79
	81	80
	84	83
	85	85
	86	86
	89	87
	90	88
	94	92
	95	93
	34	32
	98	95
	35	33
	99	96
	36	34
	100	97
	39	37
	105	103
	106	104
	44	42
	110	108
	49	47
	115	113
	117	114
	54	52
	118	115
	55	53
	119	116
	120	117
	121	118
	59	57
	124	121
	125	122
net/minecraft/client/gui/screen/TitleScreen	317	403
	256	332
	257	333
	259	335
	262	338
	263	339
	266	342
	268	343
	269	344
	271	346
	276	350
	280	354
	281	355
	284	356
	293	361
	294	362
	296	364
	300	368
	301	369
	302	370
	304	372
	307	375
	309	381
	310	380
	311	396
	312	397
	313	398
	316	402
	317	403
	63	60
	64	61
	67	64
	68	65
	71	68
	72	69
	73	70
	74	71
	77	74
	82	79
	83	80
	85	82
	88	85
	89	86
	90	87
	91	88
	95	92
	100	97
	105	102
	106	103
	108	106
	109	107
	111	108
	112	109
	114	110
	115	111
	117	113
	119	116
	121	119
	122	124
	123	126
	124	131
	125	135
	126	138
	127	140
	129	142
	130	143
	133	146
	134	147
	136	149
	139	152
	140	153
	141	154
	142	154
	143	155
	146	160
	150	165
	151	169
	152	170
	154	171
	155	173
	156	174
	158	175
	159	176
	160	178
	161	184
	166	189
	167	190
	170	191
	171	192
	174	194
	175	195
	176	196
	177	197
	179	198
	183	200
	187	206
	189	207
	190	211
	191	212
	193	214
	195	218
	196	224
	197	228
	199	246
	200	234
	201	236
	202	239
	203	240
	204	241
	208	261
	209	262
	210	263
	212	265
	213	270
	214	271
	219	281
	220	297
	221	298
	222	299
	223	300
	225	301
	230	307
	231	308
	234	311
	235	312
	236	313
	237	314
	238	315
	240	317
	241	318
	243	321
	245	324
	247	325
	248	326
	250	327
	251	328
	254	331
net/minecraft/client/render/fog/StatusEffectFogModifier	26	28
	16	18
	21	23
	26	28
net/minecraft/util/annotation/ClientMethodsReturnNonnullByDefault	0	0
com/mojang/blaze3d/systems/CommandEncoder	0	0
net/minecraft/client/render/entity/OminousItemSpawnerEntityRenderer	55	50
	33	32
	35	33
	36	34
	37	35
	41	38
	42	50
	45	39
	46	40
	47	41
	48	42
	51	45
	52	46
	53	47
	22	23
	54	48
	23	24
	55	50
	24	25
	28	28
net/minecraft/client/toast/Toast	70	71
	65	66
	66	67
	35	36
	51	52
	69	70
	70	71
	39	40
	55	56
	25	26
	43	44
	31	32
	47	48
net/minecraft/client/render/entity/model/SquidEntityModel	66	100
	64	98
	66	100
	21	60
	22	61
	23	62
	26	65
	30	69
	31	70
	32	71
	34	72
	35	73
	36	75
	37	75
	38	76
	41	78
	42	79
	43	79
	45	81
	46	82
	47	83
	48	84
	49	85
	51	86
	52	87
	54	88
	57	91
	62	95
	63	97
net/minecraft/client/render/item/property/numeric/CustomModelDataFloatProperty	33	37
	16	18
	17	19
	33	37
	21	24
	22	25
	23	26
	24	27
	25	28
	28	32
	15	18
net/minecraft/client/realms/FileUpload	220	259
	129	138
	130	152
	131	154
	132	155
	133	156
	136	159
	137	160
	138	161
	140	164
	141	165
	142	166
	144	167
	146	169
	147	170
	148	171
	149	172
	153	176
	156	179
	160	183
	161	184
	165	188
	166	188
	167	188
	168	188
	172	192
	181	202
	182	203
	183	204
	184	205
	185	206
	61	62
	189	210
	62	63
	190	244
	63	64
	191	214
	64	65
	65	66
	193	216
	66	67
	67	68
	195	217
	68	69
	196	218
	69	70
	197	219
	70	71
	199	222
	200	223
	73	74
	74	75
	76	77
	204	226
	77	78
	205	228
	78	79
	206	229
	79	80
	207	230
	81	82
	210	234
	211	235
	213	238
	86	88
	214	239
	87	89
	215	240
	216	241
	90	92
	91	93
	219	256
	92	94
	220	259
	94	96
	95	97
	96	98
	98	102
	99	103
	100	104
	101	105
	102	122
	104	106
	105	111
	106	112
	107	113
	109	117
	112	119
	114	107
	118	127
	119	128
	121	130
	122	131
	123	132
	126	135
net/minecraft/client/realms/exception/upload/FailedRealmsUploadException	18	22
	18	22
	9	13
	10	14
	13	17
	14	18
net/minecraft/client/render/entity/FoxEntityRenderer	60	58
	32	33
	36	36
	37	37
	39	39
	45	44
	50	48
	51	49
	20	24
	52	50
	53	51
	22	25
	54	52
	23	26
	55	53
	56	54
	57	55
	58	56
	27	29
	59	57
	60	58
	29	30
	30	31
net/minecraft/client/gui/EditBox	411	552
	256	367
	259	369
	260	370
	262	372
	264	375
	267	307
	268	308
	269	309
	271	311
	273	314
	276	316
	277	317
	278	318
	280	320
	282	323
	285	304
	286	305
	289	377
	293	386
	39	46
	40	47
	41	48
	297	393
	42	49
	45	62
	302	401
	303	402
	49	77
	50	78
	307	409
	52	80
	53	82
	311	416
	56	85
	312	417
	57	86
	313	418
	314	419
	59	88
	60	90
	317	421
	63	102
	322	436
	67	106
	323	437
	326	439
	71	115
	72	116
	329	441
	330	442
	75	122
	76	123
	334	445
	79	129
	335	446
	80	130
	338	449
	83	133
	84	134
	85	140
	87	135
	343	464
	88	136
	344	465
	89	137
	90	138
	91	140
	347	467
	94	146
	350	469
	351	470
	98	156
	99	167
	355	473
	356	474
	102	157
	359	477
	104	158
	105	159
	107	160
	363	489
	108	167
	364	491
	365	492
	111	161
	112	162
	368	495
	113	163
	115	164
	116	167
	372	503
	373	504
	374	505
	119	175
	375	506
	120	176
	378	512
	123	179
	124	180
	380	513
	381	514
	382	523
	127	186
	385	518
	131	195
	132	196
	388	519
	389	520
	135	202
	391	523
	394	531
	139	209
	395	531
	397	531
	143	216
	144	217
	145	218
	401	542
	146	219
	402	543
	403	544
	404	545
	149	223
	407	548
	153	230
	411	552
	157	239
	158	241
	159	244
	160	247
	162	250
	163	251
	165	252
	166	253
	168	255
	171	262
	172	268
	175	263
	177	264
	178	265
	179	266
	180	268
	183	274
	184	275
	186	276
	187	277
	189	278
	190	279
	193	285
	195	286
	196	287
	197	288
	198	289
	199	290
	200	291
	201	292
	202	293
	203	294
	204	295
	205	296
	206	297
	207	298
	208	299
	211	301
	213	334
	214	335
	215	336
	217	338
	219	341
	222	325
	223	326
	224	327
	226	329
	228	332
	231	349
	232	350
	234	353
	237	343
	238	344
	240	347
	243	355
	244	356
	247	358
	248	359
	251	361
	252	362
	254	364
net/minecraft/client/realms/gui/screen/tab/RealmsWorldsTab	172	200
	128	143
	130	144
	131	145
	133	147
	137	152
	139	150
	143	159
	144	161
	145	162
	146	163
	149	168
	150	170
	152	172
	153	173
	154	174
	155	177
	156	180
	158	183
	161	187
	162	188
	35	40
	36	41
	164	190
	37	42
	38	43
	166	192
	39	44
	167	194
	168	196
	41	45
	169	197
	42	46
	43	48
	44	49
	172	200
	46	52
	48	53
	50	54
	51	57
	52	61
	54	64
	55	66
	56	68
	58	71
	59	71
	60	71
	62	72
	63	73
	64	74
	65	75
	68	78
	69	79
	71	84
	73	87
	76	90
	77	91
	78	92
	79	93
	81	96
	83	98
	86	101
	91	106
	92	107
	96	111
	97	112
	98	113
	99	114
	100	115
	102	117
	103	118
	104	119
	106	121
	109	125
	110	127
	111	128
	112	129
	113	130
	115	132
	118	135
	121	138
	122	139
	123	140
	127	142
net/minecraft/client/gui/screen/ingame/GrindstoneScreen	33	35
	16	19
	33	35
	20	23
	21	24
	22	25
	26	29
	27	30
	28	31
	30	32
	15	18
	31	33
net/minecraft/client/render/model/WeightedBlockStateModel	42	43
	17	18
	19	19
	20	20
	36	37
	21	21
	25	25
	41	42
	42	43
	30	30
	31	31
net/minecraft/client/gui/screen/world/InitialWorldOptions	0	0
net/minecraft/client/render/entity/StrayEntityRenderer	26	26
	16	18
	17	19
	21	22
	26	26
	14	17
net/minecraft/client/render/entity/model/ArmorStandArmorEntityModel	73	67
	64	60
	66	61
	67	62
	68	63
	70	64
	71	65
	72	66
	73	67
	16	20
	17	21
	20	24
	21	25
	22	26
	23	28
	24	28
	25	29
	27	31
	28	32
	29	32
	32	34
	33	36
	34	36
	35	37
	37	39
	38	41
	39	41
	40	42
	43	44
	48	48
	50	49
	51	50
	52	51
	54	52
	55	53
	56	54
	58	55
	59	56
	60	57
	62	58
	63	59
net/minecraft/client/font/RenderableGlyph	37	40
	17	20
	33	36
	21	24
	37	40
	25	28
	29	32
net/minecraft/client/gui/screen/option/OptionsScreen	171	175
	129	132
	130	133
	131	134
	133	135
	134	136
	135	137
	137	138
	139	140
	140	141
	143	144
	148	151
	149	152
	150	153
	151	155
	152	155
	156	160
	157	161
	158	162
	159	163
	160	164
	161	165
	163	167
	167	171
	168	172
	171	175
	60	55
	61	56
	62	57
	63	58
	67	62
	68	63
	69	64
	70	65
	71	66
	73	67
	74	68
	76	69
	78	70
	79	71
	80	72
	81	73
	82	74
	83	75
	84	79
	85	84
	86	85
	87	86
	88	87
	89	88
	91	91
	93	92
	94	93
	96	95
	97	97
	98	98
	102	102
	103	103
	107	107
	108	108
	111	111
	112	112
	113	113
	116	116
	117	117
	119	118
	120	119
	121	123
	123	126
	124	127
	127	131
net/minecraft/client/gui/screen/ingame/AbstractCommandBlockScreen	185	169
	130	128
	131	129
	134	130
	135	131
	138	132
	139	135
	140	136
	143	133
	148	142
	149	142
	152	142
	157	147
	158	147
	33	33
	161	147
	34	34
	38	38
	166	152
	39	39
	168	153
	41	41
	169	154
	170	155
	172	156
	173	157
	174	158
	175	159
	176	160
	49	50
	50	53
	51	55
	179	163
	52	56
	180	164
	53	58
	54	59
	55	60
	56	61
	184	168
	57	62
	185	169
	58	63
	59	64
	62	66
	65	69
	68	72
	69	73
	70	74
	72	75
	73	78
	74	79
	75	80
	76	81
	78	82
	79	83
	80	84
	82	85
	83	86
	87	90
	88	91
	92	95
	93	95
	95	95
	100	100
	101	101
	102	102
	104	103
	105	104
	108	107
	109	108
	112	111
	113	112
	115	113
	116	114
	118	117
	119	118
	124	123
	125	124
net/minecraft/client/gui/screen/narration/NarrationMessageBuilder	17	69
	16	68
	17	69
	8	38
	9	39
	12	50
	13	51
com/mojang/blaze3d/buffers/Std140Builder	157	154
	131	128
	132	129
	133	130
	134	131
	138	135
	139	136
	140	137
	141	138
	142	139
	143	140
	147	144
	148	145
	149	146
	150	147
	154	151
	27	24
	155	152
	28	25
	156	153
	29	26
	157	154
	32	29
	36	33
	40	37
	44	41
	45	42
	46	43
	50	47
	51	48
	52	49
	56	53
	57	54
	58	55
	62	59
	63	60
	64	61
	65	62
	69	66
	70	67
	71	68
	72	69
	76	73
	77	74
	78	75
	79	76
	83	80
	84	81
	85	82
	86	83
	90	87
	91	88
	92	89
	93	90
	94	91
	95	92
	99	96
	100	97
	101	98
	102	99
	106	103
	107	104
	108	105
	109	106
	110	107
	111	108
	115	112
	116	113
	117	114
	118	115
	122	119
	123	120
	124	121
	125	122
	126	123
	127	124
net/minecraft/client/gui/screen/ConfirmLinkScreen	124	134
	27	26
	28	27
	31	30
	32	31
	35	34
	36	35
	39	38
	40	39
	43	42
	44	43
	45	44
	46	45
	47	46
	48	47
	51	50
	55	54
	60	59
	61	60
	63	62
	67	66
	68	67
	69	68
	70	69
	71	70
	72	71
	73	72
	76	75
	77	76
	80	79
	81	80
	83	81
	84	82
	86	85
	87	86
	89	87
	92	90
	93	91
	95	92
	96	93
	98	96
	99	97
	101	98
	104	101
	105	102
	108	111
	109	112
	112	115
	116	119
	120	130
	124	134
net/minecraft/client/gui/render/BookModelGuiElementRenderer	58	53
	32	31
	33	32
	34	33
	35	34
	36	35
	38	36
	39	37
	40	38
	42	39
	43	40
	45	41
	47	42
	48	43
	49	44
	19	20
	20	21
	53	48
	24	25
	58	53
	29	29
	31	30
net/minecraft/client/gui/tab/Tab	0	0
net/minecraft/client/render/entity/state/ProjectileEntityRenderState	0	0
net/minecraft/client/particle/SquidInkParticle	63	65
	10	15
	11	16
	12	17
	14	18
	15	19
	17	20
	18	21
	20	22
	22	23
	23	24
	24	25
	25	26
	29	30
	30	31
	31	32
	32	33
	33	34
	35	37
	36	38
	39	41
	45	48
	46	49
	50	52
	58	61
	59	62
	63	65
net/minecraft/unused/packageinfo/PackageInfo6191	0	0
net/minecraft/unused/packageinfo/PackageInfo6190	0	0
net/minecraft/client/gui/screen/GameMenuScreen	277	245
	256	227
	258	228
	259	229
	260	230
	261	231
	263	232
	265	233
	266	234
	267	235
	271	239
	272	240
	276	244
	277	245
	71	67
	72	68
	73	69
	76	72
	81	77
	82	78
	85	81
	86	82
	89	85
	90	86
	92	87
	94	88
	95	88
	96	89
	97	90
	98	91
	99	91
	102	92
	103	93
	105	94
	106	95
	107	96
	109	98
	112	101
	114	102
	115	103
	117	105
	120	108
	121	108
	123	109
	124	110
	125	111
	129	112
	130	113
	132	114
	133	115
	136	118
	137	119
	139	120
	140	121
	141	122
	142	123
	144	124
	147	127
	153	131
	154	132
	155	132
	158	132
	162	136
	163	137
	164	138
	167	141
	168	142
	169	143
	170	144
	171	145
	172	146
	174	148
	177	151
	178	152
	180	153
	182	154
	185	157
	186	158
	188	160
	191	163
	192	164
	193	165
	194	166
	195	167
	197	169
	199	171
	203	175
	204	176
	206	178
	210	182
	212	183
	213	184
	216	187
	217	188
	219	192
	223	196
	224	197
	226	199
	229	202
	230	203
	231	203
	236	207
	240	211
	248	221
	249	222
	250	223
net/minecraft/client/render/item/model/BundleSelectedItemModel	39	53
	17	30
	18	31
	34	48
	19	32
	20	33
	22	35
	39	53
	29	43
net/minecraft/client/particle/DustColorTransitionParticle	49	62
	32	43
	36	47
	37	48
	38	49
	44	56
	45	57
	14	27
	16	28
	49	62
	18	29
	19	30
	20	31
	23	34
	27	38
	28	39
	29	40
	30	41
	31	42
net/minecraft/unused/packageinfo/PackageInfo6199	0	0
net/minecraft/unused/packageinfo/PackageInfo6198	0	0
net/minecraft/client/gui/screen/world/SymlinkWarningScreen	112	76
	65	52
	66	53
	67	54
	68	54
	70	54
	72	54
	73	54
	75	55
	76	55
	78	55
	80	55
	81	55
	83	56
	84	56
	86	56
	88	56
	89	56
	92	57
	29	30
	30	31
	94	58
	31	32
	95	59
	32	33
	96	60
	33	34
	36	37
	100	64
	101	65
	102	66
	106	70
	45	41
	111	75
	112	76
	55	46
	57	47
	58	48
	60	49
	61	50
	63	51
net/minecraft/unused/packageinfo/PackageInfo6197	0	0
net/minecraft/unused/packageinfo/PackageInfo6196	0	0
net/minecraft/unused/packageinfo/PackageInfo6195	0	0
net/minecraft/unused/packageinfo/PackageInfo6194	0	0
net/minecraft/client/render/entity/LightningEntityRenderer	134	122
	128	117
	129	118
	130	119
	134	122
	14	17
	15	18
	19	21
	20	22
	21	23
	22	24
	24	25
	25	27
	26	28
	27	29
	28	30
	29	31
	33	34
	34	35
	35	37
	36	38
	37	40
	38	41
	39	42
	40	43
	41	44
	43	47
	44	48
	46	51
	47	52
	48	54
	49	55
	50	56
	51	57
	52	58
	53	59
	55	61
	56	62
	59	65
	60	66
	61	67
	62	68
	64	69
	65	70
	66	71
	69	74
	70	75
	71	76
	74	79
	75	80
	76	81
	77	82
	81	86
	84	106
	85	106
	87	106
	89	106
	91	106
	93	107
	94	107
	96	107
	98	107
	100	107
	102	108
	103	108
	105	108
	107	108
	109	108
	111	109
	112	109
	114	109
	116	109
	118	109
	119	110
	123	113
net/minecraft/client/render/item/model/special/ConduitModelRenderer	52	53
	34	53
	40	28
	41	29
	42	30
	43	31
	44	32
	45	33
	49	37
	50	38
	51	39
	52	40
	21	23
	22	24
	29	48
net/minecraft/client/search/IdentifierSearcher	49	63
	32	46
	33	47
	34	48
	35	49
	36	50
	38	53
	39	54
	41	55
	12	20
	44	58
	15	23
	49	63
	20	28
	26	40
	27	41
	30	43
	31	44
net/minecraft/client/gui/hud/ClientBossBar	36	38
	34	36
	35	37
	36	38
	16	20
	17	21
	18	22
	19	23
	20	24
	21	25
	22	26
	23	27
	27	30
	28	31
	29	32
	30	33
net/minecraft/client/render/model/json/ModelVariant	88	90
	66	67
	67	68
	68	69
	69	70
	70	72
	75	77
	76	78
	16	19
	80	82
	17	20
	18	20
	19	22
	84	86
	24	27
	88	90
	25	28
	28	31
	32	35
	36	39
	40	43
	44	47
	48	51
	53	56
	58	61
	59	62
net/minecraft/client/render/entity/model/AllayEntityModel	111	128
	31	32
	38	33
	41	36
	42	37
	44	38
	45	39
	46	44
	47	49
	48	53
	49	58
	50	63
	51	68
	53	73
	58	77
	60	78
	61	79
	62	80
	63	81
	64	82
	65	83
	66	84
	67	85
	69	86
	70	87
	71	88
	72	89
	73	90
	74	91
	75	92
	76	93
	77	94
	78	95
	80	97
	81	98
	84	101
	85	102
	86	103
	87	104
	88	105
	89	106
	90	107
	91	108
	92	109
	93	110
	94	111
	95	112
	96	113
	97	114
	98	115
	99	116
	103	120
	104	121
	105	122
	106	123
	107	124
	108	125
	109	126
	110	127
	111	128
net/minecraft/client/network/BlockListChecker	33	34
	32	33
	17	19
	33	34
	18	20
	19	21
	20	22
	22	23
	25	26
	26	27
	27	28
net/minecraft/client/gui/screen/recipebook/RecipeAlternativesWidget	305	323
	260	186
	261	187
	262	188
	263	189
	264	190
	267	193
	274	200
	275	201
	279	205
	281	206
	282	207
	284	209
	285	210
	287	211
	288	212
	289	213
	291	214
	293	215
	295	217
	298	226
	299	223
	300	224
	302	230
	305	233
	51	48
	52	49
	53	50
	56	62
	58	63
	59	64
	61	67
	62	68
	64	69
	65	70
	66	71
	67	72
	70	73
	71	74
	72	75
	73	76
	76	79
	77	80
	78	81
	79	82
	82	85
	83	86
	84	87
	85	88
	88	91
	90	92
	91	94
	92	95
	93	96
	95	97
	96	98
	97	99
	98	100
	100	103
	104	108
	105	109
	108	112
	113	117
	118	122
	119	123
	122	125
	123	126
	124	127
	125	128
	129	132
	134	138
	139	143
	140	154
	143	144
	144	145
	145	146
	147	147
	148	148
	150	150
	151	151
	153	154
	156	157
	157	158
	160	161
	166	166
	170	170
	180	304
	181	305
	184	308
	185	309
	186	310
	187	311
	190	315
	195	320
	196	321
	198	323
	213	250
	214	251
	217	254
	218	255
	219	256
	220	258
	222	259
	223	260
	224	261
	226	263
	228	266
	229	268
	230	270
	231	271
	232	272
	233	273
	241	281
	246	286
	247	287
	249	289
net/minecraft/client/render/debug/BeeDebugRenderer	370	305
	260	218
	261	219
	263	221
	268	224
	269	225
	273	228
	274	229
	278	232
	279	233
	280	234
	283	236
	286	239
	287	240
	290	243
	291	244
	293	245
	294	246
	295	247
	297	248
	298	249
	301	252
	302	253
	306	254
	308	255
	309	256
	310	257
	312	258
	313	259
	314	260
	317	263
	321	267
	322	267
	323	267
	324	267
	329	271
	330	272
	331	273
	76	60
	77	61
	335	277
	81	65
	82	66
	83	67
	339	281
	84	68
	340	282
	341	283
	342	284
	87	71
	88	72
	346	288
	91	75
	347	288
	92	76
	348	288
	349	288
	350	288
	95	79
	96	80
	100	84
	101	85
	358	292
	103	86
	359	294
	360	295
	105	87
	106	88
	362	296
	108	90
	365	300
	111	93
	112	94
	369	304
	370	305
	115	97
	116	98
	117	99
	120	102
	122	103
	123	104
	124	105
	126	107
	129	108
	133	110
	134	111
	135	112
	139	116
	141	117
	142	118
	143	119
	144	120
	146	122
	148	123
	149	124
	150	125
	152	127
	154	128
	160	131
	162	132
	163	132
	165	133
	169	137
	171	138
	172	139
	173	140
	175	142
	177	143
	178	144
	180	145
	181	146
	182	147
	184	148
	185	149
	186	150
	187	151
	190	154
	191	155
	192	157
	193	157
	195	157
	200	162
	201	163
	202	164
	205	167
	206	168
	207	169
	208	170
	209	171
	214	174
	216	175
	217	176
	220	179
	222	180
	223	181
	224	182
	225	183
	227	185
	230	188
	232	189
	233	190
	236	193
	237	195
	239	206
	242	209
	245	210
	248	211
	252	212
	253	213
	255	215
net/minecraft/client/render/block/entity/StructureBlockBlockEntityRenderer	149	133
	129	113
	130	114
	131	115
	132	116
	133	117
	134	118
	135	119
	136	120
	138	121
	139	122
	140	124
	144	128
	149	133
	25	27
	29	31
	30	66
	32	32
	33	33
	34	66
	36	34
	37	35
	38	36
	40	37
	41	66
	44	38
	45	39
	46	40
	48	41
	49	42
	50	44
	52	60
	53	61
	55	66
	58	69
	60	70
	61	71
	63	73
	64	74
	65	75
	66	76
	67	77
	68	78
	69	79
	70	80
	71	81
	73	82
	74	83
	75	84
	76	85
	77	86
	78	87
	80	88
	82	89
	84	90
	86	91
	88	92
	89	93
	90	94
	91	95
	107	99
	110	102
	111	103
	112	124
	115	104
	117	105
	119	107
	120	108
	121	109
	122	109
	123	109
	124	109
net/minecraft/client/color/block/BlockColorProvider	0	0
net/minecraft/client/gui/screen/GameModeSwitcherScreen	241	225
	128	78
	131	79
	133	80
	134	81
	135	82
	137	83
	140	86
	142	88
	143	89
	145	90
	147	91
	148	92
	151	96
	155	100
	156	101
	157	102
	158	103
	161	106
	162	107
	165	110
	166	116
	169	111
	171	112
	172	113
	44	202
	45	203
	174	116
	46	204
	47	205
	177	119
	178	120
	50	208
	179	121
	51	209
	181	122
	54	212
	55	213
	184	124
	56	214
	57	215
	58	216
	189	130
	190	131
	191	132
	63	221
	192	133
	64	222
	65	223
	66	224
	195	135
	67	225
	200	141
	208	150
	209	151
	210	152
	214	156
	215	157
	216	158
	218	161
	219	162
	94	49
	223	166
	96	50
	224	167
	97	51
	98	52
	228	171
	101	55
	102	56
	103	57
	104	58
	232	175
	233	176
	106	60
	236	179
	237	180
	111	66
	240	183
	113	67
	241	184
	115	69
	116	70
	117	71
	119	73
	123	77
	124	96
com/mojang/blaze3d/platform/DepthTestFunction	0	0
net/minecraft/client/realms/CheckedGson	39	45
	34	40
	20	27
	39	45
	30	36
	15	22
net/minecraft/client/WindowSettings	17	14
	17	14
	13	10
net/minecraft/client/realms/gui/screen/RealmsGenericErrorScreen	81	74
	67	61
	68	62
	72	66
	77	71
	79	72
	80	73
	81	74
	23	23
	24	24
	25	25
	26	26
	29	29
	30	30
	31	31
	32	32
	35	35
	36	36
	37	37
	38	38
	41	41
	42	42
	43	42
	44	42
	49	46
	50	46
	56	50
	61	55
	62	56
	63	57
net/minecraft/client/render/item/property/select/ComponentSelectProperty	66	53
	32	27
	34	27
	66	53
	36	29
	38	30
	39	31
	44	33
	50	37
	56	43
	25	22
	26	24
	27	25
	28	25
	61	48
	30	25
net/minecraft/client/render/model/ModelBakeSettings	79	23
	65	15
	72	19
	79	23
net/minecraft/client/sound/SnifferDigSoundInstance	42	39
	32	37
	33	39
	36	31
	37	32
	38	33
	40	34
	41	35
	42	39
	15	16
	17	17
	19	18
	20	19
	21	20
	22	21
	26	25
	31	30
net/minecraft/client/data/TextureKey	80	80
	80	80
	65	66
	66	67
	67	68
	70	71
	57	58
	75	76
	61	62
net/minecraft/client/particle/CrackParticle	103	109
	67	70
	74	85
	75	86
	82	95
	21	24
	22	25
	23	26
	24	27
	25	28
	89	102
	26	29
	27	30
	28	31
	32	35
	96	76
	36	39
	37	40
	38	41
	39	42
	103	109
	41	44
	43	47
	44	48
	46	49
	47	50
	48	51
	52	55
	57	60
	62	65
net/minecraft/client/render/VertexConsumerProvider	101	151
	64	100
	68	109
	69	110
	70	111
	72	113
	75	120
	77	122
	78	123
	80	125
	17	23
	83	131
	84	132
	21	39
	85	133
	87	135
	90	138
	91	139
	92	140
	93	141
	94	142
	96	145
	98	148
	35	72
	99	149
	36	73
	37	74
	101	151
	41	78
	42	79
	43	80
	44	81
	47	84
	48	85
	51	87
	52	88
	53	89
	55	91
	56	92
	58	95
	59	96
	62	99
net/minecraft/client/render/entity/state/ArmorStandEntityRenderState	0	0
net/minecraft/client/util/tracy/TracyLoader	27	28
	11	14
	12	21
	14	15
	15	16
	16	21
	18	17
	19	18
	20	21
	23	24
	24	28
	25	25
	26	26
	27	27
net/minecraft/client/render/entity/RabbitEntityRenderer	52	53
	32	33
	33	34
	34	35
	35	36
	36	37
	37	38
	43	45
	48	49
	49	50
	50	51
	51	52
	52	53
	21	24
	22	25
	26	28
	27	29
	30	31
	31	32
net/minecraft/client/gui/PlayerSkinDrawer	44	52
	32	42
	34	43
	35	44
	37	46
	40	49
	41	50
	43	51
	44	52
	22	26
	23	27
	26	33
	27	34
	30	40
	31	41
net/minecraft/client/gui/widget/TabNavigationWidget	252	260
	47	44
	48	45
	49	46
	51	47
	53	48
	54	50
	55	51
	57	54
	58	55
	66	250
	67	251
	68	252
	71	255
	72	256
	76	260
	81	58
	85	62
	86	63
	90	67
	95	75
	96	76
	97	77
	99	79
	103	83
	104	84
	105	85
	107	87
	112	92
	113	93
	114	94
	115	95
	118	99
	119	99
	121	99
	126	104
	130	108
	135	113
	136	113
	137	113
	138	113
	143	118
	144	122
	145	123
	146	124
	147	125
	148	126
	149	127
	150	128
	152	130
	155	133
	156	134
	157	135
	158	136
	161	139
	165	143
	166	155
	167	156
	168	160
	169	161
	171	163
	175	167
	180	171
	181	172
	182	174
	183	175
	185	178
	186	179
	187	180
	188	181
	192	184
	193	185
	194	186
	195	187
	197	189
	200	192
	201	193
	203	195
	206	198
	207	199
	209	201
	212	204
	213	205
	214	206
	215	207
	216	208
	219	212
	223	216
	227	220
	228	221
	229	222
	230	222
	231	223
	232	224
	233	225
	234	225
	236	225
	240	227
	244	232
	245	233
	246	234
	251	239
	252	240
net/minecraft/client/render/entity/model/EntityModelLayer	8	10
	8	10
net/minecraft/client/particle/SonicBoomParticle	25	26
	20	22
	21	23
	8	11
	25	26
	10	12
	11	13
	13	14
	14	15
net/minecraft/client/render/entity/feature/FeatureRenderer	34	40
	18	20
	34	40
	19	21
	22	26
	23	27
	24	28
	26	30
	29	35
	30	36
	31	37
net/minecraft/client/resource/ResourceIndex	51	74
	32	42
	33	43
	34	44
	35	45
	37	46
	38	47
	39	48
	40	49
	42	50
	45	68
	46	69
	47	70
	48	71
	51	74
	25	33
	27	34
	29	35
	30	53
	31	41
net/minecraft/client/render/debug/ChunkBorderDebugRenderer	112	102
	20	22
	21	23
	25	27
	27	28
	28	29
	30	30
	31	31
	32	32
	34	33
	36	34
	39	36
	40	37
	41	38
	42	39
	43	40
	44	41
	49	45
	50	46
	51	47
	52	48
	53	49
	54	50
	56	51
	57	52
	58	53
	59	54
	63	57
	64	58
	65	59
	66	60
	67	61
	68	62
	70	63
	71	64
	72	65
	73	66
	77	69
	78	70
	79	71
	80	72
	81	73
	82	74
	83	75
	84	76
	85	77
	86	78
	89	81
	92	83
	93	84
	94	85
	95	86
	96	87
	97	88
	102	92
	103	93
	104	94
	105	95
	106	96
	107	97
	108	98
	109	99
	110	100
	112	102
net/minecraft/client/render/chunk/ChunkBuilder	512	539
	512	539
	63	65
	64	66
	65	67
	66	68
	67	69
	68	70
	69	71
	71	72
	72	73
	75	76
	76	77
	80	80
	81	105
	84	81
	85	82
	86	105
	88	83
	90	84
	91	84
	92	85
	93	86
	94	87
	95	88
	96	102
	98	90
	99	91
	100	92
	101	93
	103	95
	105	98
	106	99
	107	100
	108	102
	109	105
	112	108
	113	109
	117	113
	118	114
	121	118
	122	119
	124	121
	127	124
	128	125
	131	128
	132	136
	134	129
	135	130
	136	134
	138	131
	139	132
	140	134
	141	136
	144	139
	145	140
	149	143
	153	147
	154	148
	156	149
	157	150
	161	154
	166	159
	171	164
	176	169
	199	188
	200	189
	201	190
	204	193
	205	194
	209	198
	210	199
	211	200
	212	201
	213	202
	214	203
	215	204
	216	205
	220	209
	224	213
	225	214
	226	215
	228	238
	229	217
	230	223
	231	221
	232	222
	233	235
	234	238
	235	238
	239	243
	240	244
	241	245
	243	268
	244	253
	245	251
	246	252
	247	265
	248	268
	252	273
	253	274
	254	275
	255	276
	256	277
	257	278
	258	279
	259	280
	262	283
	266	287
	267	288
	268	289
	269	290
	273	293
	277	297
	281	301
	282	302
	283	303
	284	304
	287	307
	288	308
	289	309
	292	312
	296	316
	300	320
	304	324
	305	325
	306	326
	308	328
	311	331
	315	335
	319	339
	320	340
	321	341
	323	344
	324	345
	325	346
	327	348
	330	351
	331	352
	332	353
	333	354
	334	355
	338	359
	339	360
	340	361
	343	364
	346	365
	347	366
	350	369
	351	370
	352	371
	353	372
	356	375
	357	376
	358	376
	359	376
	360	376
	368	384
	369	385
	370	386
	374	390
	379	395
	380	396
	383	398
	384	399
	388	400
	389	401
	393	408
	394	407
	395	420
	396	424
	398	425
	399	426
	400	427
	403	429
	405	430
	407	431
	408	432
	409	433
	411	436
	412	440
	413	441
	416	437
	417	438
	423	451
	424	452
	426	454
	433	462
	434	463
	435	464
	439	468
	444	473
	445	474
	448	476
	449	477
	450	507
	453	478
	454	479
	455	480
	457	481
	458	482
	461	484
	462	485
	463	486
	466	487
	467	488
	468	489
	471	491
	473	492
	474	493
	475	494
	477	497
	478	498
	480	500
	481	501
	487	514
	488	515
	497	525
	498	526
	507	535
net/minecraft/client/render/entity/feature/LlamaDecorFeatureRenderer	44	58
	32	39
	33	40
	34	41
	35	42
	36	43
	38	45
	41	55
	42	56
	43	57
	44	58
	23	29
	24	30
	25	31
	26	32
	27	33
	31	38
net/minecraft/client/resource/language/LanguageManager	92	85
	64	60
	65	61
	69	65
	71	66
	73	67
	75	68
	76	69
	79	72
	80	73
	83	76
	87	80
	92	85
	32	33
	33	34
	34	35
	37	38
	39	39
	41	41
	42	42
	44	43
	46	45
	47	46
	49	48
	51	49
	56	53
	57	54
	58	55
	59	56
	61	57
	62	58
	63	59
net/minecraft/client/particle/GlowParticle	181	161
	134	57
	135	58
	139	61
	140	62
	142	63
	15	16
	16	17
	17	18
	18	19
	20	20
	148	64
	149	65
	22	21
	150	66
	23	22
	151	67
	24	23
	28	27
	160	106
	33	32
	161	107
	34	33
	35	34
	37	35
	165	110
	38	36
	166	111
	39	37
	167	112
	40	38
	41	39
	169	114
	43	42
	172	117
	48	47
	49	48
	50	49
	178	118
	179	119
	180	120
	181	121
	56	76
	57	77
	61	81
	62	83
	63	84
	65	86
	67	89
	68	90
	69	91
	70	92
	72	95
	73	96
	82	151
	83	152
	87	155
	88	156
	90	157
	96	158
	97	159
	98	160
	99	161
	108	131
	109	132
	113	135
	114	136
	116	137
	122	138
	123	139
	124	140
	125	141
net/minecraft/client/gui/screen/pack/ExperimentalWarningScreen	155	159
	128	129
	132	133
	142	144
	143	145
	144	146
	145	147
	149	153
	150	154
	151	155
	155	159
	40	41
	41	42
	42	43
	43	44
	47	48
	52	53
	54	54
	55	54
	57	55
	58	56
	59	57
	60	58
	62	59
	64	60
	65	61
	67	63
	68	65
	69	66
	70	67
	74	71
	75	72
	79	76
	80	77
	91	87
	92	88
	96	92
	97	93
	98	95
	99	97
	100	99
	101	100
	105	104
	106	105
	108	108
	109	109
	113	113
	114	114
	118	119
	120	121
	121	122
	122	123
	123	124
	124	125
	125	126
net/minecraft/client/render/model/BakedModelManager	292	410
	258	376
	259	377
	261	379
	262	380
	263	381
	264	382
	265	383
	266	384
	267	385
	271	389
	275	394
	280	398
	281	399
	284	402
	285	403
	288	406
	292	410
	81	98
	82	99
	83	100
	84	101
	85	102
	88	105
	92	109
	96	113
	100	117
	105	121
	106	122
	108	123
	109	124
	110	125
	111	126
	112	128
	114	131
	116	132
	118	133
	119	134
	120	135
	121	136
	122	138
	123	140
	124	142
	125	143
	126	144
	128	145
	129	146
	130	147
	133	151
	134	151
	135	152
	136	153
	137	154
	138	155
	140	157
	143	161
	144	162
	145	163
	149	167
	150	168
	151	170
	152	172
	153	173
	154	174
	155	182
	156	198
	157	199
	158	200
	159	201
	163	207
	168	222
	169	217
	170	218
	171	219
	172	220
	173	238
	174	234
	178	250
	181	252
	182	253
	184	254
	189	259
	190	260
	191	261
	192	262
	194	264
	195	265
	200	271
	201	272
	204	275
	205	277
	206	284
	209	288
	210	291
	213	294
	215	295
	220	316
	221	305
	223	307
	224	308
	225	309
	226	310
	228	312
	230	332
	231	328
	235	341
	236	357
	237	353
	241	361
	242	362
	244	363
	245	364
	246	365
	247	366
	248	367
	249	368
	250	369
	251	370
	252	371
	254	372
	255	373
net/minecraft/client/render/entity/FishingBobberEntityRenderer	165	131
	129	102
	130	103
	131	104
	132	105
	133	106
	134	107
	135	108
	137	109
	138	110
	142	113
	147	117
	149	118
	150	119
	151	120
	152	128
	27	29
	155	122
	28	30
	156	123
	158	124
	159	125
	32	33
	160	126
	161	128
	37	37
	165	131
	39	38
	40	39
	42	40
	44	41
	46	42
	48	43
	49	44
	50	45
	51	46
	53	47
	55	48
	56	49
	57	50
	59	51
	61	52
	63	53
	64	55
	65	56
	67	59
	68	60
	69	61
	78	64
	79	64
	80	64
	84	68
	86	69
	87	74
	88	75
	89	76
	90	77
	91	78
	92	79
	95	80
	98	81
	105	70
	107	71
	108	71
	109	71
	110	71
	112	72
	117	86
	121	90
	122	96
	125	99
	126	100
	127	101
net/minecraft/client/render/model/ModelGrouper	71	71
	67	65
	68	67
	69	68
	71	71
	24	25
	25	26
	27	27
	28	28
	30	28
	32	29
	33	30
	34	31
	36	32
	37	33
	38	34
	40	36
	41	37
	42	39
	43	40
	44	41
	45	42
	46	43
	50	47
	51	48
	52	49
	56	53
	61	59
	62	60
	63	61
net/minecraft/client/gui/render/state/special/BookModelGuiElementRenderState	13	28
	12	27
	13	28
net/minecraft/client/render/item/property/select/DisplayContextProperty	29	33
	19	23
	24	28
	29	33
net/minecraft/client/render/model/BakedSimpleModel	120	130
	22	22
	23	25
	24	25
	25	26
	26	25
	29	29
	33	33
	37	37
	38	38
	39	39
	40	40
	42	43
	44	46
	48	50
	52	54
	53	55
	54	56
	55	57
	57	60
	59	63
	63	67
	67	71
	68	72
	69	73
	70	74
	72	77
	74	80
	78	84
	82	88
	86	92
	90	96
	94	100
	95	101
	96	102
	97	103
	98	104
	99	105
	102	109
	104	112
	108	116
	109	117
	110	118
	111	119
	112	120
	113	121
	114	122
	115	123
	116	125
	120	130
net/minecraft/client/render/debug/SupportingBlockDebugRenderer	77	110
	65	75
	69	90
	70	91
	71	92
	72	93
	73	94
	74	95
	75	96
	76	98
	77	110
	25	27
	26	28
	30	32
	31	33
	32	34
	33	35
	34	36
	37	39
	38	40
	39	41
	42	44
	43	45
	46	46
	48	49
	51	63
	52	64
	54	65
	55	66
	57	67
	58	68
	59	69
	61	71
	62	72
net/minecraft/client/render/item/model/special/SimpleSpecialModelRenderer	20	22
	19	21
	20	22
	14	15
net/minecraft/client/realms/exception/RetryCallException	18	19
	16	15
	18	19
	11	13
	13	14
	14	17
net/minecraft/client/render/entity/model/BoggedEntityModel	67	65
	65	63
	66	64
	67	65
	18	19
	19	20
	20	21
	23	24
	24	25
	26	26
	28	27
	29	29
	30	31
	31	31
	32	32
	34	34
	35	36
	36	36
	37	37
	39	39
	40	41
	41	41
	42	42
	44	44
	45	46
	46	46
	47	47
	49	49
	50	51
	51	51
	52	52
	54	54
	55	56
	56	56
	57	57
	60	59
net/minecraft/client/option/SimpleOption	467	681
	257	478
	262	483
	276	552
	277	553
	278	554
	279	555
	280	556
	281	557
	282	558
	283	559
	287	563
	288	564
	289	565
	293	569
	294	570
	39	113
	296	572
	298	574
	301	577
	302	578
	303	579
	304	580
	306	582
	52	127
	310	586
	56	134
	312	587
	313	588
	314	589
	60	141
	316	591
	64	150
	328	419
	329	420
	74	160
	330	422
	331	422
	333	422
	79	160
	338	427
	339	428
	85	171
	341	431
	86	172
	345	444
	348	447
	97	183
	353	452
	98	184
	99	185
	100	186
	101	187
	102	188
	358	457
	103	189
	104	190
	105	191
	363	462
	108	198
	112	206
	371	672
	116	216
	372	673
	120	220
	376	676
	124	224
	381	681
	128	228
	132	235
	388	498
	136	239
	393	503
	141	243
	399	508
	400	511
	145	256
	401	512
	146	257
	402	513
	147	258
	404	514
	149	260
	151	261
	152	268
	154	263
	410	521
	155	264
	156	265
	158	268
	415	526
	161	271
	424	364
	429	368
	434	372
	178	630
	438	383
	183	638
	441	386
	446	391
	195	329
	451	396
	200	336
	456	401
	201	337
	202	338
	203	339
	204	340
	205	341
	206	342
	207	343
	208	344
	464	408
	465	408
	467	408
	217	658
	218	659
	220	660
	233	286
	238	291
	245	603
	250	608
net/minecraft/client/gui/tooltip/FocusedTooltipPositioner	30	30
	17	19
	18	20
	19	21
	22	22
	23	23
	11	14
	27	26
	12	15
	28	27
	30	30
net/minecraft/client/option/ServerList	176	202
	128	151
	130	153
	131	154
	134	157
	136	159
	139	162
	143	166
	144	167
	145	168
	146	169
	147	170
	150	173
	151	174
	154	181
	155	182
	157	183
	30	37
	158	184
	31	38
	159	185
	162	189
	35	42
	36	43
	38	44
	166	193
	39	45
	167	194
	40	46
	168	195
	170	196
	43	49
	171	197
	44	50
	46	51
	174	200
	47	52
	175	201
	176	202
	49	54
	51	56
	52	57
	53	58
	55	60
	59	64
	60	66
	61	67
	63	68
	64	69
	66	72
	67	73
	69	74
	70	75
	73	78
	74	79
	76	80
	77	81
	78	82
	80	83
	81	84
	82	85
	83	86
	84	87
	86	89
	89	92
	94	100
	95	101
	96	102
	99	106
	100	107
	101	108
	104	112
	109	125
	110	126
	111	127
	112	128
	113	129
	114	130
	117	134
	121	138
	122	139
	124	141
	127	150
net/minecraft/client/gui/screen/ingame/CraftingScreen	35	38
	16	19
	32	35
	17	20
	33	36
	34	37
	35	38
	21	24
	22	25
	23	26
	27	30
net/minecraft/client/item/ItemAsset	43	36
	18	16
	19	16
	20	16
	21	17
	24	21
	40	32
	25	22
	41	33
	42	34
	43	36
	28	25
net/minecraft/client/gui/screen/world/WorldScreenOptionGrid	182	179
	131	142
	132	143
	133	144
	135	145
	137	146
	138	147
	140	148
	141	149
	142	150
	143	151
	146	154
	147	155
	149	157
	152	160
	153	161
	154	162
	156	165
	158	166
	159	167
	160	168
	161	169
	162	170
	163	171
	36	57
	164	172
	37	58
	165	173
	166	174
	167	175
	40	61
	168	175
	41	62
	169	175
	170	176
	44	65
	172	179
	45	66
	46	67
	50	71
	178	106
	51	72
	179	107
	180	108
	182	110
	55	76
	56	77
	60	81
	62	82
	63	83
	65	84
	66	85
	67	87
	68	88
	71	91
	72	92
	73	93
	74	94
	78	98
	79	99
	87	31
	88	32
	89	33
	92	36
	96	40
	97	41
	100	44
	114	125
	115	126
	116	127
	117	128
	118	129
	121	132
	122	133
	126	137
	127	138
net/minecraft/client/render/entity/model/SpiderEntityModel	120	125
	32	51
	33	52
	34	53
	35	54
	36	55
	37	56
	38	57
	39	58
	40	59
	41	60
	42	61
	45	64
	46	65
	48	66
	49	67
	50	68
	51	68
	52	68
	54	70
	55	70
	56	70
	57	70
	59	71
	60	71
	61	71
	62	71
	64	72
	65	72
	66	73
	67	73
	69	74
	70	75
	72	76
	73	79
	74	82
	75	83
	76	84
	77	85
	78	86
	79	89
	81	92
	86	96
	88	97
	89	98
	91	99
	92	100
	93	101
	94	102
	95	103
	96	104
	98	105
	99	106
	100	107
	101	108
	103	109
	104	110
	105	111
	106	112
	107	113
	108	114
	109	115
	110	116
	112	117
	113	118
	114	119
	115	120
	116	121
	117	122
	118	123
	119	124
	120	125
net/minecraft/client/network/ClientPlayerEntity	1331	1147
	1032	916
	1033	917
	1034	918
	1037	919
	1038	920
	1039	921
	1044	922
	1045	923
	1046	924
	1049	925
	1050	926
	1051	927
	1053	928
	1056	929
	1057	930
	1062	934
	1063	935
	1067	936
	1068	937
	1069	938
	1070	1009
	1073	939
	1078	940
	1079	941
	1080	942
	1081	1009
	1084	943
	1085	944
	1086	945
	1087	1009
	1097	946
	1098	947
	1099	948
	1100	949
	1104	952
	1107	956
	1108	953
	1112	954
	1113	955
	1114	956
	1118	957
	1119	958
	1123	959
	1124	960
	1127	961
	1128	962
	1129	963
	1130	964
	1133	965
	1134	966
	1139	967
	1141	969
	1142	970
	1143	971
	1150	972
	1151	973
	1152	974
	1155	976
	1156	977
	1157	978
	1158	980
	1159	981
	1160	982
	1161	983
	1164	987
	1165	988
	1166	989
	1167	990
	1168	991
	1178	999
	1179	1009
	1187	1000
	1188	1001
	1189	1009
	168	171
	169	172
	1193	1002
	170	173
	1194	1009
	171	174
	172	175
	173	176
	174	177
	1198	1012
	175	178
	1199	1013
	176	179
	1200	1014
	177	180
	1201	1015
	178	181
	1202	1016
	1203	1017
	1204	1018
	1205	1019
	1206	1024
	183	184
	1208	1020
	1209	1021
	1210	1022
	187	187
	188	188
	1214	1029
	191	190
	1216	1031
	1217	1032
	1218	1033
	195	191
	1219	1034
	196	192
	1220	1035
	197	193
	198	194
	1224	1042
	201	197
	1228	1046
	1229	1047
	206	202
	1230	1048
	207	203
	1231	1049
	208	204
	1232	1050
	1233	1051
	1234	1052
	1235	1053
	212	207
	1236	1054
	1240	1058
	217	211
	218	211
	220	211
	1244	1062
	1248	1070
	225	216
	1249	1071
	226	217
	1251	1073
	228	240
	1252	1074
	1253	1075
	230	218
	1254	1076
	231	219
	1256	1078
	233	220
	1257	1079
	234	221
	1258	1080
	235	222
	238	225
	1262	1086
	239	226
	240	227
	1264	1087
	241	228
	242	229
	1266	1089
	243	230
	246	233
	1270	1092
	249	236
	250	237
	1275	1096
	252	240
	1276	1097
	1278	1098
	255	247
	1279	1099
	256	248
	257	249
	1282	1101
	1283	1102
	260	253
	1284	1103
	1287	1106
	264	257
	1288	1107
	266	258
	267	259
	1291	1110
	268	260
	269	261
	271	262
	272	263
	1296	1115
	1297	1116
	274	264
	1298	1117
	1299	1118
	276	265
	1300	1119
	277	266
	1301	1120
	279	267
	1303	1122
	280	268
	281	269
	282	270
	283	271
	284	272
	1308	1127
	285	273
	1309	1128
	286	274
	289	277
	1313	1131
	290	278
	291	279
	292	280
	293	281
	1318	1135
	295	284
	1319	1136
	296	285
	297	286
	299	289
	1323	1139
	300	290
	302	291
	1327	1143
	304	293
	307	296
	1331	1147
	308	297
	309	298
	310	299
	311	300
	313	302
	316	305
	317	306
	318	307
	319	308
	324	312
	325	313
	326	314
	330	317
	331	318
	332	319
	336	322
	337	323
	338	324
	342	327
	343	328
	344	329
	347	332
	348	333
	349	334
	350	335
	351	336
	352	337
	355	340
	356	341
	357	342
	358	343
	359	344
	362	347
	363	348
	365	350
	369	353
	370	354
	374	357
	379	361
	384	365
	388	369
	389	370
	392	373
	393	374
	396	377
	400	381
	404	385
	405	386
	406	387
	408	389
	412	392
	416	396
	417	397
	421	400
	422	401
	425	404
	427	405
	428	430
	431	406
	432	407
	434	408
	435	409
	437	410
	438	412
	439	413
	440	414
	441	415
	442	416
	443	417
	447	421
	449	422
	450	423
	451	424
	453	426
	456	430
	460	433
	461	434
	462	435
	466	439
	467	440
	468	441
	469	442
	470	443
	474	446
	475	447
	477	449
	479	451
	482	454
	483	455
	486	458
	490	462
	491	463
	494	466
	499	470
	500	471
	504	474
	505	475
	509	478
	510	479
	511	484
	514	480
	516	481
	517	482
	518	484
	522	487
	527	491
	528	492
	529	493
	534	496
	539	500
	541	501
	542	502
	543	503
	545	504
	546	505
	547	506
	548	507
	551	511
	552	511
	553	512
	556	514
	560	518
	564	522
	569	526
	574	530
	575	531
	577	533
	579	535
	583	538
	584	539
	588	542
	589	543
	593	546
	594	547
	598	550
	599	551
	603	554
	604	555
	608	558
	609	559
	613	562
	614	563
	618	566
	619	567
	620	568
	622	570
	626	573
	627	574
	631	577
	632	578
	636	581
	641	585
	645	589
	650	593
	651	594
	652	595
	653	596
	654	597
	655	598
	656	599
	657	600
	658	601
	660	603
	662	605
	675	608
	676	609
	679	611
	680	612
	681	613
	684	616
	685	617
	686	618
	689	621
	693	626
	694	627
	695	628
	698	630
	699	631
	701	632
	702	633
	706	638
	707	639
	708	640
	709	641
	713	645
	717	649
	718	650
	719	651
	720	651
	721	652
	722	653
	725	651
	727	658
	728	659
	731	662
	732	663
	733	664
	737	667
	738	668
	741	671
	742	672
	743	673
	746	676
	747	677
	748	678
	750	679
	751	680
	752	681
	753	682
	754	683
	755	684
	756	684
	758	685
	759	686
	761	687
	762	688
	763	689
	764	690
	765	691
	768	694
	769	695
	770	696
	771	697
	772	698
	775	701
	776	702
	779	705
	780	706
	781	707
	782	708
	784	710
	788	714
	789	715
	793	719
	794	720
	795	721
	796	722
	798	724
	799	725
	803	729
	804	730
	805	731
	806	732
	807	733
	808	734
	809	735
	811	737
	812	738
	813	739
	814	740
	815	741
	817	742
	818	743
	820	746
	821	747
	822	748
	827	753
	828	753
	829	754
	832	757
	834	758
	835	759
	838	762
	839	763
	840	764
	841	765
	842	766
	843	767
	846	770
	848	771
	850	772
	851	773
	853	776
	854	777
	857	780
	858	781
	862	785
	863	786
	864	787
	865	788
	866	789
	868	790
	871	794
	873	795
	874	796
	875	797
	876	798
	878	799
	879	800
	880	801
	882	802
	883	803
	884	804
	886	806
	890	810
	893	813
	894	814
	895	815
	896	816
	898	818
	901	821
	902	822
	903	823
	904	824
	906	826
	910	830
	911	831
	912	832
	913	833
	914	834
	918	838
	922	842
	928	846
	929	847
	930	848
	932	850
	935	853
	936	854
	938	855
	939	856
	940	860
	941	861
	943	864
	946	867
	947	868
	949	871
	950	872
	951	873
	952	874
	955	877
	956	878
	960	881
	961	882
	963	883
	964	884
	966	887
	968	890
	971	893
	976	897
	977	898
	978	899
	980	900
	981	901
	982	902
	984	903
	985	904
	988	907
	993	911
	997	915
	998	1009
net/minecraft/client/realms/dto/RealmsNews	28	28
	19	19
	22	22
	23	23
	24	24
	25	25
	28	28
net/minecraft/client/render/chunk/AbstractChunkRenderData	39	42
	16	19
	35	38
	20	23
	39	42
	24	27
	12	15
	28	31
net/minecraft/client/realms/gui/screen/RealmsBackupInfoScreen	136	141
	132	86
	133	88
	134	89
	136	91
	29	30
	30	31
	31	32
	32	33
	36	37
	37	38
	38	39
	40	40
	41	42
	42	44
	46	48
	47	49
	48	50
	52	54
	53	55
	56	58
	57	59
	58	60
	59	62
	60	62
	62	62
	67	68
	68	69
	69	70
	75	76
	76	77
	77	78
	98	111
	99	112
	100	113
	104	117
	105	118
	106	121
	109	124
	110	125
	111	126
	112	127
	113	128
	114	129
	115	130
	116	131
	117	132
	118	133
	119	134
	120	135
	126	141
net/minecraft/client/realms/gui/screen/RealmsBrokenWorldScreen	236	260
	60	52
	61	53
	62	54
	63	55
	67	59
	69	60
	71	61
	72	62
	74	64
	76	66
	80	70
	84	74
	85	75
	86	76
	89	78
	90	80
	91	81
	92	83
	93	85
	95	88
	96	90
	97	91
	98	91
	101	93
	104	98
	105	99
	106	100
	109	103
	111	105
	115	109
	116	110
	120	114
	122	115
	124	117
	125	118
	128	121
	129	154
	132	122
	133	123
	134	124
	136	138
	139	154
	142	157
	146	161
	150	165
	151	165
	152	165
	153	166
	154	167
	155	168
	156	169
	157	170
	161	174
	163	175
	164	176
	167	179
	168	180
	169	181
	170	182
	171	183
	174	186
	175	187
	178	190
	181	193
	182	195
	183	196
	184	197
	186	198
	187	199
	189	201
	191	203
	192	205
	193	206
	194	207
	195	208
	197	210
	201	214
	202	215
	205	218
	211	235
	212	236
	213	237
	214	238
	215	239
	216	240
	217	241
	218	242
	219	243
	220	244
	222	246
	225	249
	226	250
	227	251
	228	252
	230	254
	231	255
	232	256
	235	259
	236	260
net/minecraft/client/particle/GustParticle	62	64
	32	34
	33	38
	35	36
	36	38
	42	45
	11	13
	43	46
	12	14
	13	15
	14	16
	15	17
	47	49
	16	18
	17	19
	21	23
	55	58
	56	59
	26	28
	60	62
	61	63
	62	64
	31	33
net/minecraft/client/render/entity/state/DonkeyEntityRenderState	0	0
net/minecraft/client/session/telemetry/WorldLoadedEvent	72	68
	64	59
	65	60
	66	61
	68	64
	71	67
	72	68
	25	21
	26	22
	29	25
	30	26
	32	29
	33	30
	36	33
	37	34
	38	35
	40	37
	41	37
	43	37
	47	42
	48	52
	50	43
	51	44
	52	45
	53	46
	54	47
	56	49
	57	50
	62	57
	63	58
net/minecraft/client/option/KeyBinding	192	212
	131	158
	135	162
	136	163
	140	166
	141	167
	143	168
	147	172
	148	173
	149	173
	151	173
	156	177
	30	30
	31	31
	32	32
	160	181
	33	33
	34	34
	35	35
	36	36
	164	185
	37	37
	165	186
	167	187
	40	46
	41	47
	42	48
	171	191
	44	50
	47	53
	175	195
	48	54
	49	55
	51	57
	179	199
	55	60
	183	203
	56	61
	57	62
	187	207
	60	65
	188	208
	63	68
	64	69
	192	212
	66	71
	69	74
	70	75
	71	76
	74	79
	77	82
	78	84
	79	85
	81	87
	91	90
	92	91
	95	94
	96	95
	97	96
	98	97
	100	98
	101	99
	102	100
	103	101
	106	113
	110	117
	114	140
	115	141
	117	143
	118	144
	122	149
	123	150
	124	151
	127	154
net/minecraft/client/gui/Selectable	27	28
	16	18
	27	28
	12	14
net/minecraft/client/render/entity/state/FrogEntityRenderState	0	0
net/minecraft/client/render/Frustum	118	126
	19	25
	20	26
	23	29
	24	30
	25	31
	26	32
	27	33
	28	34
	29	35
	32	42
	33	43
	34	44
	35	45
	36	46
	37	48
	38	49
	46	54
	47	55
	48	52
	50	58
	54	62
	55	63
	56	64
	57	65
	60	72
	62	73
	63	74
	64	75
	67	78
	68	79
	72	83
	76	87
	77	88
	78	89
	79	90
	80	91
	81	92
	82	93
	86	97
	89	98
	90	99
	91	100
	92	101
	95	102
	96	103
	97	104
	98	105
	100	107
	101	109
	102	110
	103	111
	106	114
	110	118
	114	122
	118	126
net/minecraft/client/render/entity/animation/AnimationHelper	24	18
	24	18
	9	10
	13	14
net/minecraft/client/realms/exception/upload/CancelledRealmsUploadException	10	14
	10	14
net/minecraft/client/util/ScreenshotRecorder	115	141
	26	32
	27	33
	30	36
	31	37
	32	38
	35	40
	36	41
	38	43
	41	46
	42	54
	43	51
	45	52
	46	53
	47	69
	48	70
	49	71
	51	73
	52	74
	53	75
	56	78
	57	79
	60	82
	61	83
	63	84
	64	85
	65	86
	67	87
	68	127
	70	88
	71	89
	72	90
	73	91
	74	92
	75	93
	76	94
	79	96
	80	97
	81	98
	82	99
	83	100
	85	102
	86	103
	87	104
	88	106
	89	107
	90	108
	91	109
	92	110
	93	111
	96	115
	97	116
	103	121
	105	124
	106	125
	107	129
	110	132
	112	141
	113	136
	114	137
	115	138
net/minecraft/unused/packageinfo/PackageInfo7953	0	0
net/minecraft/client/render/entity/state/PiglinEntityRenderState	0	0
net/minecraft/client/render/entity/WolfEntityRenderer	53	46
	33	28
	38	32
	43	36
	44	37
	45	38
	46	39
	15	17
	47	40
	48	41
	17	18
	49	42
	18	19
	50	43
	19	20
	51	44
	52	45
	53	46
	24	23
	25	24
	26	24
	28	24
net/minecraft/client/gl/DynamicUniformStorage	114	121
	29	30
	31	31
	32	32
	33	33
	34	34
	35	35
	36	36
	39	39
	40	40
	41	41
	43	42
	44	43
	45	44
	47	47
	49	49
	52	52
	53	53
	54	54
	55	55
	56	56
	57	57
	60	60
	61	61
	64	63
	65	64
	66	65
	67	66
	70	69
	71	71
	72	74
	74	77
	75	78
	76	79
	82	84
	83	85
	86	87
	87	88
	88	89
	89	90
	92	93
	93	94
	94	96
	95	99
	96	101
	97	102
	98	103
	99	104
	100	105
	103	109
	104	110
	105	111
	110	116
	111	117
	113	120
	114	121
net/minecraft/client/render/debug/CollisionDebugRenderer	38	41
	34	36
	35	38
	36	39
	22	24
	38	41
	23	25
	27	29
	28	30
	29	31
	30	32
	31	33
net/minecraft/client/render/block/entity/BrushableBlockEntityRenderer	70	82
	64	67
	65	70
	66	73
	67	76
	68	79
	70	82
	20	23
	21	24
	25	29
	26	57
	28	30
	29	31
	30	57
	32	32
	33	33
	34	57
	37	34
	38	35
	39	57
	42	36
	43	37
	44	38
	46	39
	47	40
	48	41
	49	42
	50	43
	52	45
	54	50
	55	52
	56	57
	59	60
	61	61
	62	62
	63	64
net/minecraft/client/render/entity/equipment/EquipmentModelLoader	31	34
	22	24
	23	25
	27	30
	28	31
	31	34
net/minecraft/client/gui/screen/ingame/LecternScreen	109	109
	65	64
	67	66
	71	70
	72	71
	76	75
	77	76
	81	80
	82	81
	83	82
	21	20
	85	84
	22	21
	89	89
	26	24
	90	90
	27	25
	29	27
	94	94
	33	31
	34	32
	98	98
	99	99
	100	100
	38	35
	103	103
	104	104
	43	40
	44	41
	108	108
	45	42
	109	109
	49	46
	50	47
	51	48
	55	52
	56	53
	57	54
	61	58
	62	59
	63	61
net/minecraft/client/session/report/AbuseReportContext	77	81
	65	69
	69	73
	70	74
	73	77
	77	81
	24	25
	25	26
	26	27
	27	28
	30	31
	31	32
	32	33
	36	37
	37	38
	38	39
	39	42
	40	43
	41	44
	43	46
	45	48
	46	49
	47	50
	48	51
	49	52
	52	56
	54	58
	57	61
	61	65
net/minecraft/client/gui/screen/dialog/DialogScreens	41	37
	34	32
	35	33
	20	22
	21	23
	38	34
	39	35
	40	36
	25	27
	41	37
	26	28
	27	28
	29	28
net/minecraft/client/render/entity/GuardianEntityRenderer	192	178
	33	34
	34	35
	37	38
	38	39
	42	42
	43	43
	46	45
	47	46
	48	47
	50	48
	51	49
	53	50
	56	54
	60	59
	61	60
	62	61
	63	62
	68	66
	70	67
	71	68
	72	69
	73	70
	74	71
	75	73
	76	80
	78	82
	81	85
	82	86
	85	87
	86	88
	87	89
	88	90
	90	91
	92	92
	93	93
	94	94
	95	95
	97	96
	98	97
	100	98
	101	99
	102	100
	103	101
	104	102
	105	103
	106	104
	107	105
	109	106
	110	107
	111	108
	112	109
	114	110
	115	111
	116	112
	117	113
	119	119
	121	114
	122	115
	123	116
	124	117
	126	118
	128	119
	129	120
	130	121
	131	122
	133	123
	134	124
	135	125
	136	126
	138	127
	139	128
	140	129
	141	130
	142	131
	143	132
	146	135
	147	141
	151	144
	156	148
	161	152
	162	153
	163	154
	165	155
	167	156
	168	157
	169	158
	170	159
	172	161
	173	162
	176	165
	177	166
	178	167
	179	168
	180	169
	182	171
	184	173
	188	177
	189	178
	190	178
	192	178
com/mojang/blaze3d/platform/SourceFactor	0	0
net/minecraft/client/gui/screen/world/ExperimentsScreen	116	116
	64	66
	66	68
	67	69
	68	70
	69	71
	71	72
	72	73
	73	74
	75	76
	76	78
	77	79
	80	82
	81	83
	87	88
	88	89
	90	90
	91	91
	92	92
	96	96
	101	101
	102	102
	105	105
	42	43
	106	106
	43	44
	107	107
	44	45
	108	108
	45	46
	109	109
	46	48
	110	110
	47	49
	48	50
	112	112
	113	113
	114	114
	51	53
	115	115
	116	116
	55	57
	57	58
	58	59
	60	60
	61	61
	62	67
	63	64
net/minecraft/client/sound/EntityTrackingSoundInstance	37	38
	34	34
	35	35
	36	36
	37	38
	12	15
	13	16
	14	17
	15	18
	17	19
	18	20
	19	21
	20	22
	24	26
	29	31
	30	32
	31	38
net/minecraft/unused/packageinfo/PackageInfo7945	0	0
net/minecraft/client/render/entity/state/IronGolemEntityRenderState	0	0
net/minecraft/client/sound/SoundEntry	28	31
	16	19
	19	22
	23	26
	28	31
	13	16
	14	17
	15	18
net/minecraft/client/network/PendingUpdateManager	86	90
	65	68
	74	78
	75	79
	76	80
	77	81
	80	84
	81	85
	18	20
	19	23
	20	24
	85	89
	22	25
	86	90
	24	27
	27	30
	28	31
	29	32
	31	34
	32	35
	36	40
	37	42
	38	43
	39	44
	40	45
	41	46
	42	47
	44	48
	47	51
	50	54
	51	55
	52	56
	57	60
	58	61
	61	64
net/minecraft/client/render/debug/RaidCenterDebugRenderer	57	52
	34	30
	36	32
	37	33
	38	34
	41	37
	44	40
	45	41
	46	42
	49	45
	50	46
	51	47
	53	48
	54	49
	25	21
	57	52
	26	22
	29	25
	30	26
net/minecraft/client/realms/dto/RealmsOptionsDto	67	56
	64	53
	65	54
	66	55
	67	56
	53	42
	54	43
	55	44
	56	45
	57	46
	58	47
	59	48
	60	49
	61	50
	62	51
	63	52
net/minecraft/client/render/entity/EntityRenderer	430	400
	53	46
	54	47
	55	48
	58	51
	59	52
	63	56
	67	60
	68	60
	70	60
	74	64
	75	65
	77	66
	78	67
	80	69
	81	70
	82	71
	84	74
	85	75
	88	77
	89	78
	90	79
	91	80
	92	81
	95	85
	99	91
	103	95
	107	99
	108	99
	110	99
	114	103
	115	104
	116	105
	120	109
	121	110
	123	112
	126	115
	127	116
	128	117
	130	118
	133	119
	134	120
	136	121
	137	122
	139	123
	140	124
	142	126
	143	127
	145	130
	146	131
	149	134
	150	135
	153	151
	154	152
	155	153
	156	154
	158	155
	159	156
	160	157
	161	158
	163	159
	165	161
	166	162
	168	164
	170	167
	172	168
	173	169
	174	170
	177	178
	181	182
	185	186
	186	187
	187	209
	190	188
	192	189
	194	190
	195	191
	196	192
	198	193
	200	194
	202	195
	204	196
	206	197
	207	198
	209	201
	210	202
	213	207
	214	209
	218	213
	222	217
	226	221
	233	227
	234	228
	235	229
	239	233
	240	234
	241	235
	242	236
	244	237
	245	238
	246	239
	247	240
	248	241
	250	242
	251	243
	252	244
	253	245
	254	246
	255	247
	256	248
	257	249
	259	251
	262	254
	263	255
	264	256
	265	257
	266	258
	268	260
	271	264
	273	265
	274	268
	275	269
	277	270
	278	271
	280	272
	281	273
	282	274
	283	275
	285	276
	286	277
	287	278
	288	279
	289	281
	290	282
	294	286
	296	287
	297	288
	298	289
	299	290
	300	307
	301	298
	302	299
	303	300
	304	301
	305	302
	306	303
	307	304
	308	305
	309	306
	312	310
	313	311
	314	312
	315	313
	316	314
	317	315
	318	316
	319	317
	320	318
	323	324
	326	327
	328	328
	329	329
	330	330
	332	332
	333	333
	335	335
	338	338
	358	339
	360	340
	363	343
	364	344
	366	346
	367	348
	368	348
	369	349
	370	350
	371	351
	372	352
	373	353
	379	360
	380	360
	381	361
	382	362
	383	363
	384	364
	385	365
	391	372
	393	373
	394	374
	395	375
	396	376
	397	377
	398	378
	409	379
	412	382
	414	383
	415	384
	419	388
	423	392
	424	393
	425	394
	426	395
	427	396
	430	400
net/minecraft/client/texture/MissingSprite	40	42
	16	16
	35	37
	20	20
	36	38
	21	21
	22	23
	23	24
	24	25
	40	42
	25	26
	27	28
	31	33
net/minecraft/client/render/entity/state/SheepEntityRenderState	22	21
	18	17
	22	21
	14	17
	15	17
net/minecraft/client/render/entity/ShulkerEntityRenderer	83	78
	64	63
	65	64
	66	65
	67	66
	68	67
	69	68
	70	69
	73	72
	74	72
	76	72
	81	76
	82	77
	83	78
	20	22
	21	25
	24	29
	25	30
	29	33
	34	37
	35	38
	38	40
	39	41
	40	42
	43	44
	44	45
	45	46
	47	47
	48	48
	53	54
	58	58
	63	62
net/minecraft/client/render/block/entity/PistonBlockEntityRenderer	81	78
	64	60
	66	63
	67	64
	68	67
	71	70
	72	71
	74	72
	75	73
	76	74
	81	78
	28	31
	29	32
	33	37
	34	38
	35	67
	37	39
	38	40
	39	41
	40	67
	43	42
	44	43
	45	44
	46	45
	48	46
	49	47
	50	48
	52	49
	53	50
	54	52
	55	53
	58	54
	59	55
	60	56
	61	57
	62	58
net/minecraft/client/sound/WeightedSoundSet	75	65
	34	24
	35	26
	67	57
	36	27
	38	30
	72	62
	73	63
	43	34
	75	65
	45	35
	46	47
	49	36
	50	38
	51	39
	53	40
	54	41
	58	45
	28	19
	30	20
	62	52
	63	53
net/minecraft/client/resource/GrassColormapResourceSupplier	26	27
	17	19
	18	20
	19	21
	25	26
	26	27
net/minecraft/client/render/entity/model/SalmonEntityModel	88	79
	64	56
	65	58
	66	58
	67	59
	69	61
	70	63
	71	63
	72	64
	75	66
	80	70
	81	71
	82	72
	83	73
	84	74
	85	75
	87	78
	88	79
	25	30
	26	31
	27	32
	30	35
	31	36
	33	37
	34	38
	35	39
	36	39
	37	39
	39	41
	40	42
	41	42
	42	42
	44	44
	45	45
	46	45
	47	45
	49	47
	50	48
	51	48
	52	48
	54	50
	55	51
	56	51
	57	51
	59	53
	60	54
	61	54
	62	54
net/minecraft/client/util/Pool	90	87
	67	64
	68	65
	72	69
	82	80
	83	81
	84	82
	21	17
	85	83
	22	18
	25	21
	89	86
	26	23
	90	87
	27	24
	28	25
	29	26
	30	27
	33	30
	37	34
	38	35
	39	36
	44	40
	45	42
	46	43
	47	44
	48	45
	49	46
	52	50
	57	55
	58	56
	61	59
	62	60
	63	61
net/minecraft/client/realms/RealmsClient	551	567
	512	497
	513	498
	514	499
	519	504
	520	505
	521	506
	522	507
	525	510
	527	511
	528	529
	529	530
	532	512
	534	513
	535	515
	536	516
	537	517
	538	518
	541	520
	542	521
	543	522
	545	524
	546	525
	549	514
	550	532
	551	533
	70	555
	71	556
	72	557
	73	558
	76	563
	77	564
	78	565
	79	566
	80	567
	86	61
	149	119
	150	120
	154	124
	155	125
	156	126
	157	127
	158	128
	160	130
	161	131
	162	132
	163	133
	165	135
	166	136
	167	137
	172	144
	173	145
	174	146
	176	147
	177	148
	178	149
	181	152
	185	156
	186	157
	187	158
	189	160
	191	163
	192	164
	193	165
	194	165
	195	165
	196	166
	197	167
	198	168
	199	169
	200	170
	201	171
	203	174
	207	179
	208	180
	209	181
	211	184
	212	185
	216	189
	217	190
	218	191
	222	195
	223	196
	224	197
	228	201
	229	202
	230	203
	234	207
	235	209
	236	210
	237	211
	240	215
	244	219
	245	220
	246	221
	249	224
	250	225
	251	226
	254	229
	255	230
	256	231
	260	235
	261	236
	263	239
	264	240
	265	241
	268	243
	269	243
	270	243
	272	245
	273	246
	274	247
	278	251
	279	253
	280	254
	282	255
	286	260
	287	261
	288	262
	292	266
	293	267
	294	268
	298	272
	299	273
	300	274
	304	278
	305	279
	306	280
	307	281
	308	282
	311	285
	312	286
	313	287
	317	291
	318	292
	322	295
	323	296
	324	297
	327	295
	331	302
	332	305
	333	306
	336	309
	337	310
	338	311
	341	314
	342	315
	344	316
	345	317
	346	318
	350	322
	351	323
	352	324
	356	336
	357	339
	358	340
	359	341
	360	342
	361	343
	362	344
	365	347
	366	348
	367	349
	368	350
	372	353
	373	354
	374	355
	378	359
	379	360
	380	361
	383	364
	384	367
	385	368
	389	372
	390	373
	391	374
	395	378
	396	379
	397	380
	401	384
	402	385
	403	386
	407	390
	408	391
	409	392
	413	396
	414	397
	415	398
	419	402
	420	403
	421	404
	422	405
	426	409
	427	410
	428	411
	433	415
	437	419
	438	420
	439	421
	440	422
	441	423
	445	427
	449	431
	450	432
	451	433
	454	436
	455	439
	456	440
	461	445
	462	446
	463	447
	464	448
	465	449
	467	452
	471	456
	472	457
	473	458
	476	461
	477	462
	478	463
	481	466
	482	467
	483	468
	487	472
	488	473
	489	474
	492	477
	493	478
	494	479
	498	483
	499	484
	500	485
	503	488
	507	492
net/minecraft/client/render/entity/model/SkeletonEntityModel	81	77
	64	61
	65	62
	66	63
	67	64
	69	65
	71	67
	75	71
	76	72
	77	73
	78	74
	79	75
	80	76
	81	77
	18	20
	19	21
	22	24
	23	25
	25	26
	26	27
	30	31
	31	33
	32	33
	33	34
	35	36
	36	38
	37	38
	38	39
	40	41
	41	42
	42	42
	43	42
	45	44
	46	46
	47	46
	48	47
	50	49
	54	52
	56	53
	57	54
	58	55
	59	56
	60	57
	61	58
	62	59
	63	60
net/minecraft/client/render/entity/state/PufferfishEntityRenderState	0	0
net/minecraft/client/toast/SystemToast	193	211
	129	206
	130	207
	133	210
	134	211
	138	123
	139	124
	142	127
	143	128
	144	129
	146	131
	148	133
	151	136
	152	137
	153	138
	155	140
	158	143
	159	144
	34	42
	162	147
	35	43
	163	148
	36	43
	38	47
	166	151
	167	152
	41	50
	42	51
	170	156
	43	52
	171	161
	44	53
	174	165
	175	170
	48	57
	49	58
	50	59
	178	173
	51	60
	179	174
	52	61
	181	176
	182	177
	55	64
	184	179
	187	182
	60	69
	188	183
	190	185
	191	186
	65	74
	193	188
	69	78
	70	79
	74	83
	79	88
	80	89
	81	90
	83	93
	84	94
	86	95
	87	96
	91	100
	92	101
	93	102
	95	104
	96	106
	97	107
	100	110
	103	113
	104	114
	105	115
	106	116
	110	119
net/minecraft/client/texture/TextureContents	45	57
	19	17
	35	48
	22	23
	23	22
	39	52
	24	35
	26	39
	27	40
	44	56
	45	57
	31	44
net/minecraft/client/render/item/model/special/SignModelRenderer	62	68
	32	48
	33	50
	36	54
	37	55
	41	59
	46	64
	47	67
	48	68
	54	33
	55	34
	25	27
	26	28
	27	29
	59	38
	60	39
	61	40
	62	41
	30	46
	31	47
net/minecraft/client/gui/screen/dialog/DialogNetworkAccess	0	0
net/minecraft/client/realms/task/SwitchMinigameTask	56	59
	32	33
	35	36
	36	37
	39	40
	40	41
	41	42
	43	45
	44	46
	45	47
	46	48
	48	51
	49	52
	52	55
	21	22
	22	23
	23	24
	24	25
	56	59
	28	28
	29	30
	31	32
net/minecraft/client/search/IdentifierSearchableIterator	41	39
	32	26
	33	27
	34	28
	35	29
	38	32
	39	33
	41	35
	19	18
	20	19
	22	20
	23	21
	28	25
	29	39
net/minecraft/client/render/entity/state/FireworkRocketEntityRenderState	0	0
net/minecraft/client/gui/tooltip/TooltipBackgroundRenderer	44	39
	34	35
	35	35
	37	35
	41	39
	42	39
	44	39
	25	26
	26	27
	27	28
	28	29
	29	30
	30	31
	31	32
net/minecraft/client/gui/widget/ScrollableTextWidget	66	69
	32	35
	64	67
	65	68
	66	69
	37	40
	42	45
	43	46
	14	17
	46	49
	15	18
	16	19
	17	20
	51	54
	20	23
	52	55
	21	24
	53	56
	54	57
	55	58
	26	29
	27	30
	59	62
	28	31
	60	63
net/minecraft/client/util/CommandHistoryManager	57	95
	33	52
	36	55
	37	56
	38	57
	40	60
	41	61
	43	63
	46	74
	47	70
	48	71
	49	72
	51	89
	52	90
	54	92
	25	26
	57	95
	26	27
	27	33
	28	32
	29	48
	30	49
net/minecraft/client/render/chunk/RenderedChunk	76	76
	66	67
	67	68
	71	71
	72	72
	73	73
	74	74
	75	75
	76	76
	29	31
	30	32
	31	33
	32	34
	33	35
	35	37
	36	38
	37	42
	39	39
	40	40
	43	45
	47	49
	52	53
	53	54
	54	55
	55	56
	56	57
	57	58
	58	59
	60	62
	61	63
	63	66
net/minecraft/client/render/entity/state/VexEntityRenderState	0	0
net/minecraft/client/render/item/property/numeric/DamageProperty	31	29
	16	17
	20	22
	21	23
	23	24
	24	24
	26	24
	14	17
	15	17
	31	29
net/minecraft/client/render/debug/VillageDebugRenderer	399	348
	257	228
	258	229
	259	230
	263	233
	264	233
	265	234
	266	235
	270	238
	271	239
	272	240
	273	241
	275	243
	277	246
	281	250
	282	251
	283	252
	284	253
	288	257
	289	258
	291	260
	294	265
	295	266
	298	269
	299	270
	301	271
	302	272
	303	273
	305	274
	306	275
	309	278
	310	279
	314	280
	316	281
	317	282
	318	283
	320	284
	321	285
	322	286
	325	289
	326	289
	327	289
	328	289
	333	293
	334	293
	335	293
	336	293
	341	297
	88	69
	89	70
	345	301
	346	302
	347	303
	348	304
	93	74
	94	75
	95	76
	96	77
	352	308
	353	308
	354	308
	99	80
	355	308
	100	81
	356	308
	103	84
	104	85
	361	312
	362	314
	107	88
	363	315
	108	89
	364	316
	109	90
	365	317
	110	94
	112	92
	113	94
	116	97
	117	98
	374	321
	375	323
	120	101
	376	324
	121	102
	377	325
	379	326
	125	106
	127	107
	383	331
	129	108
	130	109
	387	335
	132	111
	388	336
	135	114
	136	115
	137	116
	139	118
	396	345
	397	346
	142	121
	398	347
	399	348
	144	122
	145	123
	146	124
	148	126
	151	128
	152	129
	153	130
	157	134
	158	135
	159	136
	161	138
	163	139
	164	140
	165	141
	167	143
	169	144
	172	147
	173	148
	174	149
	177	152
	178	153
	179	154
	180	155
	181	156
	186	159
	187	160
	188	161
	189	162
	191	164
	194	167
	196	168
	197	169
	198	170
	200	172
	203	175
	204	175
	206	176
	207	176
	208	177
	211	180
	212	181
	214	183
	217	186
	218	187
	221	188
	222	189
	225	190
	226	191
	227	192
	230	195
	231	196
	232	198
	233	206
	236	209
	237	209
	238	210
	239	211
	243	214
	244	215
	245	216
	246	217
	249	221
	250	222
	251	223
	252	224
net/minecraft/client/tutorial/CraftPlanksTutorialStepHandler	86	83
	67	63
	68	64
	69	65
	71	67
	75	71
	76	72
	78	74
	81	77
	82	78
	83	79
	86	83
	30	29
	31	30
	35	34
	37	35
	38	36
	39	59
	42	38
	43	39
	44	40
	45	41
	46	42
	47	43
	48	44
	50	47
	51	48
	52	49
	57	54
	58	54
	59	55
	60	56
	63	59
net/minecraft/client/render/entity/model/TadpoleEntityModel	48	43
	32	31
	34	33
	35	34
	36	34
	37	34
	40	36
	45	40
	46	41
	47	42
	48	43
	18	20
	19	21
	20	22
	23	25
	24	26
	26	27
	27	28
	28	29
	29	30
	30	31
	31	31
net/minecraft/client/input/KeyCodes	7	9
	7	9
net/minecraft/client/gl/SimpleFramebufferFactory	33	32
	16	16
	33	31
	18	20
	20	22
	24	25
	25	26
	10	11
	30	30
	15	15
	31	32
net/minecraft/client/render/chunk/ChunkOcclusionDataBuilder	162	160
	128	125
	130	128
	133	130
	134	131
	136	134
	139	136
	140	137
	142	140
	145	142
	146	143
	148	146
	151	148
	152	149
	154	152
	157	154
	30	30
	158	155
	31	31
	160	158
	33	32
	34	34
	162	160
	35	35
	36	36
	37	37
	38	38
	43	43
	48	47
	49	48
	50	49
	53	52
	57	56
	61	60
	63	61
	64	62
	65	63
	66	64
	68	66
	69	67
	70	68
	75	73
	79	77
	81	78
	82	79
	83	80
	85	82
	86	83
	87	84
	89	86
	90	87
	91	88
	92	89
	93	90
	97	95
	101	99
	102	100
	103	101
	104	102
	105	103
	108	106
	109	107
	110	108
	111	109
	112	110
	115	113
	116	114
	117	115
	118	116
	119	117
	121	119
	124	122
	127	124
net/minecraft/client/render/block/entity/TestInstanceBlockEntityRenderer	35	38
	19	23
	35	38
	20	24
	21	25
	25	29
	13	16
	14	17
	30	34
	15	18
net/minecraft/client/resource/DefaultClientResourcePackProvider	136	100
	131	96
	133	97
	134	98
	71	53
	72	54
	136	100
	73	55
	76	58
	80	58
	86	63
	87	64
	88	65
	89	66
	92	70
	96	75
	97	75
	98	76
	104	77
	105	77
	106	77
	107	77
	108	77
	113	81
	114	82
	120	87
	126	92
net/minecraft/client/Keyboard	595	597
	513	513
	514	514
	516	516
	517	517
	520	522
	523	525
	524	545
	526	526
	527	527
	528	545
	531	529
	532	530
	533	531
	536	532
	537	533
	539	535
	540	536
	541	537
	542	538
	543	539
	544	540
	545	541
	547	545
	550	549
	551	550
	552	551
	554	553
	557	556
	558	557
	559	558
	561	560
	565	564
	566	565
	568	567
	571	570
	572	571
	573	572
	574	573
	575	574
	576	575
	577	576
	579	579
	68	72
	580	580
	69	73
	581	581
	582	582
	583	583
	585	586
	586	587
	587	588
	77	76
	589	590
	79	78
	591	593
	80	79
	592	594
	81	80
	83	100
	595	597
	84	101
	85	102
	87	104
	88	105
	89	106
	91	82
	92	83
	93	84
	95	108
	96	109
	97	110
	99	112
	100	113
	102	116
	104	118
	105	119
	106	120
	108	122
	109	123
	110	124
	112	98
	117	129
	118	130
	119	131
	122	134
	126	141
	127	142
	130	145
	131	146
	134	149
	135	150
	138	153
	139	154
	142	157
	143	158
	163	160
	165	171
	166	172
	167	173
	169	175
	170	176
	171	177
	172	178
	174	204
	175	205
	177	208
	179	210
	180	211
	181	212
	183	214
	184	215
	185	216
	186	217
	188	219
	189	220
	191	223
	193	231
	194	232
	195	233
	196	234
	198	236
	199	237
	201	240
	203	281
	204	282
	206	284
	208	287
	210	242
	211	243
	212	244
	213	245
	215	247
	218	248
	219	249
	220	250
	221	251
	222	252
	223	253
	224	254
	225	255
	226	256
	227	257
	228	258
	229	259
	230	260
	231	261
	232	262
	233	263
	234	264
	236	266
	237	267
	238	268
	240	269
	241	269
	242	269
	244	270
	245	271
	247	273
	248	274
	249	275
	251	225
	252	226
	254	229
	256	180
	257	181
	259	183
	260	184
	261	185
	263	188
	264	189
	265	201
	267	277
	268	278
	269	279
	271	162
	272	163
	274	165
	275	166
	277	168
	278	169
	280	289
	285	295
	286	296
	287	354
	290	297
	292	299
	293	300
	294	301
	296	302
	297	303
	298	304
	299	305
	300	306
	301	307
	303	309
	304	310
	305	311
	306	312
	309	315
	310	316
	315	320
	316	321
	317	322
	318	323
	319	324
	320	325
	321	326
	322	327
	324	329
	325	332
	326	333
	327	334
	328	345
	329	346
	332	349
	333	350
	340	354
	343	357
	344	358
	345	359
	347	362
	348	363
	349	364
	353	368
	354	369
	355	370
	356	371
	357	372
	359	374
	361	377
	362	378
	365	381
	366	522
	369	382
	373	383
	374	384
	375	385
	376	386
	378	388
	379	389
	380	390
	381	391
	382	392
	389	395
	391	396
	392	397
	394	409
	395	399
	399	413
	400	414
	401	415
	402	416
	403	417
	404	418
	405	419
	406	420
	407	421
	409	424
	410	427
	411	428
	414	431
	416	432
	421	436
	422	437
	423	438
	425	439
	426	442
	427	443
	428	444
	429	445
	430	446
	434	450
	442	454
	445	456
	446	461
	447	462
	448	463
	450	457
	451	457
	452	458
	455	466
	456	467
	457	468
	458	469
	459	470
	460	471
	461	472
	462	473
	467	477
	469	478
	470	479
	472	480
	473	481
	474	482
	475	483
	476	484
	478	486
	481	522
	484	490
	485	491
	486	492
	487	492
	488	493
	492	496
	493	497
	494	498
	496	501
	498	502
	500	503
	501	504
	504	507
	505	507
	506	508
	511	512
net/minecraft/client/gui/screen/ingame/HangingSignEditScreen	37	38
	32	33
	33	34
	18	21
	20	22
	37	38
	24	26
	29	31
	30	32
net/minecraft/client/render/entity/IronGolemEntityRenderer	51	48
	34	34
	35	35
	36	36
	37	37
	38	38
	42	41
	43	42
	44	48
	47	43
	48	44
	17	20
	49	45
	18	21
	50	46
	19	22
	51	48
	20	23
	24	26
	29	30
net/minecraft/client/render/item/property/select/ChargeTypeProperty	42	40
	32	29
	37	35
	22	25
	23	26
	24	27
	42	40
	27	29
	28	29
net/minecraft/client/render/item/property/numeric/NumericProperty	0	0
net/minecraft/client/render/entity/feature/TropicalFishColorFeatureRenderer	62	68
	34	36
	35	37
	36	38
	37	39
	41	44
	42	46
	43	47
	44	48
	46	52
	47	53
	48	54
	49	55
	50	56
	51	57
	52	58
	54	59
	55	60
	56	61
	57	62
	58	63
	59	64
	61	67
	62	68
net/minecraft/client/gui/screen/multiplayer/MultiplayerWarningScreen	45	45
	33	36
	34	37
	36	38
	37	38
	39	39
	44	44
	45	45
	20	23
	21	24
	22	25
	26	29
	27	30
	28	30
	29	31
	30	32
	31	33
net/minecraft/client/render/entity/animation/SnifferAnimations	0	0
net/minecraft/client/render/debug/GameTestDebugRenderer	71	69
	64	35
	65	36
	66	37
	67	38
	35	61
	68	39
	69	40
	71	42
	39	65
	43	69
	48	19
	49	20
	53	24
	54	25
	25	51
	58	29
	26	52
	59	30
	27	53
	60	31
	28	54
	61	32
	31	57
net/minecraft/client/sound/NonRepeatingAudioStream	0	0
net/minecraft/client/render/model/ModelSettings	30	21
	17	13
	19	14
	20	14
	22	14
	27	18
	28	19
	29	20
	30	21
net/minecraft/client/render/entity/model/ArmadilloEntityModel	116	137
	65	64
	67	69
	69	70
	71	75
	73	76
	75	81
	77	82
	79	87
	81	92
	83	97
	85	102
	87	107
	89	112
	94	116
	95	117
	96	118
	97	119
	98	120
	99	121
	100	122
	102	124
	103	125
	104	126
	105	127
	42	39
	106	128
	43	40
	44	41
	108	129
	45	42
	109	130
	46	43
	47	44
	111	133
	48	45
	113	134
	50	46
	114	135
	51	47
	115	136
	52	48
	116	137
	53	49
	54	50
	59	53
	60	54
	62	55
	63	60
net/minecraft/client/network/AbstractClientPlayerEntity	91	86
	65	61
	66	62
	70	66
	72	67
	73	68
	76	71
	77	72
	78	73
	79	74
	82	77
	83	78
	84	79
	85	80
	86	81
	87	82
	91	86
	34	31
	35	32
	36	33
	41	37
	42	38
	47	43
	48	44
	50	47
	55	51
	56	52
	57	53
	58	54
	61	57
net/minecraft/client/render/entity/state/IllusionerEntityRenderState	0	0
net/minecraft/client/gui/hud/bar/Bar	44	48
	35	40
	36	41
	37	42
	39	43
	40	44
	41	45
	42	46
	43	47
	44	48
	17	20
	20	24
	24	28
	28	32
net/minecraft/client/gui/screen/narration/Narration	54	86
	34	73
	35	74
	39	77
	40	78
	43	80
	44	80
	47	80
	17	28
	18	29
	19	30
	52	85
	53	86
	22	40
	54	86
	26	52
	30	64
net/minecraft/client/particle/AnimatedParticle	58	58
	15	16
	16	17
	17	18
	18	19
	19	20
	22	23
	23	24
	24	25
	25	26
	26	27
	27	28
	30	31
	31	32
	32	33
	33	34
	34	35
	38	39
	43	44
	44	45
	45	46
	46	47
	48	48
	49	49
	50	50
	51	51
	54	54
	58	58
net/minecraft/client/render/debug/SkyLightDebugRenderer	52	54
	32	33
	34	34
	35	35
	37	36
	38	37
	39	39
	41	50
	42	51
	20	23
	52	54
	21	24
	25	28
	27	29
	29	30
	31	32
net/minecraft/client/render/entity/state/ZombieVillagerRenderState	14	16
	14	16
net/minecraft/client/render/RenderLayer	973	1066
	518	736
	522	365
	523	371
	524	371
	525	371
	529	740
	537	744
	544	748
	37	1062
	38	1063
	551	752
	42	1066
	561	756
	59	534
	572	760
	68	538
	583	764
	77	542
	593	768
	87	546
	91	85
	603	772
	92	86
	93	87
	94	88
	95	89
	96	90
	98	91
	613	776
	102	550
	617	442
	618	446
	106	554
	619	446
	107	555
	108	556
	109	557
	110	558
	111	559
	623	780
	113	560
	117	96
	118	97
	119	98
	631	784
	120	99
	121	100
	122	101
	124	102
	638	788
	128	564
	132	107
	133	108
	645	792
	134	109
	135	110
	136	111
	138	112
	652	796
	142	568
	146	117
	147	118
	148	119
	660	800
	149	120
	150	121
	151	122
	664	475
	153	123
	665	481
	666	481
	667	481
	157	572
	671	804
	161	128
	162	129
	163	130
	675	485
	164	131
	676	491
	165	132
	677	491
	678	491
	167	133
	679	491
	171	576
	683	808
	175	138
	176	139
	177	140
	178	141
	179	142
	691	812
	692	813
	181	143
	693	819
	694	819
	695	819
	696	819
	185	580
	189	584
	701	825
	193	148
	194	149
	195	150
	196	151
	708	829
	197	152
	198	153
	200	154
	712	500
	713	506
	714	506
	204	588
	718	833
	208	592
	722	510
	723	516
	212	159
	724	516
	213	160
	214	161
	215	162
	216	163
	728	837
	217	164
	219	165
	732	520
	733	526
	734	526
	223	596
	738	841
	227	170
	228	171
	229	172
	230	173
	231	174
	233	175
	746	845
	747	846
	748	847
	237	600
	749	848
	750	849
	241	604
	753	852
	245	180
	757	858
	246	181
	247	182
	248	183
	250	184
	763	864
	254	608
	258	612
	771	872
	262	189
	263	190
	775	876
	264	191
	265	192
	266	193
	779	880
	268	194
	783	884
	272	616
	787	888
	276	199
	277	200
	278	201
	280	203
	284	620
	798	1038
	799	1039
	288	209
	800	1040
	289	210
	290	211
	802	1041
	291	212
	292	213
	294	214
	298	624
	811	1042
	302	219
	303	220
	815	1045
	304	221
	305	222
	306	223
	819	1049
	308	224
	312	628
	316	229
	317	230
	318	231
	319	232
	320	233
	321	234
	323	235
	327	632
	331	240
	332	241
	333	242
	335	243
	339	636
	343	247
	344	248
	345	248
	346	248
	350	640
	354	644
	358	648
	359	655
	360	656
	361	657
	362	658
	363	659
	368	664
	369	671
	881	894
	370	672
	882	899
	371	673
	883	900
	372	674
	884	901
	373	675
	893	910
	382	680
	894	910
	895	910
	896	910
	897	910
	898	911
	899	912
	900	914
	901	916
	390	684
	902	917
	394	688
	906	921
	911	926
	404	692
	916	931
	921	936
	414	696
	926	941
	927	942
	929	996
	930	953
	934	956
	423	700
	935	957
	936	958
	937	959
	939	961
	940	962
	943	965
	432	704
	944	966
	945	969
	946	975
	947	976
	436	295
	948	977
	437	296
	949	978
	438	296
	950	979
	439	296
	952	982
	953	983
	954	984
	443	708
	956	986
	957	987
	958	988
	447	299
	959	989
	448	305
	449	305
	450	305
	963	993
	964	994
	454	712
	966	1008
	968	1012
	969	1013
	973	1017
	464	716
	468	317
	469	323
	470	323
	471	323
	475	720
	479	327
	480	333
	481	333
	482	333
	486	724
	490	337
	491	343
	492	343
	493	343
	497	728
	501	347
	502	353
	503	353
	504	353
	508	732
net/minecraft/client/render/item/tint/FireworkTintSource	54	54
	32	31
	33	32
	34	33
	35	34
	36	35
	39	37
	40	38
	41	39
	42	41
	43	42
	44	43
	45	44
	46	45
	49	48
	21	24
	22	25
	54	54
	24	20
	25	20
	26	20
	30	29
	31	30
net/minecraft/client/texture/ResourceTexture	15	17
	10	12
	11	13
	15	17
net/minecraft/unused/packageinfo/PackageInfo6207	0	0
net/minecraft/unused/packageinfo/PackageInfo6206	0	0
net/minecraft/unused/packageinfo/PackageInfo6205	0	0
net/minecraft/unused/packageinfo/PackageInfo6203	0	0
net/minecraft/unused/packageinfo/PackageInfo6202	0	0
net/minecraft/unused/packageinfo/PackageInfo6201	0	0
net/minecraft/unused/packageinfo/PackageInfo6200	0	0
net/minecraft/client/world/ClientChunkManager	300	307
	256	248
	259	251
	262	254
	263	255
	264	257
	265	258
	266	259
	267	260
	268	261
	269	262
	270	263
	273	266
	276	269
	281	274
	286	279
	287	282
	288	284
	289	285
	290	286
	291	287
	292	288
	293	289
	41	42
	297	304
	42	43
	298	305
	43	44
	44	45
	300	307
	45	46
	49	49
	53	53
	54	54
	56	56
	57	57
	61	62
	62	69
	64	63
	65	64
	66	65
	67	66
	69	69
	74	73
	75	74
	76	75
	77	76
	81	80
	82	80
	84	80
	89	84
	93	88
	94	89
	95	99
	97	91
	99	92
	100	93
	101	94
	103	96
	105	99
	109	103
	110	104
	111	105
	113	107
	115	108
	116	109
	117	110
	119	111
	120	112
	121	113
	123	115
	124	116
	126	119
	127	120
	132	125
	135	128
	136	129
	137	130
	140	133
	141	134
	143	135
	144	136
	145	137
	146	138
	147	140
	148	141
	149	142
	150	143
	151	144
	152	145
	156	150
	158	152
	162	155
	167	159
	172	163
	177	167
	178	168
	181	171
	186	175
	187	176
	199	189
	200	190
	201	191
	202	192
	205	195
	209	199
	210	200
	211	201
	212	202
	213	203
	216	206
	217	207
	218	208
	220	210
	223	213
	224	214
	225	215
	227	218
	228	219
	231	222
	232	230
	234	223
	235	224
	236	225
	237	226
	238	227
	240	230
	243	233
	244	235
	245	236
	246	237
	248	239
	251	242
	252	244
	253	245
	254	246
	255	247
net/minecraft/client/render/entity/state/StriderEntityRenderState	0	0
net/minecraft/client/realms/gui/screen/RealmsConnectingScreen	67	71
	65	69
	66	70
	67	71
	23	26
	24	27
	25	28
	26	29
	30	33
	31	34
	32	50
	35	35
	36	37
	37	39
	38	40
	39	43
	40	44
	42	46
	43	48
	44	50
	48	54
	50	55
	51	56
	53	57
	54	58
	55	59
	59	63
	60	64
	61	65
net/minecraft/unused/packageinfo/PackageInfo6209	0	0
net/minecraft/unused/packageinfo/PackageInfo6208	0	0
net/minecraft/client/gui/widget/ThreePartsLayoutWidget	144	136
	128	120
	129	121
	132	124
	136	128
	140	132
	144	136
	24	22
	25	23
	28	26
	29	27
	32	30
	33	31
	34	32
	35	33
	36	34
	37	35
	42	39
	47	43
	51	47
	56	52
	61	57
	66	62
	70	66
	74	70
	75	71
	78	74
	79	75
	82	78
	86	82
	91	87
	92	88
	93	89
	94	90
	98	94
	99	95
	101	96
	102	97
	103	98
	104	99
	106	100
	107	101
	108	102
	109	103
	111	104
	112	105
	114	106
	115	107
	116	108
	117	109
	120	112
	124	116
net/minecraft/client/gui/screen/SplashOverlay	172	181
	128	120
	130	122
	131	123
	132	124
	133	125
	135	128
	136	129
	138	130
	141	133
	144	136
	145	137
	146	138
	149	139
	151	140
	152	141
	153	142
	154	143
	155	144
	31	32
	159	148
	164	154
	165	155
	169	159
	170	165
	171	181
	172	177
	52	50
	53	51
	54	52
	55	53
	56	54
	59	57
	60	58
	63	61
	68	66
	69	67
	70	68
	72	69
	73	70
	76	73
	77	74
	80	76
	81	77
	82	78
	84	81
	85	82
	86	83
	87	84
	88	85
	89	86
	90	87
	92	90
	93	91
	94	92
	95	93
	97	95
	99	96
	100	97
	103	100
	104	101
	106	102
	107	103
	108	104
	109	105
	111	106
	112	107
	113	108
	115	109
	117	110
	118	111
	120	112
	121	113
	124	116
	125	117
net/minecraft/client/gui/widget/ClickableWidget	332	331
	256	256
	257	257
	263	262
	264	263
	265	264
	266	265
	268	267
	271	270
	275	274
	280	279
	281	280
	285	284
	290	289
	291	290
	294	293
	298	297
	47	52
	303	302
	48	53
	304	303
	49	54
	50	55
	51	56
	307	306
	52	57
	308	307
	309	308
	56	61
	313	312
	61	66
	317	316
	62	71
	65	67
	321	320
	66	68
	322	321
	323	322
	68	69
	69	71
	327	326
	72	74
	73	75
	331	330
	76	78
	332	331
	77	79
	80	82
	84	86
	90	92
	91	93
	94	98
	95	99
	96	100
	97	101
	98	102
	99	103
	100	104
	101	105
	102	106
	103	107
	104	108
	105	109
	107	111
	108	112
	110	114
	113	117
	114	118
	115	119
	116	120
	119	123
	122	126
	125	129
	129	133
	130	145
	132	134
	133	135
	134	136
	135	137
	136	138
	137	139
	140	143
	145	151
	146	152
	147	153
	149	155
	153	160
	158	165
	159	166
	160	167
	162	169
	168	176
	169	177
	172	179
	173	179
	175	179
	180	185
	184	189
	185	190
	188	193
	189	194
	193	198
	197	202
	198	203
	201	206
	202	207
	205	210
	206	211
	209	214
	210	215
	213	218
	218	223
	222	227
	226	231
	231	236
	239	241
	240	242
	244	246
	245	247
	247	249
	248	249
	250	249
	255	255
net/minecraft/client/render/block/entity/BlockEntityRendererFactories	55	60
	15	35
	16	36
	17	37
	18	38
	19	39
	20	40
	21	41
	22	42
	23	43
	24	44
	25	45
	26	46
	27	47
	28	48
	29	49
	30	50
	31	51
	32	52
	33	53
	34	54
	35	55
	36	56
	37	57
	38	58
	39	59
	40	60
	43	19
	44	20
	47	23
	48	24
	50	26
	51	27
	52	28
	54	30
	55	31
net/minecraft/client/gui/widget/NarratedMultilineTextWidget	65	68
	65	68
	21	22
	22	23
	25	26
	26	27
	29	30
	30	31
	31	32
	32	33
	33	34
	34	35
	35	36
	36	37
	39	40
	40	41
	44	45
	45	46
	49	50
	50	51
	51	52
	52	53
	53	54
	54	55
	55	56
	57	59
	58	60
	60	63
	61	64
net/minecraft/client/render/model/BlockStateManagers	40	41
	32	31
	36	35
	37	37
	38	38
	40	41
	28	27
net/minecraft/client/gui/render/state/ItemGuiElementRenderState	93	94
	65	66
	69	70
	73	74
	77	78
	82	83
	87	88
	26	27
	27	28
	28	29
	29	30
	93	94
	30	31
	31	32
	32	33
	33	34
	34	35
	38	39
	39	40
	40	41
	41	42
	42	45
	43	46
	44	47
	45	48
	46	49
	47	50
	48	51
	50	43
	56	57
	57	58
	61	62
net/minecraft/unused/packageinfo/PackageInfo10877	0	0
net/minecraft/client/render/entity/FrogEntityRenderer	33	34
	16	19
	32	33
	33	34
	21	23
	26	27
	11	15
	27	28
	12	16
	28	29
	29	30
	30	31
	31	32
net/minecraft/client/render/OutlineVertexConsumerProvider	85	88
	64	67
	69	72
	70	73
	75	78
	80	83
	20	19
	21	20
	85	88
	25	24
	26	25
	27	26
	29	28
	30	29
	31	30
	32	31
	33	33
	34	35
	36	37
	40	43
	41	44
	42	45
	43	46
	44	47
	47	50
	48	51
	53	56
	54	57
	58	61
	59	62
net/minecraft/client/render/model/json/ModelVariantOperator	25	27
	25	18
	15	27
net/minecraft/client/render/entity/state/ItemFrameEntityRenderState	0	0
net/minecraft/client/gui/screen/ingame/GenericContainerScreen	38	38
	34	34
	35	35
	36	36
	37	37
	38	38
	16	18
	18	19
	19	20
	20	21
	22	22
	23	23
	24	24
	28	28
	29	29
	30	30
net/minecraft/client/gl/GlImportProcessor	152	151
	129	129
	130	130
	131	131
	134	133
	135	134
	143	146
	144	147
	147	149
	148	150
	149	151
	150	151
	24	40
	152	151
	25	41
	27	42
	28	43
	32	47
	34	48
	36	49
	37	50
	38	51
	39	53
	40	54
	44	55
	45	56
	46	57
	47	58
	50	61
	54	62
	56	63
	57	64
	58	65
	59	66
	60	67
	63	70
	64	71
	65	72
	68	73
	70	74
	71	75
	73	78
	76	80
	77	81
	81	84
	82	85
	84	86
	87	91
	88	92
	89	93
	91	96
	95	104
	96	105
	97	106
	99	107
	101	107
	103	107
	106	109
	110	114
	111	115
	112	116
	113	116
	114	116
	116	117
	120	121
	124	125
	125	126
	126	127
net/minecraft/unused/packageinfo/PackageInfo10409	0	0
net/minecraft/client/gui/widget/ScrollableLayoutWidget	178	171
	131	127
	136	132
	137	133
	138	144
	141	134
	142	135
	143	136
	144	137
	146	138
	147	139
	148	140
	149	141
	151	144
	155	148
	156	149
	157	150
	30	29
	31	30
	32	31
	161	154
	162	155
	35	34
	163	156
	36	35
	37	36
	167	160
	40	39
	168	161
	41	40
	169	162
	42	41
	43	42
	173	166
	47	46
	48	47
	178	171
	51	48
	52	49
	53	50
	54	51
	58	55
	59	56
	63	60
	64	61
	68	65
	69	66
	73	70
	78	75
	83	80
	88	85
	96	94
	97	95
	98	96
	99	97
	103	101
	108	106
	113	111
	115	113
	116	114
	119	117
	121	118
	122	119
	127	123
net/minecraft/client/render/debug/BreezeDebugRenderer	95	102
	64	63
	65	64
	66	65
	67	66
	68	68
	71	73
	72	74
	73	75
	74	76
	77	81
	78	82
	80	85
	81	86
	84	91
	85	92
	86	93
	87	94
	90	97
	91	98
	94	101
	95	102
	37	34
	38	35
	41	38
	43	40
	44	41
	46	43
	49	44
	50	45
	51	46
	52	47
	53	49
	55	50
	56	52
	57	55
	58	58
	59	60
	62	62
	63	62
net/minecraft/client/render/entity/model/ZombieEntityModel	9	12
	8	11
	9	12
net/minecraft/unused/packageinfo/PackageInfo6221	0	0
net/minecraft/client/particle/GustEmitterParticle	48	50
	32	35
	41	44
	42	45
	43	46
	44	47
	13	15
	14	16
	15	17
	16	18
	48	50
	17	19
	21	23
	22	24
	23	25
	24	26
	25	27
	26	28
	29	32
	30	33
net/minecraft/unused/packageinfo/PackageInfo6220	0	0
net/minecraft/client/data/MultipartBlockModelDefinitionCreator	62	63
	32	35
	36	39
	37	40
	40	43
	41	44
	42	45
	46	49
	18	21
	19	22
	51	54
	52	55
	53	56
	23	26
	27	30
	62	63
	31	34
net/minecraft/client/util/NarratorManager	130	171
	129	170
	130	171
	23	32
	24	33
	27	41
	28	42
	30	44
	33	54
	34	55
	36	57
	39	65
	40	66
	42	68
	45	71
	46	72
	47	73
	48	74
	50	76
	53	79
	54	80
	57	83
	58	84
	59	85
	60	86
	61	87
	64	90
	67	93
	68	95
	71	101
	75	111
	76	112
	78	114
	81	123
	83	124
	85	125
	86	126
	87	127
	88	128
	90	130
	93	134
	95	137
	98	140
	102	144
	103	147
	105	145
	106	147
	109	150
	110	151
	113	154
	114	157
	122	163
	125	165
net/minecraft/client/render/entity/feature/TridentRiptideFeatureRenderer	34	34
	32	31
	33	32
	34	34
	21	22
	22	23
	23	24
	27	29
	28	34
	31	30
net/minecraft/client/render/fog/StandardFogModifier	72	71
	65	63
	66	64
	67	65
	68	66
	69	67
	70	68
	72	71
	17	19
	18	20
	19	21
	21	23
	22	24
	23	25
	26	29
	27	30
	28	31
	30	32
	31	33
	32	34
	33	35
	34	36
	35	36
	36	37
	37	38
	38	39
	39	40
	40	41
	45	45
	46	46
	47	47
	48	48
	50	49
	51	50
	53	51
	54	52
	55	53
	57	54
	58	55
	59	56
	60	57
	61	58
	62	59
	63	60
net/minecraft/unused/packageinfo/PackageInfo6228	0	0
net/minecraft/unused/packageinfo/PackageInfo6226	0	0
net/minecraft/unused/packageinfo/PackageInfo6225	0	0
net/minecraft/unused/packageinfo/PackageInfo6224	0	0
net/minecraft/unused/packageinfo/PackageInfo6223	0	0
net/minecraft/unused/packageinfo/PackageInfo6222	0	0
net/minecraft/unused/packageinfo/PackageInfo7554	0	0
net/minecraft/client/model/Model	54	62
	34	41
	35	42
	38	45
	42	49
	46	53
	47	54
	49	56
	20	22
	21	23
	53	61
	22	24
	54	62
	23	25
	26	33
	30	37
	31	38
net/minecraft/client/data/BlockStateVariantMap	272	335
	256	234
	257	235
	261	239
	262	242
	263	245
	264	248
	265	251
	266	254
	272	267
	21	27
	22	28
	23	29
	25	31
	28	34
	29	35
	33	39
	34	40
	35	42
	36	43
	38	46
	39	47
	40	48
	42	50
	47	55
	51	61
	55	67
	59	73
	63	79
	67	83
	71	89
	75	95
	79	101
	83	107
	90	276
	91	277
	95	281
	99	285
	100	285
	102	286
	103	287
	107	291
	108	291
	110	292
	119	116
	120	117
	121	118
	125	122
	129	126
	130	126
	131	126
	133	127
	134	128
	138	132
	139	135
	140	137
	143	139
	153	303
	154	304
	155	305
	156	306
	160	310
	164	314
	165	315
	166	315
	167	315
	169	317
	170	318
	174	322
	175	325
	176	328
	177	331
	181	335
	192	152
	193	153
	194	154
	195	155
	196	156
	200	160
	204	164
	205	165
	206	166
	207	167
	208	168
	210	170
	211	171
	215	175
	216	178
	217	181
	218	184
	219	187
	224	198
	236	212
	237	213
	238	214
	239	215
	240	216
	241	217
	245	221
	249	227
	250	228
	251	229
	252	230
	253	231
	254	232
net/minecraft/client/particle/BlockMarkerParticle	30	35
	19	22
	24	27
	10	13
	11	14
	12	15
	13	16
	14	17
	30	35
	15	18
net/minecraft/client/gui/screen/ingame/HandledScreens	114	93
	70	40
	71	41
	72	42
	74	44
	77	60
	78	61
	79	62
	80	63
	81	64
	82	65
	84	66
	85	67
	87	68
	88	69
	89	70
	90	71
	91	72
	92	73
	93	74
	94	75
	95	76
	96	77
	97	78
	98	79
	99	80
	100	81
	101	82
	102	83
	103	84
	104	85
	41	24
	42	25
	107	47
	44	26
	108	49
	45	30
	109	50
	110	51
	47	28
	111	52
	48	30
	114	56
	53	34
	58	90
	60	91
	61	92
	62	93
net/minecraft/client/gui/screen/option/ControlsOptionsScreen	34	31
	16	16
	17	16
	33	30
	18	16
	34	31
	19	16
	24	20
	25	21
	29	26
	30	27
	15	16
	31	28
net/minecraft/client/render/entity/feature/VillagerClothingFeatureRenderer	107	99
	64	55
	65	56
	67	57
	69	58
	70	62
	71	63
	72	64
	74	65
	75	66
	76	67
	77	68
	78	69
	79	70
	82	75
	85	78
	89	82
	93	88
	94	89
	95	90
	32	32
	33	33
	34	34
	98	91
	35	35
	36	36
	37	37
	101	93
	103	95
	104	96
	105	97
	107	99
	46	44
	47	45
	48	46
	49	47
	53	50
	54	75
	57	51
	58	52
	59	75
	61	53
	62	54
net/minecraft/unused/packageinfo/PackageInfo10412	0	0
net/minecraft/unused/packageinfo/PackageInfo6210	0	0
net/minecraft/unused/packageinfo/PackageInfo10413	0	0
net/minecraft/client/texture/SpriteLoader	138	167
	129	159
	130	159
	133	160
	138	167
	41	42
	42	43
	43	44
	44	45
	45	46
	48	49
	52	53
	53	57
	54	58
	56	59
	57	60
	59	62
	60	63
	61	64
	62	65
	63	66
	64	74
	67	77
	71	80
	72	81
	75	83
	76	84
	77	85
	79	87
	83	91
	84	92
	85	93
	86	94
	87	99
	88	102
	89	103
	94	106
	95	107
	96	108
	97	109
	100	111
	101	112
	103	114
	106	134
	107	130
	111	139
	112	141
	116	145
	120	151
	121	152
	122	153
	123	154
	127	158
net/minecraft/client/render/model/json/BlockModelDefinition	106	98
	65	59
	75	84
	77	86
	79	87
	80	89
	81	90
	82	91
	85	94
	86	95
	88	97
	89	98
	31	31
	32	32
	33	33
	34	35
	99	68
	36	38
	100	70
	37	39
	101	71
	102	71
	39	40
	103	71
	106	74
	43	44
	45	45
	49	46
	50	47
	51	48
	53	50
	56	51
	57	52
	58	53
	60	55
	61	56
	63	58
net/minecraft/client/session/telemetry/SampleEvent	48	50
	33	35
	36	38
	40	42
	44	46
	45	47
	48	50
	18	19
	19	20
	20	21
	21	22
	24	25
	25	26
	26	27
	27	28
	29	31
	30	32
	31	33
net/minecraft/unused/packageinfo/PackageInfo10414	0	0
net/minecraft/client/realms/dto/RealmsSlot	53	55
	48	51
	36	37
	52	54
	53	55
	40	41
	25	27
	26	28
	27	29
	43	47
	28	30
	31	33
	47	50
net/minecraft/unused/packageinfo/PackageInfo6218	0	0
net/minecraft/client/particle/RedDustParticle	27	39
	16	28
	22	35
	23	36
	9	22
	11	23
	27	39
	12	24
	13	25
	14	26
	15	27
net/minecraft/unused/packageinfo/PackageInfo6217	0	0
net/minecraft/client/particle/WhiteSmokeParticle	26	30
	21	26
	22	27
	26	30
	11	15
	12	16
	13	17
	14	18
	15	19
net/minecraft/client/render/fog/BlindnessEffectFogModifier	45	48
	33	35
	37	39
	38	40
	39	41
	40	42
	42	44
	45	48
	18	20
	23	25
	24	26
	25	27
	26	28
	27	29
	28	30
	29	31
	30	32
net/minecraft/unused/packageinfo/PackageInfo6214	0	0
net/minecraft/unused/packageinfo/PackageInfo6213	0	0
net/minecraft/unused/packageinfo/PackageInfo6212	0	0
net/minecraft/unused/packageinfo/PackageInfo6211	0	0
net/minecraft/client/render/entity/feature/FeatureRendererContext	0	0
net/minecraft/unused/packageinfo/PackageInfo6219	0	0
net/minecraft/client/texture/GlTexture	107	120
	65	74
	67	77
	68	79
	69	82
	71	85
	73	87
	76	90
	81	95
	82	96
	83	97
	21	27
	22	28
	23	29
	87	101
	88	102
	89	103
	27	33
	28	39
	93	107
	30	34
	94	108
	31	35
	95	109
	32	36
	34	39
	98	112
	99	113
	37	42
	38	43
	102	116
	39	47
	104	117
	41	49
	105	118
	107	120
	45	53
	49	57
	50	58
	51	59
	52	60
	53	61
	58	66
	59	67
	60	68
	61	69
	63	71
net/minecraft/client/realms/exception/RealmsHttpException	6	10
	5	9
	6	10
net/minecraft/client/texture/MapTextureManager	100	97
	64	62
	65	63
	67	64
	68	65
	69	66
	72	69
	73	70
	74	71
	75	72
	78	75
	79	76
	82	79
	19	18
	83	80
	20	19
	84	81
	85	82
	86	83
	23	22
	87	84
	24	23
	88	85
	27	26
	28	27
	92	90
	29	28
	93	91
	95	93
	33	32
	34	33
	99	96
	100	97
	37	36
	38	37
	41	40
	42	41
	43	42
	46	44
	48	45
	54	51
	55	52
net/minecraft/client/util/VideoMode	135	135
	129	127
	131	130
	135	135
	22	25
	23	26
	24	27
	25	28
	26	29
	27	30
	28	31
	31	34
	32	35
	33	36
	34	37
	35	38
	36	39
	37	40
	40	43
	41	44
	42	45
	43	46
	44	47
	45	48
	46	49
	49	52
	53	56
	57	60
	61	64
	65	68
	69	72
	74	76
	75	77
	77	78
	78	87
	80	79
	81	80
	92	92
	97	96
	103	100
	104	101
	108	104
	109	105
	110	106
	111	107
	112	108
	114	110
	115	111
	117	113
	119	116
	121	118
	122	119
	124	121
	126	124
	127	125
net/minecraft/client/render/entity/animation/BreezeAnimations	0	0
net/minecraft/client/sound/MovingMinecartSoundInstance	61	63
	20	25
	21	26
	22	27
	23	28
	24	29
	25	30
	26	31
	27	32
	28	33
	32	37
	37	42
	42	47
	43	48
	44	63
	47	50
	48	51
	49	52
	51	53
	52	54
	53	55
	54	56
	56	57
	58	59
	59	60
	61	63
net/minecraft/client/resource/server/ServerResourcePackLoader	452	422
	256	236
	257	237
	258	238
	260	239
	264	239
	267	240
	269	241
	270	242
	271	243
	272	244
	273	245
	275	248
	278	251
	283	255
	287	259
	288	259
	290	259
	294	263
	295	264
	296	265
	297	266
	299	267
	300	268
	302	269
	303	270
	304	271
	305	272
	309	276
	310	277
	311	278
	314	281
	315	282
	316	283
	317	284
	318	285
	319	286
	65	66
	321	289
	66	67
	323	291
	70	71
	326	294
	71	72
	327	295
	328	296
	329	297
	332	299
	335	302
	336	303
	337	304
	340	306
	344	310
	345	310
	347	310
	351	314
	96	85
	352	315
	353	316
	98	88
	99	89
	100	90
	356	319
	357	320
	103	93
	104	94
	360	323
	105	95
	361	324
	364	327
	365	328
	110	98
	111	99
	368	331
	115	103
	371	334
	116	104
	372	336
	373	337
	118	105
	374	338
	119	105
	376	340
	377	341
	122	107
	125	110
	381	345
	382	347
	383	348
	384	349
	385	350
	386	351
	387	352
	389	354
	390	355
	136	121
	137	122
	395	360
	140	125
	396	361
	141	126
	397	362
	398	364
	143	128
	399	367
	400	370
	145	131
	146	132
	402	372
	405	375
	150	135
	406	376
	151	136
	407	377
	152	137
	408	378
	153	138
	154	139
	411	381
	412	382
	158	142
	159	143
	415	385
	160	144
	416	386
	161	145
	419	389
	420	390
	165	148
	421	391
	166	149
	167	150
	424	394
	425	395
	171	153
	172	154
	173	155
	429	399
	430	400
	175	157
	431	401
	432	402
	178	160
	434	404
	179	161
	180	162
	181	163
	437	408
	182	164
	438	409
	184	166
	440	411
	187	169
	444	415
	445	416
	446	417
	447	418
	192	174
	451	421
	452	422
	198	179
	199	180
	200	182
	201	184
	202	186
	203	188
	204	190
	205	192
	210	198
	214	198
	216	198
	219	199
	220	200
	225	205
	231	210
	232	211
	233	212
	234	213
	236	215
	239	218
	240	219
	241	220
	243	223
	244	224
	249	229
	254	234
net/minecraft/client/session/report/MessagesListAdder	77	74
	64	60
	67	63
	68	64
	69	65
	70	66
	71	67
	72	68
	74	71
	75	72
	77	74
	30	28
	31	29
	32	30
	33	31
	34	32
	37	35
	38	37
	39	38
	40	39
	43	43
	44	43
	46	44
	47	44
	51	45
	52	46
	53	47
	54	48
	56	51
	57	52
	59	54
	61	57
net/minecraft/client/render/entity/ItemEntityRenderer	119	100
	25	27
	26	28
	28	29
	29	30
	30	31
	34	34
	39	38
	41	39
	42	40
	44	41
	45	42
	49	45
	50	57
	53	46
	55	47
	57	48
	58	49
	59	50
	62	51
	63	52
	65	53
	66	54
	68	55
	69	57
	72	60
	73	61
	76	66
	77	67
	78	100
	81	68
	82	69
	86	70
	87	71
	89	72
	91	74
	92	75
	93	76
	94	77
	95	78
	96	79
	97	80
	98	81
	103	84
	104	85
	106	86
	107	87
	109	89
	110	90
	111	91
	112	92
	113	93
	114	94
	115	95
	116	96
	119	100
net/minecraft/client/render/entity/state/EvokerFangsEntityRenderState	0	0
net/minecraft/client/texture/GlTextureView	28	30
	20	23
	21	24
	22	25
	24	27
	9	12
	10	13
	11	14
	28	30
	15	18
net/minecraft/client/realms/dto/RealmsWorldOptions	135	137
	64	67
	65	68
	66	69
	130	132
	69	72
	135	137
	73	76
	74	77
	75	78
	76	79
	77	80
	78	81
	79	82
	83	86
	87	90
	88	91
	89	92
	93	96
	94	97
	97	100
	98	101
	99	102
	101	104
	102	105
	106	110
	107	111
	109	114
	110	115
	112	118
	113	119
	115	121
	53	45
	118	124
	119	125
	56	59
	120	125
	57	60
	58	61
	59	62
	123	125
	60	63
	61	64
	125	127
	62	65
	63	66
net/minecraft/client/gui/render/state/special/BannerResultGuiElementRenderState	18	31
	18	31
	13	26
	14	27
net/minecraft/client/gui/screen/recipebook/AbstractCraftingRecipeBookWidget	97	104
	64	64
	65	66
	67	72
	68	73
	69	74
	70	76
	71	77
	72	79
	73	80
	74	82
	75	83
	82	89
	86	93
	87	94
	91	98
	96	103
	97	104
	38	40
	39	41
	43	45
	47	49
	48	50
	50	52
	51	53
	52	53
	53	54
	54	54
	55	55
	61	61
	62	62
	63	63
net/minecraft/client/gui/screen/GraphicsWarningScreen	81	79
	64	61
	65	62
	66	63
	67	64
	71	68
	79	77
	80	78
	81	79
	29	28
	30	29
	31	30
	32	31
	33	32
	37	36
	42	41
	43	42
	45	45
	47	46
	48	47
	50	48
	51	49
	53	50
	55	51
	56	53
	57	54
	58	55
	60	57
net/minecraft/client/render/entity/state/EntityHitbox	19	12
	18	11
	19	12
net/minecraft/client/render/entity/state/TextDisplayEntityRenderState	16	18
	16	18
net/minecraft/client/gui/screen/option/GameOptionsScreen	79	80
	64	64
	66	66
	70	70
	71	71
	75	75
	76	76
	78	79
	79	80
	25	25
	26	26
	27	27
	28	28
	32	32
	33	33
	34	34
	36	36
	37	38
	38	39
	41	42
	42	43
	45	46
	46	47
	48	48
	49	49
	50	50
	52	52
	57	57
	58	58
	62	62
	63	63
net/minecraft/client/render/entity/WindChargeEntityRenderer	40	40
	32	32
	35	35
	21	22
	22	23
	23	24
	40	40
	27	28
	28	29
	29	30
	31	31
net/minecraft/client/realms/gui/screen/RealmsSlotOptionsScreen	271	305
	257	299
	258	305
	262	229
	263	230
	265	231
	266	255
	268	234
	269	235
	271	275
	69	51
	70	52
	71	53
	72	54
	74	55
	75	56
	77	57
	78	58
	80	59
	81	60
	82	61
	83	62
	85	63
	86	64
	88	66
	89	67
	90	68
	92	69
	93	70
	95	72
	99	76
	100	77
	104	81
	105	82
	106	83
	111	88
	112	89
	117	94
	118	95
	119	96
	121	97
	123	99
	124	100
	125	101
	126	102
	128	104
	130	107
	133	110
	134	113
	135	114
	137	117
	139	119
	140	121
	141	122
	142	123
	144	125
	146	126
	147	134
	149	136
	150	138
	151	139
	152	140
	153	141
	155	142
	156	143
	157	144
	158	145
	160	147
	162	149
	163	158
	164	163
	166	165
	167	166
	168	167
	169	168
	170	169
	173	172
	174	173
	177	176
	178	177
	179	178
	180	179
	181	180
	182	181
	185	185
	186	189
	187	190
	190	193
	191	194
	193	195
	196	197
	197	197
	199	198
	200	199
	201	200
	205	202
	210	207
	215	212
	217	213
	218	214
	220	217
	221	218
	224	221
	225	222
	227	224
	229	226
	236	283
	238	284
	239	285
	241	286
	243	287
	244	288
	248	292
	249	295
	252	293
	253	295
net/minecraft/client/font/UnihexFont	472	515
	53	45
	54	46
	59	51
	64	56
	68	205
	69	206
	70	207
	71	208
	72	210
	75	213
	76	214
	78	215
	90	222
	91	223
	92	223
	93	225
	98	230
	102	234
	107	238
	112	242
	117	357
	118	358
	119	359
	120	361
	126	367
	127	368
	128	369
	132	373
	137	378
	141	387
	142	403
	143	399
	147	407
	148	408
	150	448
	152	414
	153	415
	154	416
	155	417
	156	418
	161	422
	163	426
	164	427
	165	428
	166	429
	167	431
	168	432
	169	433
	170	434
	175	439
	176	440
	177	441
	178	442
	179	443
	180	444
	182	457
	183	456
	193	170
	194	172
	195	173
	197	176
	201	180
	202	181
	206	184
	208	185
	209	186
	211	188
	212	189
	214	192
	220	61
	221	62
	223	64
	224	65
	225	69
	227	66
	228	67
	231	72
	234	75
	235	76
	236	77
	238	79
	243	331
	247	335
	248	336
	249	338
	250	339
	251	340
	252	341
	253	342
	255	345
	260	350
	267	250
	271	254
	272	255
	273	257
	274	258
	275	259
	276	260
	277	261
	278	262
	279	263
	281	266
	286	271
	295	281
	299	285
	300	286
	301	287
	302	289
	303	290
	304	291
	305	292
	306	293
	307	294
	308	295
	309	296
	310	297
	311	298
	313	301
	317	305
	318	306
	319	307
	320	309
	321	310
	322	311
	323	312
	324	313
	325	314
	326	315
	327	316
	328	317
	329	318
	330	319
	331	320
	333	323
	339	465
	344	470
	349	475
	354	480
	359	485
	362	489
	367	494
	372	499
	377	504
	378	505
	379	506
	380	507
	381	510
	382	511
	387	515
	400	83
	402	84
	404	87
	405	88
	406	89
	411	93
	412	94
	414	97
	415	99
	416	100
	419	103
	420	104
	421	105
	422	107
	423	108
	424	109
	425	110
	426	111
	428	113
	431	116
	432	117
	433	118
	435	90
	438	123
	442	127
	443	128
	444	129
	445	130
	446	131
	447	132
	448	133
	449	134
	450	135
	451	136
	452	137
	453	139
	454	140
	455	141
	456	142
	457	143
	458	144
	460	138
	466	150
	467	151
	468	152
	469	155
	470	156
	472	159
net/minecraft/client/sound/RepeatingAudioStream	56	61
	32	23
	36	27
	41	32
	42	33
	43	34
	44	35
	45	36
	46	37
	49	40
	18	57
	19	58
	54	44
	55	45
	56	46
	24	61
	28	19
	29	20
	30	21
	31	22
net/minecraft/client/resource/language/I18n	28	30
	16	17
	19	20
	21	23
	22	24
	23	25
	11	13
	28	30
	15	16
net/minecraft/client/render/entity/AbstractSkeletonEntityRenderer	45	48
	32	38
	33	39
	37	42
	42	46
	43	47
	45	48
	14	20
	15	21
	18	26
	20	27
	21	29
	22	29
	23	29
	25	32
	29	35
	30	36
	31	37
net/minecraft/client/render/item/property/numeric/CompassState	143	140
	64	61
	128	128
	68	63
	69	64
	70	65
	72	68
	74	70
	138	136
	139	137
	77	73
	143	140
	81	77
	82	77
	22	25
	86	81
	23	26
	87	82
	24	27
	25	29
	91	86
	95	94
	34	37
	99	98
	36	38
	37	39
	39	40
	40	41
	107	107
	44	45
	45	46
	47	47
	48	47
	114	114
	51	47
	115	115
	55	51
	56	52
	121	121
	58	55
	59	56
	63	60
net/minecraft/client/session/telemetry/WorldLoadTimesEvent	27	26
	16	15
	17	16
	18	17
	21	20
	22	21
	23	22
	24	23
	25	24
	27	26
net/minecraft/client/render/entity/model/HorseSaddleEntityModel	90	70
	65	49
	66	51
	67	51
	68	52
	70	54
	71	55
	72	55
	75	57
	76	58
	77	58
	81	60
	86	65
	87	67
	88	68
	90	70
	27	26
	28	27
	29	28
	30	29
	31	30
	34	33
	38	37
	39	38
	40	39
	42	40
	44	41
	45	41
	46	41
	50	42
	51	42
	52	42
	55	43
	56	43
	57	43
	60	44
	61	46
	62	46
	63	47
net/minecraft/client/world/GeneratorOptionsFactory	0	0
net/minecraft/unused/packageinfo/PackageInfo7961	0	0
net/minecraft/client/gui/hud/debug/RenderingChart	48	48
	34	34
	39	39
	44	44
	48	48
	17	18
	18	19
	22	23
	23	24
	24	25
	26	26
	27	27
	28	28
	30	30
net/minecraft/client/render/SectionRenderState	45	56
	33	43
	34	44
	35	45
	36	46
	37	47
	39	50
	40	51
	41	52
	45	56
	21	23
	22	24
	23	25
	24	26
	25	27
	26	28
	28	29
	29	34
	30	40
	31	41
net/minecraft/client/render/model/UnbakedModel	62	70
	34	34
	39	39
	15	15
	49	56
	50	57
	20	20
	53	60
	54	61
	55	62
	25	25
	58	66
	29	29
	62	70
net/minecraft/client/data/BlockStateModelGenerator	4299	4258
	4096	3713
	4097	3714
	4098	3715
	4099	3716
	4100	3717
	4101	3718
	4102	3719
	4103	3720
	4104	3721
	4105	3722
	4106	3723
	4107	3724
	4108	3725
	4110	3726
	4111	3727
	4112	3728
	4114	3729
	4115	3739
	4116	3749
	4117	3759
	4118	3769
	4120	3779
	4121	3780
	4123	3781
	4124	3782
	4125	3783
	4126	3784
	4128	3785
	4129	3786
	4130	3787
	4131	3788
	4132	3789
	4134	3790
	4135	3791
	4136	3792
	4137	3793
	4138	3794
	4140	3795
	4141	3796
	4142	3797
	4143	3798
	4144	3799
	4146	3800
	4147	3801
	4148	3802
	4149	3803
	4150	3804
	4152	3805
	4153	3806
	4154	3807
	4155	3808
	4156	3809
	4158	3810
	4159	3811
	4160	3812
	4161	3813
	4162	3814
	4164	3815
	4165	3816
	4166	3817
	4167	3818
	4168	3819
	4170	3820
	4171	3821
	4172	3822
	4173	3823
	4174	3824
	4176	3825
	4177	3826
	4178	3827
	4179	3828
	4180	3829
	4182	3830
	4183	3831
	4184	3832
	4185	3833
	4186	3834
	4188	3835
	4189	3836
	4190	3837
	4192	3838
	4193	3839
	4195	3840
	4196	3841
	4198	3842
	4200	3843
	4201	3844
	4202	3845
	4203	3846
	4205	3847
	4207	3848
	4208	3849
	4209	3850
	4211	3851
	4212	3852
	4213	3853
	4215	3854
	4216	3855
	122	99
	4218	3856
	4219	3857
	4220	3858
	4222	3859
	4224	3860
	4225	3861
	4227	3862
	4228	3863
	4229	3864
	134	107
	4230	3865
	135	108
	4231	3866
	136	111
	4232	3867
	137	114
	4233	3868
	4234	3869
	139	117
	140	120
	141	123
	4237	3872
	142	126
	4239	3873
	4241	3874
	4242	3876
	4243	3877
	4244	3878
	4245	3879
	4246	3881
	4247	3883
	4250	3886
	4256	3887
	4257	3887
	4258	3887
	4260	3888
	4263	3891
	4265	3892
	4266	3893
	4268	3894
	4269	3895
	4270	3896
	4271	3897
	4273	3898
	4274	3899
	4275	3900
	4276	3901
	4278	3903
	4279	3904
	4280	3905
	4281	3906
	4282	3907
	4283	3908
	4284	3909
	4285	3910
	190	244
	4286	3911
	4287	3912
	4288	3913
	4289	3914
	194	248
	4293	3918
	198	252
	4294	3921
	4295	3924
	4296	3924
	4297	3924
	202	256
	4299	3925
	206	260
	210	264
	214	270
	215	271
	219	277
	220	278
	224	284
	225	285
	226	285
	234	179
	235	183
	240	193
	242	196
	243	197
	244	198
	246	200
	247	201
	248	202
	254	291
	255	292
	256	293
	257	294
	260	297
	261	298
	264	301
	265	302
	268	305
	269	306
	272	309
	276	313
	280	317
	284	321
	285	322
	286	323
	290	327
	291	328
	294	331
	295	332
	296	333
	298	335
	301	338
	302	339
	303	340
	305	342
	308	345
	309	346
	310	347
	311	348
	313	350
	316	353
	318	353
	319	353
	320	353
	325	357
	328	357
	329	357
	334	361
	335	361
	336	361
	340	365
	341	366
	342	367
	343	367
	345	368
	348	371
	349	372
	350	372
	352	373
	355	376
	356	376
	357	376
	358	376
	359	376
	360	377
	361	378
	362	379
	363	380
	368	382
	369	383
	372	386
	373	387
	374	387
	375	387
	376	387
	378	388
	379	389
	380	390
	381	391
	382	392
	383	393
	385	394
	386	395
	387	396
	388	397
	390	398
	391	399
	392	400
	393	401
	398	416
	399	417
	400	418
	402	419
	403	420
	404	421
	405	422
	407	423
	408	424
	409	425
	410	426
	412	427
	413	428
	414	429
	415	430
	417	431
	418	432
	419	433
	420	434
	423	435
	424	436
	425	437
	426	438
	428	439
	429	440
	430	441
	431	442
	433	443
	434	444
	435	445
	436	446
	438	447
	439	448
	440	449
	441	450
	446	462
	447	463
	448	464
	449	465
	450	466
	451	467
	455	471
	456	472
	457	473
	458	474
	459	475
	460	476
	464	482
	465	483
	467	484
	468	485
	469	486
	470	487
	472	488
	473	489
	474	490
	475	491
	479	497
	480	498
	481	499
	482	500
	483	501
	484	502
	485	503
	487	505
	488	506
	492	512
	493	513
	494	514
	495	515
	496	516
	497	517
	498	518
	499	519
	500	520
	501	521
	502	522
	503	523
	504	524
	505	525
	506	526
	507	527
	508	528
	509	529
	510	530
	511	531
	512	532
	513	533
	514	534
	515	535
	516	536
	517	537
	518	538
	519	539
	520	540
	521	541
	522	542
	523	543
	524	544
	525	545
	526	546
	527	547
	528	548
	529	549
	530	550
	531	551
	532	552
	533	553
	534	554
	539	561
	540	562
	541	563
	542	564
	543	565
	544	566
	545	567
	546	568
	547	569
	548	570
	549	571
	550	572
	551	573
	552	574
	553	575
	554	576
	555	577
	556	578
	557	579
	562	586
	563	587
	564	588
	565	589
	566	590
	567	591
	568	592
	569	593
	570	594
	571	595
	572	596
	573	597
	574	598
	575	599
	576	600
	577	601
	578	602
	579	603
	580	604
	585	609
	589	613
	590	613
	591	613
	592	613
	596	619
	597	620
	598	621
	600	622
	601	623
	602	623
	603	623
	604	623
	605	623
	610	627
	614	631
	615	631
	617	632
	620	635
	621	636
	622	636
	624	637
	627	640
	628	641
	629	641
	630	641
	632	642
	635	645
	636	646
	637	647
	638	648
	639	649
	640	650
	645	655
	646	656
	647	657
	648	657
	650	658
	653	661
	654	662
	655	663
	656	664
	657	665
	658	666
	659	668
	660	669
	661	670
	662	671
	663	672
	664	673
	665	674
	666	675
	667	676
	668	677
	669	678
	670	679
	671	680
	674	683
	677	688
	678	687
	679	687
	680	689
	684	693
	688	697
	689	697
	693	703
	694	704
	695	705
	696	706
	697	707
	698	708
	703	713
	704	714
	707	717
	708	717
	710	718
	713	721
	714	722
	715	722
	717	723
	718	724
	721	727
	723	728
	724	729
	725	730
	728	733
	729	734
	730	735
	760	3938
	761	3939
	764	3942
	765	3943
	766	3944
	768	3950
	770	3954
	774	3958
	775	3959
	776	3961
	777	3962
	778	3963
	782	3968
	783	3971
	784	3973
	786	3974
	787	3975
	788	3976
	792	3981
	793	3984
	794	3987
	795	3989
	797	3991
	798	3992
	799	3993
	803	3997
	805	3999
	806	4002
	807	4005
	808	4008
	809	4011
	810	4013
	812	4019
	813	4020
	814	4021
	818	4026
	819	4029
	820	4031
	822	4032
	823	4033
	824	4034
	828	4038
	830	4040
	831	4043
	832	4046
	833	4049
	834	4051
	835	4055
	839	4060
	840	4063
	841	4066
	842	4069
	843	4071
	844	4073
	848	4078
	849	4081
	850	4083
	851	4085
	855	4089
	856	4090
	858	4092
	859	4094
	860	4096
	861	4097
	862	4098
	863	4099
	867	4104
	868	4105
	870	4107
	871	4108
	873	4109
	874	4115
	875	4116
	879	4121
	880	4122
	881	4123
	883	4124
	884	4128
	885	4129
	889	4133
	890	4134
	891	4135
	892	4136
	896	4140
	897	4141
	901	4145
	902	4146
	904	4148
	906	4150
	909	4153
	913	4157
	914	4158
	915	4161
	916	4168
	918	4162
	919	4164
	920	4165
	922	4168
	923	4170
	928	738
	929	739
	933	743
	934	744
	935	745
	936	746
	937	747
	940	750
	941	751
	942	752
	943	753
	944	754
	945	755
	946	756
	947	757
	948	758
	950	759
	951	760
	952	766
	955	769
	956	770
	957	771
	958	772
	959	773
	960	774
	961	775
	962	776
	964	777
	965	778
	966	784
	969	787
	970	788
	971	789
	972	790
	974	791
	975	792
	976	793
	979	796
	980	797
	981	798
	982	799
	984	800
	985	801
	986	802
	989	805
	990	806
	991	807
	993	808
	994	809
	995	810
	998	813
	999	814
	1000	815
	1002	817
	1003	818
	1004	819
	1005	820
	1006	821
	1007	822
	1008	823
	1009	824
	1011	826
	1013	828
	1019	4221
	1020	4222
	1023	4225
	1024	4226
	1025	4227
	1026	4229
	1027	4230
	1031	4234
	1032	4235
	1033	4237
	1034	4238
	1038	4242
	1039	4244
	1040	4246
	1041	4248
	1042	4249
	1046	4253
	1047	4255
	1048	4258
	1053	831
	1057	835
	1058	836
	1061	839
	1062	840
	1075	4189
	1076	4190
	1077	4191
	1078	4192
	1081	4195
	1085	4199
	1089	4203
	1090	4204
	1091	4204
	1093	4204
	1098	4208
	1102	4212
	1107	843
	1108	844
	1109	845
	1112	848
	1113	849
	1114	850
	1117	853
	1118	854
	1119	855
	1122	858
	1123	859
	1124	860
	1127	865
	1128	866
	1131	868
	1132	869
	1133	869
	1134	869
	1135	869
	1136	870
	1137	871
	1138	872
	1142	875
	1145	878
	1146	879
	1147	880
	1150	883
	1152	884
	1153	885
	1154	886
	1155	887
	1158	890
	1160	891
	1161	892
	1163	893
	1164	894
	1166	896
	1167	897
	1170	900
	1171	901
	1172	902
	1174	903
	1175	905
	1176	906
	1177	907
	1178	909
	1179	910
	1180	911
	1181	912
	1184	916
	1185	917
	1186	918
	1187	919
	1188	920
	1191	923
	1194	926
	1195	927
	1196	928
	1197	929
	1198	930
	1199	931
	1202	934
	1204	935
	1206	937
	1207	938
	1208	939
	1209	939
	1210	940
	1211	941
	1213	942
	1217	947
	1220	952
	1221	953
	1223	954
	1224	955
	1226	956
	1227	957
	1228	958
	1231	961
	1232	962
	1233	963
	1234	964
	1237	967
	1238	968
	1239	969
	1242	972
	1243	973
	1244	974
	1245	975
	1248	978
	1249	979
	1250	981
	1251	983
	1252	984
	1255	987
	1256	988
	1257	989
	1258	990
	1261	993
	1262	994
	1263	996
	1264	997
	1265	998
	1266	999
	1267	1000
	1268	1001
	1270	1003
	1272	1005
	1275	1009
	1276	1010
	1277	1011
	1278	1011
	1279	1011
	1280	1011
	1283	1013
	1286	1016
	1287	1017
	1289	1018
	1290	1019
	1291	1020
	1292	1021
	1294	1022
	1295	1024
	1296	1025
	1297	1026
	1298	1027
	1299	1028
	1300	1029
	1302	1030
	1303	1031
	1304	1032
	1305	1033
	1307	1034
	1308	1035
	1309	1036
	1310	1037
	1313	1040
	1316	1043
	1317	1044
	1318	1045
	1320	1046
	1321	1047
	1322	1048
	1324	1049
	1325	1051
	1326	1052
	1327	1053
	1328	1053
	1329	1054
	1330	1055
	1331	1056
	1332	1057
	1333	1058
	1334	1059
	1335	1060
	1336	1061
	1340	1065
	1343	1068
	1344	1069
	1345	1070
	1348	1073
	1349	1074
	1350	1075
	1354	1078
	1359	1082
	1360	1083
	1363	1086
	1364	1087
	1367	1090
	1370	1091
	1371	1092
	1372	1093
	1375	1096
	1376	1097
	1377	1098
	1378	1099
	1379	1100
	1380	1101
	1381	1112
	1384	1115
	1385	1116
	1386	1117
	1387	1118
	1388	1119
	1389	1120
	1390	1131
	1397	1145
	1398	1146
	1399	1147
	1400	1148
	1401	1148
	1404	1151
	1405	1152
	1406	1152
	1407	1153
	1409	1155
	1410	1156
	1411	1156
	1412	1157
	1414	1159
	1415	1160
	1416	1160
	1417	1161
	1419	1163
	1420	1164
	1421	1164
	1424	1167
	1425	1168
	1426	1168
	1427	1169
	1429	1171
	1430	1172
	1431	1172
	1432	1173
	1434	1175
	1435	1176
	1436	1176
	1437	1177
	1439	1179
	1440	1180
	1441	1180
	1444	1183
	1445	1184
	1446	1184
	1447	1185
	1449	1187
	1450	1188
	1451	1188
	1452	1189
	1454	1191
	1455	1192
	1456	1192
	1457	1193
	1459	1195
	1460	1196
	1461	1196
	1464	1199
	1465	1200
	1466	1200
	1467	1201
	1469	1203
	1470	1204
	1471	1204
	1472	1205
	1474	1207
	1475	1208
	1476	1208
	1477	1209
	1480	1212
	1483	1215
	1484	1216
	1485	1217
	1486	1217
	1489	1219
	1492	1222
	1493	1223
	1494	1224
	1495	1224
	1496	1224
	1499	1226
	1502	1229
	1504	1230
	1505	1231
	1506	1232
	1507	1233
	1508	1234
	1509	1235
	1511	1236
	1512	1237
	1514	1239
	1515	1240
	1516	1241
	1517	1242
	1518	1243
	1519	1244
	1520	1245
	1522	1246
	1523	1247
	1524	1248
	1525	1249
	1527	1251
	1530	1254
	1532	1255
	1533	1257
	1535	1260
	1536	1261
	1537	1262
	1538	1263
	1540	1265
	1543	1268
	1544	1269
	1545	1269
	1546	1269
	1548	1270
	1551	1273
	1552	1275
	1553	1277
	1554	1278
	1558	1285
	1559	1286
	1560	1287
	1561	1288
	1562	1290
	1563	1294
	1565	1298
	1568	1301
	1570	1302
	1571	1306
	1572	1310
	1573	1311
	1574	1312
	1575	1312
	1576	1312
	1577	1312
	1579	1313
	1581	1315
	1584	1320
	1585	1320
	1586	1321
	1587	1322
	1592	1327
	1593	1328
	1595	1329
	1596	1330
	1598	1332
	1600	1332
	1601	1332
	1602	1332
	1606	1334
	1607	1335
	1608	1336
	1609	1337
	1611	1339
	1614	1342
	1616	1343
	1617	1344
	1620	1346
	1621	1348
	1622	1349
	1623	1350
	1624	1351
	1625	1352
	1626	1354
	1627	1357
	1631	1365
	1634	1368
	1635	1369
	1636	1370
	1637	1371
	1639	1372
	1640	1374
	1641	1375
	1642	1376
	1643	1377
	1644	1378
	1645	1379
	1646	1380
	1647	1381
	1649	1382
	1650	1383
	1651	1384
	1652	1385
	1654	1386
	1655	1387
	1656	1388
	1657	1389
	1659	1390
	1660	1391
	1661	1392
	1662	1393
	1665	1396
	1668	1400
	1669	1401
	1670	1402
	1671	1403
	1672	1404
	1673	1405
	1674	1406
	1675	1407
	1677	1408
	1678	1409
	1679	1410
	1680	1411
	1682	1412
	1683	1413
	1684	1414
	1685	1415
	1688	1418
	1691	1421
	1693	1422
	1694	1424
	1696	1427
	1697	1428
	1698	1429
	1699	1430
	1701	1432
	1704	1435
	1706	1437
	1707	1438
	1709	1439
	1710	1441
	1711	1442
	1712	1443
	1713	1444
	1716	1447
	1719	1450
	1720	1451
	1721	1452
	1725	1456
	1726	1457
	1728	1459
	1730	1462
	1731	1463
	1734	1466
	1735	1467
	1736	1468
	1737	1469
	1740	1472
	1741	1474
	1742	1475
	1743	1476
	1744	1477
	1745	1478
	1746	1479
	1747	1480
	1748	1481
	1749	1482
	1750	1483
	1751	1484
	1752	1485
	1753	1486
	1754	1487
	1755	1488
	1756	1489
	1757	1490
	1758	1491
	1759	1492
	1760	1493
	1761	1494
	1763	1496
	1765	1498
	1766	1499
	1767	1499
	1768	1500
	1770	1502
	1771	1503
	1772	1503
	1773	1504
	1775	1506
	1776	1507
	1777	1507
	1778	1508
	1780	1510
	1781	1511
	1782	1511
	1783	1512
	1785	1514
	1786	1515
	1787	1516
	1789	1518
	1790	1519
	1791	1520
	1793	1522
	1794	1523
	1795	1524
	1797	1526
	1798	1527
	1799	1528
	1802	1531
	1805	1534
	1806	1536
	1807	1537
	1808	1538
	1809	1539
	1810	1540
	1811	1541
	1812	1542
	1813	1543
	1815	1545
	1817	1547
	1820	1550
	1821	1551
	1822	1551
	1823	1551
	1825	1552
	1826	1553
	1827	1555
	1828	1557
	1829	1558
	1830	1560
	1833	1563
	1834	1565
	1835	1566
	1836	1567
	1837	1568
	1838	1569
	1839	1570
	1841	1571
	1842	1572
	1843	1573
	1845	1575
	1848	1579
	1849	1581
	1851	1583
	1852	1584
	1853	1585
	1854	1586
	1855	1587
	1856	1588
	1857	1589
	1858	1590
	1860	1591
	1861	1592
	1862	1593
	1863	1594
	1864	1595
	1865	1596
	1868	1598
	1869	1599
	1872	1602
	1873	1604
	1874	1605
	1875	1606
	1876	1607
	1877	1608
	1878	1609
	1879	1610
	1880	1611
	1881	1612
	1882	1613
	1883	1614
	1886	1617
	1889	1621
	1890	1621
	1891	1622
	1892	1623
	1893	1624
	1894	1625
	1895	1626
	1896	1627
	1898	1628
	1899	1632
	1902	1636
	1903	1636
	1904	1637
	1905	1638
	1906	1639
	1907	1640
	1908	1641
	1909	1642
	1911	1643
	1912	1645
	1915	1648
	1916	1649
	1917	1650
	1920	1654
	1921	1654
	1922	1655
	1923	1656
	1924	1657
	1925	1658
	1926	1659
	1927	1660
	1929	1661
	1930	1662
	1933	1665
	1935	1666
	1937	1667
	1938	1668
	1939	1669
	1942	1673
	1943	1675
	1944	1675
	1945	1675
	1947	1676
	1950	1679
	1951	1680
	1953	1681
	1955	1691
	1956	1692
	1957	1693
	1958	1694
	1959	1696
	1960	1703
	1961	1710
	1965	1719
	1966	1720
	1967	1721
	1968	1722
	1969	1724
	1970	1731
	1971	1738
	1974	1746
	1977	1749
	1978	1750
	1979	1752
	1981	1755
	1982	1755
	1983	1755
	1985	1756
	1988	1759
	1989	1760
	1990	1761
	1991	1762
	1993	1764
	1994	1765
	1995	1766
	1996	1767
	1997	1768
	1998	1769
	1999	1770
	2000	1771
	2002	1773
	2003	1773
	2004	1773
	2007	1775
	2010	1779
	2011	1779
	2012	1780
	2013	1781
	2015	1783
	2016	1783
	2017	1784
	2019	1785
	2020	1786
	2022	1788
	2023	1789
	2024	1790
	2025	1791
	2026	1792
	2027	1793
	2029	1794
	2030	1795
	2031	1796
	2032	1797
	2036	1800
	2039	1803
	2040	1804
	2042	1806
	2043	1807
	2044	1808
	2045	1808
	2046	1808
	2047	1808
	2049	1809
	2053	1811
	2056	1814
	2057	1815
	2058	1816
	2059	1817
	2060	1818
	2062	1819
	2063	1820
	2064	1821
	2065	1822
	2067	1824
	2068	1825
	2069	1826
	2070	1827
	2071	1828
	2072	1829
	2073	1830
	2074	1831
	2076	1832
	2077	1835
	2085	1838
	2086	1841
	2087	1843
	2088	1844
	2089	1845
	2090	1846
	2094	1851
	2095	1854
	2096	1856
	2097	1857
	2098	1858
	2099	1859
	2103	1864
	2104	1867
	2105	1869
	2106	1870
	2107	1871
	2108	1872
	2112	1877
	2113	1880
	2114	1882
	2115	1883
	2116	1884
	2117	1885
	2121	1890
	2122	1893
	2123	1895
	2124	1896
	2125	1897
	2126	1898
	2130	1904
	2133	1908
	2134	1909
	2135	1910
	2136	1911
	2137	1912
	2138	1913
	2139	1914
	2140	1915
	2141	1916
	2142	1917
	2143	1918
	2145	1920
	2148	1923
	2149	1924
	2150	1925
	2151	1926
	2153	1927
	2154	1928
	2157	1933
	2158	1933
	2159	1933
	2160	1933
	2161	1934
	2162	1935
	2164	1937
	2170	1943
	2171	1944
	2172	1945
	2173	1946
	2175	1947
	2176	1948
	2177	1949
	2180	1952
	2181	1953
	2182	1953
	2183	1953
	2185	1954
	2188	1957
	2189	1958
	2190	1959
	2191	1960
	2192	1961
	2195	1964
	2196	1966
	2197	1967
	2199	1970
	2200	1971
	2202	1974
	2203	1974
	2204	1974
	2206	1975
	2209	1978
	2210	1979
	2211	1980
	2215	1985
	2216	1985
	2217	1986
	2218	1987
	2220	1988
	2221	1990
	2224	1993
	2225	1994
	2226	1996
	2228	1999
	2229	2000
	2230	2001
	2231	2002
	2232	2003
	2233	2005
	2236	2012
	2239	2016
	2240	2016
	2241	2016
	2243	2017
	2246	2020
	2247	2021
	2248	2022
	2250	2024
	2251	2025
	2252	2026
	2253	2027
	2255	2029
	2258	2032
	2259	2034
	2261	2036
	2262	2038
	2264	2041
	2265	2041
	2266	2041
	2268	2042
	2271	2045
	2272	2046
	2273	2047
	2278	2052
	2279	2053
	2280	2054
	2282	2055
	2283	2056
	2288	2061
	2289	2062
	2290	2063
	2291	2064
	2292	2065
	2297	2070
	2298	2071
	2299	2072
	2300	2073
	2301	2074
	2302	2075
	2303	2076
	2304	2077
	2305	2078
	2307	2080
	2308	2081
	2309	2082
	2313	2083
	2314	2083
	2317	2084
	2318	2084
	2319	2084
	2321	2085
	2322	2085
	2323	2085
	2325	2086
	2326	2086
	2327	2086
	2329	2087
	2330	2087
	2334	2089
	2337	2092
	2338	2093
	2340	2095
	2341	2096
	2342	2097
	2343	2098
	2344	2099
	2345	2100
	2346	2101
	2348	2103
	2351	2106
	2352	2107
	2354	2108
	2355	2110
	2356	2110
	2357	2110
	2359	2111
	2362	2115
	2363	2117
	2364	2118
	2365	2119
	2368	2122
	2370	2123
	2372	2124
	2373	2126
	2374	2127
	2375	2128
	2376	2129
	2377	2130
	2378	2130
	2379	2130
	2380	2130
	2384	2133
	2387	2137
	2388	2138
	2389	2139
	2390	2140
	2391	2141
	2392	2142
	2393	2143
	2394	2144
	2397	2147
	2400	2150
	2401	2152
	2402	2152
	2403	2153
	2404	2154
	2405	2155
	2407	2156
	2409	2157
	2410	2158
	2411	2159
	2413	2164
	2414	2168
	2416	2173
	2417	2177
	2418	2178
	2421	2182
	2422	2183
	2423	2184
	2424	2184
	2425	2184
	2426	2184
	2429	2186
	2432	2189
	2433	2191
	2434	2192
	2435	2193
	2436	2194
	2437	2195
	2438	2196
	2439	2197
	2441	2199
	2443	2201
	2446	2204
	2447	2205
	2448	2205
	2450	2206
	2453	2209
	2454	2210
	2455	2211
	2457	2213
	2458	2214
	2459	2214
	2461	2216
	2464	2219
	2465	2220
	2467	2221
	2468	2223
	2469	2224
	2470	2225
	2471	2226
	2472	2227
	2473	2228
	2474	2229
	2475	2230
	2476	2231
	2480	2234
	2483	2240
	2484	2241
	2485	2242
	2486	2243
	2489	2246
	2490	2247
	2491	2248
	2492	2249
	2493	2250
	2494	2251
	2496	2253
	2497	2254
	2498	2255
	2499	2256
	2500	2257
	2501	2257
	2502	2257
	2503	2257
	2504	2257
	2507	2260
	2508	2261
	2509	2261
	2510	2261
	2511	2261
	2512	2261
	2515	2264
	2516	2265
	2517	2265
	2518	2265
	2519	2265
	2520	2265
	2521	2266
	2523	2268
	2524	2269
	2525	2269
	2526	2269
	2527	2269
	2528	2269
	2531	2272
	2532	2273
	2533	2273
	2534	2273
	2535	2273
	2536	2273
	2537	2274
	2539	2276
	2540	2277
	2541	2278
	2542	2279
	2544	2281
	2545	2282
	2548	2286
	2549	2287
	2550	2288
	2552	2290
	2555	2293
	2556	2294
	2558	2295
	2559	2297
	2560	2298
	2561	2299
	2562	2299
	2564	2300
	2565	2301
	2566	2302
	2567	2303
	2568	2304
	2569	2305
	2571	2306
	2572	2307
	2573	2308
	2574	2309
	2576	2310
	2577	2311
	2578	2312
	2579	2313
	2582	2316
	2585	2319
	2586	2320
	2587	2321
	2588	2322
	2589	2322
	2591	2323
	2594	2326
	2595	2327
	2596	2328
	2599	2332
	2600	2333
	2601	2334
	2602	2335
	2603	2336
	2604	2337
	2607	2340
	2610	2343
	2611	2345
	2612	2346
	2613	2348
	2615	2350
	2616	2351
	2617	2352
	2619	2353
	2620	2354
	2621	2355
	2622	2356
	2624	2357
	2625	2358
	2626	2359
	2627	2360
	2629	2361
	2630	2362
	2631	2363
	2632	2364
	2636	2368
	2639	2371
	2640	2372
	2642	2374
	2643	2375
	2644	2376
	2645	2377
	2647	2379
	2650	2383
	2651	2383
	2652	2384
	2654	2385
	2655	2386
	2657	2387
	2658	2388
	2660	2389
	2662	2390
	2663	2391
	2665	2392
	2666	2393
	2668	2395
	2669	2396
	2670	2397
	2673	2400
	2674	2402
	2675	2403
	2676	2404
	2677	2405
	2679	2407
	2682	2411
	2683	2411
	2684	2412
	2686	2413
	2687	2414
	2689	2416
	2690	2417
	2691	2418
	2692	2419
	2693	2420
	2694	2422
	2695	2425
	2696	2430
	2698	2435
	2702	2437
	2705	2440
	2706	2441
	2707	2442
	2708	2443
	2709	2444
	2710	2445
	2711	2446
	2713	2447
	2714	2448
	2715	2449
	2716	2451
	2717	2454
	2718	2457
	2719	2460
	2721	2462
	2723	2464
	2724	2465
	2725	2466
	2726	2466
	2727	2467
	2728	2468
	2730	2469
	2731	2470
	2735	2475
	2738	2478
	2739	2479
	2740	2480
	2741	2481
	2742	2482
	2744	2483
	2745	2484
	2746	2485
	2747	2486
	2748	2487
	2750	2488
	2751	2489
	2752	2490
	2753	2491
	2755	2492
	2756	2493
	2757	2494
	2758	2495
	2760	2496
	2761	2498
	2762	2499
	2763	2499
	2764	2499
	2765	2500
	2766	2501
	2767	2502
	2768	2503
	2769	2504
	2772	2507
	2774	2509
	2777	2512
	2778	2513
	2779	2514
	2780	2515
	2781	2517
	2782	2518
	2783	2519
	2784	2520
	2785	2521
	2788	2524
	2791	2527
	2792	2528
	2793	2529
	2794	2530
	2795	2532
	2796	2533
	2797	2534
	2798	2535
	2799	2536
	2801	2538
	2803	2540
	2806	2543
	2807	2544
	2808	2546
	2810	2548
	2811	2550
	2812	2550
	2813	2550
	2815	2551
	2818	2554
	2819	2555
	2820	2556
	2821	2557
	2822	2559
	2823	2559
	2824	2559
	2826	2560
	2829	2563
	2830	2564
	2832	2566
	2833	2566
	2834	2566
	2837	2567
	2838	2568
	2840	2570
	2841	2570
	2842	2570
	2844	2571
	2847	2574
	2848	2575
	2850	2577
	2851	2577
	2852	2577
	2854	2578
	2857	2581
	2859	2582
	2861	2585
	2862	2586
	2863	2587
	2865	2589
	2866	2590
	2869	2593
	2870	2594
	2872	2595
	2873	2596
	2875	2598
	2876	2598
	2877	2598
	2880	2600
	2881	2603
	2883	2606
	2884	2607
	2885	2608
	2886	2609
	2888	2611
	2889	2612
	2892	2615
	2893	2617
	2894	2618
	2895	2619
	2896	2619
	2897	2619
	2898	2620
	2899	2621
	2900	2622
	2901	2623
	2903	2626
	2904	2627
	2906	2630
	2909	2632
	2911	2634
	2914	2637
	2916	2639
	2917	2640
	2918	2641
	2919	2642
	2920	2643
	2921	2644
	2922	2645
	2923	2646
	2925	2647
	2926	2648
	2927	2649
	2928	2650
	2932	2653
	2935	2656
	2936	2657
	2938	2659
	2939	2660
	2940	2661
	2941	2662
	2942	2663
	2946	2666
	2947	2667
	2948	2668
	2951	2672
	2952	2673
	2953	2674
	2955	2676
	2958	2679
	2959	2680
	2961	2682
	2962	2683
	2963	2684
	2964	2685
	2965	2686
	2968	2689
	2971	2692
	2972	2694
	2973	2695
	2976	2699
	2977	2700
	2978	2701
	2979	2701
	2980	2701
	2984	2706
	2986	2708
	2987	2709
	2988	2711
	2989	2713
	2990	2715
	2993	2719
	2996	2722
	2997	2724
	2998	2725
	2999	2726
	3000	2727
	3001	2728
	3002	2728
	3006	2731
	3009	2734
	3010	2736
	3011	2737
	3012	2738
	3013	2739
	3015	2740
	3018	2741
	3019	2742
	3020	2743
	3021	2744
	3024	2745
	3025	2746
	3026	2747
	3027	2748
	3028	2749
	3029	2750
	3032	2751
	3033	2752
	3034	2753
	3035	2754
	3038	2755
	3041	2756
	3044	2757
	3045	2758
	3046	2759
	3047	2760
	3050	2761
	3051	2762
	3052	2763
	3053	2764
	3054	2765
	3055	2766
	3058	2767
	3059	2768
	3060	2769
	3061	2770
	3064	2771
	3067	2774
	3070	2777
	3071	2779
	3072	2780
	3073	2781
	3074	2782
	3075	2783
	3077	2785
	3079	2787
	3082	2790
	3084	2791
	3086	2793
	3088	2796
	3090	2799
	3091	2801
	3096	2806
	3097	2807
	3099	2808
	3101	2809
	3102	2810
	3107	2815
	3108	2817
	3109	2818
	3110	2819
	3111	2819
	3112	2819
	3115	2821
	3118	2824
	3119	2825
	3121	2826
	3122	2827
	3123	2827
	3124	2828
	3125	2829
	3126	2830
	3127	2831
	3130	2833
	3131	2834
	3134	2837
	3135	2838
	3136	2839
	3137	2839
	3138	2840
	3140	2842
	3143	2845
	3145	2847
	3146	2847
	3147	2847
	3148	2847
	3149	2848
	3150	2848
	3151	2849
	3152	2850
	3153	2851
	3156	2853
	3157	2854
	3161	2856
	3164	2859
	3165	2860
	3166	2861
	3169	2864
	3170	2865
	3171	2866
	3188	2869
	3189	2870
	3190	2871
	3191	2872
	3192	2873
	3194	2875
	3195	2876
	3199	2880
	3201	2881
	3202	2882
	3204	2883
	3206	2884
	3207	2885
	3208	2886
	3209	2887
	3210	2888
	3212	2889
	3213	2890
	3216	2893
	3218	2894
	3219	2895
	3221	2896
	3222	2900
	3223	2906
	3225	2909
	3226	2910
	3227	2911
	3228	2912
	3229	2913
	3230	2914
	3231	2915
	3232	2916
	3234	2917
	3235	2918
	3238	2921
	3239	2922
	3240	2922
	3241	2922
	3242	2922
	3243	2922
	3244	2923
	3245	2924
	3246	2925
	3250	2927
	3253	2930
	3254	2932
	3255	2932
	3256	2933
	3257	2934
	3259	2936
	3260	2936
	3261	2937
	3262	2938
	3264	2939
	3265	2940
	3266	2941
	3268	2943
	3269	2944
	3270	2945
	3271	2945
	3272	2945
	3275	2947
	3276	2948
	3279	2951
	3280	2952
	3281	2953
	3283	2954
	3284	2954
	3285	2954
	3286	2954
	3287	2954
	3288	2955
	3289	2956
	3290	2957
	3291	2958
	3292	2959
	3293	2960
	3294	2961
	3296	2962
	3297	2963
	3298	2964
	3299	2965
	3302	2970
	3303	2971
	3304	2972
	3305	2973
	3306	2974
	3307	2975
	3308	2976
	3309	2978
	3310	2979
	3311	2980
	3312	2981
	3313	2982
	3314	2983
	3315	2984
	3323	2994
	3324	2995
	3325	2997
	3326	3001
	3328	3004
	3331	3005
	3333	3005
	3336	3006
	3338	3008
	3341	3012
	3342	3014
	3343	3015
	3346	3018
	3348	3019
	3349	3020
	3350	3021
	3351	3022
	3352	3023
	3354	3024
	3355	3025
	3358	3028
	3359	3029
	3360	3030
	3363	3033
	3364	3034
	3365	3035
	3366	3036
	3367	3036
	3369	3037
	3370	3038
	3373	3041
	3374	3042
	3375	3043
	3376	3045
	3377	3046
	3379	3049
	3380	3050
	3383	3053
	3384	3054
	3385	3056
	3386	3058
	3387	3059
	3390	3062
	3391	3063
	3392	3064
	3393	3065
	3394	3067
	3395	3069
	3396	3069
	3397	3070
	3398	3071
	3399	3072
	3402	3076
	3403	3077
	3404	3078
	3405	3078
	3406	3078
	3409	3080
	3410	3081
	3413	3084
	3414	3085
	3415	3086
	3416	3087
	3417	3088
	3418	3089
	3419	3090
	3420	3091
	3421	3092
	3422	3093
	3423	3094
	3424	3095
	3425	3096
	3430	3102
	3431	3103
	3432	3104
	3433	3105
	3434	3107
	3435	3107
	3436	3108
	3437	3109
	3439	3110
	3441	3111
	3442	3112
	3444	3113
	3446	3115
	3447	3116
	3448	3117
	3449	3117
	3450	3117
	3453	3119
	3456	3122
	3457	3123
	3458	3124
	3459	3125
	3460	3126
	3461	3127
	3462	3128
	3463	3129
	3466	3132
	3467	3133
	3468	3134
	3469	3135
	3470	3136
	3472	3139
	3474	3142
	3477	3145
	3478	3146
	3479	3147
	3480	3148
	3481	3149
	3482	3150
	3483	3151
	3486	3152
	3487	3153
	3490	3156
	3491	3157
	3492	3158
	3493	3159
	3494	3160
	3495	3161
	3496	3162
	3499	3165
	3500	3166
	3501	3167
	3502	3168
	3503	3169
	3504	3170
	3505	3171
	3506	3172
	3507	3173
	3508	3174
	3509	3175
	3510	3176
	3511	3177
	3512	3178
	3513	3179
	3514	3180
	3515	3181
	3518	3184
	3520	3185
	3521	3186
	3522	3187
	3524	3188
	3525	3190
	3526	3192
	3531	3194
	3533	3196
	3536	3199
	3537	3200
	3538	3201
	3539	3202
	3542	3205
	3543	3206
	3544	3207
	3546	3208
	3547	3209
	3548	3210
	3551	3213
	3552	3214
	3553	3215
	3554	3216
	3555	3217
	3556	3218
	3557	3219
	3558	3220
	3559	3221
	3560	3222
	3561	3223
	3562	3224
	3563	3225
	3564	3226
	3565	3227
	3566	3228
	3567	3229
	3571	3232
	3572	3233
	3573	3234
	3574	3235
	3577	3238
	3578	3240
	3579	3240
	3582	3241
	3583	3242
	3584	3243
	3585	3244
	3586	3245
	3588	3246
	3589	3247
	3590	3248
	3591	3249
	3592	3250
	3594	3251
	3595	3252
	3596	3253
	3597	3254
	3598	3255
	3600	3256
	3601	3257
	3602	3258
	3603	3259
	3604	3260
	3606	3261
	3607	3262
	3608	3263
	3609	3264
	3610	3265
	3611	3266
	3612	3267
	3613	3268
	3615	3269
	3616	3270
	3617	3271
	3618	3272
	3619	3273
	3620	3274
	3621	3275
	3622	3276
	3623	3277
	3624	3278
	3625	3279
	3626	3280
	3627	3281
	3628	3282
	3629	3283
	3630	3284
	3631	3285
	3632	3286
	3633	3287
	3634	3288
	3635	3289
	3636	3290
	3637	3291
	3638	3292
	3639	3293
	3640	3294
	3641	3295
	3642	3296
	3643	3297
	3644	3298
	3645	3299
	3646	3300
	3647	3301
	3649	3302
	3650	3303
	3651	3304
	3652	3305
	3653	3306
	3654	3307
	3655	3308
	3656	3309
	3657	3310
	3658	3311
	3659	3312
	3660	3313
	3661	3314
	3662	3315
	3663	3316
	3664	3317
	3665	3318
	3666	3319
	3668	3320
	3669	3321
	3670	3322
	3671	3323
	3672	3324
	3673	3325
	3675	3326
	3676	3327
	3677	3328
	3678	3329
	3679	3330
	3680	3331
	3681	3332
	3682	3333
	3683	3334
	3684	3335
	3685	3336
	3686	3337
	3687	3338
	3688	3339
	3689	3340
	3690	3341
	3691	3342
	3692	3343
	3693	3344
	3694	3345
	3695	3346
	3696	3347
	3697	3348
	3698	3349
	3699	3350
	3700	3351
	3701	3352
	3703	3353
	3704	3354
	3705	3355
	3706	3356
	3707	3357
	3708	3358
	3709	3359
	3710	3360
	3711	3361
	3712	3362
	3713	3363
	3714	3364
	3715	3365
	3716	3366
	3717	3367
	3718	3368
	3719	3369
	3720	3370
	3721	3371
	3722	3372
	3723	3373
	3724	3374
	3725	3375
	3726	3376
	3727	3377
	3728	3378
	3729	3379
	3730	3380
	3731	3381
	3732	3382
	3733	3383
	3734	3384
	3735	3385
	3736	3386
	3737	3387
	3738	3388
	3739	3389
	3740	3390
	3741	3391
	3742	3392
	3743	3393
	3745	3394
	3747	3395
	3748	3396
	3749	3397
	3750	3398
	3751	3399
	3752	3400
	3753	3401
	3754	3402
	3755	3403
	3756	3404
	3757	3405
	3758	3406
	3759	3407
	3760	3408
	3761	3409
	3762	3410
	3763	3411
	3764	3412
	3765	3413
	3766	3414
	3767	3415
	3768	3416
	3769	3417
	3770	3418
	3771	3419
	3772	3420
	3773	3421
	3774	3422
	3775	3423
	3776	3424
	3777	3425
	3778	3426
	3779	3427
	3780	3428
	3782	3429
	3783	3430
	3785	3431
	3786	3432
	3787	3433
	3788	3434
	3789	3435
	3790	3436
	3791	3437
	3792	3438
	3793	3439
	3794	3440
	3795	3441
	3796	3442
	3797	3443
	3798	3444
	3799	3445
	3800	3446
	3801	3447
	3802	3448
	3803	3449
	3804	3450
	3805	3451
	3806	3452
	3807	3453
	3808	3454
	3809	3455
	3810	3456
	3811	3457
	3812	3458
	3813	3459
	3814	3460
	3815	3461
	3816	3462
	3817	3463
	3818	3464
	3819	3465
	3820	3466
	3821	3467
	3822	3468
	3823	3469
	3824	3470
	3825	3471
	3826	3472
	3827	3473
	3828	3474
	3829	3475
	3830	3476
	3831	3477
	3832	3478
	3833	3479
	3834	3480
	3835	3481
	3836	3482
	3837	3483
	3838	3484
	3839	3485
	3840	3486
	3841	3487
	3842	3488
	3843	3489
	3844	3490
	3845	3491
	3846	3492
	3847	3493
	3849	3494
	3850	3495
	3851	3496
	3853	3497
	3854	3498
	3856	3499
	3857	3500
	3859	3501
	3860	3502
	3862	3503
	3863	3504
	3865	3505
	3866	3506
	3867	3507
	3869	3508
	3870	3509
	3872	3510
	3873	3511
	3874	3512
	3875	3513
	3876	3514
	3877	3515
	3878	3516
	3879	3517
	3880	3518
	3881	3519
	3882	3520
	3883	3521
	3884	3522
	3885	3523
	3886	3524
	3887	3525
	3888	3526
	3889	3527
	3890	3528
	3892	3529
	3894	3530
	3895	3531
	3896	3532
	3899	3533
	3900	3534
	3901	3535
	3902	3536
	3903	3537
	3904	3538
	3905	3539
	3906	3540
	3908	3541
	3910	3542
	3912	3543
	3914	3544
	3916	3545
	3917	3546
	3918	3547
	3919	3548
	3920	3549
	3921	3550
	3922	3551
	3923	3552
	3924	3553
	3925	3554
	3926	3555
	3927	3556
	3928	3557
	3929	3558
	3930	3559
	3931	3560
	3932	3561
	3934	3562
	3935	3563
	3937	3564
	3938	3565
	3940	3566
	3941	3567
	3943	3568
	3944	3569
	3945	3570
	3946	3571
	3947	3572
	3948	3573
	3949	3574
	3950	3575
	3951	3576
	3952	3577
	3953	3578
	3954	3579
	3955	3580
	3956	3581
	3957	3582
	3958	3583
	3959	3584
	3960	3585
	3962	3586
	3981	3605
	3982	3606
	3983	3607
	3984	3608
	3985	3609
	3986	3610
	3987	3611
	3988	3612
	3989	3613
	3990	3614
	3991	3615
	3992	3616
	3993	3617
	3994	3618
	3995	3619
	3996	3620
	3997	3621
	3999	3622
	4000	3623
	4001	3624
	4002	3625
	4003	3626
	4004	3627
	4005	3628
	4006	3629
	4007	3630
	4008	3631
	4009	3632
	4010	3633
	4011	3634
	4012	3635
	4013	3636
	4014	3637
	4015	3638
	4016	3639
	4018	3640
	4037	3659
	4038	3660
	4039	3661
	4040	3662
	4041	3663
	4042	3664
	4043	3665
	4044	3666
	4045	3667
	4046	3668
	4047	3669
	4048	3670
	4049	3671
	4050	3672
	4051	3673
	4052	3674
	4054	3675
	4055	3676
	4057	3677
	4058	3678
	4059	3679
	4060	3680
	4061	3681
	4062	3682
	4063	3683
	4064	3684
	4065	3685
	4066	3686
	4067	3687
	4068	3688
	4069	3689
	4070	3690
	4071	3691
	4072	3692
	4073	3693
	4074	3694
	4075	3695
	4076	3696
	4077	3697
	4079	3698
	4081	3699
	4082	3700
	4083	3701
	4085	3702
	4086	3703
	4087	3704
	4088	3705
	4089	3706
	4090	3707
	4091	3708
	4092	3709
	4093	3710
	4094	3711
	4095	3712
net/minecraft/client/render/block/entity/LightmapCoordinatesRetriever	33	30
	16	17
	17	18
	33	30
	19	19
	20	20
	22	21
	12	14
	28	26
	13	15
	14	16
net/minecraft/client/gui/LogoDrawer	51	47
	32	29
	33	30
	36	33
	37	34
	40	37
	41	38
	42	39
	43	40
	45	41
	46	42
	47	43
	48	44
	51	47
net/minecraft/client/render/block/entity/DecoratedPotBlockEntityRenderer	180	164
	129	119
	132	120
	133	121
	135	122
	136	123
	138	124
	139	125
	143	127
	144	128
	145	129
	150	134
	151	135
	152	136
	155	139
	156	140
	159	143
	161	144
	162	145
	163	146
	165	147
	166	148
	167	149
	168	150
	169	151
	172	156
	173	157
	176	160
	177	161
	50	54
	178	162
	51	55
	179	163
	180	164
	54	58
	55	59
	56	60
	57	61
	59	62
	60	63
	61	64
	62	65
	63	66
	64	67
	67	70
	68	71
	70	72
	71	73
	73	74
	74	76
	75	76
	76	76
	77	77
	80	79
	81	80
	82	81
	84	82
	88	86
	89	87
	91	88
	93	89
	94	90
	95	91
	96	92
	98	93
	102	97
	103	98
	104	99
	105	100
	108	104
	115	110
	117	111
	119	112
	120	113
	121	114
	123	115
	124	116
	125	117
	126	118
net/minecraft/client/render/entity/state/HoglinEntityRenderState	0	0
net/minecraft/client/render/entity/feature/SlimeOverlayFeatureRenderer	40	40
	32	31
	33	32
	19	21
	35	34
	20	22
	21	23
	38	37
	39	38
	40	40
	25	28
	27	29
	28	40
net/minecraft/client/network/ClientDynamicRegistryType	19	20
	19	20
net/minecraft/client/gl/GlDebug	187	193
	128	129
	129	130
	130	131
	131	132
	132	133
	133	134
	135	137
	136	138
	137	139
	139	142
	140	143
	141	144
	142	145
	143	146
	144	147
	145	148
	147	151
	148	152
	149	153
	151	156
	152	157
	154	159
	27	36
	31	40
	33	42
	35	44
	37	46
	39	48
	167	174
	168	175
	41	50
	169	176
	170	177
	43	52
	171	178
	172	179
	45	54
	175	182
	50	59
	179	182
	52	61
	54	63
	56	65
	184	186
	185	189
	58	67
	186	191
	187	193
	60	69
	62	71
	64	73
	66	75
	71	80
	73	84
	75	86
	77	88
	79	82
	81	90
	91	95
	94	97
	95	98
	96	99
	97	102
	98	103
	99	104
	101	100
	105	108
	106	109
	109	112
	110	113
	111	115
	112	116
	114	119
	123	125
	124	126
	127	128
net/minecraft/client/render/entity/feature/BreezeEyesFeatureRenderer	29	30
	19	20
	20	21
	25	26
	26	27
	28	28
	29	30
net/minecraft/unused/packageinfo/PackageInfo6664	0	0
net/minecraft/client/render/entity/state/RabbitEntityRenderState	0	0
net/minecraft/client/render/block/entity/SkullBlockEntityRenderer	121	122
	37	39
	38	40
	39	41
	40	42
	41	43
	42	44
	43	45
	44	46
	48	50
	49	51
	50	52
	51	53
	52	54
	53	55
	54	56
	55	57
	56	58
	60	62
	64	67
	65	68
	66	69
	70	74
	72	75
	73	76
	74	77
	75	78
	76	79
	78	80
	79	81
	80	82
	82	83
	83	84
	86	96
	88	97
	89	98
	91	100
	92	101
	93	101
	95	101
	99	104
	101	105
	102	106
	103	107
	105	108
	106	109
	109	112
	110	114
	113	113
	117	118
	121	122
net/minecraft/client/render/entity/model/PiglinEntityModel	83	143
	11	74
	12	75
	16	78
	18	79
	20	80
	22	81
	24	82
	25	83
	26	84
	27	85
	28	86
	29	87
	30	88
	31	89
	33	90
	34	91
	36	92
	37	93
	39	94
	40	95
	41	96
	42	97
	43	99
	44	105
	45	106
	46	107
	47	108
	48	109
	49	110
	51	112
	52	113
	55	116
	59	119
	60	120
	61	121
	62	125
	64	123
	65	125
	68	128
	69	129
	71	131
	73	133
	77	137
	78	138
	79	139
	80	140
	81	141
	82	142
	83	143
net/minecraft/client/render/entity/AgeableMobEntityRenderer	25	28
	16	19
	17	20
	18	21
	19	22
	23	26
	24	27
	25	28
net/minecraft/client/network/Address	33	36
	33	36
	18	21
	23	26
	28	31
	15	18
net/minecraft/client/render/entity/feature/WitherArmorFeatureRenderer	38	37
	17	18
	33	33
	18	19
	19	20
	38	37
	23	23
	28	28
net/minecraft/client/realms/util/DontSerialize	0	0
net/minecraft/client/realms/gui/screen/RealmsMainScreen	1303	1322
	1024	1219
	1028	1223
	1029	1224
	1030	1225
	1034	1229
	1046	1133
	1047	1134
	1048	1135
	1052	1139
	1054	1140
	1055	1141
	1056	1142
	1057	1149
	1058	1150
	1062	1154
	1063	1155
	1068	1160
	1069	1161
	1070	1162
	1072	1164
	1076	1169
	1077	1171
	1078	1173
	1079	1175
	1080	1176
	1081	1178
	1082	1179
	1083	1181
	1087	1188
	1088	1189
	1098	915
	1099	916
	1100	917
	1102	919
	1106	923
	1107	924
	1108	925
	1109	926
	1110	927
	1111	928
	1112	929
	1116	933
	1130	1014
	1131	1015
	1132	1016
	1133	1017
	1134	1018
	1135	1019
	1137	1021
	1141	1025
	1142	1026
	1144	1027
	1145	1028
	1146	1040
	1150	1030
	1152	1031
	1153	1032
	1154	1033
	1156	1034
	1157	1035
	1158	1036
	1159	1037
	1161	1040
	1164	1043
	1165	1044
	1166	1045
	1167	1046
	1168	1047
	1169	1049
	1170	1050
	1171	1051
	1173	1054
	1174	1055
	1175	1058
	1178	1062
	1182	1066
	1183	1067
	1184	1068
	1187	1071
	1188	1072
	1189	1073
	1190	1074
	1194	1078
	1195	1079
	1196	1080
	1197	1081
	1198	1082
	1200	1085
	1202	1088
	180	157
	181	158
	182	159
	183	160
	1207	1093
	1208	1094
	1209	1095
	1210	1096
	187	164
	1211	1099
	1212	1100
	189	165
	1213	1101
	191	166
	192	168
	1216	1105
	194	170
	195	171
	196	172
	197	173
	1221	1110
	198	182
	1222	1111
	1224	1112
	201	174
	203	175
	204	176
	205	177
	1229	1116
	206	178
	207	179
	209	182
	210	183
	1234	673
	212	184
	213	185
	214	186
	1238	677
	216	187
	217	188
	218	189
	1242	681
	1243	682
	220	190
	1244	683
	221	191
	1245	684
	222	193
	223	194
	1247	685
	224	195
	225	196
	1249	686
	1250	687
	228	200
	229	201
	231	202
	232	203
	233	204
	234	205
	236	207
	238	209
	239	210
	242	213
	1270	883
	247	218
	1271	884
	248	219
	249	220
	1274	887
	251	222
	1278	891
	255	226
	1279	892
	256	227
	259	230
	1283	896
	260	231
	1284	897
	1285	898
	262	233
	1287	900
	264	235
	1290	903
	267	238
	1291	906
	268	250
	270	239
	271	240
	273	243
	274	244
	275	246
	276	248
	277	250
	1301	696
	1302	697
	1303	698
	280	253
	281	254
	282	255
	284	256
	285	257
	286	258
	287	259
	289	260
	290	262
	291	265
	292	268
	295	271
	299	275
	301	276
	302	277
	303	278
	304	279
	306	280
	307	281
	309	282
	310	283
	311	284
	313	285
	317	289
	318	290
	320	291
	321	292
	322	293
	323	294
	324	295
	326	298
	327	299
	329	300
	333	304
	334	305
	336	306
	338	307
	339	308
	341	309
	345	313
	346	314
	347	315
	348	316
	349	317
	350	318
	352	321
	353	322
	354	323
	355	324
	358	327
	362	331
	366	335
	371	340
	373	341
	374	342
	376	344
	379	347
	380	348
	383	351
	384	352
	387	355
	388	356
	390	358
	393	361
	395	362
	396	363
	397	364
	399	365
	401	366
	402	368
	403	369
	404	370
	407	374
	408	375
	409	376
	411	378
	413	379
	414	380
	415	381
	417	383
	418	384
	419	385
	420	386
	421	387
	422	388
	423	389
	429	394
	430	395
	432	397
	434	398
	435	399
	436	400
	437	401
	438	402
	440	404
	442	405
	444	406
	446	407
	447	408
	448	409
	449	410
	450	411
	452	412
	456	416
	457	418
	458	419
	459	420
	463	424
	464	425
	465	426
	466	427
	467	428
	469	430
	476	433
	477	434
	479	436
	480	437
	481	438
	483	440
	484	441
	485	442
	487	444
	490	447
	492	448
	493	449
	494	450
	498	454
	499	455
	500	456
	501	457
	502	458
	505	461
	506	462
	507	463
	509	465
	510	466
	513	469
	515	471
	516	472
	517	473
	521	477
	525	481
	526	482
	527	483
	528	484
	530	486
	533	489
	534	490
	536	492
	539	495
	540	496
	541	497
	542	497
	545	499
	549	503
	550	504
	552	505
	556	509
	560	512
	561	513
	562	514
	563	515
	564	516
	565	517
	567	519
	568	520
	570	521
	571	522
	574	525
	575	526
	576	527
	578	529
	579	530
	580	531
	581	532
	584	535
	585	536
	586	537
	590	541
	591	542
	592	543
	593	544
	599	550
	601	551
	602	552
	605	555
	606	556
	609	559
	610	561
	611	564
	613	566
	616	569
	617	570
	620	573
	621	574
	624	577
	625	578
	626	579
	627	580
	629	583
	631	585
	632	588
	633	591
	634	592
	637	597
	638	600
	639	601
	640	604
	641	604
	642	607
	644	611
	646	615
	647	618
	648	621
	649	622
	650	626
	651	627
	654	632
	655	634
	656	635
	657	636
	661	640
	664	643
	666	643
	667	643
	668	644
	669	645
	670	646
	671	646
	672	646
	674	647
	677	650
	678	651
	679	652
	680	653
	681	654
	682	655
	683	656
	684	657
	685	658
	689	940
	690	941
	694	944
	695	945
	696	946
	700	950
	704	954
	706	956
	707	957
	708	958
	709	959
	711	960
	715	964
	716	965
	719	968
	720	969
	723	972
	725	974
	726	975
	729	979
	731	981
	733	984
	734	985
	735	986
	738	989
	741	992
	742	993
	743	994
	744	995
	745	997
	746	998
	748	1001
	749	1002
	753	661
	757	665
	758	665
	760	665
	765	669
	766	669
	768	669
	778	721
	779	722
	780	723
	781	724
	782	725
	783	726
	784	727
	785	728
	786	736
	787	737
	788	739
	789	740
	791	741
	794	745
	795	746
	797	748
	800	751
	801	752
	802	753
	804	755
	807	758
	808	759
	810	760
	811	761
	812	762
	813	763
	814	764
	816	766
	819	769
	820	770
	821	771
	823	772
	824	773
	825	774
	826	775
	827	776
	829	784
	830	785
	832	787
	835	790
	836	791
	837	792
	839	793
	840	794
	841	795
	842	796
	843	797
	845	799
	848	802
	849	811
	851	803
	852	804
	853	805
	854	806
	856	808
	858	811
	861	814
	865	818
	869	822
	870	823
	871	824
	872	825
	873	826
	874	827
	875	828
	877	831
	878	832
	879	833
	881	836
	885	840
	889	844
	893	848
	897	852
	901	856
	920	1248
	921	1249
	923	1250
	924	1251
	925	1252
	926	1253
	927	1254
	928	1255
	929	1259
	930	1260
	931	1264
	933	1271
	935	1274
	936	1275
	940	1279
	941	1279
	943	1279
	947	1283
	948	1284
	949	1285
	951	1287
	954	1290
	955	1291
	956	1292
	957	1293
	958	1294
	962	1300
	963	1301
	964	1302
	968	1306
	969	1307
	971	1308
	972	1309
	976	1313
	977	1314
	979	1317
	984	1322
	991	705
	995	709
	1003	1201
	1004	1202
	1008	1206
	1009	1207
	1014	1212
	1015	1212
	1017	1212
	1022	1217
	1023	1218
net/minecraft/client/resource/language/LanguageDefinition	24	22
	17	13
	18	14
	19	15
	20	16
	21	18
	24	22
net/minecraft/client/gui/hud/PlayerListHud	391	381
	256	249
	259	252
	263	256
	264	257
	265	258
	266	259
	267	260
	268	261
	269	262
	270	263
	271	264
	272	265
	274	267
	277	270
	278	271
	281	276
	282	277
	283	278
	284	279
	286	281
	289	284
	290	285
	292	286
	293	287
	294	288
	296	289
	297	333
	300	290
	301	291
	302	292
	303	293
	304	294
	305	295
	307	297
	308	298
	310	300
	313	303
	314	333
	61	66
	62	67
	318	305
	63	68
	319	307
	64	69
	320	308
	324	311
	325	312
	327	313
	328	314
	329	315
	331	318
	332	319
	79	81
	80	82
	336	323
	81	83
	337	324
	339	327
	84	89
	340	328
	85	90
	87	91
	343	333
	346	336
	347	337
	92	99
	350	340
	351	341
	96	103
	97	104
	98	105
	354	344
	99	106
	355	345
	100	107
	356	346
	101	108
	104	111
	107	114
	108	114
	109	114
	110	114
	369	359
	370	360
	371	361
	116	118
	117	119
	374	364
	119	120
	375	365
	376	366
	121	121
	377	367
	122	122
	378	368
	124	124
	125	125
	381	371
	126	126
	382	372
	128	127
	384	374
	129	128
	130	129
	387	377
	132	130
	133	131
	134	132
	391	381
	136	133
	137	134
	140	137
	141	138
	142	139
	143	140
	144	141
	148	145
	151	148
	152	149
	153	150
	156	153
	157	154
	158	157
	159	157
	160	158
	161	157
	164	161
	167	163
	168	164
	169	165
	171	167
	174	170
	177	173
	179	174
	180	175
	182	176
	184	177
	185	178
	186	179
	187	181
	188	182
	192	186
	193	187
	194	188
	195	190
	196	191
	200	195
	201	196
	202	198
	203	199
	204	200
	205	201
	207	204
	210	207
	212	208
	213	210
	214	211
	215	212
	216	213
	217	214
	219	215
	221	216
	222	217
	223	218
	225	219
	226	220
	227	221
	228	222
	230	223
	232	224
	235	227
	237	230
	238	231
	239	232
	241	233
	242	234
	246	238
	250	242
	251	243
	252	244
	253	246
	254	247
	255	248
net/minecraft/client/gui/screen/ChatInputSuggestor	575	599
	512	533
	513	534
	515	537
	516	538
	517	539
	518	540
	519	541
	521	542
	524	544
	528	549
	529	550
	530	551
	531	552
	532	553
	533	554
	534	555
	536	561
	539	564
	541	565
	542	566
	544	569
	545	570
	548	573
	549	574
	551	576
	552	577
	554	579
	557	582
	558	583
	559	584
	560	585
	561	586
	562	587
	563	588
	564	589
	565	590
	566	591
	569	594
	570	595
	571	596
	572	597
	573	598
	575	599
	80	94
	81	95
	82	96
	83	97
	84	98
	85	99
	86	100
	87	101
	88	102
	89	103
	91	104
	92	105
	95	108
	96	109
	97	110
	99	112
	102	115
	103	116
	106	119
	108	120
	109	121
	110	122
	111	125
	112	126
	114	123
	118	131
	122	135
	126	139
	127	140
	128	141
	129	142
	130	144
	131	145
	134	149
	135	151
	136	152
	139	155
	142	158
	146	162
	147	163
	148	163
	150	163
	153	165
	154	165
	156	165
	162	170
	163	171
	167	174
	168	175
	169	176
	171	177
	172	178
	173	180
	174	181
	175	184
	177	182
	180	188
	181	189
	185	193
	187	194
	188	195
	191	198
	192	199
	193	200
	196	203
	197	204
	198	205
	199	206
	200	207
	202	210
	204	211
	205	212
	206	213
	208	214
	209	215
	212	218
	214	219
	215	220
	216	221
	217	222
	218	225
	220	223
	221	225
	224	228
	225	229
	226	230
	227	231
	229	233
	232	236
	233	237
	236	239
	238	240
	239	242
	240	243
	243	246
	247	251
	248	252
	249	253
	250	254
	252	255
	256	259
	258	260
	259	261
	260	262
	261	264
	262	265
	263	266
	264	267
	266	269
	269	273
	270	274
	272	276
	273	277
	277	281
	278	282
	280	283
	281	283
	283	283
	284	284
	289	287
	290	288
	291	289
	293	291
	296	294
	297	295
	298	296
	299	301
	300	302
	301	303
	303	305
	304	306
	305	307
	306	308
	310	312
	311	313
	312	314
	313	315
	314	316
	316	318
	320	323
	321	323
	323	323
	329	328
	330	328
	333	328
	338	332
	339	333
	340	334
	342	335
	343	337
	344	338
	345	339
	348	342
	349	343
	352	347
	353	348
	356	349
	357	350
	358	351
	360	355
	361	356
	362	357
	363	358
	364	359
	365	360
	366	361
	369	365
	370	366
	374	370
	375	371
	377	373
	380	376
	381	377
	382	378
	384	380
	388	385
	389	387
	390	388
	391	389
	392	390
	393	391
	395	393
	398	396
	399	396
	401	396
	415	411
	416	412
	417	415
	418	416
	419	417
	420	418
	421	419
	422	420
	425	423
	426	424
	427	425
	428	426
	429	427
	430	428
	432	429
	433	430
	436	433
	437	434
	438	435
	439	442
	440	443
	441	444
	442	445
	446	450
	447	451
	448	452
	449	453
	455	461
	456	463
	457	464
	458	465
	459	468
	460	472
	461	473
	463	476
	465	479
	468	488
	469	489
	470	490
	471	491
	474	494
	477	497
	478	498
	481	500
	482	501
	483	502
	484	503
	487	506
	491	511
	492	512
	494	513
	495	514
	496	517
	499	519
	503	524
	504	525
	505	526
	506	527
	507	528
	508	529
	509	530
	510	531
	511	532
net/minecraft/client/network/SocialInteractionsManager	83	85
	67	70
	71	74
	72	75
	74	76
	75	77
	77	79
	80	82
	81	83
	83	85
	25	27
	26	28
	27	29
	30	32
	31	33
	34	36
	35	37
	38	40
	42	44
	46	48
	47	49
	48	50
	51	53
	52	54
	55	57
	56	58
	58	60
	59	61
	63	66
net/minecraft/client/particle/LargeFireSmokeParticle	20	25
	16	22
	20	25
	8	13
	9	14
	15	21
net/minecraft/client/render/entity/feature/HappyGhastRopesFeatureRenderer	35	37
	32	33
	33	34
	34	35
	35	37
	21	23
	22	24
	23	25
	24	26
	25	27
	29	32
	30	37
net/minecraft/client/input/CursorMovement	0	0
net/minecraft/unused/packageinfo/PackageInfo7983	0	0
net/minecraft/client/realms/dto/RegionData	0	0
net/minecraft/unused/packageinfo/PackageInfo7984	0	0
net/minecraft/client/render/model/GeometryBakedModel	33	24
	33	24
	21	14
	23	15
	24	16
	25	17
	26	18
	28	19
net/minecraft/client/gui/screen/world/DataPackFailureScreen	38	46
	32	40
	33	41
	34	42
	38	46
	16	19
	17	20
	18	21
	19	22
	23	26
	25	27
	26	29
	27	34
	28	36
net/minecraft/client/gui/screen/recipebook/RecipeResultCollection	81	73
	32	30
	34	32
	67	60
	36	35
	68	61
	37	36
	70	62
	39	38
	71	63
	42	41
	74	65
	75	67
	76	68
	45	44
	77	69
	49	48
	81	73
	53	52
	25	23
	57	56
	26	24
	29	27
	30	28
	31	29
net/minecraft/client/render/entity/StriderEntityRenderer	59	57
	36	41
	37	42
	39	42
	41	42
	46	46
	19	22
	51	50
	52	51
	21	24
	53	52
	54	53
	23	29
	55	54
	24	30
	25	31
	27	34
	59	57
	31	37
net/minecraft/client/gui/tab/LoadingTab	48	47
	36	35
	41	40
	42	41
	46	45
	47	46
	48	47
	19	21
	20	22
	22	23
	23	24
	24	24
	25	24
	26	25
	27	26
	31	30
net/minecraft/client/realms/task/SwitchSlotTask	54	57
	33	34
	34	35
	37	38
	38	39
	39	40
	41	43
	42	44
	43	45
	44	46
	46	49
	47	50
	50	53
	19	20
	20	21
	21	22
	22	23
	54	57
	26	26
	27	28
	29	30
	30	31
net/minecraft/client/gui/screen/option/SoundOptionsScreen	28	31
	16	18
	20	22
	21	23
	22	24
	23	25
	24	26
	25	27
	28	31
	15	17
net/minecraft/client/network/LegacyServerPinger	78	71
	64	58
	65	59
	66	60
	68	61
	72	65
	73	66
	77	70
	78	71
	21	21
	22	22
	23	23
	27	27
	28	28
	30	31
	31	32
	35	33
	36	34
	37	35
	38	36
	39	37
	40	38
	41	39
	42	40
	43	41
	44	42
	46	43
	47	44
	48	45
	49	46
	51	48
	55	51
	57	52
	58	53
	59	54
	61	55
	62	56
	63	57
net/minecraft/client/render/debug/NeighborUpdateDebugRenderer	74	76
	68	71
	69	72
	70	73
	72	74
	74	76
	25	28
	26	29
	29	32
	31	33
	32	34
	33	35
	37	39
	39	40
	40	41
	42	42
	43	43
	44	44
	46	45
	47	48
	48	49
	49	50
	50	51
	52	52
	53	53
	56	55
	57	56
	58	57
	60	58
	61	59
	62	64
	63	65
net/minecraft/client/render/entity/model/CamelSaddleEntityModel	61	76
	21	22
	23	23
	26	26
	28	27
	29	28
	30	29
	32	30
	34	31
	35	34
	36	36
	37	38
	38	40
	40	42
	41	45
	42	47
	43	49
	44	51
	46	53
	47	56
	48	58
	49	60
	50	62
	51	64
	52	67
	54	69
	59	74
	60	75
	61	76
net/minecraft/unused/packageinfo/PackageInfo10470	0	0
net/minecraft/client/gl/UniformValue	179	188
	65	64
	131	138
	132	139
	136	143
	137	144
	74	158
	75	159
	141	148
	79	163
	16	20
	80	164
	84	168
	150	178
	151	179
	155	183
	156	184
	93	34
	94	35
	160	188
	98	39
	99	40
	103	44
	40	103
	169	74
	41	104
	170	75
	42	105
	174	79
	46	108
	175	80
	112	118
	113	119
	179	84
	117	123
	118	124
	55	54
	56	55
	122	128
	60	59
	61	60
net/minecraft/client/render/entity/SnowGolemEntityRenderer	33	32
	16	18
	32	31
	17	19
	33	32
	21	22
	26	26
	14	17
	31	30
net/minecraft/client/data/AtlasDefinitionProvider	196	173
	128	114
	129	115
	130	116
	131	117
	132	118
	133	119
	134	120
	137	122
	150	135
	151	135
	152	135
	157	139
	158	140
	159	141
	160	142
	165	147
	41	41
	173	151
	174	152
	175	153
	176	154
	177	155
	178	156
	179	157
	180	158
	181	159
	182	160
	183	161
	184	162
	185	163
	186	164
	191	169
	196	173
	73	68
	74	69
	77	72
	78	74
	79	75
	80	77
	81	78
	84	82
	89	86
	94	90
	98	94
	99	94
	104	98
	110	102
	111	103
	112	104
	113	105
	114	106
	118	110
	120	110
net/minecraft/unused/packageinfo/PackageInfo11322	0	0
net/minecraft/client/realms/Ping	73	79
	71	77
	72	78
	73	79
	17	18
	18	19
	22	22
	23	24
	24	25
	28	28
	29	29
	33	33
	34	34
	35	35
	36	37
	38	39
	39	40
	40	41
	41	42
	42	43
	43	44
	44	45
	46	47
	49	51
	53	55
	57	59
net/minecraft/client/session/telemetry/ThreadedLogWriter	38	38
	20	21
	36	36
	21	22
	37	37
	22	23
	38	38
	25	26
	27	28
	28	29
	29	30
	31	32
net/minecraft/client/texture/atlas/AtlasLoader	80	103
	64	67
	65	68
	66	69
	70	73
	71	74
	72	76
	73	83
	74	81
	75	82
	76	98
	77	99
	80	103
	34	38
	35	39
	38	42
	39	43
	42	46
	43	47
	44	48
	46	50
	50	54
	51	56
	52	57
	53	58
	54	59
	55	60
	58	63
	61	65
	63	66
net/minecraft/client/gui/render/state/GuiRenderState	328	324
	256	247
	258	250
	259	251
	260	252
	262	254
	284	283
	285	284
	288	287
	289	288
	291	291
	36	27
	292	292
	37	28
	295	295
	40	31
	296	296
	41	32
	42	33
	298	299
	299	300
	45	36
	46	37
	302	303
	303	304
	48	39
	49	41
	305	307
	306	308
	52	44
	53	45
	309	311
	310	312
	55	48
	56	49
	312	315
	313	316
	59	52
	60	53
	316	319
	317	320
	62	56
	63	57
	319	323
	320	324
	66	60
	67	65
	324	257
	69	61
	325	258
	70	62
	326	259
	71	63
	327	260
	72	65
	328	261
	75	68
	76	72
	78	69
	79	70
	80	72
	83	75
	84	79
	86	76
	87	77
	88	79
	91	82
	92	86
	94	83
	95	84
	96	86
	100	89
	107	92
	108	93
	109	94
	111	96
	112	97
	114	99
	116	102
	117	103
	121	108
	122	110
	123	111
	125	114
	126	116
	127	117
	128	118
	129	119
	130	120
	131	121
	134	125
	135	126
	138	130
	139	131
	140	132
	142	134
	145	137
	146	138
	147	139
	148	140
	149	141
	153	146
	157	150
	158	151
	161	154
	162	155
	165	158
	169	162
	170	163
	171	164
	172	178
	174	165
	175	166
	176	167
	177	168
	180	172
	181	173
	182	174
	185	178
	186	179
	189	182
	190	183
	191	184
	192	185
	193	187
	194	188
	197	191
	198	192
	199	193
	202	196
	203	197
	204	198
	205	199
	206	200
	207	201
	210	204
	211	205
	212	206
	215	209
	216	210
	217	211
	218	212
	219	214
	220	215
	223	218
	224	219
	225	220
	228	223
	229	224
	233	225
	235	227
	236	228
	239	231
	240	232
	242	233
	243	234
	244	235
	245	236
	248	239
	249	240
	250	241
	252	243
	255	246
net/minecraft/client/gl/RenderPassImpl	188	195
	130	126
	134	130
	138	134
	143	139
	144	142
	146	140
	147	144
	151	148
	152	149
	153	150
	157	154
	158	155
	160	157
	161	159
	165	169
	166	170
	168	172
	169	174
	173	178
	174	179
	47	39
	48	40
	176	181
	49	41
	177	183
	52	44
	181	187
	182	188
	183	189
	57	49
	185	192
	58	50
	186	193
	60	52
	188	195
	61	53
	62	55
	66	59
	67	60
	69	61
	70	62
	72	64
	73	65
	74	67
	78	71
	79	72
	80	73
	82	76
	83	77
	87	81
	88	82
	90	84
	92	87
	93	88
	97	92
	98	93
	99	94
	103	98
	104	99
	105	100
	107	102
	108	103
	109	105
	113	109
	114	110
	118	114
	119	115
	122	118
	126	122
net/minecraft/client/sound/Sound	107	114
	64	71
	66	73
	69	76
	73	80
	77	84
	81	88
	25	33
	26	34
	27	35
	91	103
	28	36
	92	104
	29	37
	30	38
	31	39
	32	40
	96	108
	33	41
	97	109
	98	110
	36	44
	101	114
	40	48
	107	92
	44	52
	48	56
	53	61
	58	65
	63	70
net/minecraft/client/render/entity/state/ArmedEntityRenderState	30	28
	22	21
	26	25
	28	26
	29	27
	30	28
net/minecraft/client/realms/task/WorldCreationTask	41	41
	32	32
	33	33
	34	34
	35	35
	37	37
	41	41
	19	20
	20	21
	21	22
	22	23
	26	26
	29	29
	30	30
	31	31
net/minecraft/unused/packageinfo/PackageInfo6276	0	0
net/minecraft/unused/packageinfo/PackageInfo6275	0	0
net/minecraft/unused/packageinfo/PackageInfo6274	0	0
net/minecraft/client/gui/screen/ConfirmScreen	105	100
	64	62
	65	63
	66	64
	70	67
	73	70
	74	71
	75	72
	78	75
	80	76
	81	77
	82	78
	86	82
	88	83
	89	84
	90	85
	28	30
	92	87
	29	31
	32	34
	96	91
	33	35
	34	36
	35	37
	36	38
	37	39
	101	96
	102	97
	103	98
	41	43
	105	100
	46	48
	47	49
	49	50
	51	51
	53	52
	54	53
	55	54
	56	55
	58	56
	59	57
	60	58
net/minecraft/unused/packageinfo/PackageInfo6273	0	0
net/minecraft/client/render/RenderLayers	448	411
	23	21
	24	22
	26	23
	27	24
	28	25
	29	26
	30	27
	31	28
	32	29
	34	30
	35	31
	36	32
	37	33
	38	34
	39	35
	40	36
	41	37
	42	38
	43	39
	44	40
	45	41
	47	42
	48	43
	49	44
	50	45
	51	46
	52	47
	53	48
	54	49
	55	50
	56	51
	57	52
	58	53
	59	54
	60	55
	61	56
	62	57
	63	58
	64	59
	65	60
	66	61
	67	62
	68	63
	69	64
	70	65
	71	66
	72	67
	73	68
	74	69
	75	70
	76	71
	77	72
	78	73
	79	74
	80	75
	81	76
	82	77
	83	78
	84	79
	85	80
	86	81
	87	82
	88	83
	89	84
	90	85
	91	86
	92	87
	93	88
	94	89
	95	90
	96	91
	97	92
	98	93
	99	94
	100	95
	101	96
	102	97
	103	98
	104	99
	105	100
	106	101
	107	102
	108	103
	109	104
	110	105
	111	106
	112	107
	113	108
	114	109
	115	110
	116	111
	117	112
	118	113
	119	114
	120	115
	121	116
	122	117
	123	118
	124	119
	125	120
	126	121
	127	122
	128	123
	129	124
	130	125
	131	126
	132	127
	133	128
	134	129
	135	130
	136	131
	137	132
	138	133
	139	134
	140	135
	141	136
	142	137
	143	138
	144	139
	145	140
	146	141
	147	142
	148	143
	149	144
	150	145
	151	146
	152	147
	153	148
	154	149
	155	150
	156	151
	157	152
	158	153
	159	154
	160	155
	161	156
	162	157
	163	158
	164	159
	165	160
	166	161
	167	162
	168	163
	169	164
	170	165
	171	166
	172	167
	173	168
	174	169
	175	170
	176	171
	177	172
	178	173
	179	174
	180	175
	181	176
	182	177
	183	178
	184	179
	185	180
	186	181
	187	182
	188	183
	189	184
	190	185
	191	186
	192	187
	193	188
	194	189
	195	190
	196	191
	197	192
	198	193
	199	194
	200	195
	201	196
	202	197
	203	198
	204	199
	205	200
	206	201
	207	202
	208	203
	209	204
	210	205
	211	206
	212	207
	213	208
	214	209
	215	210
	216	211
	217	212
	218	213
	219	214
	220	215
	221	216
	222	217
	223	218
	224	219
	225	220
	226	221
	227	222
	228	223
	229	224
	230	225
	231	226
	232	227
	233	228
	234	229
	235	230
	236	231
	237	232
	238	233
	239	234
	240	235
	241	236
	242	237
	243	238
	244	239
	245	240
	246	241
	247	242
	248	243
	249	244
	250	245
	251	246
	252	247
	253	248
	254	249
	255	250
	256	251
	257	252
	258	253
	259	254
	260	255
	261	256
	262	257
	263	258
	264	259
	265	260
	266	261
	267	262
	268	263
	269	264
	270	265
	271	266
	272	267
	273	268
	274	269
	275	270
	276	271
	277	272
	278	273
	279	274
	280	275
	281	276
	282	277
	283	278
	284	279
	285	280
	286	281
	287	282
	288	283
	289	284
	290	285
	291	286
	292	287
	293	288
	294	289
	295	290
	296	291
	297	292
	298	293
	299	294
	300	295
	301	296
	302	297
	303	298
	304	299
	305	300
	306	301
	307	302
	308	303
	309	304
	310	305
	311	306
	312	307
	313	308
	314	309
	315	310
	316	311
	317	312
	319	313
	320	314
	321	315
	322	316
	323	317
	324	318
	325	319
	326	320
	327	321
	328	322
	329	323
	330	324
	331	325
	332	326
	333	327
	334	328
	335	329
	336	330
	337	331
	338	332
	339	333
	340	334
	341	335
	342	336
	343	337
	344	338
	345	339
	346	340
	347	341
	348	342
	349	343
	350	344
	351	345
	352	346
	353	347
	354	348
	355	349
	356	350
	357	351
	358	352
	382	353
	385	355
	386	356
	387	357
	392	361
	393	362
	394	363
	396	365
	397	366
	398	366
	400	366
	404	371
	405	372
	406	373
	408	375
	409	376
	410	377
	411	378
	412	379
	413	380
	414	381
	415	382
	418	385
	422	391
	423	392
	424	392
	426	392
	430	396
	431	396
	432	397
	433	398
	435	400
	439	405
	440	406
	441	406
	443	406
	447	410
	448	411
net/minecraft/unused/packageinfo/PackageInfo6272	0	0
net/minecraft/unused/packageinfo/PackageInfo6270	0	0
net/minecraft/client/gui/screen/report/SkinReportScreen	85	78
	67	66
	68	67
	69	68
	71	70
	73	73
	74	74
	82	78
	83	78
	85	78
	29	29
	30	30
	33	33
	34	34
	37	37
	38	38
	42	42
	43	43
	45	44
	47	45
	49	46
	50	47
	52	48
	53	49
	54	50
	55	52
	56	54
	58	55
	59	56
	60	57
	61	58
	62	60
	63	62
net/minecraft/client/render/entity/feature/StuckStingersFeatureRenderer	20	23
	16	19
	20	23
	15	18
net/minecraft/client/toast/ToastManager	261	260
	257	255
	258	256
	259	257
	260	258
	261	260
	38	36
	39	37
	40	38
	42	40
	45	43
	46	44
	47	45
	48	46
	50	47
	51	48
	52	49
	55	52
	56	53
	57	54
	59	56
	62	59
	63	60
	64	61
	65	62
	66	63
	67	64
	69	66
	70	67
	71	68
	72	69
	73	70
	75	73
	79	78
	80	79
	81	80
	83	82
	86	85
	87	101
	89	86
	90	87
	91	88
	93	91
	94	92
	96	95
	97	98
	99	101
	102	104
	103	105
	104	107
	105	108
	106	109
	107	110
	108	111
	112	116
	116	120
	122	125
	123	126
	124	127
	127	131
	128	132
	129	133
	132	137
	136	141
	137	142
	138	143
	139	144
	142	147
	143	148
	146	151
	147	152
	148	153
	150	155
	153	158
	154	159
	156	161
	159	164
	160	165
	163	168
	164	169
	167	172
	171	176
	189	193
	190	194
	191	195
	192	196
	193	197
	196	200
	200	204
	201	205
	202	206
	203	207
	204	208
	205	209
	206	210
	209	213
	213	217
	214	218
	215	219
	216	220
	218	222
	220	224
	223	227
	225	228
	226	229
	227	230
	230	233
	231	234
	234	237
	235	238
	237	239
	239	240
	241	241
	243	242
	244	243
	246	246
	247	247
	248	248
	249	249
	251	251
	254	254
	255	260
net/minecraft/client/render/model/BakedQuad	15	11
	15	11
net/minecraft/unused/packageinfo/PackageInfo10486	0	0
net/minecraft/client/gui/render/state/TextGuiElementRenderState	56	67
	32	42
	33	43
	34	44
	35	45
	36	46
	37	47
	38	48
	41	51
	42	52
	43	53
	44	54
	45	55
	46	56
	49	60
	55	66
	56	67
	29	39
	30	40
	31	41
net/minecraft/client/gui/screen/ingame/AbstractSignEditScreen	225	207
	36	38
	37	39
	40	42
	42	43
	43	44
	44	45
	45	46
	47	47
	48	48
	52	53
	54	55
	55	56
	57	58
	58	59
	59	60
	61	62
	65	66
	67	67
	68	68
	70	70
	73	73
	75	75
	76	76
	81	81
	82	82
	83	83
	84	84
	86	85
	87	86
	88	87
	89	88
	91	90
	92	90
	95	90
	100	96
	101	97
	106	102
	108	103
	109	104
	110	105
	114	109
	115	110
	119	114
	120	115
	124	119
	125	120
	126	121
	128	125
	132	129
	142	139
	143	140
	145	141
	146	142
	147	143
	149	144
	150	145
	151	146
	154	149
	155	150
	156	151
	157	152
	158	153
	159	154
	161	155
	162	156
	164	158
	165	159
	166	160
	169	161
	170	162
	173	165
	174	166
	177	167
	181	168
	182	169
	184	170
	185	171
	189	177
	190	178
	191	179
	196	180
	197	181
	199	182
	200	183
	203	186
	204	187
	205	188
	206	189
	207	190
	209	191
	210	192
	212	193
	215	197
	218	200
	219	201
	220	202
	221	203
	224	206
	225	207
net/minecraft/client/gui/tooltip/Tooltip	55	57
	35	36
	40	41
	41	42
	43	44
	46	47
	47	48
	48	49
	49	50
	51	53
	55	57
	26	27
	27	28
	28	29
	31	32
net/minecraft/client/gui/hud/spectator/SpectatorMenuCloseCallback	0	0
net/minecraft/client/session/report/AbuseReportSender	88	87
	64	70
	68	74
	72	78
	73	79
	74	80
	75	81
	81	87
	21	21
	87	35
	88	36
	29	29
	39	47
	40	50
	43	50
	44	50
	45	50
	46	50
	50	54
	51	55
	52	56
	53	57
	54	58
	55	59
	56	60
	57	61
	59	64
net/minecraft/unused/packageinfo/PackageInfo10487	0	0
net/minecraft/client/model/ModelPartBuilder	86	120
	67	90
	68	94
	72	100
	73	106
	77	110
	78	112
	82	116
	20	21
	21	22
	22	23
	86	120
	26	27
	30	31
	31	32
	35	38
	36	39
	37	41
	41	45
	42	46
	43	52
	47	56
	48	62
	52	66
	53	70
	57	74
	58	80
	62	84
	63	86
com/mojang/blaze3d/systems/GpuDevice	55	56
	55	56
net/minecraft/client/render/entity/PandaEntityRenderer	137	130
	128	124
	129	125
	131	127
	134	130
	135	130
	137	130
	29	41
	31	42
	32	43
	36	46
	41	50
	46	54
	47	55
	48	56
	49	57
	50	58
	51	59
	52	60
	53	61
	54	62
	55	63
	56	64
	57	65
	58	66
	59	67
	63	70
	65	71
	66	72
	67	73
	68	74
	70	75
	71	76
	73	77
	74	78
	75	79
	76	80
	78	81
	79	82
	80	83
	81	84
	82	85
	83	86
	84	87
	86	88
	87	89
	88	90
	89	91
	90	92
	91	93
	92	94
	94	95
	95	96
	96	97
	97	98
	98	99
	99	100
	100	101
	102	102
	103	103
	107	107
	108	108
	109	109
	110	110
	113	111
	115	112
	116	113
	118	114
	119	115
	120	116
	125	121
	126	122
	127	123
net/minecraft/client/gui/screen/ingame/SignEditScreen	51	51
	33	34
	38	39
	39	47
	41	40
	42	41
	43	42
	44	43
	45	44
	46	45
	47	47
	51	51
	20	22
	21	23
	25	27
	27	28
	28	29
	29	30
net/minecraft/client/render/entity/feature/EmissiveFeatureRenderer	64	68
	64	68
	28	35
	29	36
	30	37
	31	38
	32	39
	33	40
	34	41
	38	44
	39	53
	42	45
	43	53
	45	46
	46	47
	47	48
	48	49
	49	50
	50	53
	53	56
	54	57
	55	58
	57	60
	58	61
	59	62
	63	67
net/minecraft/client/render/item/property/select/MainHandProperty	31	31
	21	21
	26	26
	31	31
net/minecraft/unused/packageinfo/PackageInfo10497	0	0
net/minecraft/client/render/fog/LavaFogModifier	41	43
	32	33
	33	34
	35	37
	36	38
	37	39
	41	43
	20	21
	25	26
	26	27
	27	28
	28	29
	29	30
	30	31
net/minecraft/client/render/block/entity/ShulkerBoxBlockEntityRenderer	89	89
	64	65
	66	66
	67	67
	69	68
	70	69
	73	72
	74	73
	75	74
	76	75
	82	82
	83	83
	84	84
	87	87
	88	88
	89	89
	28	28
	29	29
	32	32
	33	33
	37	38
	39	39
	41	41
	42	42
	44	44
	46	47
	48	48
	49	49
	52	54
	53	55
	54	56
	55	57
	56	58
	57	59
	60	62
	61	63
	62	64
net/minecraft/client/render/chunk/ChunkRenderData	163	220
	129	176
	132	179
	133	180
	135	204
	137	181
	138	184
	139	186
	140	194
	142	198
	143	199
	144	200
	147	204
	22	25
	151	208
	28	31
	156	213
	161	218
	162	219
	163	220
	41	43
	42	44
	43	45
	44	46
	45	47
	48	50
	49	51
	53	55
	58	60
	63	65
	68	70
	73	75
	79	81
	83	85
	84	86
	85	87
	86	88
	87	89
	88	92
	89	94
	90	102
	92	105
	93	106
	97	109
	98	110
	99	111
	100	116
	101	117
	103	120
	104	124
	107	112
	108	113
	111	136
	112	137
	113	138
	116	141
	117	142
	119	145
	120	147
	121	155
	122	157
	123	158
	124	162
	125	172
	126	173
	127	174
net/minecraft/client/render/entity/model/PolarBearEntityModel	81	71
	64	58
	65	59
	67	60
	68	61
	70	62
	71	63
	72	64
	74	65
	75	66
	76	67
	78	68
	79	69
	80	70
	81	71
	21	20
	22	21
	25	24
	26	25
	28	26
	29	28
	30	29
	31	31
	32	33
	33	35
	34	38
	36	40
	37	42
	38	42
	39	42
	40	43
	43	45
	44	46
	45	46
	46	47
	47	48
	49	49
	50	49
	51	50
	52	51
	54	52
	55	52
	56	52
	61	56
	63	57
net/minecraft/client/resource/ResourceReloadLogger	108	110
	64	68
	66	69
	67	70
	68	71
	69	72
	71	74
	84	99
	85	100
	86	101
	24	24
	25	25
	89	104
	26	26
	90	105
	91	106
	28	29
	29	32
	93	107
	94	108
	32	35
	96	110
	33	36
	34	37
	37	40
	38	41
	41	44
	42	45
	107	86
	44	47
	108	87
	46	49
	49	52
	50	53
	51	54
	52	55
	54	57
	60	64
	61	65
net/minecraft/client/gui/screen/ingame/EnchantingPhrases	64	108
	64	108
	50	92
	51	93
	53	95
	54	96
	55	97
	57	100
	43	85
	59	103
	46	88
	63	107
net/minecraft/client/gui/hud/InGameOverlayRenderer	228	211
	41	44
	42	45
	43	46
	46	49
	47	50
	48	51
	49	52
	52	55
	55	58
	56	59
	57	60
	58	61
	59	62
	60	63
	61	64
	65	68
	66	69
	67	70
	70	73
	71	74
	75	79
	76	80
	78	82
	81	85
	82	108
	85	86
	86	87
	87	88
	88	89
	89	90
	90	91
	92	92
	94	93
	95	94
	97	95
	98	96
	99	97
	100	98
	101	99
	102	100
	103	101
	105	102
	106	103
	108	106
	109	108
	112	111
	113	112
	116	115
	117	116
	118	117
	119	118
	120	119
	124	123
	125	125
	126	126
	127	127
	128	128
	130	129
	131	130
	132	131
	133	132
	136	136
	140	140
	141	141
	143	142
	144	143
	145	144
	146	145
	147	146
	149	147
	150	148
	151	149
	152	150
	154	151
	156	152
	157	153
	158	154
	159	155
	160	156
	161	157
	165	160
	166	161
	168	162
	170	163
	172	164
	173	165
	174	166
	175	167
	176	168
	178	169
	179	170
	181	171
	183	172
	184	173
	185	174
	186	175
	187	176
	188	177
	191	180
	192	181
	194	182
	195	183
	196	184
	198	185
	199	186
	200	187
	202	188
	204	189
	205	190
	206	191
	207	192
	209	193
	210	195
	211	196
	213	197
	214	198
	215	199
	216	200
	217	201
	218	202
	219	203
	221	204
	222	205
	223	206
	224	207
	225	208
	226	209
	228	211
net/minecraft/client/gui/screen/ingame/Generic3x3ContainerScreen	34	37
	32	35
	33	36
	34	37
	19	22
	20	23
	21	24
	25	28
	26	29
	27	30
	14	17
	15	18
	31	34
net/minecraft/client/render/entity/BreezeEntityRenderer	62	60
	19	21
	20	22
	21	23
	22	24
	26	27
	27	28
	29	29
	30	30
	34	33
	39	37
	44	41
	45	42
	46	43
	47	44
	48	45
	49	46
	50	47
	51	48
	54	51
	55	52
	56	53
	57	54
	59	56
	60	57
	62	60
net/minecraft/client/gui/widget/LayoutWidgets	23	24
	16	17
	20	21
	21	22
	22	23
	23	24
	13	14
net/minecraft/client/realms/gui/screen/RealmsPendingInvitesScreen	251	267
	45	41
	46	42
	47	43
	48	44
	62	54
	63	55
	64	56
	68	60
	69	61
	70	62
	71	66
	72	68
	73	69
	74	70
	76	72
	78	75
	80	77
	82	79
	84	81
	85	83
	86	84
	90	88
	91	89
	94	92
	95	95
	96	96
	98	98
	99	99
	100	100
	102	102
	104	105
	105	106
	106	107
	107	108
	109	110
	110	111
	111	112
	112	113
	113	114
	114	115
	115	116
	117	119
	119	121
	121	123
	125	127
	126	128
	129	129
	131	130
	132	131
	135	134
	136	135
	138	137
	141	140
	142	141
	143	142
	144	143
	148	148
	149	149
	153	153
	158	158
	159	159
	160	160
	163	163
	167	167
	168	168
	174	219
	175	220
	179	224
	181	232
	182	233
	184	235
	188	239
	189	240
	194	246
	195	247
	199	251
	201	259
	202	260
	204	262
	208	266
	209	267
	218	178
	219	179
	220	183
	224	187
	225	188
	229	192
	230	193
	234	197
	235	198
	236	199
	239	200
	241	201
	242	202
	246	206
	247	208
	248	209
	249	210
	251	213
net/minecraft/unused/packageinfo/PackageInfo6242	0	0
net/minecraft/unused/packageinfo/PackageInfo6241	0	0
net/minecraft/client/gl/ShaderProgram	153	163
	128	139
	129	140
	130	141
	134	145
	135	146
	140	151
	145	155
	149	159
	153	163
	40	45
	41	46
	42	47
	45	50
	46	51
	47	52
	50	54
	51	56
	52	57
	53	58
	56	61
	57	62
	58	63
	60	64
	61	65
	62	66
	63	68
	66	71
	70	77
	71	78
	73	80
	74	81
	75	83
	77	85
	78	86
	79	87
	81	89
	82	90
	83	91
	86	95
	87	96
	88	97
	89	98
	91	100
	92	101
	95	107
	98	108
	101	112
	102	113
	103	114
	104	115
	107	117
	108	118
	111	122
	112	124
	113	125
	114	126
	115	127
	116	128
	117	129
	118	130
	120	132
	124	136
net/minecraft/client/render/entity/state/MooshroomEntityRenderState	0	0
net/minecraft/unused/packageinfo/PackageInfo6240	0	0
net/minecraft/client/render/block/entity/MobSpawnerBlockEntityRenderer	50	62
	32	35
	35	47
	36	48
	37	49
	38	50
	39	51
	40	52
	43	55
	44	56
	45	57
	46	58
	47	59
	48	60
	49	61
	18	21
	50	62
	19	22
	23	27
	24	28
	25	35
	27	29
	28	30
	29	31
	30	32
net/minecraft/client/render/entity/TntEntityRenderer	59	57
	15	18
	16	19
	17	20
	18	21
	22	24
	23	25
	24	26
	25	27
	26	28
	27	29
	28	30
	29	31
	30	32
	31	33
	34	36
	35	37
	36	38
	38	39
	39	41
	42	45
	44	46
	45	47
	49	50
	54	54
	57	55
	58	56
	59	57
net/minecraft/client/gui/widget/Positioner	168	147
	128	113
	129	114
	67	61
	134	118
	139	122
	79	74
	144	126
	145	127
	82	77
	146	128
	83	78
	84	79
	85	80
	86	81
	87	82
	151	132
	88	83
	152	133
	92	86
	157	137
	158	138
	97	90
	163	142
	102	94
	39	33
	103	94
	104	94
	168	147
	105	94
	43	37
	110	98
	47	41
	111	99
	51	45
	116	103
	117	104
	55	49
	122	108
	59	53
	123	109
net/minecraft/client/gui/tooltip/HoveredTooltipPositioner	33	31
	17	17
	33	31
	18	18
	19	19
	24	23
	25	24
	13	13
	29	27
	30	28
	31	29
net/minecraft/unused/packageinfo/PackageInfo6249	0	0
net/minecraft/unused/packageinfo/PackageInfo6248	0	0
com/mojang/blaze3d/pipeline/BlendFunction	20	31
	19	30
	20	31
net/minecraft/client/gui/screen/TaskScreen	97	122
	65	91
	66	92
	68	95
	69	96
	73	100
	75	101
	77	102
	78	103
	79	104
	81	106
	83	108
	87	112
	92	117
	93	118
	30	52
	97	122
	34	61
	38	65
	39	66
	40	67
	41	68
	42	69
	43	70
	47	74
	49	75
	50	76
	53	79
	54	80
	56	81
	57	82
	58	83
	60	85
	61	87
net/minecraft/client/render/model/ModelBaker	193	177
	129	82
	130	83
	131	84
	132	85
	138	88
	142	90
	143	91
	144	92
	145	93
	151	96
	152	97
	153	98
	155	99
	156	100
	158	102
	160	103
	161	104
	169	121
	172	124
	45	48
	173	125
	48	51
	177	129
	182	134
	183	135
	184	136
	185	137
	187	139
	64	70
	65	71
	193	145
	66	72
	67	73
	68	74
	69	75
	76	153
	79	156
	85	161
	90	166
	94	169
	95	170
	96	171
	97	172
	98	173
	100	174
	102	175
	108	176
	109	176
	117	177
	122	78
	124	79
	125	80
net/minecraft/unused/packageinfo/PackageInfo6244	0	0
net/minecraft/unused/packageinfo/PackageInfo7575	0	0
net/minecraft/client/recipebook/ClientRecipeManager	27	27
	16	18
	17	19
	18	20
	22	23
	27	27
net/minecraft/client/gui/CubeMapRenderer	120	121
	38	40
	39	41
	40	42
	41	43
	44	47
	46	49
	47	50
	48	51
	49	52
	50	53
	51	54
	53	55
	54	56
	55	57
	56	58
	57	59
	58	60
	59	62
	61	66
	62	67
	63	68
	64	69
	65	70
	67	71
	68	72
	69	73
	71	75
	74	79
	75	80
	76	81
	77	82
	78	83
	79	84
	81	85
	82	86
	83	87
	84	88
	86	89
	87	90
	88	91
	89	92
	91	93
	92	94
	93	95
	94	96
	96	97
	97	98
	98	99
	99	100
	101	101
	102	102
	103	103
	104	104
	106	106
	107	107
	113	115
	114	116
	118	119
	119	120
	120	121
net/minecraft/unused/packageinfo/PackageInfo9756	0	0
net/minecraft/client/gui/screen/ingame/SmithingScreen	175	165
	129	120
	130	121
	133	124
	134	125
	135	126
	136	127
	138	130
	142	134
	143	135
	145	137
	148	140
	150	141
	151	142
	154	145
	155	146
	156	147
	158	148
	159	149
	160	150
	162	152
	163	153
	164	154
	165	155
	166	156
	171	161
	172	162
	175	165
	59	59
	60	60
	61	61
	62	62
	66	66
	67	67
	68	68
	70	69
	71	70
	72	71
	73	72
	75	73
	76	74
	80	78
	82	79
	83	80
	84	81
	85	82
	86	83
	89	86
	90	87
	91	88
	93	89
	98	94
	99	95
	100	96
	104	100
	105	101
	106	102
	107	103
	110	104
	111	105
	112	106
	113	107
	114	108
	115	109
	119	113
	120	114
	122	116
	125	119
	126	130
net/minecraft/unused/packageinfo/PackageInfo9755	0	0
net/minecraft/client/particle/EndRodParticle	37	36
	32	32
	33	33
	37	36
	8	11
	10	12
	11	13
	12	14
	14	15
	16	16
	18	17
	19	18
	20	19
	24	23
	25	24
	26	25
net/minecraft/client/render/entity/model/HappyGhastEntityModel	63	103
	25	22
	26	23
	27	25
	28	26
	30	28
	33	31
	34	32
	36	33
	37	38
	38	39
	41	46
	42	51
	43	56
	44	61
	45	66
	46	71
	47	76
	48	81
	49	86
	51	91
	56	95
	57	96
	58	97
	59	98
	60	99
	62	102
	63	103
net/minecraft/client/gui/widget/DirectionalLayoutWidget	110	122
	66	73
	71	78
	72	79
	76	83
	77	84
	16	23
	17	24
	81	88
	20	27
	21	28
	22	29
	86	93
	25	32
	26	33
	90	97
	30	37
	94	101
	34	41
	101	110
	38	45
	102	112
	103	115
	105	117
	42	49
	108	120
	109	121
	46	53
	110	122
	51	58
	52	59
	56	63
	57	64
	61	68
net/minecraft/client/realms/dto/RealmsServer	368	339
	258	242
	259	243
	260	244
	261	245
	262	246
	263	247
	264	248
	265	249
	266	250
	267	251
	268	252
	269	253
	270	254
	271	255
	272	256
	273	257
	274	258
	275	259
	276	260
	277	261
	278	262
	279	263
	280	264
	281	265
	282	266
	283	267
	284	268
	288	272
	290	274
	291	275
	294	280
	298	284
	302	288
	306	292
	307	293
	309	294
	313	298
	320	328
	321	329
	325	332
	326	333
	327	334
	328	335
	329	336
	330	337
	331	338
	332	339
	360	311
	364	315
	368	319
	121	97
	126	102
	131	107
	135	111
	136	112
	139	115
	140	116
	144	120
	145	121
	146	122
	147	123
	150	125
	151	126
	152	128
	153	129
	154	130
	159	135
	160	136
	162	139
	163	140
	165	143
	166	144
	168	147
	169	148
	171	151
	172	152
	174	155
	175	156
	177	159
	178	160
	181	163
	182	164
	183	165
	186	170
	187	175
	190	178
	192	180
	193	181
	194	182
	197	185
	200	188
	201	189
	202	190
	203	191
	204	192
	208	196
	212	200
	216	204
	220	208
	221	209
	225	213
	230	217
	235	221
	236	222
	238	223
	239	224
	241	225
	242	226
	244	228
	246	229
	247	230
	248	231
	249	232
	250	233
	251	234
	252	235
	253	236
net/minecraft/client/render/entity/PufferfishEntityRenderer	65	60
	32	32
	64	59
	65	60
	37	36
	42	40
	47	44
	48	45
	49	46
	50	47
	52	49
	53	50
	24	26
	57	53
	26	27
	58	54
	27	28
	59	55
	28	29
	63	58
net/minecraft/unused/packageinfo/PackageInfo7562	0	0
net/minecraft/unused/packageinfo/PackageInfo6232	0	0
net/minecraft/unused/packageinfo/PackageInfo6231	0	0
net/minecraft/client/ClientBootstrap	33	34
	32	32
	33	34
	18	21
	19	34
	21	22
	23	23
	24	24
	25	25
	26	26
	27	27
	28	28
	29	29
	30	30
	31	31
net/minecraft/client/gui/screen/dialog/ColumnsDialogScreen	41	44
	33	38
	18	20
	19	21
	35	39
	36	41
	37	42
	23	26
	25	28
	41	44
	26	30
	27	31
net/minecraft/client/gui/screen/option/ControlsListWidget	216	219
	131	136
	132	137
	134	138
	135	139
	136	140
	137	141
	138	144
	139	145
	141	146
	143	148
	145	149
	146	150
	147	151
	148	152
	149	153
	150	154
	154	158
	155	159
	156	160
	157	161
	159	162
	160	163
	161	164
	34	35
	35	35
	163	165
	36	35
	165	166
	38	36
	166	167
	167	168
	40	37
	168	169
	41	38
	42	39
	170	171
	44	41
	45	42
	174	175
	47	43
	48	44
	49	45
	179	180
	52	48
	53	49
	54	50
	55	51
	184	185
	57	54
	185	186
	186	187
	59	56
	187	188
	189	189
	62	59
	190	190
	63	60
	191	191
	64	61
	192	192
	193	193
	67	64
	195	196
	68	65
	196	197
	201	202
	202	203
	203	205
	205	207
	79	78
	80	79
	208	210
	81	80
	209	211
	211	219
	85	84
	86	87
	216	69
	91	92
	96	97
	101	102
	104	105
	109	110
	110	111
	117	117
net/minecraft/client/gui/hud/debug/DebugChart	105	105
	18	21
	19	22
	20	23
	23	26
	27	30
	31	34
	32	35
	34	36
	35	37
	36	38
	37	39
	38	40
	39	42
	40	43
	41	44
	42	45
	43	46
	44	47
	45	48
	46	49
	49	52
	50	53
	51	54
	52	55
	54	56
	55	57
	56	58
	57	59
	59	60
	60	61
	61	62
	64	65
	65	66
	68	69
	69	70
	70	71
	73	74
	74	75
	75	76
	76	77
	77	78
	80	81
	83	84
	87	88
	90	91
	91	92
	92	93
	101	102
	102	103
	103	104
	105	105
net/minecraft/client/render/entity/model/MagmaCubeEntityModel	61	56
	18	20
	19	21
	20	22
	23	25
	27	29
	28	30
	30	32
	31	33
	32	34
	33	35
	34	36
	35	37
	36	38
	37	39
	39	42
	40	42
	41	42
	46	45
	47	45
	48	45
	51	46
	56	50
	57	51
	58	53
	59	54
	61	56
net/minecraft/client/MinecraftClient	3002	3015
	2048	2067
	2051	2070
	2053	2073
	2055	2076
	2058	2079
	2059	2080
	2061	2083
	2062	2084
	2064	2087
	2065	2088
	2069	2092
	2070	2093
	2073	2096
	2074	2097
	2077	2100
	2078	2101
	2079	2102
	2080	2103
	2082	2105
	2084	2105
	2087	2105
	2092	2111
	2096	2115
	2100	2119
	2104	2123
	2108	2129
	2109	2130
	2110	2131
	2113	2134
	2114	2135
	2115	2136
	2116	2137
	2117	2138
	2119	2140
	2120	2141
	2121	2142
	2122	2143
	2124	2146
	2125	2147
	2126	2148
	2127	2149
	2128	2150
	2129	2151
	2131	2152
	2132	2153
	2134	2154
	2137	2157
	2138	2158
	2140	2161
	2142	2162
	2144	2163
	2145	2164
	2146	2166
	2147	2167
	2148	2168
	2150	2171
	2151	2172
	2153	2166
	2155	2176
	2156	2177
	2157	2178
	2159	2179
	2160	2180
	2161	2181
	2162	2182
	2166	2184
	2167	2185
	2168	2186
	2171	2189
	2172	2190
	2173	2191
	2175	2192
	2176	2193
	2177	2194
	2178	2195
	2179	2196
	2181	2198
	2184	2201
	2185	2202
	2188	2205
	2189	2206
	2194	2209
	2195	2210
	2196	2211
	2197	2212
	2198	2213
	2199	2214
	2202	2218
	2204	2219
	2205	2220
	2208	2223
	2209	2224
	2211	2225
	2212	2226
	2214	2227
	2215	2228
	2217	2231
	2219	2232
	2220	2233
	2221	2234
	2222	2235
	2223	2237
	2224	2238
	2226	2241
	2228	2244
	2229	2245
	2232	2248
	2233	2249
	2234	2250
	2236	2252
	2237	2255
	2238	2256
	2242	2259
	2244	2260
	2245	2261
	2248	2264
	2249	2265
	2250	2266
	2253	2269
	2254	2270
	2257	2273
	2258	2274
	2260	2275
	2261	2276
	2263	2279
	2267	2280
	2268	2281
	2269	2282
	2270	2283
	2272	2285
	2273	2288
	2274	2289
	2278	2292
	2279	2293
	2280	2294
	2282	2295
	2283	2296
	2285	2297
	2286	2298
	2287	2299
	2288	2300
	2291	2308
	2292	2306
	2293	2307
	2294	2320
	2295	2323
	2298	2326
	2299	2327
	2300	2328
	2301	2329
	2302	2330
	2303	2331
	2306	2334
	2310	2338
	2314	2342
	2318	2346
	2319	2346
	2321	2346
	2325	2350
	2326	2351
	2327	2352
	2328	2353
	2332	2357
	2337	2362
	2341	2366
	2342	2367
	2347	2377
	2348	2379
	2350	2378
	2354	2383
	2355	2384
	2357	2385
	2358	2386
	2360	2388
	2361	2388
	2363	2388
	2367	2393
	2372	2398
	2376	2402
	2380	2406
	2384	2410
	2388	2414
	2392	2418
	2393	2430
	2396	2419
	2397	2420
	2398	2421
	2399	2422
	2400	2424
	2401	2425
	2405	2430
	2408	2433
	2410	2436
	2411	2437
	2413	2438
	2414	2439
	2417	2442
	2418	2443
	2421	2446
	2422	2447
	2423	2448
	2426	2451
	2430	2457
	2431	2458
	2432	2459
	2435	2462
	2441	2466
	2443	2467
	2445	2468
	2447	2469
	2448	2470
	2451	2475
	2452	2476
	2453	2477
	2454	2478
	2456	2481
	2457	2482
	2458	2484
	2459	2486
	2461	2487
	2462	2488
	2463	2489
	2464	2490
	2465	2491
	2467	2493
	2468	2493
	2470	2493
	2473	2496
	2474	2497
	2476	2498
	2477	2499
	2478	2500
	2479	2501
	2480	2502
	2481	2503
	435	500
	436	501
	2484	2507
	2485	2508
	438	502
	2487	2511
	440	503
	2488	2512
	441	504
	442	505
	443	506
	2491	2515
	444	507
	2492	2516
	446	508
	2494	2519
	447	509
	2495	2520
	2496	2521
	449	511
	2497	2522
	450	513
	2498	2523
	451	515
	452	517
	454	520
	2502	2527
	455	521
	456	522
	457	523
	458	524
	2506	2531
	459	526
	460	528
	461	529
	2510	2539
	463	531
	2511	2540
	464	532
	465	533
	2513	2542
	466	534
	468	536
	2517	2546
	470	537
	471	538
	473	539
	2521	2550
	474	540
	475	541
	477	542
	2525	2554
	479	543
	480	544
	481	545
	2530	2564
	483	546
	484	547
	486	548
	2534	2568
	487	549
	2535	2569
	488	550
	490	551
	491	552
	2539	2573
	492	553
	494	554
	2543	2577
	496	555
	497	556
	498	557
	2547	2581
	500	560
	2548	2582
	501	561
	2549	2582
	502	562
	503	563
	2551	2582
	506	566
	2555	2586
	508	567
	509	568
	510	569
	2559	2590
	512	570
	2563	2594
	517	574
	518	575
	519	576
	2567	2598
	521	578
	2571	2602
	524	580
	527	583
	2575	2606
	528	584
	529	585
	2579	2610
	532	588
	533	589
	535	590
	2583	2614
	536	591
	538	593
	539	595
	2587	2618
	541	596
	543	597
	2591	2622
	545	598
	546	599
	2595	2626
	548	600
	549	601
	550	602
	2599	2630
	552	604
	553	605
	555	606
	2603	2634
	556	607
	558	608
	559	609
	2607	2638
	2608	2639
	561	610
	2609	2640
	563	611
	2611	2641
	564	612
	2612	2644
	2613	2645
	566	613
	2614	2646
	567	614
	2615	2646
	568	615
	2617	2646
	570	616
	571	617
	2621	2648
	574	618
	2622	2649
	575	619
	2623	2650
	576	620
	2624	2651
	577	621
	2625	2652
	578	622
	2626	2653
	2627	2654
	580	623
	581	624
	582	625
	2630	2655
	2631	2661
	584	626
	586	627
	2634	2657
	2635	2658
	588	628
	590	629
	2638	2659
	592	630
	593	631
	2641	2642
	595	632
	596	633
	2645	2668
	598	634
	599	635
	601	636
	2649	2672
	603	637
	604	638
	606	639
	2654	2677
	609	642
	610	643
	2658	2681
	611	644
	2659	2682
	612	645
	2660	2683
	613	647
	2663	2689
	620	654
	2668	2694
	623	657
	625	658
	2673	2698
	626	661
	628	662
	629	674
	2678	2702
	631	675
	632	683
	634	684
	2682	2706
	635	685
	637	686
	638	687
	2686	2710
	640	688
	641	689
	2690	2714
	643	690
	644	691
	646	692
	2694	2718
	648	693
	649	694
	650	695
	2698	2722
	652	696
	653	697
	2702	2726
	655	698
	657	699
	2706	2730
	659	700
	661	701
	2710	2734
	663	702
	665	703
	2714	2738
	667	704
	669	707
	2718	2742
	672	714
	673	715
	674	716
	2722	2746
	675	717
	677	719
	2726	2750
	680	722
	681	723
	682	724
	2730	2754
	683	725
	684	726
	685	727
	2734	2758
	688	729
	2738	2762
	692	733
	693	734
	694	735
	2742	2766
	696	736
	698	737
	2746	2770
	700	738
	701	739
	2750	2774
	703	740
	704	741
	706	742
	2754	2778
	707	743
	709	744
	711	745
	2759	2783
	712	746
	2760	2784
	713	747
	2763	2793
	2764	2794
	717	748
	2765	2795
	2766	2796
	719	749
	2767	2797
	720	750
	2768	2798
	721	751
	722	752
	2770	2799
	2771	2800
	724	753
	2772	2801
	725	754
	2773	2802
	726	756
	2774	2803
	727	757
	728	758
	2777	2807
	730	761
	731	762
	2779	2808
	732	763
	2780	2809
	2781	2810
	2782	2812
	735	766
	2783	2813
	736	767
	2785	2815
	738	768
	2786	2816
	2787	2817
	740	769
	741	770
	2789	2819
	2790	2820
	743	772
	2791	2821
	745	774
	2793	2823
	2794	2824
	2795	2825
	748	777
	749	778
	2797	2827
	750	779
	2798	2828
	2799	2829
	752	781
	2801	2831
	2802	2832
	755	784
	2803	2833
	757	785
	758	786
	2806	2836
	759	787
	2807	2837
	761	788
	2810	2840
	763	789
	2811	2841
	764	790
	765	791
	2813	2842
	2815	2845
	768	794
	2816	2846
	2818	2849
	772	798
	773	799
	2821	2852
	2822	2854
	775	800
	776	801
	2824	2855
	777	802
	2825	2856
	2826	2857
	779	804
	2827	2871
	781	806
	2829	2860
	2830	2861
	783	808
	2831	2862
	784	809
	2832	2863
	785	810
	2834	2864
	788	813
	2836	2865
	2837	2866
	2838	2867
	792	817
	2840	2868
	793	818
	794	819
	795	820
	798	823
	2846	2876
	799	824
	800	831
	801	826
	802	827
	2850	2880
	804	830
	805	831
	2855	2885
	808	834
	809	835
	810	836
	811	837
	2859	2889
	812	838
	813	839
	815	842
	2863	2893
	816	843
	819	847
	2867	2897
	2871	2901
	824	852
	825	853
	826	854
	2875	2905
	831	859
	2879	2909
	832	860
	2880	2910
	835	863
	2883	2913
	836	864
	837	865
	839	868
	2887	2917
	840	869
	842	870
	843	871
	2891	2921
	844	872
	845	873
	2893	2922
	846	874
	2894	2923
	847	875
	848	876
	849	877
	850	878
	2898	2927
	851	881
	853	879
	2902	2931
	857	885
	2906	2935
	861	889
	862	890
	2910	2939
	2911	2940
	864	891
	2914	2943
	868	895
	2918	2947
	872	899
	873	900
	2922	2951
	875	902
	877	904
	2926	2955
	880	907
	881	908
	882	909
	2930	2959
	884	910
	886	911
	2934	2963
	887	912
	888	913
	890	914
	2938	2967
	891	914
	892	915
	2942	2971
	895	918
	2943	2972
	896	919
	2944	2973
	897	920
	2945	2974
	898	921
	900	924
	2948	2978
	901	925
	902	926
	2952	2982
	905	929
	906	930
	907	931
	910	934
	914	935
	916	936
	917	937
	919	939
	921	944
	924	942
	925	944
	928	947
	930	948
	931	949
	934	952
	936	955
	937	957
	938	958
	2987	3011
	2988	3012
	941	961
	942	962
	943	971
	2991	3015
	944	966
	945	967
	947	968
	949	969
	950	970
	951	983
	952	987
	953	988
	954	989
	3002	2987
	956	990
	958	993
	959	994
	960	995
	961	996
	962	997
	966	1000
	967	1001
	968	1002
	969	1003
	970	1004
	971	1005
	973	1007
	976	1010
	977	1011
	980	1014
	981	1015
	982	1016
	985	1019
	989	1023
	993	1027
	997	1031
	998	1032
	1004	1035
	1005	1036
	1008	1039
	1010	1040
	1012	1042
	1015	1045
	1016	1046
	1017	1047
	1018	1048
	1019	1049
	1023	1052
	1024	1053
	1026	1054
	1029	1055
	1030	1056
	1031	1057
	1032	1058
	1033	1059
	1034	1060
	1036	1062
	1037	1063
	1042	1068
	1044	1069
	1046	1070
	1049	1073
	1050	1074
	1053	1077
	1057	1081
	1063	1085
	1064	1086
	1066	1088
	1067	1089
	1068	1090
	1069	1091
	1073	1093
	1074	1094
	1075	1095
	1076	1096
	1079	1099
	1080	1103
	1081	1104
	1083	1105
	1084	1106
	1086	1108
	1088	1110
	1089	1111
	1090	1112
	1091	1113
	1092	1114
	1093	1115
	1094	1116
	1097	1120
	1101	1126
	1104	1127
	1105	1128
	1107	1130
	1108	1131
	1109	1132
	1110	1133
	1111	1134
	1112	1135
	1113	1136
	1120	1142
	1121	1144
	1122	1145
	1123	1146
	1124	1147
	1126	1148
	1132	1153
	1133	1154
	1134	1155
	1135	1156
	1137	1157
	1138	1158
	1140	1160
	1143	1161
	1145	1162
	1147	1163
	1148	1164
	1150	1166
	1153	1169
	1157	1173
	1158	1174
	1159	1175
	1160	1176
	1161	1177
	1162	1178
	1163	1179
	1165	1182
	1166	1183
	1168	1185
	1169	1186
	1170	1187
	1171	1188
	1174	1191
	1176	1193
	1179	1210
	1180	1211
	1183	1214
	1184	1215
	1186	1217
	1189	1220
	1190	1221
	1192	1223
	1193	1224
	1194	1225
	1195	1226
	1196	1227
	1198	1229
	1202	1233
	1203	1234
	1204	1235
	1207	1238
	1208	1239
	1209	1240
	1214	1241
	1215	1242
	1217	1244
	1218	1245
	1221	1248
	1222	1250
	1225	1253
	1226	1254
	1230	1258
	1232	1261
	1233	1262
	1236	1266
	1237	1267
	1239	1270
	1240	1271
	1244	1274
	1245	1275
	1247	1278
	1249	1280
	1250	1281
	1251	1282
	1254	1285
	1258	1288
	1259	1289
	1262	1293
	1263	1294
	1264	1295
	1265	1296
	1266	1297
	1267	1298
	1268	1299
	1269	1300
	1270	1301
	1271	1302
	1272	1303
	1273	1304
	1274	1305
	1275	1306
	1276	1307
	1277	1308
	1278	1309
	1280	1312
	1281	1313
	1282	1314
	1283	1315
	1284	1316
	1285	1317
	1287	1319
	1288	1320
	1289	1322
	1294	1325
	1296	1326
	1297	1327
	1301	1330
	1302	1331
	1303	1332
	1304	1333
	1308	1337
	1309	1338
	1312	1341
	1314	1342
	1316	1343
	1317	1344
	1318	1345
	1319	1346
	1321	1347
	1322	1349
	1323	1350
	1324	1351
	1326	1354
	1329	1357
	1331	1358
	1332	1359
	1334	1360
	1335	1361
	1336	1362
	1337	1363
	1338	1364
	1340	1365
	1342	1367
	1343	1371
	1344	1372
	1345	1373
	1348	1368
	1349	1369
	1352	1377
	1353	1378
	1355	1379
	1356	1380
	1357	1381
	1359	1382
	1360	1383
	1361	1384
	1362	1385
	1365	1388
	1367	1389
	1368	1390
	1370	1393
	1371	1394
	1372	1395
	1375	1398
	1376	1399
	1377	1400
	1378	1401
	1380	1404
	1381	1405
	1382	1406
	1383	1407
	1386	1410
	1387	1411
	1388	1412
	1390	1413
	1391	1414
	1393	1415
	1394	1416
	1395	1419
	1396	1420
	1398	1423
	1399	1424
	1401	1425
	1402	1426
	1403	1427
	1404	1428
	1406	1431
	1407	1432
	1409	1433
	1411	1434
	1412	1435
	1415	1438
	1417	1440
	1418	1441
	1420	1443
	1423	1446
	1424	1447
	1425	1450
	1426	1451
	1427	1452
	1428	1453
	1429	1454
	1430	1457
	1433	1460
	1434	1461
	1436	1464
	1437	1465
	1441	1468
	1442	1469
	1443	1470
	1444	1471
	1449	1476
	1450	1477
	1451	1478
	1452	1479
	1454	1482
	1455	1483
	1457	1485
	1460	1488
	1461	1489
	1464	1492
	1468	1496
	1469	1497
	1471	1500
	1472	1501
	1473	1502
	1475	1504
	1477	1506
	1481	1510
	1482	1511
	1484	1512
	1485	1513
	1488	1516
	1489	1517
	1490	1518
	1491	1519
	1492	1520
	1496	1524
	1497	1525
	1500	1528
	1504	1532
	1508	1536
	1510	1539
	1511	1540
	1513	1543
	1514	1544
	1516	1547
	1517	1548
	1520	1551
	1521	1552
	1522	1553
	1525	1555
	1526	1556
	1527	1565
	1530	1557
	1531	1558
	1533	1559
	1534	1560
	1536	1565
	1538	1566
	1539	1567
	1540	1567
	1541	1567
	1543	1568
	1544	1568
	1546	1569
	1548	1570
	1549	1571
	1550	1572
	1551	1573
	1552	1574
	1554	1576
	1555	1577
	1557	1579
	1559	1580
	1560	1581
	1561	1582
	1562	1583
	1563	1583
	1564	1583
	1567	1584
	1568	1585
	1570	1588
	1573	1591
	1576	1594
	1577	1595
	1578	1596
	1582	1599
	1586	1604
	1587	1605
	1588	1606
	1590	1608
	1593	1611
	1594	1612
	1595	1613
	1597	1615
	1603	1619
	1604	1620
	1606	1622
	1607	1623
	1611	1628
	1614	1628
	1616	1628
	1618	1629
	1619	1630
	1620	1631
	1621	1632
	1624	1636
	1625	1639
	1626	1640
	1627	1641
	1628	1652
	1629	1654
	1631	1656
	1632	1657
	1633	1658
	1638	1663
	1642	1667
	1643	1668
	1646	1671
	1650	1686
	1651	1694
	1654	1687
	1655	1688
	1656	1689
	1658	1691
	1660	1694
	1663	1697
	1664	1698
	1666	1701
	1667	1716
	1670	1702
	1671	1703
	1672	1704
	1674	1705
	1675	1706
	1676	1707
	1677	1708
	1678	1709
	1681	1716
	1684	1713
	1685	1716
	1688	1719
	1689	1720
	1692	1721
	1693	1722
	1694	1723
	1695	1724
	1697	1727
	1700	1728
	1701	1729
	1704	1731
	1705	1732
	1706	1733
	1709	1735
	1710	1736
	1712	1738
	1713	1739
	1715	1741
	1716	1742
	1718	1743
	1719	1744
	1720	1745
	1721	1746
	1727	1751
	1728	1752
	1730	1755
	1735	1758
	1736	1759
	1740	1765
	1741	1832
	1744	1766
	1746	1767
	1747	1832
	1750	1768
	1751	1769
	1754	1772
	1759	1773
	1760	1774
	1761	1775
	1764	1778
	1765	1779
	1767	1781
	1768	1782
	1769	1783
	1770	1784
	1772	1787
	1773	1788
	1774	1789
	1777	1792
	1778	1793
	1779	1794
	1781	1797
	1786	1801
	1788	1802
	1789	1803
	1790	1804
	1791	1805
	1792	1806
	1795	1807
	1796	1808
	1800	1812
	1801	1815
	1802	1816
	1808	1821
	1809	1821
	1810	1821
	1811	1822
	1812	1823
	1815	1826
	1816	1827
	1820	1832
	1823	1835
	1827	1839
	1829	1840
	1830	1841
	1832	1844
	1833	1845
	1836	1848
	1838	1849
	1839	1850
	1840	1851
	1841	1852
	1842	1853
	1843	1854
	1845	1855
	1846	1856
	1847	1857
	1849	1860
	1850	1861
	1851	1862
	1854	1865
	1855	1869
	1856	1870
	1857	1871
	1858	1872
	1860	1866
	1861	1867
	1864	1875
	1865	1876
	1868	1879
	1870	1881
	1871	1882
	1872	1883
	1873	1884
	1874	1885
	1877	1889
	1878	1890
	1881	1893
	1882	1894
	1883	1895
	1885	1896
	1886	1897
	1890	1901
	1891	1902
	1892	1903
	1893	1904
	1895	1907
	1896	1908
	1897	1909
	1899	1912
	1900	1913
	1901	1914
	1903	1916
	1904	1917
	1907	1920
	1908	1921
	1911	1922
	1912	1923
	1913	1924
	1914	1925
	1915	1926
	1916	1927
	1918	1930
	1919	1931
	1920	1932
	1923	1935
	1926	1938
	1927	1939
	1928	1940
	1929	1941
	1930	1942
	1931	1943
	1933	1945
	1935	1948
	1938	1952
	1939	1953
	1940	1954
	1942	1957
	1943	1958
	1944	1959
	1947	1962
	1948	1963
	1949	1964
	1951	1966
	1952	1967
	1953	1968
	1956	1971
	1957	1972
	1959	1973
	1960	1974
	1963	1977
	1967	1981
	1971	1985
	1972	1986
	1973	1987
	1974	1988
	1975	1989
	1977	1992
	1980	1995
	1981	1996
	1984	1999
	1985	2000
	1986	2001
	1987	2002
	1988	2003
	1989	2004
	1990	2005
	1991	2008
	1993	2006
	1998	2013
	1999	2014
	2000	2015
	2001	2016
	2003	2018
	2004	2019
	2005	2020
	2007	2023
	2011	2027
	2012	2028
	2013	2029
	2015	2031
	2016	2032
	2019	2036
	2020	2037
	2022	2040
	2023	2041
	2025	2044
	2026	2045
	2027	2046
	2030	2050
	2031	2051
	2032	2051
	2033	2052
	2038	2056
	2039	2057
	2041	2060
	2042	2061
	2045	2064
	2046	2065
	2047	2066
net/minecraft/client/gui/screen/StatsScreen	534	535
	512	190
	515	193
	516	194
	517	195
	518	196
	520	198
	521	199
	523	201
	527	207
	528	208
	529	209
	530	212
	534	216
	77	71
	79	72
	80	73
	81	74
	85	78
	86	79
	87	80
	90	83
	91	84
	92	85
	93	86
	96	89
	98	90
	99	91
	100	92
	101	93
	103	94
	104	96
	105	99
	107	101
	109	102
	110	103
	112	106
	113	107
	116	110
	117	112
	118	114
	119	115
	123	119
	124	120
	125	121
	127	123
	131	127
	132	128
	135	131
	136	132
	137	133
	138	134
	139	135
	140	136
	142	138
	145	141
	146	142
	149	145
	150	146
	151	147
	152	148
	154	150
	158	224
	162	225
	163	226
	164	228
	165	229
	167	231
	171	235
	179	244
	180	245
	181	246
	184	249
	189	256
	190	257
	191	258
	192	259
	193	260
	194	261
	198	265
	204	153
	237	295
	241	296
	242	297
	243	298
	245	299
	246	301
	247	302
	249	304
	250	305
	251	306
	255	310
	256	311
	260	315
	261	316
	263	318
	264	319
	265	320
	269	324
	270	325
	274	329
	275	331
	276	332
	278	334
	281	337
	286	342
	287	343
	290	346
	291	347
	292	348
	295	351
	296	352
	298	353
	299	354
	302	357
	303	358
	304	359
	306	361
	310	365
	311	366
	312	368
	314	369
	318	373
	319	375
	320	376
	321	377
	322	378
	323	379
	326	383
	327	384
	328	385
	329	386
	331	388
	336	394
	340	398
	344	404
	345	405
	346	406
	348	408
	349	409
	350	409
	352	409
	357	415
	358	442
	361	416
	362	417
	363	418
	364	419
	365	420
	369	423
	370	424
	372	426
	373	427
	374	429
	375	430
	376	431
	377	432
	378	433
	382	437
	383	438
	386	442
	389	445
	390	446
	391	447
	392	448
	393	449
	395	451
	396	452
	399	455
	400	456
	406	516
	407	517
	411	520
	412	521
	413	522
	414	523
	415	524
	416	525
	417	526
	419	528
	420	529
	421	530
	424	533
	425	534
	428	535
	436	463
	437	464
	440	467
	445	474
	446	475
	448	476
	449	477
	451	479
	452	480
	454	482
	456	485
	458	488
	459	489
	460	493
	463	498
	466	501
	467	502
	468	505
	472	509
	479	159
	481	159
	483	161
	484	162
	485	164
	488	167
	492	171
	504	183
	506	184
	507	185
	508	186
	509	187
	511	189
net/minecraft/client/gui/screen/ingame/JigsawBlockScreen	262	243
	256	238
	257	239
	259	240
	260	241
	262	243
	54	52
	55	53
	56	54
	59	57
	60	58
	61	59
	64	62
	65	63
	68	68
	69	70
	70	71
	71	72
	72	73
	73	74
	75	76
	76	77
	78	80
	82	84
	83	85
	84	86
	89	91
	90	91
	94	92
	98	96
	99	97
	103	101
	104	102
	105	103
	106	104
	107	105
	109	106
	110	107
	111	108
	112	109
	113	110
	115	111
	116	112
	117	113
	118	114
	119	115
	121	116
	122	117
	123	118
	124	119
	126	120
	127	121
	128	122
	129	123
	130	124
	132	125
	133	126
	134	127
	135	128
	136	129
	138	130
	139	131
	140	134
	141	135
	142	136
	144	138
	145	139
	146	140
	148	141
	150	143
	151	144
	155	148
	156	149
	160	153
	161	154
	164	158
	166	160
	168	161
	169	162
	170	163
	172	165
	173	167
	174	168
	175	169
	179	173
	180	174
	184	178
	185	179
	188	182
	192	186
	193	186
	194	186
	195	187
	196	188
	197	189
	201	193
	202	194
	203	195
	204	196
	205	197
	206	198
	207	199
	208	200
	210	201
	212	202
	213	203
	214	204
	215	205
	216	206
	217	207
	218	208
	219	209
	220	210
	221	211
	225	215
	226	216
	229	217
	230	220
	231	221
	234	218
	239	227
	241	228
	242	229
	244	230
	245	231
	247	232
	248	233
	250	234
	251	235
	253	236
	254	237
net/minecraft/unused/packageinfo/PackageInfo6236	0	0
net/minecraft/client/render/entity/state/EndermanEntityRenderState	0	0
net/minecraft/unused/packageinfo/PackageInfo6235	0	0
net/minecraft/unused/packageinfo/PackageInfo6233	0	0
net/minecraft/client/gui/render/state/GlyphGuiElementRenderState	40	38
	33	32
	22	21
	23	22
	24	23
	40	38
	28	27
net/minecraft/client/render/entity/model/ZombifiedPiglinEntityModel	26	33
	16	23
	20	27
	21	28
	22	29
	23	30
	24	31
	9	11
	25	32
	10	12
	26	33
	14	15
	15	17
net/minecraft/client/render/entity/model/TridentEntityModel	49	60
	33	57
	34	57
	35	57
	38	58
	39	58
	40	58
	43	59
	44	59
	45	59
	16	47
	17	48
	49	60
	20	51
	21	52
	23	53
	24	54
	25	54
	28	56
	29	56
	30	56
net/minecraft/client/render/entity/model/CodEntityModel	71	92
	67	89
	69	90
	70	91
	71	92
	17	52
	18	53
	19	54
	22	57
	23	58
	25	59
	26	60
	27	61
	28	61
	29	61
	31	63
	32	64
	33	64
	34	64
	36	66
	37	67
	38	67
	39	67
	41	69
	42	71
	43	71
	44	72
	46	74
	47	76
	48	76
	49	77
	51	79
	52	80
	53	80
	54	80
	56	82
	57	83
	58	83
	59	83
	62	85
net/minecraft/client/render/entity/model/ShieldEntityModel	49	66
	32	56
	35	57
	36	57
	37	57
	41	58
	45	62
	49	66
	21	48
	22	49
	23	50
	24	51
	27	54
	28	55
	30	56
	31	56
net/minecraft/client/render/entity/state/SquidEntityRenderState	0	0
net/minecraft/unused/packageinfo/PackageInfo6265	0	0
net/minecraft/client/gui/hud/debug/TickChart	68	66
	64	62
	33	33
	34	34
	35	35
	68	66
	37	36
	38	37
	39	38
	41	39
	42	40
	43	41
	44	42
	48	46
	21	21
	53	51
	22	22
	23	23
	58	56
	27	27
	28	28
	29	29
	63	61
net/minecraft/client/gui/screen/ingame/TestBlockScreen	99	97
	64	62
	65	63
	68	66
	69	67
	73	71
	77	75
	78	76
	79	77
	80	78
	84	82
	85	83
	88	86
	89	87
	92	90
	93	91
	94	92
	32	33
	33	34
	34	35
	98	96
	35	36
	99	97
	36	37
	40	41
	41	42
	42	43
	43	44
	45	45
	46	46
	48	47
	49	49
	50	50
	51	51
	52	52
	55	54
	56	55
	57	56
	61	60
	63	61
net/minecraft/unused/packageinfo/PackageInfo6264	0	0
net/minecraft/unused/packageinfo/PackageInfo6263	0	0
net/minecraft/unused/packageinfo/PackageInfo6262	0	0
net/minecraft/client/data/VariantsBlockModelDefinitionCreator	120	111
	64	53
	69	58
	70	60
	71	61
	73	64
	74	64
	75	64
	81	69
	85	73
	24	26
	25	27
	89	77
	26	28
	27	29
	30	32
	32	33
	96	85
	33	34
	97	86
	34	35
	100	89
	37	36
	101	93
	38	37
	102	95
	40	39
	42	40
	43	41
	44	42
	48	46
	112	103
	113	104
	50	47
	114	105
	51	47
	115	106
	52	47
	53	47
	55	48
	120	111
	59	52
	60	52
	61	52
	62	52
net/minecraft/unused/packageinfo/PackageInfo6261	0	0
net/minecraft/unused/packageinfo/PackageInfo6260	0	0
net/minecraft/client/gui/tab/GridScreenTab	38	40
	16	18
	32	34
	17	19
	36	38
	21	23
	37	39
	38	40
	26	28
	31	33
net/minecraft/client/gui/screen/world/OptimizeWorldScreen	128	152
	128	152
	34	38
	35	39
	36	40
	37	41
	38	42
	46	50
	47	51
	48	60
	49	56
	50	57
	51	58
	52	76
	53	72
	54	77
	55	78
	56	79
	61	86
	62	87
	63	88
	64	89
	68	93
	70	94
	71	95
	72	96
	73	97
	74	98
	78	102
	79	103
	81	105
	85	109
	86	110
	90	114
	91	115
	92	116
	96	120
	98	121
	100	122
	101	123
	102	124
	103	125
	105	126
	107	127
	108	128
	110	129
	111	132
	112	135
	114	138
	115	140
	116	141
	117	142
	118	143
	121	146
	123	147
	124	148
	125	149
	126	150
net/minecraft/client/render/entity/feature/StuckArrowsFeatureRenderer	18	26
	18	26
	13	17
	14	22
net/minecraft/client/realms/dto/RealmsRegionDataList	11	12
	11	12
net/minecraft/unused/packageinfo/PackageInfo6269	0	0
net/minecraft/unused/packageinfo/PackageInfo6268	0	0
net/minecraft/unused/packageinfo/PackageInfo6267	0	0
net/minecraft/unused/packageinfo/PackageInfo6266	0	0
net/minecraft/client/render/entity/CatEntityRenderer	58	54
	32	32
	33	33
	34	34
	35	35
	36	36
	37	37
	38	38
	39	39
	40	40
	41	41
	42	42
	46	45
	15	19
	48	46
	17	20
	49	47
	18	21
	50	48
	51	49
	22	24
	54	50
	55	51
	58	54
	27	28
net/minecraft/client/render/entity/DragonFireballEntityRenderer	54	55
	33	33
	35	34
	36	35
	38	36
	39	37
	40	38
	41	39
	43	40
	45	41
	46	42
	49	45
	50	51
	20	22
	21	23
	54	55
	25	26
	30	31
	31	32
net/minecraft/client/render/entity/CreeperEntityRenderer	60	51
	32	32
	36	35
	38	36
	39	36
	42	36
	47	40
	16	19
	18	20
	19	21
	52	44
	23	24
	25	25
	57	48
	26	26
	58	49
	27	27
	59	50
	28	28
	60	51
	29	29
	30	30
	31	31
net/minecraft/client/render/entity/FallingBlockEntityRenderer	70	73
	64	67
	65	68
	66	69
	67	70
	68	71
	69	72
	70	73
	23	25
	24	26
	25	27
	26	28
	30	31
	31	32
	33	33
	38	37
	39	38
	40	59
	43	39
	44	40
	46	41
	47	44
	49	56
	51	57
	52	59
	56	62
	61	66
net/minecraft/client/sound/AggressiveBeeSoundInstance	20	23
	20	23
	9	12
	10	13
	11	14
	15	18
net/minecraft/unused/packageinfo/PackageInfo6254	0	0
net/minecraft/unused/packageinfo/PackageInfo6253	0	0
net/minecraft/client/gui/screen/ingame/StonecutterScreen	206	199
	44	45
	45	46
	46	47
	47	48
	51	52
	52	53
	53	54
	57	58
	58	59
	59	60
	61	61
	62	62
	63	63
	65	64
	66	65
	68	66
	70	67
	71	68
	72	69
	76	73
	78	74
	79	75
	80	76
	82	77
	83	78
	84	80
	85	81
	87	82
	88	83
	89	84
	90	85
	91	86
	92	87
	96	91
	99	94
	100	95
	101	96
	102	97
	103	98
	106	100
	107	101
	108	102
	109	103
	111	105
	114	108
	116	110
	119	113
	120	114
	121	116
	122	117
	123	118
	124	119
	125	120
	127	121
	128	122
	130	124
	134	128
	135	129
	136	130
	137	131
	139	132
	140	134
	141	135
	142	136
	143	137
	144	138
	145	139
	146	140
	147	141
	151	145
	152	146
	153	147
	154	148
	158	152
	163	157
	164	158
	165	159
	167	160
	168	161
	170	162
	172	163
	174	165
	179	171
	180	172
	183	174
	184	175
	185	176
	186	177
	187	178
	189	181
	193	186
	197	190
	201	194
	202	195
	203	196
	204	197
	206	199
net/minecraft/client/render/model/Geometry	7	9
	7	9
net/minecraft/unused/packageinfo/PackageInfo6252	0	0
net/minecraft/client/gui/widget/TextIconButtonWidget	117	158
	64	158
	17	33
	18	34
	82	58
	19	35
	83	59
	20	36
	84	60
	21	37
	85	61
	24	40
	88	64
	89	65
	93	69
	29	113
	94	70
	30	114
	95	71
	34	118
	99	75
	35	119
	100	76
	36	120
	101	77
	37	121
	102	78
	38	122
	106	82
	42	126
	107	83
	111	87
	47	141
	112	88
	48	142
	114	90
	115	92
	52	146
	117	95
	53	147
	54	148
	55	149
	56	150
	60	154
	61	155
	62	156
	63	157
net/minecraft/client/render/GameRenderer	838	816
	154	145
	155	146
	156	147
	157	148
	158	149
	159	150
	160	154
	161	155
	168	163
	169	164
	173	167
	174	168
	175	169
	176	170
	177	171
	178	172
	179	173
	180	174
	181	175
	182	176
	183	177
	186	180
	187	181
	190	184
	191	185
	194	188
	198	192
	199	193
	202	196
	203	197
	206	200
	208	201
	209	202
	210	203
	211	204
	212	205
	213	206
	215	208
	218	211
	219	212
	220	213
	223	216
	224	217
	225	218
	227	220
	230	223
	231	224
	232	225
	233	233
	234	249
	235	250
	236	251
	237	252
	240	255
	241	256
	242	257
	243	258
	245	260
	248	263
	249	264
	251	265
	252	266
	253	267
	255	270
	256	271
	258	272
	259	273
	260	274
	261	277
	262	278
	264	275
	267	281
	268	295
	271	282
	273	283
	274	284
	275	285
	276	286
	277	287
	279	289
	280	290
	283	293
	284	295
	288	299
	292	303
	293	304
	294	305
	297	308
	298	309
	299	320
	301	310
	302	320
	305	311
	307	312
	308	313
	310	314
	311	315
	312	316
	314	317
	315	320
	319	323
	320	324
	322	325
	324	326
	325	327
	328	328
	329	329
	330	330
	333	333
	334	334
	336	335
	337	336
	338	337
	340	338
	341	339
	343	340
	348	344
	349	345
	350	346
	351	347
	352	348
	354	350
	359	356
	360	357
	361	358
	362	359
	363	360
	365	362
	368	365
	369	366
	370	367
	371	368
	374	371
	375	372
	378	374
	379	375
	380	376
	381	377
	384	380
	385	381
	386	382
	389	385
	390	386
	391	387
	392	388
	395	391
	399	396
	401	397
	403	398
	404	399
	406	400
	409	403
	410	404
	412	407
	413	408
	415	409
	417	410
	418	411
	419	412
	420	413
	422	415
	425	418
	426	426
	429	419
	430	420
	431	421
	432	422
	433	423
	434	424
	438	429
	439	459
	442	430
	443	431
	444	432
	445	433
	446	434
	448	435
	449	436
	450	437
	453	440
	454	444
	455	445
	456	453
	459	456
	460	457
	461	459
	464	462
	465	463
	469	472
	473	476
	474	477
	475	478
	477	479
	482	483
	483	490
	485	486
	486	487
	490	493
	491	595
	494	494
	496	503
	498	504
	500	505
	501	506
	503	507
	504	508
	506	509
	508	510
	510	511
	512	512
	513	513
	515	514
	516	515
	517	516
	521	521
	523	522
	524	523
	526	524
	528	525
	529	526
	531	527
	532	528
	533	529
	534	530
	536	533
	538	535
	539	536
	540	537
	541	538
	543	539
	545	540
	547	542
	549	544
	550	545
	551	546
	552	547
	554	548
	555	549
	557	550
	565	554
	566	555
	568	557
	569	558
	570	559
	571	560
	573	561
	577	565
	578	566
	581	569
	582	574
	583	573
	584	586
	587	591
	588	592
	590	593
	591	595
	594	598
	595	614
	598	599
	599	600
	600	614
	602	601
	604	602
	605	603
	606	614
	609	604
	610	605
	611	606
	614	608
	616	610
	617	614
	620	617
	621	618
	622	619
	623	620
	624	621
	625	622
	626	623
	627	624
	628	625
	630	627
	631	628
	634	631
	635	632
	636	633
	637	634
	638	635
	640	637
	642	639
	644	641
	647	644
	648	645
	651	647
	652	648
	653	649
	655	650
	656	651
	657	652
	658	653
	659	654
	660	655
	661	656
	663	658
	664	659
	665	660
	669	665
	673	670
	674	671
	676	672
	677	673
	678	674
	681	677
	683	678
	684	679
	685	680
	687	681
	688	682
	689	683
	691	684
	692	685
	694	686
	696	687
	697	688
	699	689
	700	690
	701	691
	702	692
	704	695
	706	696
	707	697
	708	698
	709	699
	710	700
	711	701
	712	702
	714	703
	715	704
	716	705
	717	706
	718	707
	722	710
	723	711
	725	712
	727	713
	728	714
	730	715
	732	716
	733	717
	734	719
	735	721
	737	722
	738	723
	740	724
	741	725
	742	727
	743	730
	745	731
	747	732
	748	733
	749	734
	750	735
	751	736
	752	737
	754	738
	755	739
	757	741
	760	744
	761	745
	762	746
	763	747
	764	748
	767	751
	768	752
	771	755
	775	759
	779	763
	783	767
	787	771
	791	775
	796	779
	798	780
	799	781
	801	782
	803	783
	804	784
	806	785
	807	786
	812	790
	813	791
	814	792
	815	793
	816	794
	818	796
	819	797
	824	802
	828	806
	832	810
	833	811
	835	813
	838	816
net/minecraft/unused/packageinfo/PackageInfo6250	0	0
net/minecraft/client/render/item/model/special/BannerModelRenderer	59	75
	32	65
	36	70
	41	75
	48	33
	53	45
	54	54
	25	27
	26	28
	58	58
	27	29
	59	59
	30	64
	31	64
net/minecraft/client/util/ClientPlayerTickable	0	0
net/minecraft/unused/packageinfo/PackageInfo6259	0	0
net/minecraft/unused/packageinfo/PackageInfo6258	0	0
net/minecraft/client/render/BufferBuilder	285	296
	256	274
	259	275
	260	276
	261	277
	263	278
	265	279
	266	280
	269	282
	270	283
	271	284
	273	286
	276	289
	278	290
	279	291
	280	292
	282	296
	284	294
	285	296
	38	56
	39	57
	42	59
	43	60
	44	61
	46	62
	47	63
	48	64
	50	65
	51	66
	52	67
	53	68
	54	70
	61	74
	62	75
	63	76
	64	77
	65	78
	66	79
	70	83
	71	84
	72	85
	74	87
	78	92
	79	93
	81	95
	85	99
	86	100
	88	102
	89	103
	90	104
	92	106
	93	107
	94	108
	98	114
	99	115
	100	116
	101	117
	103	119
	104	120
	105	121
	106	122
	110	127
	111	128
	112	129
	113	130
	115	132
	117	133
	118	134
	119	135
	121	137
	125	143
	126	155
	129	144
	130	145
	131	145
	132	145
	133	146
	138	148
	139	149
	140	150
	141	151
	143	155
	146	158
	148	159
	149	160
	152	163
	153	164
	155	166
	156	167
	158	169
	162	173
	163	174
	164	175
	165	176
	166	177
	167	178
	172	183
	173	184
	174	185
	175	186
	176	187
	177	188
	179	191
	184	196
	185	197
	186	198
	188	201
	193	206
	194	207
	195	208
	196	209
	198	212
	203	217
	208	222
	209	223
	210	224
	212	227
	217	232
	222	237
	223	238
	224	239
	226	242
	230	246
	231	247
	232	248
	233	249
	235	252
	240	257
	241	258
	242	259
	243	260
	244	261
	246	264
	250	268
	255	273
net/minecraft/unused/packageinfo/PackageInfo6257	0	0
net/minecraft/unused/packageinfo/PackageInfo6255	0	0
net/minecraft/client/gui/screen/option/SkinOptionsScreen	30	35
	17	19
	18	20
	22	24
	23	26
	24	27
	25	29
	28	33
	29	34
	30	35
net/minecraft/client/session/report/UsernameAbuseReport	73	71
	32	32
	65	63
	66	64
	67	65
	37	37
	70	67
	72	69
	73	71
	42	43
	43	44
	46	47
	47	48
	19	20
	51	52
	20	21
	21	22
	24	25
	57	58
	58	58
	60	58
	29	29
	30	30
	31	31
net/minecraft/client/gui/screen/ingame/CyclingSlotIcon	59	58
	33	33
	34	34
	36	36
	39	39
	40	40
	41	50
	44	41
	45	42
	46	43
	47	44
	48	45
	50	48
	51	50
	54	53
	55	54
	24	24
	25	25
	58	57
	59	58
	28	28
	29	29
	30	30
net/minecraft/client/render/entity/feature/IronGolemCrackFeatureRenderer	37	39
	32	34
	33	39
	35	35
	36	36
	37	39
	23	26
	24	27
	28	32
	29	39
	31	33
net/minecraft/client/gui/screen/ButtonTextures	18	47
	16	45
	18	47
	7	21
	8	22
	11	32
	12	33
	15	44
net/minecraft/client/render/entity/state/LlamaEntityRenderState	0	0
net/minecraft/client/network/message/MessageHandler	231	297
	34	39
	35	40
	38	47
	39	56
	42	48
	44	49
	45	51
	46	52
	49	56
	52	63
	54	64
	56	65
	57	66
	60	69
	61	70
	64	76
	65	77
	68	83
	72	90
	73	91
	74	92
	77	102
	81	109
	85	117
	86	118
	88	120
	90	122
	93	125
	94	126
	95	127
	97	128
	98	129
	99	130
	100	131
	101	132
	102	133
	104	136
	106	138
	109	141
	110	142
	111	143
	114	144
	116	147
	117	148
	119	150
	120	151
	121	152
	122	153
	123	154
	125	157
	128	160
	130	161
	131	162
	132	163
	133	164
	135	165
	137	166
	138	167
	140	169
	143	191
	144	192
	145	193
	148	194
	149	213
	152	195
	154	196
	155	197
	156	198
	157	199
	158	200
	160	202
	161	203
	162	204
	163	205
	167	209
	169	210
	170	211
	174	223
	175	224
	178	236
	179	236
	182	236
	186	240
	187	241
	188	242
	191	245
	192	246
	193	247
	196	255
	197	265
	200	256
	201	257
	202	258
	204	260
	205	261
	207	262
	209	265
	212	268
	213	269
	214	270
	215	270
	218	270
	222	279
	223	280
	224	281
	226	283
	231	297
net/minecraft/client/render/item/tint/MapColorTintSource	38	34
	33	29
	18	19
	19	19
	20	19
	38	34
	23	23
	24	24
	28	28
	29	29
	30	29
net/minecraft/client/realms/dto/WorldDownload	30	30
	18	19
	20	20
	23	23
	24	24
	25	25
	26	26
	27	27
	30	30
net/minecraft/client/gui/render/GuiRenderer	669	706
	512	505
	513	506
	514	507
	516	510
	517	511
	518	512
	520	514
	523	517
	524	518
	525	519
	528	522
	529	523
	530	524
	531	526
	532	527
	533	528
	534	529
	535	530
	536	531
	537	532
	539	535
	540	536
	541	537
	542	539
	543	540
	545	543
	546	544
	547	556
	549	558
	552	561
	553	563
	554	564
	555	565
	556	566
	557	567
	558	568
	559	569
	561	572
	564	575
	567	578
	568	580
	569	581
	570	582
	571	583
	572	584
	574	587
	576	590
	580	594
	582	595
	583	596
	585	597
	586	598
	587	599
	589	601
	592	604
	593	605
	595	608
	596	609
	598	612
	599	613
	601	616
	603	617
	604	618
	607	621
	611	625
	612	626
	614	628
	615	628
	617	628
	621	633
	622	634
	623	635
	625	636
	626	637
	627	638
	628	639
	629	640
	630	641
	634	644
	635	645
	636	646
	638	649
	639	650
	641	653
	642	654
	644	657
	645	658
	647	661
	648	662
	649	663
	650	665
	651	666
	653	669
	654	670
	142	688
	143	689
	147	126
	148	127
	149	128
	150	130
	151	131
	664	701
	153	134
	665	702
	154	135
	666	703
	667	704
	668	705
	157	138
	669	706
	158	139
	170	142
	172	143
	174	145
	175	146
	177	149
	178	150
	179	151
	180	152
	181	153
	186	154
	189	157
	190	159
	191	160
	192	161
	193	162
	194	163
	195	164
	197	166
	200	169
	203	172
	205	173
	206	174
	207	175
	209	176
	211	177
	213	178
	215	179
	217	180
	218	181
	221	184
	222	185
	223	186
	224	187
	226	188
	228	189
	229	190
	231	192
	234	195
	235	226
	238	196
	240	197
	242	199
	244	202
	245	203
	246	205
	247	206
	248	207
	251	211
	252	212
	253	213
	254	214
	255	216
	256	217
	259	220
	260	226
	263	221
	264	222
	266	223
	267	226
	270	238
	271	247
	272	248
	273	249
	274	251
	275	252
	276	253
	279	256
	282	259
	283	260
	284	261
	285	262
	286	263
	287	264
	289	267
	290	268
	291	269
	292	270
	294	273
	295	274
	298	277
	299	278
	300	279
	301	280
	304	283
	305	284
	307	286
	311	290
	312	291
	314	293
	316	295
	317	296
	320	299
	321	380
	324	300
	325	301
	326	302
	327	303
	328	304
	331	307
	332	308
	334	309
	335	310
	336	311
	337	312
	338	313
	339	314
	340	317
	341	318
	342	358
	344	320
	345	321
	347	322
	348	355
	349	358
	352	323
	353	324
	354	325
	357	328
	358	329
	359	330
	360	331
	361	332
	363	358
	366	335
	367	336
	369	337
	370	338
	373	343
	375	344
	376	345
	377	346
	379	347
	380	348
	382	350
	383	351
	385	358
	387	360
	388	361
	390	362
	391	363
	392	366
	393	367
	394	369
	396	370
	397	372
	398	374
	400	376
	402	380
	405	383
	406	384
	407	384
	408	384
	409	385
	412	388
	413	389
	414	390
	416	392
	419	395
	420	396
	421	397
	423	398
	424	399
	425	400
	427	402
	429	405
	430	406
	431	407
	432	408
	433	409
	434	410
	437	413
	438	414
	439	416
	441	419
	442	420
	443	421
	447	430
	450	434
	453	437
	454	438
	455	439
	456	440
	457	441
	458	442
	459	443
	460	444
	463	447
	465	449
	466	450
	468	452
	469	454
	470	455
	471	456
	475	461
	476	462
	477	463
	478	464
	479	465
	481	468
	483	471
	484	472
	485	473
	489	477
	490	478
	491	479
	492	481
	493	482
	495	485
	497	488
	501	492
	502	493
	503	494
	504	495
	505	496
	506	497
	508	500
	509	501
	510	502
net/minecraft/client/render/entity/state/VillagerEntityRenderState	15	17
	15	17
net/minecraft/client/realms/FileDownload	409	446
	256	267
	257	268
	260	272
	261	275
	263	276
	264	277
	266	279
	267	280
	268	281
	270	282
	271	283
	276	273
	279	289
	280	290
	282	293
	284	294
	286	296
	287	297
	288	300
	290	301
	291	302
	293	304
	295	305
	296	308
	297	319
	300	298
	302	322
	303	323
	304	324
	306	326
	307	327
	310	330
	311	331
	314	339
	315	338
	316	354
	317	355
	318	356
	319	357
	66	89
	322	360
	67	90
	324	362
	69	94
	70	95
	71	95
	72	95
	73	96
	74	97
	75	98
	76	99
	77	115
	333	396
	334	397
	79	102
	335	398
	80	103
	336	399
	337	400
	82	106
	84	108
	85	109
	341	403
	86	110
	343	404
	345	406
	346	407
	347	408
	348	409
	93	119
	349	410
	94	198
	352	413
	97	120
	98	122
	100	125
	102	126
	103	127
	104	127
	105	127
	361	423
	362	424
	107	128
	363	425
	108	129
	364	426
	110	130
	111	139
	112	140
	368	429
	113	193
	370	430
	116	131
	117	132
	373	432
	118	133
	119	134
	375	433
	376	434
	121	135
	377	435
	123	142
	379	437
	124	143
	380	438
	381	439
	126	146
	383	441
	128	147
	384	442
	129	148
	385	443
	132	151
	388	446
	133	152
	135	154
	137	155
	139	156
	140	157
	396	370
	397	371
	142	158
	143	159
	144	160
	400	374
	145	161
	401	375
	148	164
	149	166
	405	379
	150	168
	406	380
	151	169
	407	381
	153	170
	409	383
	154	171
	155	172
	156	173
	158	175
	160	176
	161	177
	165	181
	169	185
	171	187
	172	188
	173	189
	177	136
	178	195
	179	196
	180	198
	183	201
	184	202
	187	205
	188	206
	191	209
	192	210
	195	213
	199	217
	203	221
	212	225
	214	227
	215	228
	216	229
	220	233
	224	237
	227	238
	229	240
	230	241
	233	244
	234	245
	237	248
	240	251
	241	252
	242	253
	243	254
	244	255
	245	256
	246	257
	247	258
	250	261
	254	265
	255	266
net/minecraft/client/util/Window	501	497
	70	70
	72	71
	73	72
	75	73
	77	74
	78	75
	79	76
	80	77
	81	78
	83	80
	85	83
	88	84
	90	85
	91	86
	93	87
	95	88
	96	89
	97	90
	98	91
	99	92
	100	93
	102	94
	104	95
	105	96
	106	97
	107	98
	109	100
	110	101
	111	102
	112	103
	113	104
	116	107
	118	108
	120	109
	121	110
	122	111
	123	112
	124	113
	125	114
	126	115
	129	118
	130	120
	131	121
	132	122
	133	123
	134	124
	135	125
	136	126
	137	127
	142	132
	143	133
	148	137
	152	141
	153	142
	154	143
	155	144
	156	145
	157	146
	158	147
	161	150
	165	153
	166	154
	168	157
	169	158
	170	160
	171	161
	172	163
	173	164
	174	165
	175	166
	176	167
	178	168
	179	169
	180	170
	181	171
	185	175
	187	178
	190	181
	194	186
	196	188
	199	191
	200	192
	205	195
	206	196
	209	199
	210	201
	211	203
	215	207
	216	208
	217	209
	218	210
	219	211
	220	212
	223	215
	224	216
	225	217
	227	219
	230	222
	231	223
	232	224
	233	225
	237	228
	238	229
	239	230
	240	231
	241	232
	242	233
	245	236
	246	237
	247	238
	250	241
	251	263
	253	242
	254	243
	256	244
	257	260
	258	263
	260	245
	262	246
	263	247
	264	248
	266	250
	267	251
	268	252
	269	253
	270	254
	271	255
	272	256
	275	263
	278	266
	279	267
	280	268
	282	269
	283	270
	284	271
	287	274
	288	275
	289	276
	292	279
	293	280
	295	282
	298	285
	299	286
	301	288
	304	291
	305	292
	308	295
	309	296
	310	297
	311	298
	313	300
	316	303
	320	307
	321	308
	322	309
	323	310
	325	312
	328	315
	329	316
	330	317
	331	318
	333	320
	338	323
	339	324
	340	325
	341	326
	342	327
	343	328
	345	330
	347	331
	349	334
	350	335
	351	336
	352	337
	353	338
	354	339
	356	342
	357	343
	358	344
	359	345
	360	346
	361	347
	363	348
	367	352
	368	353
	369	354
	370	355
	371	356
	373	358
	376	361
	377	362
	380	365
	381	366
	382	367
	383	368
	384	369
	387	372
	389	375
	390	376
	391	377
	392	378
	393	379
	394	380
	396	382
	399	385
	400	388
	401	394
	403	397
	404	398
	406	401
	410	405
	411	406
	412	407
	413	408
	414	409
	415	410
	416	411
	419	414
	420	415
	423	418
	427	422
	431	426
	435	430
	439	434
	443	438
	444	439
	447	442
	448	443
	451	446
	455	450
	459	454
	463	458
	467	462
	471	466
	475	470
	480	475
	484	479
	485	480
	488	483
	489	484
	490	485
	492	487
	496	496
	497	497
	501	490
net/minecraft/client/render/entity/RaftEntityRenderer	27	30
	16	19
	17	20
	18	21
	22	25
	27	30
	15	18
net/minecraft/client/util/ObjectAllocator	15	19
	7	11
	8	12
	9	13
	14	18
	15	19
net/minecraft/client/gui/screen/world/LevelLoadingScreen	130	117
	128	38
	129	39
	130	40
	26	43
	27	44
	28	45
	32	49
	37	54
	42	59
	43	60
	44	61
	48	65
	49	66
	51	68
	53	70
	56	73
	61	78
	63	79
	64	80
	65	81
	66	82
	69	85
	70	86
	72	87
	74	88
	75	89
	76	90
	79	93
	81	94
	82	95
	84	96
	85	97
	87	98
	88	99
	90	100
	92	101
	94	102
	95	103
	96	104
	97	105
	98	106
	106	109
	107	110
	108	111
	109	112
	110	113
	111	114
	114	117
	117	27
	118	28
	119	29
	120	30
	121	31
	122	32
	123	33
	124	34
	125	35
	126	36
	127	37
net/minecraft/client/render/fog/DarknessEffectFogModifier	38	40
	33	35
	18	20
	37	39
	38	40
	23	25
	24	26
	25	27
	26	28
	27	29
	28	30
	29	31
	30	32
net/minecraft/client/render/entity/state/BlockDisplayEntityRenderState	13	15
	13	15
net/minecraft/client/render/debug/StructureDebugRenderer	80	123
	64	108
	67	111
	69	112
	71	114
	72	115
	74	117
	78	121
	79	122
	80	123
	30	30
	31	31
	35	35
	36	36
	38	37
	40	38
	42	39
	43	40
	44	41
	45	43
	50	63
	51	64
	52	65
	53	66
	55	67
	56	68
	57	70
	59	88
net/minecraft/unused/packageinfo/PackageInfo10089	0	0
net/minecraft/client/render/entity/animation/Animation	101	93
	66	64
	67	66
	68	67
	70	69
	73	72
	74	73
	20	21
	21	22
	85	79
	22	23
	86	80
	88	81
	25	26
	89	82
	26	27
	91	83
	28	29
	29	30
	93	85
	30	31
	94	86
	32	32
	96	88
	33	33
	34	34
	99	91
	100	92
	37	37
	101	93
	38	38
	42	42
	46	46
	47	47
	50	50
	51	51
	52	52
	53	53
	56	56
	57	57
	60	60
	61	60
	63	61
net/minecraft/client/realms/dto/ValueObject	31	34
	16	18
	20	23
	21	24
	22	25
	26	29
	11	12
	27	30
	12	14
	13	15
	15	17
	31	34
net/minecraft/client/realms/dto/PlayerActivity	24	26
	17	17
	19	20
	20	21
	21	22
	22	23
	24	26
net/minecraft/client/render/item/tint/GrassTintSource	33	35
	33	35
	18	25
	19	26
	21	17
	22	18
	23	19
	24	21
	28	30
net/minecraft/client/gui/screen/world/CreateWorldScreen	766	869
	512	351
	513	352
	516	353
	517	354
	520	355
	521	358
	522	359
	525	356
	530	365
	531	366
	534	369
	535	370
	536	371
	540	375
	541	376
	542	379
	546	383
	547	384
	548	385
	554	389
	556	391
	557	392
	558	393
	559	394
	560	395
	564	399
	568	403
	570	404
	571	407
	573	410
	576	413
	578	414
	579	419
	581	425
	584	428
	585	429
	586	431
	588	433
	590	434
	591	449
	594	436
	595	437
	596	438
	597	438
	599	439
	600	440
	602	442
	604	444
	607	446
	609	449
	613	452
	615	453
	617	454
	106	119
	620	457
	621	458
	624	459
	625	460
	628	462
	629	463
	630	465
	632	468
	633	470
	635	471
	636	471
	637	471
	126	680
	128	681
	641	475
	129	681
	642	476
	130	681
	131	682
	644	478
	133	683
	134	684
	647	481
	135	685
	648	482
	136	688
	649	483
	137	693
	138	694
	651	485
	652	486
	140	698
	653	488
	141	699
	654	489
	142	700
	655	491
	143	701
	656	494
	657	495
	659	497
	147	704
	148	705
	661	499
	149	706
	662	500
	150	707
	151	708
	664	502
	665	503
	153	709
	154	710
	155	711
	668	507
	156	712
	670	510
	159	715
	672	514
	160	716
	161	717
	162	718
	675	517
	163	719
	676	518
	165	720
	166	722
	167	723
	680	522
	681	534
	169	725
	682	527
	170	726
	171	727
	684	529
	172	728
	685	530
	686	531
	174	729
	175	733
	688	533
	689	549
	177	739
	690	550
	693	554
	694	555
	698	559
	699	560
	700	561
	701	562
	703	564
	193	799
	195	800
	708	568
	196	800
	709	569
	197	800
	710	570
	198	800
	712	582
	200	801
	713	578
	201	803
	714	579
	202	804
	715	580
	203	805
	716	598
	717	599
	718	600
	206	807
	719	601
	207	808
	208	809
	721	603
	209	810
	722	604
	211	811
	724	607
	212	812
	214	814
	216	817
	729	612
	217	818
	730	633
	731	618
	219	819
	220	820
	733	619
	734	620
	222	821
	736	622
	737	623
	225	824
	738	624
	739	625
	228	827
	741	628
	229	828
	230	829
	743	631
	231	830
	744	632
	745	648
	233	831
	746	649
	234	832
	747	650
	235	833
	748	651
	236	834
	237	835
	750	654
	238	836
	239	837
	240	838
	241	839
	242	840
	755	659
	756	660
	757	661
	245	843
	758	662
	246	844
	759	663
	247	845
	249	848
	762	666
	763	667
	252	851
	766	669
	255	854
	260	861
	266	867
	267	868
	269	869
	279	749
	281	750
	282	750
	283	750
	285	751
	286	751
	287	751
	290	755
	291	757
	292	758
	294	762
	295	764
	296	765
	297	767
	300	770
	301	777
	302	778
	303	779
	304	782
	308	133
	309	134
	312	137
	313	137
	315	140
	316	140
	317	141
	318	141
	321	143
	322	144
	325	147
	326	147
	327	148
	328	149
	331	152
	334	155
	339	159
	340	159
	341	160
	342	160
	345	168
	346	170
	349	180
	351	181
	352	182
	353	183
	354	184
	355	185
	357	186
	359	188
	361	189
	362	189
	364	189
	367	192
	368	193
	370	195
	373	198
	376	199
	377	202
	380	213
	381	215
	383	216
	384	217
	385	218
	386	219
	388	220
	389	221
	390	222
	391	223
	392	224
	393	225
	395	228
	396	229
	400	240
	401	241
	402	242
	403	243
	405	244
	406	245
	409	248
	414	253
	415	254
	416	255
	417	256
	419	257
	420	258
	421	259
	423	260
	424	261
	425	262
	426	263
	428	264
	431	265
	433	266
	434	267
	439	271
	443	275
	444	284
	446	276
	447	277
	449	278
	450	279
	451	280
	452	281
	453	282
	454	284
	457	287
	458	288
	461	291
	462	292
	464	293
	465	295
	466	296
	467	297
	470	298
	471	299
	472	301
	473	303
	474	304
	477	307
	478	308
	479	309
	480	310
	482	312
	485	315
	486	316
	487	317
	489	318
	490	319
	491	320
	492	321
	495	323
	497	326
	501	331
	502	332
	503	333
	504	334
	505	335
	507	338
net/minecraft/client/realms/dto/WorldTemplate	40	44
	32	33
	33	34
	34	35
	35	36
	36	37
	37	40
	38	41
	40	44
	26	26
	28	29
	29	30
	30	31
	31	32
net/minecraft/client/render/entity/model/BatEntityModel	106	124
	29	65
	30	66
	31	67
	32	68
	33	69
	34	70
	35	71
	36	72
	38	73
	39	74
	40	75
	43	78
	44	79
	46	80
	47	81
	48	81
	49	81
	51	83
	52	84
	53	84
	54	84
	56	86
	57	87
	58	87
	59	87
	61	89
	62	90
	63	90
	64	90
	66	92
	67	93
	68	93
	69	93
	71	95
	72	97
	73	97
	74	98
	76	100
	77	101
	78	101
	79	101
	81	103
	82	104
	83	104
	84	104
	86	106
	87	107
	88	107
	89	107
	91	109
	96	113
	97	114
	98	115
	100	118
	101	119
	102	120
	105	123
	106	124
net/minecraft/client/gui/screen/multiplayer/MultiplayerServerListWidget	518	528
	512	522
	517	527
	518	528
	74	76
	75	77
	76	78
	79	81
	80	82
	81	83
	82	84
	83	85
	87	88
	88	89
	89	90
	93	94
	94	95
	98	99
	100	101
	101	102
	104	105
	105	106
	108	109
	109	110
	111	112
	112	113
	114	116
	119	118
	120	119
	121	120
	122	121
	123	122
	124	123
	125	124
	128	127
	132	131
	136	135
	141	140
	153	201
	154	202
	155	209
	156	210
	157	213
	161	217
	176	154
	177	155
	178	156
	179	157
	183	161
	184	162
	186	163
	187	164
	189	166
	191	168
	195	172
	196	173
	197	174
	199	177
	200	178
	204	182
	209	187
	213	191
	239	243
	240	244
	241	245
	242	246
	243	247
	244	248
	248	252
	249	253
	250	254
	251	255
	253	256
	255	260
	256	264
	258	266
	259	270
	260	271
	262	273
	263	274
	264	275
	265	276
	266	277
	267	278
	268	279
	269	280
	271	282
	273	286
	275	287
	276	289
	277	290
	279	293
	281	294
	282	295
	283	296
	284	297
	286	299
	287	304
	288	300
	289	301
	290	302
	291	303
	295	308
	296	309
	297	310
	300	313
	301	314
	302	315
	303	316
	305	318
	306	319
	310	323
	311	326
	312	327
	313	328
	315	329
	316	330
	317	331
	318	332
	321	335
	322	336
	323	337
	324	338
	326	339
	327	340
	328	341
	330	343
	333	347
	334	348
	335	349
	337	351
	340	355
	341	356
	342	357
	344	359
	348	363
	351	366
	353	367
	355	370
	356	371
	357	372
	359	374
	360	375
	361	376
	362	377
	364	379
	365	380
	366	381
	368	383
	369	384
	370	385
	371	386
	372	387
	373	388
	374	389
	375	390
	377	392
	379	395
	380	396
	383	398
	386	401
	387	402
	390	405
	391	406
	394	409
	398	413
	399	414
	402	417
	403	418
	404	419
	405	420
	408	424
	413	429
	415	430
	416	431
	418	432
	419	433
	422	436
	425	437
	426	438
	430	442
	434	446
	435	447
	437	448
	438	449
	439	450
	440	451
	444	455
	445	456
	447	457
	448	458
	450	459
	451	460
	452	461
	455	464
	457	465
	458	466
	459	467
	463	470
	464	471
	465	472
	469	476
	470	477
	471	478
	474	481
	476	482
	480	486
	485	491
	486	492
	487	493
	488	494
	490	499
	491	500
	492	501
	493	502
	494	503
	495	504
	496	506
	497	496
	499	509
	500	510
	501	511
	502	512
	503	513
	504	514
	505	515
	506	516
	507	517
	508	518
net/minecraft/client/gui/render/state/SimpleGuiElementRenderState	0	0
net/minecraft/client/particle/SweepAttackParticle	55	55
	33	34
	34	35
	35	39
	38	37
	39	39
	11	13
	43	43
	12	14
	13	15
	14	16
	15	17
	16	18
	17	19
	18	20
	50	51
	19	21
	51	52
	20	22
	55	55
	24	26
	29	31
	30	32
	31	33
net/minecraft/client/util/ColorLerper	61	75
	32	43
	33	44
	36	46
	38	47
	40	49
	41	50
	42	51
	19	31
	20	32
	21	33
	22	34
	23	35
	55	66
	24	36
	56	69
	25	37
	57	71
	26	38
	58	72
	27	39
	61	75
net/minecraft/client/gui/render/state/TexturedQuadGuiElementRenderState	28	58
	19	49
	20	50
	21	51
	22	52
	23	53
	27	57
	28	58
	14	44
	15	45
net/minecraft/client/render/entity/BeeEntityRenderer	46	41
	35	31
	40	35
	41	36
	42	37
	43	38
	44	39
	45	40
	46	41
	17	19
	18	20
	22	23
	23	24
	24	24
	26	24
	27	26
	28	26
	30	26
net/minecraft/client/model/ModelTransform	44	36
	17	11
	33	27
	21	15
	37	31
	38	31
	40	31
	25	19
	44	36
	29	23
net/minecraft/client/particle/FireworksSparkParticle	354	353
	257	46
	258	47
	259	48
	260	49
	261	50
	263	51
	265	52
	266	53
	267	54
	270	57
	271	58
	274	61
	275	62
	279	66
	280	67
	282	69
	286	73
	288	74
	289	76
	290	78
	291	79
	292	80
	293	81
	294	82
	295	83
	296	84
	297	85
	299	88
	300	89
	302	91
	307	321
	52	140
	308	322
	53	141
	309	323
	54	142
	55	143
	56	144
	313	327
	58	145
	59	146
	62	148
	318	332
	63	149
	319	333
	320	334
	65	151
	66	152
	67	153
	68	154
	324	338
	69	155
	72	159
	76	163
	332	347
	77	164
	333	348
	79	165
	80	166
	81	167
	337	351
	338	352
	83	169
	339	353
	84	170
	85	171
	86	172
	347	99
	348	100
	92	178
	93	179
	95	181
	352	104
	353	106
	97	184
	354	107
	100	187
	101	188
	102	189
	104	190
	105	191
	106	192
	107	193
	109	194
	110	195
	113	198
	114	200
	115	203
	116	206
	125	209
	134	212
	137	215
	138	216
	139	217
	140	217
	141	217
	142	217
	145	220
	146	221
	147	222
	148	223
	149	224
	150	225
	152	228
	154	230
	157	233
	158	234
	163	240
	164	242
	165	243
	166	244
	168	245
	169	246
	170	247
	172	249
	175	252
	176	253
	177	254
	179	256
	180	257
	181	258
	182	259
	183	260
	184	261
	185	262
	187	263
	189	264
	190	265
	195	270
	198	273
	199	274
	201	275
	203	276
	204	277
	205	279
	206	280
	208	281
	209	282
	211	284
	212	285
	213	286
	215	288
	216	289
	217	290
	219	291
	220	292
	222	294
	223	295
	226	299
	227	300
	230	303
	233	306
	234	307
	236	309
	237	310
	238	311
	239	312
	241	313
	243	315
net/minecraft/client/gui/screen/option/VideoOptionsScreen	201	220
	33	39
	34	40
	35	42
	36	44
	37	46
	38	48
	39	50
	40	52
	41	54
	42	56
	43	58
	44	60
	45	62
	46	64
	54	69
	55	70
	57	71
	58	72
	60	73
	63	76
	64	77
	68	81
	70	82
	71	83
	73	85
	74	86
	76	88
	77	89
	80	93
	82	94
	84	96
	85	97
	87	98
	88	99
	91	101
	92	103
	94	113
	95	114
	97	116
	98	119
	100	117
	101	119
	104	121
	105	122
	106	123
	107	124
	111	128
	112	129
	113	130
	117	134
	118	135
	119	136
	121	139
	122	140
	126	144
	127	145
	129	146
	131	147
	132	148
	133	149
	134	150
	137	153
	138	154
	139	155
	140	156
	143	159
	144	160
	145	161
	146	162
	149	165
	151	169
	152	170
	154	171
	155	172
	156	173
	159	174
	160	175
	161	176
	164	181
	166	183
	171	189
	172	190
	173	191
	174	192
	175	193
	176	194
	177	195
	178	196
	179	197
	180	198
	181	199
	182	200
	183	201
	187	206
	189	208
	194	213
	195	214
	196	215
	197	216
	198	217
	201	220
net/minecraft/client/session/ProfileKeysImpl	154	203
	129	170
	130	171
	131	172
	132	173
	133	174
	135	176
	138	179
	142	189
	143	190
	144	203
	148	195
	149	196
	150	197
	152	198
	153	199
	154	200
	47	51
	48	52
	49	53
	53	57
	54	58
	55	59
	60	64
	61	65
	63	66
	67	74
	68	75
	69	76
	71	77
	73	80
	77	83
	78	84
	79	85
	80	86
	81	87
	82	88
	85	89
	86	92
	90	103
	91	104
	94	112
	95	128
	96	129
	97	130
	98	131
	104	143
	105	144
	106	145
	109	148
	110	160
	113	149
	114	160
	117	150
	119	152
	120	153
	121	154
	122	155
	124	157
	125	160
net/minecraft/client/sound/HappyGhastRidingSoundInstance	45	44
	34	34
	35	42
	36	44
	39	35
	40	36
	41	37
	43	39
	45	44
	17	18
	18	19
	19	20
	21	21
	22	22
	23	23
	24	24
	25	25
	29	29
net/minecraft/client/render/entity/FlyingItemEntityRenderer	59	53
	32	34
	37	38
	39	39
	41	40
	43	41
	45	42
	47	43
	48	44
	20	22
	52	47
	21	23
	22	24
	23	25
	24	26
	57	51
	58	52
	27	29
	59	53
	28	30
net/minecraft/client/texture/atlas/AtlasSprite	51	71
	32	37
	33	53
	34	54
	40	60
	44	64
	45	65
	46	66
	47	67
	48	68
	19	21
	51	71
	20	22
	21	23
	22	24
	25	27
	26	28
	27	29
	28	30
	29	31
	30	38
	31	36
net/minecraft/unused/packageinfo/PackageInfo10092	0	0
net/minecraft/client/gui/widget/ToggleButtonWidget	43	45
	34	37
	35	38
	39	42
	40	45
	42	43
	43	45
	16	19
	17	20
	18	21
	21	24
	22	25
	25	28
	26	29
	29	32
net/minecraft/client/texture/MipmapHelper	134	139
	128	134
	130	135
	134	139
	9	18
	13	12
	14	13
	16	15
	19	21
	20	22
	22	24
	23	25
	25	26
	27	28
	28	29
	29	30
	31	32
	32	33
	34	34
	35	35
	37	37
	38	38
	39	42
	40	43
	41	44
	42	45
	43	46
	49	53
	53	57
	57	62
	58	63
	59	64
	60	65
	64	70
	68	74
	69	75
	70	76
	71	77
	72	78
	74	79
	75	80
	76	81
	77	82
	78	83
	80	86
	81	87
	82	88
	83	89
	84	90
	86	93
	87	94
	88	95
	89	96
	90	97
	92	100
	93	101
	94	102
	95	103
	96	104
	99	107
	100	108
	101	109
	102	110
	104	111
	105	112
	106	113
	107	114
	109	115
	110	116
	112	119
	114	121
	115	122
	116	123
	117	124
	119	125
	124	130
	125	131
	126	132
	127	133
net/minecraft/client/data/ItemModels	149	129
	64	67
	68	71
	132	121
	133	122
	134	123
	135	124
	72	75
	137	125
	138	125
	76	79
	145	129
	146	129
	84	83
	148	129
	149	129
	88	87
	93	92
	32	35
	97	96
	99	96
	36	39
	40	43
	105	101
	44	47
	109	105
	111	105
	48	51
	52	55
	116	109
	56	59
	120	113
	60	63
	124	117
	127	117
net/minecraft/client/gui/screen/report/AbuseReportTypeScreen	80	95
	65	79
	67	81
	68	83
	69	84
	73	88
	74	89
	75	90
	79	94
	80	95
	33	33
	34	34
	35	35
	36	36
	37	37
	41	41
	46	46
	47	47
	49	48
	51	51
	52	54
	53	55
	54	56
	55	57
	56	58
	57	59
	60	66
	61	74
	63	78
net/minecraft/client/util/SpriteIdentifier	75	74
	64	62
	65	63
	34	35
	38	39
	70	70
	42	43
	43	44
	75	74
	45	47
	49	51
	53	55
	25	26
	26	27
	58	59
	27	28
	59	60
	61	61
	30	31
	62	65
net/minecraft/client/render/entity/ArmorStandEntityRenderer	105	96
	64	64
	65	65
	66	66
	67	67
	68	68
	69	69
	73	72
	74	73
	75	74
	79	77
	81	78
	82	79
	84	81
	88	84
	28	29
	30	30
	94	89
	31	31
	95	90
	32	34
	33	35
	34	36
	98	92
	35	37
	99	93
	36	38
	100	94
	38	41
	102	96
	39	42
	103	96
	40	43
	41	44
	105	96
	45	47
	50	51
	55	55
	56	56
	57	57
	58	58
	59	59
	60	60
	61	61
	62	62
	63	63
net/minecraft/server/integrated/IntegratedServer	336	290
	258	227
	263	231
	265	232
	266	233
	270	236
	275	240
	280	244
	284	248
	285	249
	289	252
	294	256
	299	260
	305	265
	306	265
	308	265
	54	62
	56	64
	57	65
	313	269
	58	66
	314	270
	315	271
	60	67
	61	68
	319	275
	320	276
	65	71
	322	278
	67	72
	68	73
	69	74
	326	281
	71	75
	327	282
	328	283
	73	76
	329	284
	75	77
	76	78
	77	79
	333	287
	334	288
	79	80
	335	289
	336	290
	84	84
	89	88
	90	89
	92	90
	93	91
	94	92
	95	93
	96	94
	97	95
	102	98
	103	99
	104	100
	105	120
	108	102
	111	103
	114	106
	116	107
	117	108
	118	109
	119	110
	121	113
	122	114
	123	115
	124	116
	125	117
	127	120
	131	123
	136	127
	140	131
	141	132
	143	134
	147	137
	152	141
	157	145
	162	149
	167	153
	172	157
	177	161
	178	162
	182	165
	183	166
	184	167
	186	168
	191	172
	197	177
	198	178
	200	179
	201	180
	202	181
	204	182
	205	183
	207	184
	208	185
	209	186
	210	187
	211	189
	212	190
	215	193
	216	194
	218	195
	223	200
	225	201
	226	202
	227	203
	229	205
	233	208
	234	209
	235	209
	237	210
	238	211
	241	214
	243	215
	245	216
	246	217
	247	218
	249	220
	253	223
net/minecraft/client/render/entity/state/EndCrystalEntityRenderState	0	0
net/minecraft/client/render/entity/PhantomEntityRenderer	50	46
	33	32
	34	33
	35	34
	36	35
	40	38
	41	39
	43	40
	44	41
	16	19
	48	44
	49	45
	18	20
	50	46
	19	21
	23	24
	28	28
net/minecraft/client/sound/MovingSoundInstance	23	25
	16	19
	20	23
	22	24
	23	25
	11	14
	12	15
net/minecraft/client/font/FontFilterType	54	52
	33	32
	39	36
	40	37
	43	40
	44	41
	45	42
	48	46
	20	21
	52	50
	21	22
	53	51
	54	52
	25	25
net/minecraft/client/render/item/property/bool/FishingRodCastProperty	30	31
	19	21
	21	22
	22	23
	25	25
	30	31
net/minecraft/client/gui/screen/ingame/MerchantScreen	346	315
	256	228
	257	229
	259	231
	260	232
	262	233
	264	235
	267	238
	272	243
	273	244
	276	246
	277	247
	278	248
	279	249
	281	252
	286	258
	288	259
	289	260
	290	261
	291	262
	293	263
	294	264
	296	265
	298	266
	300	268
	305	274
	306	275
	307	276
	309	277
	313	278
	315	281
	62	59
	63	60
	64	61
	65	62
	322	289
	323	290
	68	65
	324	291
	69	66
	325	292
	70	67
	71	68
	328	295
	75	72
	332	299
	77	73
	333	300
	78	74
	334	301
	335	303
	80	75
	336	304
	81	77
	337	305
	82	78
	338	307
	83	79
	339	308
	84	80
	85	81
	341	310
	342	311
	87	83
	343	312
	89	84
	346	315
	91	86
	95	90
	96	91
	97	92
	98	93
	99	94
	100	95
	102	97
	104	100
	106	101
	107	102
	108	103
	112	107
	113	108
	115	109
	117	110
	118	111
	119	112
	120	113
	121	114
	124	117
	125	118
	126	119
	129	122
	132	125
	133	126
	135	127
	136	142
	140	128
	142	129
	143	130
	144	142
	147	131
	148	132
	149	133
	152	134
	153	135
	154	136
	155	137
	156	138
	158	142
	161	145
	162	146
	163	147
	164	148
	165	149
	166	150
	167	151
	169	152
	171	155
	174	157
	176	159
	180	163
	182	164
	183	165
	184	166
	185	167
	187	168
	188	169
	190	170
	192	171
	193	173
	194	174
	195	192
	199	175
	200	176
	201	177
	202	178
	204	179
	206	180
	208	181
	209	182
	210	183
	213	186
	215	187
	216	188
	218	189
	219	190
	222	196
	223	197
	225	198
	226	199
	229	202
	230	203
	233	206
	234	207
	235	208
	237	211
	241	215
	242	216
	245	219
	247	220
	250	222
	252	224
	255	227
net/minecraft/client/font/MultilineText	184	192
	129	127
	130	128
	136	138
	137	139
	139	141
	140	142
	141	143
	142	148
	144	144
	145	145
	146	146
	22	22
	150	154
	151	155
	152	156
	26	26
	154	158
	155	159
	156	161
	157	162
	30	30
	159	165
	161	166
	34	34
	162	167
	163	169
	164	170
	165	171
	166	172
	167	173
	40	40
	168	174
	169	175
	171	177
	46	46
	174	181
	51	51
	179	187
	56	56
	184	192
	61	61
	65	65
	69	69
	73	73
	74	73
	85	81
	86	82
	90	86
	91	88
	92	89
	93	90
	95	92
	99	96
	100	98
	101	99
	102	100
	104	102
	108	106
	109	108
	110	109
	111	110
	113	113
	119	119
	120	120
	121	121
	122	131
	124	122
	125	123
	126	124
	127	125
net/minecraft/client/realms/util/UploadCompressor	83	101
	64	72
	65	83
	66	84
	68	86
	69	87
	71	88
	72	89
	73	90
	77	95
	80	98
	81	99
	83	101
	23	26
	27	30
	28	31
	29	32
	32	35
	34	39
	35	40
	36	41
	37	42
	38	43
	39	44
	41	47
	42	48
	43	56
	45	51
	46	52
	52	60
	53	61
	55	63
	57	64
	58	65
	59	66
	60	67
	62	68
	63	69
net/minecraft/client/resource/waypoint/WaypointStyleAsset	51	45
	32	34
	34	35
	38	29
	40	29
	42	30
	45	39
	46	40
	47	41
	48	42
	50	44
	51	45
	24	19
	25	20
	26	21
	27	22
	28	24
	31	33
net/minecraft/client/texture/AbstractTexture	60	66
	17	19
	18	20
	20	22
	21	24
	24	27
	25	28
	27	30
	28	32
	31	35
	32	36
	34	38
	35	40
	39	43
	40	44
	41	45
	43	48
	44	49
	45	50
	47	52
	50	55
	51	56
	53	58
	57	63
	58	64
	60	66
net/minecraft/unused/packageinfo/PackageInfo8022	0	0
net/minecraft/client/sound/AbstractSoundInstance	118	118
	68	69
	73	74
	78	79
	83	84
	88	89
	29	29
	93	94
	30	30
	33	33
	34	34
	98	99
	35	35
	36	36
	103	104
	40	40
	108	109
	46	46
	47	47
	48	48
	113	114
	50	50
	51	51
	52	52
	54	54
	118	118
	57	57
	63	64
net/minecraft/client/gui/widget/CyclingButtonWidget	279	404
	258	383
	263	388
	269	394
	270	395
	271	396
	274	399
	279	404
	40	50
	41	51
	42	52
	43	53
	44	54
	45	55
	46	56
	47	57
	48	58
	49	59
	50	60
	51	61
	54	64
	55	65
	59	69
	60	70
	62	72
	64	74
	67	77
	68	78
	69	79
	71	80
	72	81
	73	82
	76	85
	77	86
	82	91
	83	92
	84	93
	85	94
	87	97
	91	101
	92	102
	93	103
	94	104
	98	107
	99	108
	102	111
	103	112
	104	113
	105	114
	106	115
	109	118
	113	122
	117	126
	122	131
	128	136
	129	137
	130	138
	131	139
	132	140
	133	141
	135	143
	138	146
	142	156
	146	163
	150	173
	154	184
	158	195
	166	213
	173	224
	174	225
	177	231
	182	239
	186	250
	190	262
	194	266
	195	267
	199	276
	200	277
	204	290
	205	291
	206	292
	207	293
	209	296
	213	307
	214	308
	218	312
	219	313
	223	321
	227	325
	231	329
	235	339
	236	340
	237	341
	240	343
	241	344
	242	345
	244	347
	254	379
	255	380
net/minecraft/client/render/entity/ItemFrameEntityRenderer	162	154
	130	125
	135	129
	140	133
	145	137
	146	138
	147	139
	148	140
	149	141
	150	142
	151	143
	152	144
	153	145
	154	146
	155	147
	156	148
	157	149
	158	150
	162	154
	40	40
	41	41
	42	42
	43	43
	44	44
	48	47
	49	48
	51	49
	56	53
	57	54
	59	55
	61	56
	63	57
	65	58
	66	59
	70	62
	71	63
	72	64
	74	66
	75	67
	77	70
	78	71
	80	72
	81	73
	82	74
	84	75
	85	76
	86	78
	87	87
	90	90
	91	91
	93	93
	96	96
	97	97
	98	98
	100	99
	101	100
	102	101
	103	102
	104	103
	105	104
	106	105
	107	106
	108	107
	110	108
	112	109
	113	110
	116	113
	117	114
	120	117
	125	121
net/minecraft/client/render/entity/BatEntityRenderer	32	32
	32	32
	18	20
	23	24
	28	28
	13	16
	29	29
	14	17
	30	30
	31	31
net/minecraft/client/render/item/property/select/ContextEntityTypeProperty	33	37
	33	37
	23	27
	28	32
net/minecraft/client/gui/render/state/GlyphEffectGuiElementRenderState	41	38
	34	32
	23	21
	24	22
	25	23
	41	38
	29	27
net/minecraft/client/gui/hud/ChatHudLine	15	14
	15	14
net/minecraft/client/gui/render/state/special/SpecialGuiElementRenderState	32	34
	32	34
	23	25
	31	33
net/minecraft/client/gui/Narratable	0	0
net/minecraft/client/render/entity/feature/ElytraFeatureRenderer	63	74
	35	38
	36	39
	37	40
	38	59
	41	41
	42	42
	44	43
	45	44
	47	45
	48	46
	50	57
	51	59
	55	63
	56	64
	57	65
	58	66
	27	31
	59	69
	28	32
	60	70
	29	33
	30	34
	31	35
	63	74
net/minecraft/client/render/entity/state/FlyingItemEntityRenderState	0	0
net/minecraft/client/gl/GlTimer	95	96
	65	77
	67	78
	68	79
	71	80
	72	81
	73	82
	74	83
	12	19
	76	85
	80	90
	18	23
	82	91
	83	92
	20	24
	84	93
	21	25
	87	96
	24	27
	25	28
	26	30
	91	49
	29	33
	94	53
	31	34
	95	53
	32	35
	35	37
	36	38
	37	39
	38	40
	49	65
	50	66
	53	69
	55	70
	56	74
	59	71
	61	72
	62	74
net/minecraft/client/gl/ShaderLoader	268	317
	261	317
	267	310
	268	311
	58	58
	59	59
	60	60
	64	63
	66	64
	67	66
	68	67
	69	68
	70	69
	71	70
	76	74
	77	76
	78	77
	81	80
	85	86
	86	87
	87	95
	88	93
	89	94
	90	110
	91	111
	93	113
	96	116
	97	117
	104	124
	105	125
	107	127
	109	129
	110	130
	111	131
	114	134
	115	135
	118	143
	119	159
	120	160
	121	161
	122	162
	129	170
	130	178
	131	176
	132	177
	133	193
	134	194
	136	196
	139	199
	144	203
	145	204
	146	205
	148	206
	149	207
	152	209
	153	210
	154	211
	155	212
	159	216
	161	217
	162	219
	163	219
	164	219
	168	222
	169	223
	170	225
	174	228
	180	232
	181	236
	183	233
	184	234
	185	236
	190	241
	191	242
	192	243
	194	244
	195	245
	196	246
	202	251
	203	252
	204	253
	207	256
	225	266
	226	267
	230	271
	231	272
	232	273
	234	275
	235	276
	236	277
	240	282
	241	283
	242	284
	244	287
	249	293
	250	294
	251	295
	254	298
net/minecraft/client/particle/VibrationParticle	117	106
	24	24
	26	25
	28	26
	29	27
	31	28
	32	29
	33	30
	34	31
	35	32
	36	33
	37	34
	38	35
	40	37
	44	41
	45	42
	46	43
	48	44
	49	45
	50	46
	52	47
	53	48
	54	49
	58	53
	63	58
	68	63
	69	64
	70	65
	72	66
	73	67
	74	88
	77	69
	80	70
	81	71
	82	88
	85	73
	86	74
	88	75
	90	76
	91	77
	92	78
	94	79
	95	80
	96	81
	98	82
	99	83
	101	84
	102	85
	103	88
	109	95
	110	96
	114	102
	115	104
	116	105
	117	106
net/minecraft/client/render/DimensionEffects	131	131
	64	65
	131	81
	69	88
	70	89
	74	93
	15	19
	79	98
	16	20
	18	21
	19	22
	20	23
	21	24
	87	107
	88	108
	92	112
	93	113
	34	31
	98	118
	35	32
	99	119
	36	33
	100	120
	37	34
	101	121
	40	37
	106	126
	44	41
	48	45
	114	131
	56	57
	120	71
	121	72
	60	61
	125	76
net/minecraft/client/util/SkinTextures	37	48
	32	41
	37	48
	22	25
	23	26
	26	29
	28	30
	30	39
	31	40
net/minecraft/client/render/entity/MobEntityRenderer	19	22
	19	22
	9	13
	10	14
	14	17
net/minecraft/client/render/entity/model/ShulkerEntityModel	83	74
	64	57
	66	58
	67	59
	68	60
	69	61
	70	62
	72	65
	75	66
	76	67
	78	69
	81	72
	82	73
	83	74
	22	29
	23	30
	24	31
	25	32
	28	35
	29	36
	31	37
	32	37
	33	37
	34	37
	36	38
	37	38
	38	38
	39	38
	42	39
	46	43
	48	45
	49	46
	50	46
	51	46
	54	48
	58	52
	59	53
net/minecraft/client/render/entity/state/ZombieEntityRenderState	0	0
net/minecraft/client/realms/gui/screen/RealmsParentalConsentScreen	65	64
	33	34
	65	64
	34	35
	35	36
	36	37
	37	38
	38	39
	39	39
	42	39
	44	40
	45	42
	46	44
	47	45
	51	49
	52	50
	56	54
	57	55
	27	28
	59	58
	28	29
	60	59
	29	30
	61	60
net/minecraft/client/render/entity/state/PaintingEntityRenderState	0	0
net/minecraft/client/render/entity/state/BreezeEntityRenderState	0	0
net/minecraft/client/render/entity/model/LeashKnotEntityModel	31	45
	17	37
	18	38
	19	39
	22	42
	23	43
	25	44
	26	44
	27	44
	31	45
net/minecraft/client/render/block/entity/BannerBlockEntityRenderer	117	166
	38	41
	39	42
	42	45
	43	46
	44	47
	45	48
	46	49
	54	54
	55	58
	56	59
	57	60
	58	61
	60	63
	61	64
	62	65
	65	68
	66	69
	68	70
	69	72
	70	83
	73	88
	74	89
	77	103
	78	104
	79	105
	80	106
	81	107
	82	108
	84	109
	86	110
	87	111
	90	124
	91	125
	94	140
	96	141
	98	143
	99	144
	100	145
	101	148
	103	150
	106	155
	107	156
	108	157
	111	160
	112	161
	113	162
	114	163
	115	164
	116	165
	117	166
net/minecraft/client/particle/SnowflakeParticle	50	52
	32	35
	34	36
	35	37
	36	38
	37	39
	10	15
	11	16
	43	46
	12	17
	44	47
	13	18
	14	19
	15	20
	16	21
	48	50
	49	51
	18	22
	50	52
	20	23
	21	24
	22	25
	26	29
	31	34
net/minecraft/client/render/entity/model/SmallPufferfishEntityModel	67	55
	64	52
	65	53
	66	54
	67	55
	18	20
	19	21
	20	22
	21	23
	24	26
	25	27
	27	28
	28	29
	29	30
	30	30
	31	30
	33	32
	34	33
	35	33
	36	33
	38	35
	39	36
	40	36
	41	36
	43	38
	44	39
	45	39
	46	39
	48	41
	49	42
	50	42
	51	42
	53	44
	54	45
	55	45
	56	45
	59	47
net/minecraft/client/network/message/MessageTrustStatus	81	67
	67	54
	72	59
	73	60
	74	61
	75	62
	81	67
	25	25
	26	26
	29	29
	30	30
	33	32
	34	32
	37	32
	41	37
	42	38
	45	40
	46	41
	47	41
	50	41
	54	46
	55	46
	56	46
	58	46
	59	46
	63	50
net/minecraft/client/render/entity/model/RaftEntityModel	79	66
	64	54
	67	56
	68	58
	69	58
	70	59
	73	61
	74	63
	75	63
	76	64
	14	15
	15	16
	79	66
	18	19
	19	21
	20	21
	21	21
	22	22
	25	24
	26	25
	27	26
	28	27
	30	28
	31	30
	32	30
	33	30
	34	30
	35	31
	37	33
	38	35
	39	35
	40	35
	41	35
	42	36
	44	38
	47	41
	48	42
	50	43
	52	44
	56	48
	57	49
	59	50
	61	51
	62	53
	63	53
net/minecraft/unused/packageinfo/PackageInfo7190	0	0
net/minecraft/client/network/ServerAddress	96	85
	65	61
	70	66
	71	67
	74	68
	79	73
	18	17
	19	18
	84	77
	85	78
	22	21
	23	22
	87	80
	88	80
	27	26
	91	80
	28	27
	29	28
	96	85
	34	33
	38	37
	39	38
	43	41
	44	42
	45	42
	47	42
	49	43
	50	44
	51	45
	57	52
	58	53
	59	54
	60	55
	61	56
	63	58
net/minecraft/client/render/block/entity/VaultBlockEntityRenderer	53	53
	33	35
	34	36
	35	53
	38	37
	39	38
	40	53
	43	39
	44	40
	45	41
	47	42
	48	43
	49	44
	50	45
	51	48
	52	49
	53	53
	24	28
	25	29
	29	34
	30	53
net/minecraft/client/render/entity/state/ArrowEntityRenderState	0	0
net/minecraft/client/render/chunk/ChunkRendererRegion	81	83
	32	32
	33	33
	67	71
	37	36
	72	75
	42	43
	77	79
	47	51
	81	83
	52	55
	58	60
	28	28
	29	29
	30	30
	62	67
	31	31
net/minecraft/client/resource/SplashTextResourceSupplier	70	84
	32	33
	65	79
	66	80
	67	82
	36	42
	68	83
	70	84
	39	41
	40	59
	41	60
	47	65
	48	66
	49	67
	53	71
	54	72
	56	73
	57	74
	58	75
	59	76
	60	77
	61	78
	31	32
net/minecraft/client/gui/screen/SplashTextRenderer	36	34
	33	32
	35	33
	36	34
	21	22
	22	23
	25	26
	26	27
	27	28
	29	29
	30	30
	31	31
net/minecraft/client/texture/SpriteContents	356	328
	261	312
	264	318
	269	325
	270	326
	272	328
	283	203
	284	204
	285	205
	286	206
	294	209
	298	213
	46	39
	302	217
	47	40
	303	218
	48	41
	304	219
	49	42
	305	220
	51	43
	52	44
	308	223
	53	45
	54	46
	55	47
	56	48
	312	227
	313	228
	60	52
	316	231
	61	53
	62	54
	64	55
	65	56
	66	57
	68	58
	69	59
	71	62
	73	63
	329	248
	330	249
	331	250
	76	65
	77	66
	78	67
	79	68
	335	254
	80	69
	336	255
	337	256
	82	70
	338	257
	339	258
	84	72
	340	259
	342	260
	87	75
	343	261
	344	262
	346	264
	347	265
	92	80
	93	81
	349	267
	94	82
	96	83
	353	271
	354	272
	99	85
	100	86
	356	274
	102	88
	103	89
	106	92
	107	93
	109	95
	110	96
	113	99
	114	100
	116	102
	117	102
	118	103
	119	104
	120	105
	121	106
	122	107
	124	110
	125	111
	126	112
	129	115
	130	116
	132	118
	134	102
	137	122
	138	123
	139	124
	143	128
	144	128
	147	128
	151	132
	152	133
	154	137
	158	141
	163	146
	168	151
	172	155
	177	160
	181	164
	186	168
	187	169
	189	171
	193	174
	197	178
	198	179
	199	180
	200	181
	201	182
	203	185
	207	189
	208	190
	210	192
	212	194
	220	282
	221	283
	222	284
	223	285
	225	287
	229	290
	230	291
	231	292
	232	293
	234	294
	235	295
	236	296
	237	297
	238	298
	239	299
	240	301
	241	302
	242	303
	243	304
	244	305
	248	310
net/minecraft/client/render/entity/state/VillagerDataRenderState	0	0
net/minecraft/client/render/block/entity/LecternBlockEntityRenderer	44	42
	32	33
	34	34
	35	35
	37	36
	39	37
	40	38
	41	39
	43	40
	44	42
	19	23
	20	24
	24	29
	25	30
	26	42
	29	31
	30	32
net/minecraft/client/render/entity/EndermiteEntityRenderer	28	30
	18	21
	23	26
	28	30
	13	16
	14	17
net/minecraft/client/render/item/model/special/ShulkerBoxModelRenderer	68	71
	34	48
	67	42
	35	49
	68	43
	37	50
	38	51
	39	53
	42	57
	43	58
	46	61
	47	62
	51	66
	56	71
	27	29
	28	30
	29	31
	30	32
	62	37
	31	33
	63	38
net/minecraft/client/gl/DynamicUniforms	57	52
	32	23
	33	24
	37	27
	38	28
	41	31
	45	38
	51	46
	52	47
	53	48
	54	49
	55	50
	56	51
	57	52
net/minecraft/client/render/ProjectionMatrix2	52	55
	33	34
	34	35
	35	37
	36	38
	37	39
	39	42
	40	43
	42	46
	46	50
	51	54
	52	55
	24	25
	25	26
	26	27
	27	28
	28	29
	29	30
	30	31
net/minecraft/client/render/entity/model/AxolotlEntityModel	267	260
	258	248
	259	260
	261	249
	262	250
	263	252
	264	254
	265	255
	266	257
	267	260
	32	76
	33	77
	34	78
	35	79
	36	80
	37	81
	38	82
	39	83
	40	84
	41	85
	42	86
	43	87
	46	90
	47	91
	49	92
	50	94
	51	94
	52	94
	53	95
	56	97
	57	98
	58	100
	59	100
	60	101
	63	103
	64	103
	65	104
	66	104
	67	105
	68	105
	70	106
	71	107
	72	108
	74	109
	75	109
	76	110
	77	110
	79	111
	80	112
	81	113
	82	114
	83	115
	84	116
	85	116
	86	116
	89	118
	94	122
	96	123
	97	124
	98	125
	99	126
	100	127
	102	128
	104	129
	106	130
	107	131
	108	132
	109	133
	111	134
	113	135
	114	136
	118	139
	119	158
	122	140
	123	141
	124	142
	125	143
	126	144
	128	145
	129	146
	131	147
	133	148
	134	149
	135	150
	136	151
	138	152
	139	153
	140	154
	141	155
	142	156
	143	158
	147	161
	148	185
	151	162
	152	163
	153	164
	154	165
	156	166
	157	167
	158	168
	160	169
	161	170
	162	171
	163	172
	165	173
	166	174
	167	175
	168	176
	169	177
	170	178
	171	179
	172	180
	173	181
	174	182
	175	183
	176	185
	180	188
	181	207
	184	189
	185	190
	186	191
	188	192
	189	193
	190	194
	192	195
	194	196
	195	197
	196	198
	197	199
	199	200
	200	201
	201	202
	202	203
	203	204
	205	205
	206	207
	210	210
	211	230
	214	211
	215	212
	216	213
	217	214
	219	215
	220	216
	221	217
	223	218
	224	219
	225	220
	226	221
	228	222
	230	223
	231	224
	232	225
	233	226
	234	227
	235	228
	236	230
	240	233
	241	242
	244	234
	245	235
	246	236
	247	237
	248	238
	250	239
	251	240
	252	242
net/minecraft/client/render/entity/state/BoatEntityRenderState	0	0
net/minecraft/unused/packageinfo/PackageInfo8031	0	0
net/minecraft/client/render/ProjectionMatrix3	53	55
	33	33
	34	34
	35	36
	36	37
	37	38
	39	41
	40	42
	41	43
	43	46
	47	50
	52	54
	53	55
	25	25
	26	26
	27	27
	28	28
	29	29
	30	30
net/minecraft/client/gui/screen/FatalErrorScreen	39	40
	34	35
	35	36
	39	40
	13	16
	14	17
	15	18
	19	22
	21	23
	22	24
	26	28
	28	29
	29	30
	30	31
net/minecraft/unused/packageinfo/PackageInfo7189	0	0
net/minecraft/client/gui/render/state/ColoredQuadGuiElementRenderState	28	43
	19	34
	20	35
	21	36
	22	37
	23	38
	27	42
	28	43
	14	29
	15	30
net/minecraft/client/render/entity/FireworkRocketEntityRenderer	49	48
	32	34
	34	35
	36	36
	37	37
	41	40
	46	44
	47	45
	48	46
	17	19
	49	48
	18	20
	19	21
	23	26
	24	27
	26	28
	27	29
	28	30
	29	31
net/minecraft/client/gui/screen/world/CustomizeBuffetLevelScreen	144	154
	131	141
	136	148
	137	149
	143	153
	144	154
	43	44
	44	45
	45	46
	47	47
	50	50
	51	52
	52	59
	56	63
	57	64
	61	68
	62	69
	63	70
	64	71
	66	72
	68	73
	69	74
	70	75
	71	76
	72	77
	73	78
	75	84
	77	88
	78	89
	79	90
	83	94
	84	95
	85	96
	88	99
	89	100
	93	105
	95	106
	97	107
	98	109
	99	110
	100	111
	101	112
	105	115
	107	116
	108	117
	110	120
	111	121
	118	129
	119	130
	121	131
	122	132
	123	133
	125	135
	127	137
net/minecraft/client/render/entity/state/DolphinEntityRenderState	0	0
net/minecraft/client/realms/dto/PlayerInfo	69	65
	32	28
	64	60
	36	32
	68	64
	37	33
	69	65
	40	36
	44	40
	45	41
	48	44
	52	48
	53	49
	56	52
	60	56
	29	28
	61	57
	30	28
net/minecraft/client/render/entity/feature/DolphinHeldItemFeatureRenderer	39	37
	33	31
	36	34
	38	35
	39	37
	15	16
	16	17
	20	22
	21	23
	22	37
	25	24
	27	25
	28	26
	29	27
	30	28
	31	29
com/mojang/blaze3d/textures/AddressMode	0	0
net/minecraft/client/render/entity/WanderingTraderEntityRenderer	37	36
	16	19
	18	20
	34	33
	19	21
	35	34
	20	22
	36	35
	37	36
	24	25
	29	29
net/minecraft/client/render/entity/feature/SnowGolemPumpkinFeatureRenderer	60	52
	34	34
	35	52
	38	35
	39	36
	41	37
	42	38
	43	39
	44	40
	47	41
	48	42
	49	43
	51	44
	54	45
	55	46
	24	26
	56	47
	25	27
	57	48
	26	28
	59	49
	60	52
	30	33
	31	52
net/minecraft/client/render/WorldRenderer	1443	1367
	1024	956
	1025	957
	1027	971
	1031	978
	1032	980
	1036	984
	1037	985
	1040	988
	1041	989
	1044	992
	1045	993
	1048	996
	1049	997
	1052	1000
	1053	1012
	1056	1001
	1057	1003
	1058	1004
	1060	1005
	1062	1006
	1063	1007
	1064	1008
	1067	1012
	1070	1015
	1071	1016
	1072	1017
	1073	1018
	1074	1019
	1076	1021
	1079	1024
	1080	1025
	1081	1062
	1084	1026
	1085	1027
	1086	1028
	1087	1062
	1090	1029
	1091	1030
	1093	1031
	1094	1032
	1096	1033
	1097	1034
	1098	1059
	1101	1036
	1102	1037
	1103	1038
	1104	1039
	1105	1040
	1106	1041
	1107	1042
	1108	1043
	1109	1044
	1110	1045
	1111	1046
	1113	1047
	1115	1048
	1116	1049
	1117	1050
	1120	1053
	1121	1054
	1123	1055
	1124	1056
	1126	1059
	1127	1062
	1130	1065
	1134	1069
	1135	1071
	1137	1070
	1141	1075
	1142	1076
	1144	1077
	1145	1078
	1146	1079
	123	107
	1147	1081
	1148	1082
	1149	1083
	1150	1084
	1151	1085
	1152	1086
	1153	1087
	1154	1088
	1156	1091
	1157	1092
	1158	1093
	1159	1094
	1160	1095
	1162	1097
	1166	1102
	1168	1103
	1170	1104
	1172	1106
	1173	1107
	1174	1108
	1177	1111
	1179	1112
	1180	1113
	1189	1119
	1191	1127
	1194	1130
	1195	1131
	1198	1134
	1199	1135
	1200	1136
	1201	1137
	1205	1141
	1208	1144
	1209	1145
	1210	1146
	1211	1147
	188	156
	189	157
	190	158
	191	159
	1215	1151
	192	160
	1218	1154
	195	163
	1219	1155
	196	164
	1221	1157
	1224	1160
	201	167
	1225	1161
	202	168
	1228	1164
	205	171
	1229	1165
	206	172
	1230	1166
	207	173
	1231	1167
	211	176
	1235	1171
	212	177
	1238	1174
	215	180
	1239	1175
	216	181
	218	184
	1242	1178
	219	187
	1243	1179
	1246	1182
	223	191
	1247	1183
	224	192
	1248	1184
	1250	1186
	227	194
	228	195
	1253	1189
	230	196
	1254	1190
	231	197
	234	200
	1258	1196
	1259	1197
	1260	1198
	1261	1199
	238	205
	239	206
	1263	1200
	1264	1202
	241	208
	1265	1204
	1267	1205
	244	211
	1269	1207
	248	215
	1272	1210
	249	216
	1273	1211
	250	217
	252	218
	253	219
	1277	1215
	254	220
	255	221
	257	223
	258	224
	1282	1222
	259	225
	1283	1223
	261	228
	1285	1224
	262	229
	1286	1225
	264	232
	265	233
	1289	1226
	266	234
	1290	1227
	268	236
	1293	1229
	271	239
	1295	1229
	272	240
	273	241
	1298	1229
	276	244
	277	268
	1302	1234
	280	245
	1304	1235
	282	246
	1306	1235
	283	247
	1307	1236
	285	251
	1311	1239
	288	254
	1313	1239
	290	255
	1314	1240
	292	256
	294	257
	1318	1243
	295	258
	298	261
	1322	1247
	1323	1267
	300	262
	1324	1268
	301	263
	1325	1269
	302	264
	304	265
	1328	1248
	305	266
	1329	1249
	306	268
	1330	1250
	309	271
	1333	1253
	310	272
	1334	1257
	311	273
	1335	1258
	313	275
	1338	1261
	1339	1262
	316	278
	1340	1264
	317	279
	1342	1272
	319	280
	320	283
	321	284
	1345	1275
	322	285
	323	286
	324	287
	1349	1279
	1350	1280
	329	292
	1353	1283
	1354	1284
	1355	1285
	333	296
	1358	1288
	337	300
	341	304
	342	306
	1366	1292
	343	307
	344	308
	1369	1293
	347	312
	1372	1295
	1374	1296
	351	316
	1376	1297
	1377	1298
	1378	1299
	355	320
	1379	1300
	357	321
	1381	1302
	358	322
	361	325
	1385	1308
	1386	1309
	363	326
	364	327
	365	328
	366	329
	367	330
	1391	1314
	368	331
	369	332
	370	333
	372	334
	1396	1319
	373	335
	376	338
	1401	1324
	378	339
	380	340
	381	341
	382	342
	1406	1329
	384	343
	385	344
	1411	1334
	388	347
	389	348
	390	349
	392	350
	1416	1339
	393	351
	394	352
	395	353
	396	354
	1421	1344
	398	357
	399	358
	400	359
	402	360
	1426	1349
	403	361
	404	362
	405	363
	406	364
	407	365
	1431	1354
	410	369
	411	370
	1435	1358
	414	373
	1441	1365
	418	377
	1442	1366
	419	378
	1443	1367
	421	380
	422	381
	423	382
	424	383
	425	385
	428	388
	429	389
	432	392
	433	393
	434	394
	437	407
	439	408
	440	409
	442	410
	443	411
	444	412
	445	413
	446	414
	448	415
	449	416
	450	417
	451	418
	453	419
	455	420
	456	421
	458	422
	459	423
	460	424
	461	425
	462	426
	465	429
	466	430
	467	431
	469	432
	470	433
	472	434
	473	435
	478	436
	479	437
	480	438
	482	439
	483	440
	485	441
	486	442
	487	443
	488	444
	489	445
	490	446
	491	447
	492	448
	493	449
	494	450
	496	453
	497	454
	500	457
	501	458
	502	459
	503	461
	504	462
	505	467
	507	469
	508	470
	511	473
	513	474
	515	475
	516	476
	519	479
	525	480
	526	481
	527	482
	528	483
	529	484
	530	485
	531	486
	535	490
	537	491
	538	492
	541	495
	543	496
	544	497
	547	500
	548	501
	552	505
	553	506
	556	508
	557	509
	559	510
	560	511
	561	512
	564	525
	565	526
	566	527
	567	528
	569	531
	570	532
	572	535
	573	536
	575	539
	576	540
	579	543
	580	544
	581	545
	582	546
	584	547
	585	548
	587	549
	588	550
	589	551
	590	552
	591	553
	593	554
	594	555
	595	556
	597	557
	599	558
	600	559
	603	562
	604	563
	605	564
	608	567
	609	568
	610	569
	612	570
	613	571
	614	572
	615	573
	616	574
	618	575
	619	576
	620	577
	621	578
	624	579
	625	580
	626	581
	627	582
	628	583
	629	584
	630	585
	631	586
	632	587
	633	588
	635	589
	637	590
	638	591
	641	594
	642	595
	643	596
	644	597
	646	598
	650	599
	651	600
	653	601
	654	602
	655	603
	656	604
	658	605
	659	606
	660	607
	661	608
	664	609
	666	610
	668	611
	669	612
	672	615
	673	616
	674	617
	675	618
	677	619
	678	620
	681	623
	682	624
	683	625
	684	626
	687	629
	688	630
	689	631
	690	632
	692	634
	695	637
	696	638
	697	639
	698	640
	699	641
	700	642
	702	645
	703	646
	704	647
	707	650
	708	651
	709	652
	711	654
	713	657
	714	658
	717	661
	718	662
	720	663
	721	664
	722	665
	724	667
	726	670
	727	671
	728	672
	729	673
	730	674
	731	675
	732	676
	733	677
	736	680
	737	681
	738	682
	740	683
	742	686
	743	687
	744	688
	746	689
	747	690
	753	691
	754	692
	755	693
	756	694
	757	695
	760	698
	761	699
	762	700
	763	701
	764	702
	765	703
	767	705
	769	708
	770	709
	773	710
	774	711
	777	713
	780	717
	784	718
	785	719
	786	720
	790	726
	794	732
	795	733
	796	734
	797	735
	798	736
	799	737
	801	739
	802	740
	803	741
	804	742
	805	743
	809	747
	810	748
	811	749
	812	750
	813	751
	814	751
	815	751
	816	751
	820	753
	822	756
	823	757
	825	759
	828	768
	829	769
	830	770
	831	771
	833	773
	834	774
	835	775
	839	776
	840	777
	841	778
	843	779
	844	780
	846	781
	847	782
	848	783
	849	784
	850	785
	851	787
	852	789
	853	790
	854	791
	855	791
	857	791
	862	796
	863	797
	867	802
	868	805
	869	806
	870	807
	873	809
	874	810
	875	811
	876	812
	877	813
	879	816
	885	819
	886	820
	887	821
	888	822
	890	824
	891	825
	892	826
	896	827
	897	828
	900	829
	901	830
	902	831
	903	832
	904	834
	905	836
	906	837
	908	841
	911	844
	912	868
	915	845
	916	868
	918	846
	919	847
	920	848
	921	849
	922	850
	923	851
	925	854
	926	855
	927	856
	928	857
	929	858
	931	861
	932	862
	933	863
	934	864
	936	868
	939	871
	940	872
	942	874
	945	879
	946	880
	947	881
	949	882
	950	884
	953	887
	954	908
	956	888
	957	889
	958	890
	959	891
	960	893
	961	894
	963	897
	964	898
	965	900
	966	901
	967	902
	969	905
	970	906
	971	908
	974	913
	975	914
	976	915
	980	916
	981	917
	983	919
	986	922
	988	923
	989	924
	991	926
	992	927
	995	930
	996	931
	997	932
	999	934
	1000	935
	1002	936
	1003	938
	1004	939
	1005	940
	1012	943
	1013	944
	1014	945
	1016	948
	1017	949
	1019	951
	1020	952
	1023	955
net/minecraft/client/gui/screen/recipebook/RecipeBookProvider	0	0
net/minecraft/client/realms/dto/PingResult	0	0
net/minecraft/client/render/fog/DimensionOrBossFogModifier	23	24
	16	17
	17	18
	18	19
	19	20
	23	24
	15	16
net/minecraft/client/render/entity/state/FelineEntityRenderState	0	0
net/minecraft/client/render/item/model/ItemModelTypes	22	25
	16	19
	17	20
	18	21
	19	22
	20	23
	21	24
	22	25
	11	14
	14	17
	15	18
net/minecraft/client/recipebook/RecipeBookType	37	29
	33	25
	34	26
	37	29
net/minecraft/client/render/item/property/select/CustomModelDataStringProperty	43	43
	33	33
	20	22
	21	22
	22	23
	38	38
	43	43
	29	32
	30	33
	31	33
net/minecraft/client/render/model/UnbakedGeometry	41	44
	32	31
	34	36
	19	15
	37	40
	23	21
	25	23
	41	44
	26	24
	27	27
	29	28
	30	29
net/minecraft/client/session/report/log/ReceivedMessage	104	163
	67	116
	68	117
	73	122
	77	129
	82	134
	21	36
	87	144
	88	145
	25	46
	89	146
	90	148
	94	153
	31	62
	99	158
	37	76
	38	77
	39	78
	40	79
	104	163
	41	81
	47	87
	48	88
	49	89
	51	91
	56	97
	57	98
	58	99
	62	108
	63	109
net/minecraft/client/render/block/entity/BellBlockEntityRenderer	29	32
	21	25
	22	26
	26	29
	27	30
	28	31
	29	32
net/minecraft/client/gui/screen/ingame/CrafterScreen	116	121
	26	29
	27	30
	28	31
	32	35
	33	36
	34	37
	38	41
	39	42
	41	44
	42	45
	43	46
	44	47
	48	51
	49	52
	50	53
	56	58
	57	59
	60	62
	61	63
	64	66
	65	67
	68	70
	69	71
	70	72
	71	73
	72	74
	76	78
	77	79
	79	81
	81	83
	84	86
	85	87
	89	91
	90	92
	91	93
	93	94
	94	96
	95	99
	97	101
	100	104
	101	105
	103	107
	104	108
	106	110
	108	113
	109	114
	113	118
	114	119
	115	120
	116	121
net/minecraft/client/gui/render/OversizedItemGuiElementRenderer	86	84
	64	64
	65	65
	69	68
	70	69
	71	70
	75	73
	76	74
	81	79
	86	84
	25	25
	26	26
	29	29
	33	33
	34	34
	37	37
	38	38
	42	42
	47	46
	48	47
	49	48
	50	49
	51	50
	52	51
	53	52
	54	53
	55	54
	56	55
	57	56
	58	57
	59	58
	61	60
	63	63
net/minecraft/client/render/entity/state/HappyGhastEntityRenderState	0	0
net/minecraft/client/render/block/entity/BlockEntityRendererFactory	63	77
	32	46
	35	49
	39	53
	43	57
	47	61
	51	65
	55	69
	25	39
	26	40
	27	41
	59	73
	28	42
	29	43
	30	44
	31	45
	63	77
net/minecraft/client/gui/screen/ingame/ShulkerBoxScreen	30	32
	16	18
	17	19
	21	23
	22	24
	23	25
	27	29
	28	30
	29	31
	14	17
	30	32
net/minecraft/client/particle/ElderGuardianAppearanceParticle	63	62
	34	36
	39	41
	40	42
	41	43
	43	44
	44	45
	45	46
	47	47
	48	48
	49	49
	51	50
	52	51
	53	52
	54	53
	26	28
	58	57
	27	29
	28	30
	29	31
	30	32
	63	62
net/minecraft/client/render/model/json/SimpleMultipartModelSelector	178	161
	128	134
	129	135
	130	136
	131	137
	132	138
	135	141
	136	142
	137	143
	143	151
	144	152
	145	153
	148	155
	152	160
	153	161
	154	161
	156	161
	161	56
	162	53
	163	54
	165	59
	38	34
	39	35
	40	36
	170	62
	171	62
	44	40
	45	41
	173	62
	46	42
	49	44
	178	66
	57	84
	58	81
	59	82
	61	86
	69	76
	70	76
	77	89
	78	90
	79	91
	81	93
	82	94
	83	95
	86	99
	91	104
	95	108
	97	109
	98	110
	100	111
	101	112
	103	113
	105	114
	106	115
	109	117
	110	118
	111	119
	112	120
	118	124
	119	125
	120	126
	122	128
	123	129
	124	130
	125	131
net/minecraft/client/render/entity/model/ModelWithHat	0	0
net/minecraft/client/render/entity/model/LlamaSpitEntityModel	36	56
	32	52
	33	53
	36	56
	15	36
	16	37
	19	40
	20	41
	22	42
	23	43
	24	45
	25	46
	26	47
	27	48
	28	49
	30	50
	31	51
net/minecraft/client/particle/ParticleTextureSheet	0	0
net/minecraft/client/render/entity/state/CowEntityRenderState	0	0
net/minecraft/client/render/entity/OcelotEntityRenderer	31	31
	18	20
	23	24
	28	28
	13	16
	29	29
	14	17
	30	30
	31	31
net/minecraft/client/gui/render/state/special/SignGuiElementRenderState	13	16
	12	15
	13	16
net/minecraft/client/realms/gui/RealmsPopups	44	43
	33	35
	34	36
	35	37
	36	38
	37	39
	41	43
	42	43
	43	43
	44	43
	17	19
	18	20
	19	21
	20	22
	21	23
	25	27
	26	28
	27	29
	28	30
	29	31
net/minecraft/client/tutorial/NoneTutorialStepHandler	5	9
	5	9
net/minecraft/client/render/entity/CowEntityRenderer	56	60
	35	43
	40	47
	45	51
	46	52
	47	53
	51	56
	52	60
	21	25
	22	26
	54	57
	23	27
	55	58
	56	60
	26	31
	27	33
	28	35
	29	37
net/minecraft/client/particle/AbstractDustParticle	44	47
	32	35
	37	40
	42	45
	11	16
	43	46
	12	17
	44	47
	13	18
	14	19
	15	20
	16	21
	17	22
	19	23
	21	24
	22	25
	23	26
	24	27
	27	30
net/minecraft/client/render/item/property/bool/BundleHasSelectedItemProperty	22	24
	17	19
	22	24
net/minecraft/client/data/TexturedModel	105	97
	64	55
	97	89
	68	59
	101	93
	72	63
	73	64
	105	97
	77	68
	81	72
	85	76
	89	80
	59	50
	60	51
	61	52
net/minecraft/client/session/telemetry/TelemetryEventType	198	181
	194	177
	131	112
	195	178
	196	179
	198	181
	135	116
	136	118
	137	119
	139	122
	143	126
	148	130
	21	22
	22	23
	23	23
	152	134
	25	23
	156	138
	160	142
	164	146
	104	88
	105	89
	106	90
	107	91
	108	92
	109	92
	174	157
	175	158
	112	93
	176	159
	115	96
	179	162
	180	163
	119	100
	184	167
	185	168
	123	104
	189	172
	190	173
	127	108
net/minecraft/client/gui/screen/ingame/AbstractFurnaceScreen	54	64
	32	42
	33	43
	37	47
	42	52
	43	53
	44	54
	45	55
	46	56
	47	57
	48	58
	51	61
	52	62
	53	63
	22	33
	54	64
	24	34
	25	35
	26	36
	27	37
	31	41
net/minecraft/client/render/entity/state/GuardianEntityRenderState	0	0
net/minecraft/client/gui/hud/spectator/TeleportSpectatorMenu	67	66
	33	30
	34	31
	35	32
	67	66
	36	33
	37	34
	38	35
	42	39
	47	44
	52	49
	53	50
	22	20
	57	54
	29	26
	30	27
	62	59
	63	62
net/minecraft/client/render/chunk/NormalizedRelativePos	40	41
	34	36
	35	37
	37	39
	38	41
	40	40
	13	16
	17	20
	18	21
	19	22
	20	23
	24	27
	25	28
	29	32
net/minecraft/client/render/model/json/JsonUnbakedModel	99	100
	66	67
	67	68
	71	72
	72	73
	73	74
	75	76
	79	81
	84	86
	85	86
	87	86
	92	91
	93	94
	94	96
	95	97
	97	100
	99	92
	41	45
	47	51
	49	52
	50	53
	52	54
	53	55
	55	56
	56	57
	57	58
	58	59
	61	62
	62	63
	63	64
net/minecraft/client/font/GlyphContainer	115	108
	22	23
	23	24
	24	25
	25	26
	26	27
	29	30
	30	31
	34	35
	35	36
	36	37
	41	42
	42	43
	44	44
	45	45
	46	46
	47	47
	48	48
	49	49
	51	51
	52	52
	53	53
	58	58
	59	59
	61	60
	62	61
	63	62
	64	63
	67	65
	68	66
	69	67
	72	70
	73	71
	74	72
	79	78
	80	79
	82	80
	83	81
	84	82
	87	84
	88	85
	89	86
	98	91
	99	92
	100	93
	101	94
	102	95
	103	96
	104	97
	105	98
	110	103
	113	106
	114	107
	115	108
net/minecraft/client/render/entity/animation/CreakingAnimations	0	0
net/minecraft/client/render/FrameGraphBuilder	365	356
	256	248
	257	249
	258	250
	259	251
	263	255
	267	259
	268	260
	270	262
	271	263
	272	264
	273	265
	278	270
	23	24
	279	270
	24	25
	25	26
	281	270
	29	30
	30	31
	31	32
	290	280
	35	36
	291	281
	292	282
	39	40
	40	41
	41	42
	42	43
	298	287
	46	47
	47	48
	50	51
	52	52
	53	53
	54	55
	55	56
	311	331
	312	332
	313	333
	58	59
	314	334
	60	61
	61	62
	62	63
	318	338
	63	64
	66	67
	322	342
	67	68
	323	343
	68	69
	325	345
	70	71
	326	347
	71	72
	72	73
	73	74
	329	350
	330	351
	76	77
	332	353
	333	354
	334	356
	79	80
	80	81
	83	83
	84	84
	85	85
	341	296
	86	86
	342	297
	343	298
	89	90
	90	91
	91	92
	347	302
	95	96
	99	100
	100	102
	356	311
	101	103
	102	104
	359	314
	105	105
	106	107
	362	317
	107	108
	365	320
	110	112
	114	115
	115	116
	116	116
	117	116
	118	117
	121	118
	122	137
	125	119
	126	120
	129	122
	130	123
	135	126
	136	127
	137	128
	138	129
	143	134
	144	135
	145	137
	148	140
	149	142
	150	143
	151	144
	152	145
	153	146
	154	147
	155	148
	157	150
	159	153
	162	156
	179	171
	180	172
	181	173
	184	176
	185	177
	187	179
	190	182
	191	183
	195	187
	196	188
	197	189
	202	194
	203	195
	206	198
	208	199
	209	200
	211	203
	212	204
	216	208
	221	213
	222	214
	226	218
	227	219
	230	222
	231	223
	232	224
	237	229
	238	230
	242	233
net/minecraft/client/render/entity/ChickenEntityRenderer	59	70
	36	48
	37	53
	39	49
	40	51
	41	53
	45	56
	50	62
	23	27
	55	66
	24	28
	56	67
	25	29
	57	68
	58	69
	59	70
	28	33
	29	36
	30	40
net/minecraft/client/render/entity/model/PigEntityModel	36	38
	32	35
	33	35
	34	36
	20	23
	36	38
	21	24
	24	27
	28	31
	29	32
	31	33
net/minecraft/client/network/ClientLoginNetworkHandler	266	259
	128	131
	256	257
	129	132
	257	258
	130	137
	258	259
	132	133
	133	134
	263	241
	136	140
	264	242
	137	141
	265	243
	266	244
	139	143
	141	145
	144	148
	145	149
	146	150
	151	155
	152	157
	153	158
	154	159
	155	160
	156	161
	157	162
	158	163
	159	164
	160	165
	161	166
	164	156
	168	171
	173	175
	175	176
	177	178
	182	185
	183	186
	190	193
	195	198
	196	199
	197	200
	198	201
	199	202
	203	205
	204	206
	205	207
	207	209
	80	87
	81	88
	209	211
	82	89
	83	90
	84	91
	85	92
	213	214
	86	93
	87	94
	88	95
	89	96
	218	218
	219	219
	92	99
	93	100
	94	101
	223	222
	96	103
	225	223
	98	106
	99	107
	227	225
	103	110
	231	228
	232	229
	233	230
	236	233
	237	234
	111	117
	112	118
	241	237
	114	119
	242	238
	116	120
	117	121
	119	122
	120	123
	121	124
	122	125
	125	128
	126	129
	127	130
net/minecraft/client/network/DataQueryHandler	47	46
	35	34
	36	35
	40	39
	41	40
	42	41
	45	44
	46	45
	47	46
	21	20
	22	21
	25	24
	26	25
	27	26
	28	27
	31	29
net/minecraft/client/render/entity/state/GoatEntityRenderState	0	0
net/minecraft/client/render/entity/state/BoggedEntityRenderState	0	0
net/minecraft/client/render/block/FluidRenderer	384	350
	33	37
	34	38
	35	39
	36	40
	37	41
	38	42
	41	45
	45	49
	46	50
	47	51
	48	52
	49	53
	50	54
	52	56
	53	57
	57	62
	63	66
	67	70
	71	74
	72	75
	74	76
	75	77
	76	78
	77	79
	79	80
	80	81
	81	82
	82	83
	83	84
	84	85
	85	86
	86	87
	87	88
	88	89
	89	90
	90	91
	92	92
	93	93
	95	94
	96	95
	97	96
	98	97
	100	98
	101	292
	104	99
	105	100
	106	101
	107	102
	109	103
	116	104
	117	109
	118	110
	119	111
	120	112
	121	113
	123	115
	124	116
	125	117
	126	118
	128	119
	129	120
	130	121
	131	122
	134	125
	135	126
	136	127
	138	128
	139	129
	141	130
	143	131
	144	132
	145	133
	146	134
	157	135
	158	144
	159	145
	160	146
	161	147
	162	148
	163	149
	164	150
	165	151
	166	152
	167	153
	169	155
	170	156
	171	157
	172	158
	173	159
	174	160
	175	161
	176	162
	177	163
	178	164
	179	165
	180	166
	181	167
	184	170
	185	171
	187	172
	189	173
	190	174
	191	175
	192	176
	193	177
	194	178
	195	179
	196	180
	198	181
	199	182
	200	183
	201	184
	203	185
	204	186
	205	187
	206	188
	208	189
	210	190
	211	191
	212	192
	213	193
	217	197
	218	198
	219	199
	220	200
	221	201
	223	202
	224	203
	225	204
	226	205
	228	206
	229	207
	230	208
	231	209
	234	212
	236	214
	245	222
	247	224
	248	225
	249	226
	250	227
	251	228
	252	229
	253	230
	254	231
	256	233
	257	234
	258	235
	259	236
	260	237
	261	238
	262	239
	263	240
	265	242
	266	243
	267	244
	268	245
	269	246
	270	247
	271	248
	272	249
	274	251
	275	252
	276	253
	277	254
	278	255
	279	256
	280	257
	284	260
	286	261
	288	262
	290	263
	291	264
	292	265
	293	266
	297	270
	298	271
	300	272
	301	273
	302	274
	304	275
	306	276
	307	277
	308	278
	310	279
	311	280
	312	281
	313	282
	315	283
	316	284
	317	285
	318	286
	319	287
	323	292
	326	295
	327	311
	329	296
	330	297
	331	298
	332	299
	333	300
	335	303
	337	306
	338	307
	339	308
	340	309
	344	316
	345	317
	346	318
	347	319
	348	320
	349	321
	351	323
	354	326
	355	327
	359	331
	360	332
	361	333
	362	333
	364	333
	365	335
	366	335
	368	335
	372	340
	373	341
	376	344
	377	345
	379	346
	380	347
	381	348
	382	349
	384	350
net/minecraft/client/render/entity/EndCrystalEntityRenderer	79	74
	66	62
	67	63
	68	64
	69	65
	70	66
	71	67
	73	69
	75	71
	79	74
	24	26
	25	27
	26	28
	27	29
	31	32
	32	33
	33	34
	35	35
	36	36
	38	37
	40	38
	41	39
	42	40
	43	41
	44	42
	45	43
	46	44
	47	45
	50	48
	51	49
	54	52
	55	53
	56	54
	61	58
net/minecraft/client/render/MapRenderState	0	0
net/minecraft/client/render/entity/ZombifiedPiglinEntityRenderer	40	56
	33	50
	38	54
	39	55
	40	56
	15	27
	17	33
	18	36
	19	37
	20	38
	21	39
	22	40
	24	43
	28	46
net/minecraft/client/network/AddressResolver	22	22
	17	18
	18	19
	19	20
	20	21
	22	22
net/minecraft/client/render/WorldBorderRendering	182	179
	128	118
	130	119
	131	120
	133	121
	134	122
	137	125
	138	126
	139	127
	141	128
	143	129
	144	130
	147	133
	148	134
	149	135
	151	137
	152	138
	155	141
	156	142
	157	153
	158	154
	159	155
	160	156
	161	157
	162	158
	163	159
	165	160
	166	162
	167	163
	168	164
	169	165
	45	44
	173	169
	175	172
	178	175
	179	176
	53	48
	54	49
	182	179
	55	50
	56	51
	57	52
	59	53
	60	54
	61	55
	62	56
	64	57
	65	58
	66	59
	67	60
	69	61
	71	62
	72	63
	73	64
	74	65
	76	66
	77	67
	78	68
	79	69
	81	70
	82	71
	83	72
	84	73
	86	74
	87	75
	88	76
	89	77
	91	79
	92	80
	95	83
	96	84
	97	85
	98	86
	99	87
	100	88
	101	89
	103	91
	106	94
	107	95
	108	96
	109	97
	110	99
	112	172
	115	108
	116	109
	117	110
	119	111
	120	112
	121	113
	123	114
	124	115
	125	116
	126	117
net/minecraft/client/sound/AudioStream	0	0
net/minecraft/client/render/entity/feature/SpiderEyesFeatureRenderer	18	20
	18	20
	13	15
	14	16
net/minecraft/client/sound/BubbleColumnSoundPlayer	40	46
	35	40
	37	42
	39	45
	40	46
	17	20
	18	21
	22	25
	23	27
	24	30
	25	31
	26	31
	27	32
	28	33
	29	34
	31	36
net/minecraft/client/render/entity/EndermanEntityRenderer	51	49
	32	32
	37	37
	42	41
	47	45
	48	46
	49	47
	50	48
	19	21
	51	49
	21	22
	22	23
	23	24
	27	27
	28	28
	29	29
	30	30
net/minecraft/client/render/entity/state/WardenEntityRenderState	0	0
net/minecraft/client/render/entity/EmptyEntityRenderer	13	19
	8	14
	9	15
	13	19
net/minecraft/client/util/Backoff	40	42
	32	34
	37	39
	38	40
	39	41
	24	27
	40	42
	10	13
	15	18
	31	33
net/minecraft/client/gui/widget/EditBoxWidget	286	325
	256	294
	257	295
	261	299
	262	300
	266	304
	267	305
	271	309
	272	310
	276	314
	277	315
	281	319
	282	320
	286	325
	35	57
	36	58
	37	59
	38	60
	39	61
	40	62
	41	63
	42	64
	43	65
	46	77
	47	78
	50	81
	51	82
	54	90
	55	91
	58	97
	59	98
	62	101
	63	102
	66	108
	71	113
	72	114
	76	118
	77	119
	78	120
	82	124
	83	125
	84	126
	85	127
	89	131
	94	136
	95	140
	98	137
	99	138
	104	146
	105	147
	106	148
	107	215
	110	150
	111	151
	112	152
	114	153
	115	154
	116	155
	117	157
	118	158
	120	159
	121	160
	122	161
	123	162
	124	163
	125	164
	126	165
	127	166
	130	169
	131	170
	132	171
	133	172
	135	175
	138	178
	141	181
	142	182
	145	185
	146	186
	148	187
	149	188
	150	190
	151	191
	152	192
	154	194
	158	198
	159	199
	161	201
	162	202
	164	204
	166	207
	169	210
	172	215
	176	219
	178	220
	179	221
	180	222
	181	223
	183	227
	187	231
	192	236
	196	240
	198	241
	200	242
	201	243
	203	245
	205	246
	206	247
	210	251
	211	252
	214	255
	215	256
	217	257
	218	258
	222	262
	223	263
	224	264
	226	266
	229	269
	246	284
	247	285
	251	289
	252	290
net/minecraft/client/util/ClosableFactory	12	16
	7	11
	12	16
net/minecraft/client/render/entity/state/EntityRenderState	53	43
	51	41
	52	42
	53	43
net/minecraft/client/gui/screen/DisconnectedScreen	84	82
	65	64
	67	65
	68	66
	69	67
	70	68
	74	72
	75	73
	79	77
	84	82
	26	27
	27	28
	30	31
	31	32
	34	35
	35	36
	38	39
	39	40
	40	41
	41	42
	42	43
	46	47
	47	48
	48	49
	50	50
	51	51
	52	53
	55	54
	56	56
	57	56
	60	58
	61	59
	63	61
net/minecraft/client/render/entity/animation/WardenAnimations	0	0
net/minecraft/client/render/entity/state/HorseEntityRenderState	0	0
net/minecraft/client/render/entity/BlazeEntityRenderer	30	30
	16	18
	20	21
	25	26
	30	30
	15	17
net/minecraft/client/render/entity/state/LlamaSpitEntityRenderState	0	0
net/minecraft/client/gui/screen/CreditsScreen	329	337
	257	266
	259	267
	261	268
	263	269
	264	270
	266	271
	268	272
	269	273
	271	274
	272	275
	274	276
	276	278
	277	279
	278	280
	279	281
	280	282
	283	286
	284	287
	285	288
	286	289
	288	291
	291	295
	293	298
	294	299
	297	302
	298	303
	302	307
	303	308
	304	310
	305	313
	307	315
	309	317
	313	321
	314	322
	315	323
	319	327
	67	65
	68	66
	324	332
	69	67
	325	333
	70	68
	71	69
	73	71
	329	337
	75	74
	77	75
	78	76
	81	79
	82	79
	84	79
	89	84
	90	85
	91	86
	92	87
	93	88
	95	90
	99	94
	100	95
	101	96
	102	97
	103	98
	104	99
	106	102
	108	103
	113	108
	114	109
	116	112
	117	113
	118	114
	119	115
	121	118
	123	119
	128	124
	129	125
	132	128
	133	129
	137	133
	138	148
	141	134
	142	135
	143	136
	144	137
	145	138
	147	141
	148	142
	149	143
	152	146
	153	148
	157	152
	166	161
	167	160
	168	176
	169	177
	171	179
	174	182
	175	183
	178	186
	179	187
	182	190
	183	191
	184	192
	185	193
	187	196
	188	197
	191	200
	192	201
	194	203
	197	206
	198	206
	199	207
	200	208
	201	209
	202	210
	203	211
	204	212
	205	213
	207	215
	208	215
	209	216
	210	217
	211	218
	212	219
	213	220
	214	221
	217	224
	218	224
	219	225
	220	226
	221	227
	222	228
	223	230
	224	231
	225	232
	227	235
	228	236
	232	240
	235	243
	236	244
	237	245
	240	248
	241	249
	242	250
	243	251
	246	254
	247	255
	249	258
	250	259
	251	260
	253	262
net/minecraft/client/render/entity/WitherSkeletonEntityRenderer	22	23
	17	19
	22	23
	12	15
	13	16
net/minecraft/client/render/entity/model/BipedEntityModel	426	422
	54	418
	55	419
	58	422
	71	78
	72	79
	75	82
	76	83
	77	84
	78	85
	79	86
	80	87
	81	88
	82	89
	83	90
	86	93
	87	94
	88	95
	89	97
	90	97
	91	98
	93	100
	94	101
	95	101
	98	103
	99	105
	100	105
	101	106
	103	108
	104	110
	105	110
	106	111
	108	113
	109	115
	110	115
	111	116
	113	118
	114	120
	115	120
	116	121
	118	123
	119	125
	120	125
	121	126
	123	128
	128	132
	130	133
	131	134
	132	135
	134	136
	136	137
	137	138
	139	139
	140	140
	141	141
	142	142
	145	145
	146	146
	147	147
	148	148
	150	149
	151	150
	152	151
	153	152
	154	153
	155	154
	157	155
	158	156
	159	157
	161	158
	162	159
	163	160
	165	161
	166	162
	167	163
	171	166
	172	167
	173	168
	174	169
	175	170
	177	172
	181	175
	182	176
	183	177
	184	178
	186	180
	187	181
	191	185
	193	186
	194	187
	195	188
	196	189
	197	190
	198	191
	199	192
	200	193
	201	194
	202	195
	205	198
	206	199
	208	202
	209	203
	212	206
	213	207
	216	208
	217	209
	218	210
	220	211
	221	212
	222	213
	223	214
	225	215
	226	216
	228	217
	229	218
	230	219
	231	220
	233	221
	234	222
	236	223
	237	224
	239	225
	240	226
	241	227
	242	228
	244	229
	245	230
	247	231
	248	232
	250	233
	251	234
	255	238
	256	239
	257	240
	258	241
	260	243
	263	246
	265	248
	266	249
	268	255
	269	256
	271	251
	272	252
	273	253
	275	264
	276	265
	277	266
	279	258
	280	259
	281	260
	282	261
	283	262
	285	268
	286	269
	288	271
	289	272
	291	282
	292	283
	295	274
	296	275
	297	276
	299	278
	300	279
	303	285
	306	288
	308	290
	309	291
	311	297
	312	298
	314	293
	315	294
	316	295
	318	306
	319	307
	320	308
	322	300
	323	301
	324	302
	325	303
	326	304
	328	310
	329	311
	331	313
	332	314
	334	324
	335	325
	338	316
	339	317
	340	318
	342	320
	343	321
	346	327
	349	330
	350	331
	351	332
	354	335
	355	336
	356	362
	359	337
	360	338
	362	339
	363	339
	364	340
	365	341
	367	344
	368	345
	369	346
	370	347
	371	348
	372	349
	373	350
	374	351
	376	352
	377	353
	378	354
	379	355
	380	356
	381	357
	382	358
	383	359
	384	360
	385	362
	388	365
	392	369
	393	370
	394	371
	395	372
	396	373
	397	374
	398	375
	401	378
	402	379
	403	380
	404	381
	405	382
	406	383
	407	384
	408	385
	412	389
	413	390
	414	391
	417	394
	418	394
	420	394
	426	399
net/minecraft/client/render/entity/state/ParrotEntityRenderState	0	0
net/minecraft/unused/packageinfo/PackageInfo8091	0	0
net/minecraft/client/font/FontType	32	31
	32	31
	22	22
	23	23
	24	24
	28	27
net/minecraft/client/render/entity/MooshroomEntityRenderer	40	39
	16	19
	17	20
	33	33
	18	21
	21	24
	38	37
	23	25
	39	38
	24	26
	40	39
	28	29
net/minecraft/client/render/item/property/numeric/UseDurationProperty	32	35
	32	35
	19	22
	20	25
	23	23
	28	31
	13	16
	14	16
	15	17
net/minecraft/client/util/TextureAllocationException	6	10
	5	9
	6	10
net/minecraft/client/render/entity/state/FallingBlockEntityRenderState	72	58
	49	42
	35	33
	67	54
	54	46
	55	46
	40	37
	72	58
	41	37
	57	46
	43	37
	30	29
	62	50
net/minecraft/client/render/debug/PathfindingDebugRenderer	163	210
	133	159
	134	160
	135	161
	136	162
	137	164
	138	177
	142	192
	145	195
	146	196
	148	197
	152	198
	153	199
	154	200
	155	201
	156	202
	158	203
	160	207
	163	210
	39	36
	40	37
	41	38
	42	39
	46	43
	47	59
	50	44
	51	46
	52	47
	53	48
	54	49
	57	52
	58	53
	59	54
	60	55
	63	59
	66	72
	68	73
	69	74
	70	76
	72	86
	73	87
	74	88
	75	89
	76	90
	77	91
	84	102
	89	112
	90	113
	91	114
	92	115
	100	116
	107	127
	111	136
	112	137
	120	138
	127	149
net/minecraft/client/network/ClientConnectionState	0	0
net/minecraft/client/font/FreeTypeUtil	70	69
	64	63
	65	64
	66	65
	67	66
	70	69
	19	19
	20	20
	21	21
	22	22
	23	23
	24	24
	27	28
	32	33
	33	34
	35	36
	38	39
	39	40
	40	41
	42	43
	46	48
	47	49
	48	49
	50	49
	54	53
	55	54
	56	55
	60	59
net/minecraft/client/tutorial/FindTreeTutorialStepHandler	101	96
	67	61
	68	62
	69	63
	71	65
	75	69
	76	70
	77	71
	78	72
	81	75
	85	79
	86	80
	88	82
	91	85
	95	89
	96	90
	97	91
	34	34
	98	92
	35	35
	101	96
	39	39
	41	40
	42	41
	43	57
	46	43
	47	44
	48	45
	49	46
	50	46
	51	47
	52	48
	57	52
	58	52
	59	53
	60	54
	63	57
net/minecraft/client/texture/atlas/UnstitchAtlasSource	114	109
	64	65
	65	67
	75	79
	76	80
	77	81
	78	82
	79	83
	84	87
	86	88
	87	89
	89	90
	90	91
	92	92
	93	93
	95	94
	32	28
	96	95
	33	29
	34	30
	35	31
	36	32
	37	34
	102	96
	103	97
	104	98
	41	39
	42	40
	106	100
	43	41
	107	103
	44	42
	108	103
	45	44
	46	45
	49	48
	113	108
	114	109
	51	50
	55	54
	59	60
	60	61
	61	62
	62	63
	63	64
net/minecraft/client/session/telemetry/PerformanceMetricsEvent	57	57
	18	18
	19	19
	21	21
	24	24
	25	25
	26	26
	27	27
	31	31
	32	32
	33	33
	34	34
	37	37
	38	38
	39	39
	40	40
	41	41
	45	45
	46	46
	47	47
	48	48
	49	49
	50	50
	51	51
	52	52
	53	53
	54	54
	57	57
net/minecraft/client/render/entity/ArrowEntityRenderer	29	29
	17	19
	22	23
	27	27
	12	15
	28	28
	13	16
	29	29
net/minecraft/client/render/entity/animation/AnimationDefinition	43	42
	16	14
	33	32
	34	33
	38	37
	39	38
	25	24
	43	42
	29	28
	30	29
net/minecraft/client/render/item/tint/TeamTintSource	38	39
	33	34
	18	19
	19	19
	20	19
	38	39
	24	24
	25	25
	26	26
	27	27
	28	28
	29	29
net/minecraft/client/realms/dto/RealmsDescriptionDto	18	20
	16	18
	17	19
	18	20
net/minecraft/client/gui/hud/MessageIndicator	65	65
	32	32
	64	64
	65	65
	36	36
	40	40
	41	41
	42	42
	46	46
	58	58
	59	59
	28	28
	60	60
	61	61
net/minecraft/client/render/model/ReferencedModelsCollector	278	238
	128	116
	257	224
	131	119
	132	121
	133	122
	134	123
	262	228
	135	125
	263	229
	136	126
	264	229
	138	127
	266	229
	139	128
	140	129
	141	130
	271	234
	272	235
	145	134
	276	236
	277	237
	278	238
	41	37
	42	38
	170	155
	171	156
	44	39
	46	40
	47	41
	48	42
	49	43
	50	44
	179	160
	52	46
	180	161
	181	162
	182	163
	55	49
	56	50
	186	167
	59	53
	63	57
	192	173
	67	61
	68	62
	69	63
	197	178
	70	64
	72	67
	203	183
	76	71
	77	72
	80	75
	208	187
	209	188
	82	76
	83	83
	211	188
	85	78
	86	79
	214	188
	87	80
	89	83
	218	192
	219	193
	92	86
	220	193
	222	193
	96	90
	98	91
	227	198
	101	92
	103	93
	104	94
	232	203
	105	95
	106	96
	108	98
	237	208
	110	100
	111	101
	242	213
	116	106
	118	107
	119	108
	247	218
	120	109
	121	110
	123	111
	125	113
	253	223
	254	224
	255	224
net/minecraft/client/gui/screen/AccessibilityOnboardingButtons	19	21
	16	21
	17	21
	18	21
	19	21
	8	13
	9	14
	10	15
	11	16
	15	20
net/minecraft/client/render/SkyRendering	290	311
	256	275
	262	283
	263	284
	264	285
	266	286
	267	287
	269	288
	270	289
	271	290
	273	295
	274	296
	275	297
	276	298
	277	299
	278	300
	279	301
	280	302
	282	304
	286	307
	287	308
	288	309
	289	310
	290	311
	52	48
	53	49
	55	51
	56	52
	57	53
	58	55
	59	56
	61	59
	62	60
	63	62
	64	63
	67	66
	70	69
	71	70
	73	73
	74	74
	75	76
	76	77
	77	78
	78	79
	80	80
	82	81
	83	82
	87	83
	90	84
	92	85
	93	85
	94	85
	96	86
	97	87
	98	88
	99	89
	101	93
	102	94
	103	95
	109	103
	111	104
	112	106
	113	107
	115	109
	118	112
	119	114
	120	115
	121	119
	122	120
	123	121
	124	122
	125	123
	126	124
	128	126
	131	129
	132	130
	133	131
	134	132
	136	134
	137	135
	138	139
	139	140
	140	141
	141	142
	142	143
	143	144
	146	147
	147	148
	150	153
	151	154
	152	155
	153	156
	154	157
	155	158
	156	159
	157	160
	159	163
	160	164
	163	167
	164	168
	165	169
	166	170
	167	171
	168	172
	169	173
	170	174
	171	175
	172	176
	175	179
	176	180
	177	181
	178	182
	179	183
	180	184
	181	185
	182	186
	183	187
	184	188
	185	189
	186	190
	187	191
	188	192
	189	193
	190	194
	193	197
	194	198
	195	199
	196	200
	198	201
	199	202
	200	203
	201	204
	203	209
	204	210
	205	211
	206	212
	207	213
	208	214
	209	215
	211	218
	212	219
	215	222
	216	223
	217	224
	218	225
	219	226
	221	227
	222	228
	223	229
	224	230
	225	231
	226	232
	227	234
	228	235
	229	236
	230	237
	231	238
	233	241
	234	242
	237	246
	238	247
	239	249
	240	250
	241	251
	242	253
	243	256
	244	259
	245	262
	246	265
	249	268
	250	269
	251	270
	252	271
	255	274
net/minecraft/client/data/ItemModelGenerator	958	844
	78	69
	102	73
	103	74
	104	75
	107	78
	108	79
	111	82
	115	86
	116	87
	119	90
	123	94
	127	98
	128	99
	131	102
	132	103
	135	106
	137	106
	138	106
	141	107
	142	108
	145	111
	146	112
	147	113
	149	115
	150	116
	151	117
	152	118
	155	121
	156	122
	160	126
	162	128
	163	130
	164	131
	165	132
	166	133
	167	134
	168	135
	172	139
	175	142
	176	142
	179	142
	182	143
	185	146
	186	147
	187	148
	189	150
	190	151
	191	152
	194	155
	195	157
	196	159
	197	160
	198	161
	201	164
	204	167
	208	171
	212	175
	213	176
	216	179
	217	180
	218	181
	220	182
	222	184
	224	185
	225	186
	228	188
	229	189
	230	190
	232	192
	233	193
	236	196
	240	200
	241	201
	242	202
	244	204
	245	205
	248	208
	249	208
	255	209
	258	212
	260	213
	261	214
	263	215
	264	216
	266	216
	269	218
	275	219
	278	219
	280	220
	283	223
	284	224
	288	228
	289	229
	290	230
	291	231
	293	233
	294	235
	295	236
	296	237
	300	238
	301	238
	306	243
	309	246
	310	247
	311	248
	312	249
	313	250
	314	251
	316	253
	317	255
	319	257
	320	258
	321	259
	324	260
	325	260
	329	264
	330	265
	333	268
	336	271
	337	271
	343	272
	346	275
	347	276
	349	277
	350	278
	353	281
	354	282
	355	283
	356	284
	357	288
	361	292
	362	293
	363	294
	365	297
	368	300
	369	301
	371	302
	372	303
	375	306
	376	307
	378	308
	379	309
	382	312
	383	312
	387	313
	388	314
	392	316
	393	317
	396	320
	399	323
	404	328
	406	329
	407	330
	408	331
	411	334
	413	335
	414	336
	417	338
	418	339
	422	341
	424	342
	425	343
	428	346
	429	347
	432	350
	434	350
	435	350
	437	351
	438	352
	441	355
	443	355
	444	355
	446	356
	447	357
	450	360
	451	361
	452	362
	455	365
	456	366
	458	367
	460	368
	461	369
	463	371
	464	373
	465	374
	466	375
	467	376
	470	379
	473	382
	474	383
	475	384
	476	385
	477	386
	478	387
	479	388
	480	389
	481	390
	482	391
	483	392
	484	393
	485	394
	486	395
	487	396
	488	397
	489	398
	490	399
	491	400
	492	401
	493	402
	494	403
	495	404
	496	405
	497	406
	498	407
	499	408
	500	409
	501	410
	502	411
	503	412
	504	413
	505	414
	506	415
	507	416
	508	417
	510	418
	512	419
	513	420
	514	421
	516	422
	517	423
	519	424
	520	425
	521	426
	522	427
	523	428
	524	429
	525	430
	526	431
	527	432
	528	433
	529	434
	530	435
	531	436
	532	437
	533	438
	534	439
	535	440
	536	441
	537	442
	538	443
	539	444
	540	445
	541	446
	542	447
	543	448
	544	449
	545	450
	546	451
	547	452
	548	453
	549	454
	550	455
	551	456
	552	457
	553	458
	554	459
	555	460
	556	461
	557	462
	558	463
	559	464
	560	465
	561	466
	562	467
	563	468
	564	469
	565	470
	566	471
	567	472
	568	473
	569	474
	570	475
	571	476
	572	477
	573	478
	574	479
	575	480
	576	481
	577	482
	578	483
	579	484
	580	485
	581	486
	582	487
	583	488
	584	489
	585	490
	586	491
	587	492
	588	493
	589	494
	590	495
	591	496
	592	497
	593	498
	594	499
	595	500
	596	501
	597	502
	598	503
	599	504
	600	505
	601	506
	602	507
	603	508
	604	509
	605	510
	606	511
	607	512
	608	513
	609	514
	610	515
	611	516
	612	517
	613	518
	614	519
	615	520
	616	521
	617	522
	618	523
	619	524
	620	525
	621	526
	622	527
	623	528
	624	529
	625	530
	626	531
	627	532
	628	533
	629	534
	630	535
	631	536
	632	537
	633	538
	634	539
	635	540
	636	541
	637	542
	638	543
	639	544
	640	545
	641	546
	642	547
	643	548
	644	549
	645	550
	646	551
	647	552
	648	553
	649	554
	650	555
	651	556
	652	557
	653	558
	654	559
	655	560
	656	561
	657	562
	658	563
	659	564
	660	565
	661	566
	662	567
	663	568
	664	569
	665	570
	666	571
	667	572
	668	573
	669	574
	670	575
	671	576
	672	577
	673	578
	674	579
	675	580
	676	581
	677	582
	678	583
	679	584
	680	585
	681	586
	682	587
	683	588
	684	589
	685	590
	686	591
	687	592
	688	593
	689	594
	690	595
	691	596
	692	597
	693	598
	694	599
	695	600
	696	601
	697	602
	698	603
	699	604
	700	605
	701	606
	702	607
	703	608
	704	609
	705	610
	706	611
	707	612
	708	613
	709	614
	710	615
	711	616
	712	617
	713	618
	714	619
	715	620
	716	621
	717	622
	718	623
	719	624
	720	625
	721	626
	723	627
	724	628
	725	629
	726	630
	727	631
	728	632
	729	633
	730	634
	731	635
	732	636
	733	637
	734	638
	735	639
	736	640
	737	641
	738	642
	739	643
	740	644
	741	645
	743	646
	744	647
	746	648
	748	649
	749	650
	750	651
	751	652
	753	653
	754	654
	755	655
	756	656
	758	657
	759	658
	760	659
	761	660
	763	661
	764	662
	765	663
	766	664
	768	665
	769	666
	770	667
	771	668
	773	669
	774	670
	775	671
	776	672
	778	673
	780	674
	781	675
	782	676
	783	677
	784	678
	785	679
	786	680
	787	681
	788	682
	789	683
	790	684
	791	685
	792	686
	793	687
	794	688
	795	689
	796	690
	797	691
	798	692
	799	693
	800	694
	801	695
	802	696
	803	697
	804	698
	805	699
	807	700
	808	701
	810	702
	811	703
	812	704
	813	705
	814	706
	815	707
	816	708
	817	709
	818	710
	819	711
	820	712
	821	713
	822	714
	823	715
	824	716
	825	717
	826	718
	828	719
	829	720
	830	721
	832	722
	833	723
	834	724
	835	725
	836	726
	837	727
	838	728
	839	729
	840	730
	841	731
	842	732
	843	733
	844	734
	845	735
	846	736
	847	737
	849	738
	850	739
	851	740
	852	741
	853	742
	854	743
	855	744
	857	745
	858	746
	859	747
	860	748
	862	749
	863	750
	864	751
	865	752
	866	753
	867	754
	868	755
	869	756
	870	757
	871	758
	872	759
	873	760
	874	761
	875	762
	876	763
	877	764
	878	765
	879	766
	880	767
	881	768
	882	769
	883	770
	884	771
	885	772
	886	773
	887	774
	888	775
	889	776
	890	777
	891	778
	892	779
	893	780
	894	781
	895	782
	896	783
	897	784
	898	785
	899	786
	900	787
	901	788
	902	789
	903	790
	904	791
	905	792
	906	793
	907	794
	908	795
	909	796
	910	797
	911	798
	912	799
	913	800
	914	801
	915	802
	916	803
	917	804
	918	805
	919	806
	920	807
	921	808
	922	809
	923	810
	924	811
	925	812
	926	813
	927	814
	928	815
	929	816
	930	817
	931	818
	932	819
	933	820
	934	821
	935	822
	936	823
	937	824
	938	825
	939	826
	940	827
	941	828
	942	829
	943	830
	945	831
	946	832
	947	833
	948	834
	949	835
	950	836
	951	837
	952	838
	953	839
	954	840
	955	841
	956	842
	957	843
	958	844
net/minecraft/client/render/entity/MinecartEntityRenderer	14	16
	9	12
	10	13
	14	16
net/minecraft/client/realms/SizeUnit	48	49
	34	34
	38	38
	39	39
	40	40
	42	42
	43	43
	44	44
	15	20
	16	21
	48	49
	20	24
	21	25
	23	26
	24	27
	25	28
	30	34
	31	34
net/minecraft/client/session/telemetry/TelemetryManager	115	101
	67	66
	68	67
	71	69
	72	70
	73	71
	76	73
	77	74
	78	74
	81	75
	82	76
	83	90
	86	77
	87	78
	88	79
	89	80
	26	29
	90	81
	27	30
	28	31
	92	82
	94	83
	95	84
	97	88
	100	85
	102	86
	40	41
	104	88
	41	42
	105	90
	43	43
	44	44
	45	45
	109	96
	46	46
	47	47
	48	48
	49	49
	50	50
	114	100
	51	51
	115	101
	52	52
	54	53
	55	54
	56	55
	59	58
	63	62
net/minecraft/client/render/entity/model/RabbitEntityModel	124	164
	35	87
	36	88
	37	89
	38	90
	39	91
	40	92
	41	93
	44	96
	45	97
	47	98
	48	100
	49	100
	50	101
	52	103
	53	105
	54	105
	55	106
	57	108
	58	110
	59	110
	60	111
	62	113
	63	115
	64	115
	65	116
	67	118
	68	120
	69	120
	70	121
	72	123
	73	125
	74	125
	75	126
	77	128
	78	130
	79	130
	80	131
	82	133
	83	134
	84	134
	85	134
	87	136
	88	138
	89	138
	90	139
	92	141
	93	143
	94	143
	95	144
	97	146
	98	148
	99	148
	100	149
	102	151
	103	151
	104	151
	108	152
	113	156
	115	157
	116	158
	118	159
	120	160
	121	161
	122	162
	123	163
	124	164
net/minecraft/client/resource/server/ReloadScheduler	0	0
net/minecraft/client/gl/PostEffectPass	184	210
	128	150
	129	151
	135	158
	146	206
	150	210
	156	168
	157	169
	158	170
	160	172
	165	178
	166	179
	40	42
	41	43
	42	44
	170	183
	43	45
	171	184
	45	47
	173	186
	46	48
	47	49
	177	190
	50	50
	178	191
	51	52
	179	192
	52	53
	180	193
	181	194
	54	56
	182	195
	55	58
	56	59
	184	197
	57	61
	58	62
	60	66
	64	71
	65	72
	68	75
	70	77
	71	78
	74	81
	75	82
	76	83
	79	85
	80	87
	82	88
	83	89
	85	90
	86	93
	87	96
	88	97
	89	98
	90	100
	91	101
	96	105
	97	106
	98	107
	99	110
	100	116
	101	117
	102	118
	103	120
	104	121
	106	124
	107	125
	108	127
	109	128
	111	131
	113	134
	115	135
	117	137
	118	138
	120	140
	121	143
	125	146
	126	147
net/minecraft/client/render/entity/model/FrogEntityModel	172	118
	128	88
	129	89
	130	89
	131	89
	134	91
	135	92
	136	92
	137	92
	140	94
	141	95
	142	95
	143	95
	146	97
	147	99
	148	99
	149	100
	152	102
	157	106
	159	107
	160	108
	161	109
	163	110
	164	111
	38	38
	166	113
	169	116
	171	117
	172	118
	49	39
	50	40
	51	41
	52	42
	53	43
	54	44
	55	45
	58	48
	59	49
	61	50
	62	50
	63	50
	65	51
	66	53
	67	53
	68	53
	69	54
	71	56
	72	58
	73	58
	74	58
	75	59
	77	61
	78	61
	79	61
	81	62
	82	63
	83	63
	84	63
	86	65
	87	66
	88	66
	89	66
	92	68
	93	70
	94	70
	95	71
	98	73
	99	74
	100	74
	101	74
	104	76
	105	77
	106	77
	107	77
	110	79
	111	80
	112	80
	113	80
	116	82
	117	83
	118	83
	119	83
	122	85
	123	86
	124	86
	125	86
net/minecraft/client/world/BiomeColorCache	165	173
	128	74
	130	76
	131	78
	135	81
	136	82
	138	85
	139	86
	140	87
	143	90
	144	93
	146	93
	149	97
	150	98
	151	116
	153	99
	26	127
	155	100
	156	101
	28	130
	157	102
	29	131
	158	103
	30	132
	161	107
	33	135
	162	108
	34	138
	36	138
	165	113
	39	142
	41	144
	46	151
	47	152
	48	153
	52	157
	56	161
	57	162
	62	173
	79	25
	80	26
	83	29
	84	30
	86	31
	87	32
	88	33
	89	34
	90	35
	92	38
	94	39
	95	40
	96	41
	97	42
	98	43
	99	44
	101	46
	102	47
	103	48
	108	54
	110	56
	111	57
	112	58
	113	59
	114	60
	115	61
	120	66
	121	68
	126	72
	127	73
net/minecraft/client/gui/navigation/NavigationAxis	30	33
	16	19
	17	20
	18	21
	23	26
	24	27
	9	12
	25	28
	10	13
	11	14
	30	33
net/minecraft/client/render/entity/SpiderEntityRenderer	42	42
	16	19
	19	22
	36	37
	21	23
	22	24
	41	41
	26	28
	42	42
	15	18
	31	33
net/minecraft/client/render/entity/SilverfishEntityRenderer	28	30
	18	21
	23	26
	28	30
	13	16
	14	17
net/minecraft/client/render/entity/CamelEntityRenderer	48	51
	33	38
	38	42
	39	43
	40	44
	42	45
	43	46
	44	47
	45	48
	46	49
	47	50
	48	51
	17	20
	18	21
	20	26
	21	27
	22	28
	24	31
	28	34
net/minecraft/client/gui/screen/ingame/EnchantmentScreen	234	230
	57	57
	58	58
	62	62
	63	63
	64	64
	68	68
	69	69
	70	70
	71	71
	75	75
	76	76
	77	78
	78	79
	79	80
	80	81
	81	81
	82	82
	83	83
	87	87
	92	92
	93	93
	94	94
	95	95
	97	96
	99	97
	100	99
	101	100
	102	101
	104	102
	105	103
	106	104
	109	106
	110	107
	111	108
	112	109
	114	110
	115	111
	116	112
	117	113
	118	114
	120	116
	121	117
	122	118
	123	119
	124	120
	126	122
	128	125
	129	126
	130	127
	132	130
	134	133
	137	136
	138	137
	139	138
	141	139
	142	140
	143	141
	144	142
	145	143
	146	144
	150	148
	151	149
	152	150
	154	151
	155	152
	157	154
	158	155
	160	156
	161	161
	164	162
	166	163
	167	164
	168	165
	170	166
	172	167
	173	168
	174	169
	175	170
	178	173
	179	174
	181	176
	183	179
	186	181
	187	182
	189	184
	191	187
	195	191
	196	192
	199	196
	202	199
	204	200
	205	201
	207	204
	208	205
	211	208
	212	209
	214	210
	215	212
	216	213
	217	214
	221	218
	222	219
	224	221
	226	224
	228	225
	229	226
	230	227
	231	228
	233	229
	234	230
net/minecraft/client/realms/gui/screen/tab/RealmsUpdatableTab	12	15
	9	12
	12	15
net/minecraft/client/render/item/property/numeric/CompassProperty	30	31
	16	17
	17	18
	20	21
	21	22
	25	26
	11	13
	30	31
net/minecraft/client/render/entity/feature/EndermanBlockFeatureRenderer	40	41
	32	33
	33	34
	34	35
	35	36
	36	37
	38	38
	39	39
	40	41
	17	21
	18	22
	19	23
	23	28
	24	29
	25	41
	28	30
	30	31
	31	32
net/minecraft/client/render/item/model/CompositeItemModel	51	64
	33	46
	34	46
	35	47
	39	52
	44	57
	45	58
	47	60
	17	22
	18	23
	51	64
	22	35
	24	36
	25	38
	26	39
	28	41
net/minecraft/client/gui/screen/world/EditWorldScreen	207	176
	64	62
	65	63
	69	67
	70	68
	71	69
	73	70
	74	71
	75	72
	76	73
	77	74
	80	75
	81	76
	82	77
	83	77
	84	77
	85	79
	86	79
	87	79
	88	79
	91	80
	92	81
	93	81
	94	82
	95	83
	96	84
	97	84
	98	84
	99	84
	101	86
	102	86
	103	86
	105	86
	106	86
	108	87
	109	87
	110	88
	112	89
	113	90
	114	90
	115	90
	117	91
	118	91
	119	92
	120	93
	122	96
	123	97
	124	98
	126	101
	127	102
	128	102
	129	102
	131	103
	132	103
	133	103
	134	104
	135	105
	138	108
	139	109
	140	109
	141	109
	142	109
	145	110
	146	111
	148	113
	149	115
	153	119
	154	120
	158	124
	159	125
	163	129
	164	130
	165	131
	169	135
	170	136
	174	140
	175	141
	176	142
	177	143
	179	146
	180	147
	183	150
	184	151
	186	154
	187	155
	188	156
	191	159
	192	160
	193	161
	194	162
	195	163
	197	165
	198	166
	199	167
	200	168
	205	174
	206	175
	207	176
net/minecraft/client/render/entity/model/ArmorEntityModel	30	32
	14	16
	15	17
	18	20
	19	21
	20	22
	21	24
	22	24
	23	25
	25	27
	26	29
	27	29
	28	30
	30	32
net/minecraft/client/render/entity/state/CreakingEntityRenderState	0	0
net/minecraft/client/resource/server/DownloadQueuer	0	0
net/minecraft/client/gl/GlCommandEncoder	864	990
	54	55
	55	56
	56	57
	57	58
	61	62
	66	69
	67	70
	69	72
	70	73
	72	76
	73	77
	75	78
	76	79
	78	80
	79	81
	81	83
	82	84
	83	85
	85	88
	86	89
	88	92
	89	93
	93	97
	94	98
	95	99
	96	101
	97	102
	98	103
	99	104
	100	105
	101	106
	103	109
	104	110
	105	111
	107	114
	108	115
	109	116
	110	117
	111	118
	113	121
	114	122
	115	123
	120	130
	121	131
	124	133
	126	134
	127	135
	128	136
	129	137
	130	138
	131	139
	132	140
	133	142
	137	146
	138	147
	141	149
	142	150
	144	151
	145	152
	146	153
	147	154
	148	155
	149	156
	150	157
	151	158
	152	159
	153	161
	157	165
	158	166
	161	168
	162	169
	164	170
	166	171
	167	172
	168	173
	169	174
	170	175
	171	176
	172	177
	173	178
	174	179
	175	180
	176	182
	179	185
	180	186
	182	187
	183	188
	185	189
	186	190
	188	191
	189	192
	191	193
	192	194
	194	195
	195	196
	197	198
	201	202
	202	203
	205	205
	207	206
	208	207
	209	208
	210	209
	211	210
	212	211
	213	212
	214	213
	215	214
	216	216
	219	219
	220	220
	222	221
	223	222
	225	223
	226	224
	228	225
	229	226
	231	228
	234	231
	235	232
	237	233
	238	234
	240	235
	241	236
	243	237
	244	238
	246	240
	250	244
	251	245
	254	247
	255	248
	256	249
	258	250
	259	251
	262	253
	263	254
	264	256
	266	258
	267	261
	270	269
	271	273
	275	277
	280	282
	281	283
	284	285
	285	286
	286	287
	288	288
	289	289
	291	290
	292	291
	294	292
	295	293
	297	294
	298	297
	301	305
	302	306
	303	307
	305	310
	306	311
	308	314
	313	321
	314	322
	317	324
	318	325
	319	326
	320	327
	321	328
	324	330
	325	331
	326	332
	327	333
	328	334
	331	335
	332	337
	335	339
	336	342
	339	349
	340	352
	343	360
	344	364
	348	368
	349	369
	350	370
	351	372
	353	374
	354	375
	356	376
	357	377
	360	379
	361	381
	365	385
	366	386
	369	387
	370	430
	372	388
	373	391
	375	403
	376	405
	378	407
	379	408
	381	409
	382	410
	384	411
	385	412
	389	415
	390	416
	391	417
	393	419
	394	420
	396	423
	397	424
	398	425
	399	426
	400	427
	401	432
	405	436
	406	437
	409	438
	410	481
	412	439
	413	441
	415	443
	416	446
	418	458
	419	459
	421	460
	422	461
	424	462
	425	463
	429	466
	430	467
	431	468
	433	470
	434	471
	436	474
	437	475
	438	476
	439	477
	440	478
	441	483
	445	487
	446	488
	449	490
	450	492
	454	496
	455	497
	458	498
	459	553
	461	499
	462	502
	464	512
	465	513
	467	514
	468	515
	470	516
	471	519
	473	531
	474	532
	476	533
	477	534
	479	535
	480	536
	484	538
	485	539
	486	540
	487	541
	488	542
	489	543
	490	544
	491	545
	492	546
	494	547
	495	548
	496	549
	498	555
	502	559
	503	560
	506	561
	507	625
	509	562
	510	565
	512	577
	513	580
	515	592
	516	593
	518	594
	519	595
	521	596
	522	597
	524	598
	525	599
	527	600
	528	601
	530	602
	531	603
	535	605
	536	606
	537	607
	538	608
	539	609
	540	610
	541	611
	542	612
	544	617
	545	618
	546	620
	548	627
	552	631
	553	632
	555	633
	556	634
	558	635
	559	636
	561	637
	562	638
	565	640
	566	641
	567	642
	568	643
	569	644
	570	645
	571	662
	575	666
	576	667
	578	669
	582	681
	583	720
	586	682
	587	683
	590	686
	591	687
	592	688
	593	689
	594	690
	595	691
	596	692
	598	695
	599	696
	601	699
	603	700
	605	703
	606	704
	609	708
	610	709
	611	710
	612	711
	613	712
	615	714
	617	717
	619	720
	622	725
	623	756
	626	726
	627	727
	628	728
	629	729
	631	732
	632	733
	634	736
	635	737
	638	741
	640	742
	642	745
	643	746
	645	749
	646	750
	650	754
	651	756
	654	767
	656	768
	657	769
	658	770
	659	771
	660	773
	662	777
	664	780
	665	782
	667	785
	669	787
	670	788
	672	790
	674	792
	677	795
	679	796
	680	797
	683	800
	684	801
	687	804
	688	805
	689	806
	693	807
	694	808
	697	811
	698	812
	699	813
	701	816
	702	817
	705	821
	706	822
	707	823
	709	826
	710	827
	715	833
	716	834
	717	835
	718	836
	719	837
	720	838
	721	841
	722	842
	723	845
	724	846
	729	851
	730	852
	732	854
	733	855
	739	858
	740	859
	742	860
	744	861
	745	862
	746	863
	747	864
	750	867
	751	868
	752	869
	754	870
	755	872
	756	873
	759	874
	760	875
	762	878
	763	880
	764	881
	766	884
	767	885
	768	886
	769	887
	770	888
	773	891
	774	893
	775	894
	779	898
	780	899
	782	902
	783	903
	785	905
	786	906
	787	907
	789	909
	790	910
	792	913
	793	914
	794	915
	798	922
	800	923
	801	924
	802	925
	804	927
	806	930
	811	934
	812	981
	814	935
	816	936
	817	937
	818	938
	820	940
	823	943
	824	944
	826	946
	829	949
	830	950
	831	951
	832	953
	834	959
	837	962
	838	963
	839	964
	841	965
	842	968
	843	969
	845	966
	848	972
	849	974
	851	977
	852	978
	855	981
	858	984
	859	985
	860	986
	861	987
	864	990
net/minecraft/client/render/entity/model/CreakingEntityModel	98	115
	65	77
	66	79
	68	82
	69	87
	70	89
	72	93
	76	97
	77	98
	82	102
	83	103
	84	104
	85	105
	87	106
	89	109
	90	110
	91	111
	92	112
	30	27
	31	28
	95	115
	32	29
	96	115
	33	30
	34	31
	98	115
	36	32
	37	33
	38	34
	39	35
	40	36
	43	39
	44	40
	46	41
	48	42
	50	43
	51	48
	52	50
	53	52
	55	56
	56	58
	58	61
	59	63
	61	66
	62	71
	63	73
net/minecraft/client/texture/atlas/Atlases	0	0
net/minecraft/client/util/math/Vector2f	22	25
	17	21
	22	25
	8	12
	9	13
	10	14
	13	17
net/minecraft/unused/packageinfo/PackageInfo8501	0	0
net/minecraft/client/realms/gui/screen/tab/RealmsSettingsTab	173	177
	128	134
	129	135
	130	136
	134	140
	135	141
	139	145
	140	146
	141	147
	144	150
	145	151
	146	152
	149	155
	150	156
	151	157
	153	158
	154	159
	155	160
	156	161
	157	162
	161	166
	162	167
	165	170
	166	171
	167	172
	168	173
	169	174
	170	177
	172	175
	173	177
	51	54
	52	55
	53	56
	54	57
	55	58
	57	59
	59	60
	60	61
	61	62
	62	63
	64	64
	65	65
	66	66
	67	67
	68	68
	70	69
	71	70
	73	71
	74	72
	75	73
	76	74
	78	75
	79	76
	81	80
	83	81
	84	85
	85	87
	86	88
	87	88
	89	89
	90	90
	91	91
	93	95
	94	96
	96	98
	97	103
	99	104
	100	105
	103	108
	104	109
	105	110
	106	111
	110	115
	111	116
	112	117
	114	119
	118	124
	119	125
	122	128
	123	129
	124	130
	127	133
net/minecraft/client/gui/screen/ingame/CreativeInventoryListener	22	23
	17	19
	18	20
	22	23
	12	15
	13	16
net/minecraft/client/gui/screen/ChatScreen	259	249
	256	243
	259	249
	38	41
	39	42
	40	43
	44	47
	45	48
	48	51
	51	54
	52	55
	53	56
	54	57
	55	58
	56	59
	58	60
	59	61
	60	62
	61	63
	65	67
	66	68
	70	72
	71	73
	72	74
	74	75
	75	76
	79	80
	80	81
	83	84
	84	85
	85	86
	86	87
	91	91
	92	92
	95	93
	96	94
	99	95
	100	96
	101	97
	102	98
	103	99
	104	100
	105	101
	106	102
	107	103
	108	104
	109	105
	110	106
	111	107
	112	108
	113	109
	114	110
	115	111
	116	112
	117	113
	119	115
	124	121
	125	122
	126	123
	128	125
	129	126
	131	129
	132	130
	137	136
	138	137
	141	139
	142	140
	143	141
	144	142
	147	145
	148	146
	149	147
	150	148
	154	152
	155	152
	157	152
	162	158
	163	159
	165	161
	167	163
	170	166
	171	167
	173	168
	174	169
	175	183
	178	170
	179	171
	180	172
	181	183
	184	174
	185	175
	188	178
	189	179
	190	180
	191	183
	195	187
	196	188
	198	189
	199	190
	201	191
	202	192
	203	193
	205	195
	206	196
	207	197
	210	200
	215	204
	219	208
	223	212
	224	213
	228	217
	229	218
	230	219
	231	220
	232	221
	234	223
	238	227
	242	231
	243	232
	244	243
	247	233
	248	234
	251	237
	252	238
	254	240
net/minecraft/client/render/entity/ZombieVillagerEntityRenderer	53	55
	35	40
	40	44
	45	48
	46	49
	15	19
	47	50
	48	51
	17	21
	49	52
	18	22
	53	55
	23	26
	24	29
	25	30
	26	31
	27	32
	28	33
	30	36
	31	37
net/minecraft/client/realms/dto/RealmsServerPlayerList	96	87
	64	58
	65	59
	69	63
	70	64
	72	66
	73	67
	74	68
	75	69
	77	71
	78	72
	79	73
	81	75
	82	76
	88	82
	92	86
	93	87
	94	87
	31	30
	32	31
	96	87
	35	34
	37	35
	38	36
	40	36
	42	37
	43	38
	45	40
	46	41
	48	42
	49	43
	51	45
	54	48
	57	51
	60	54
	61	55
net/minecraft/client/gui/widget/ContainerWidget	80	83
	34	35
	68	71
	69	72
	39	40
	40	41
	42	44
	74	77
	43	45
	45	48
	46	49
	79	82
	80	83
	18	19
	19	20
	51	54
	23	24
	56	59
	57	60
	28	29
	29	30
	62	65
	63	66
com/mojang/blaze3d/vertex/VertexFormatElement	114	119
	67	72
	81	115
	82	116
	86	119
	26	40
	27	41
	28	42
	30	44
	31	45
	32	46
	35	31
	36	26
	37	27
	39	28
	40	29
	104	90
	105	91
	42	37
	106	92
	45	51
	109	95
	50	55
	114	99
	54	59
	58	63
	63	68
net/minecraft/client/render/item/property/numeric/CooldownProperty	21	23
	16	18
	21	23
net/minecraft/client/gui/screen/ingame/BeaconScreen	311	318
	258	311
	259	312
	260	313
	261	314
	263	316
	265	318
	272	288
	273	289
	274	290
	278	294
	279	295
	284	212
	285	213
	289	217
	290	220
	291	221
	295	225
	296	226
	301	196
	302	197
	48	49
	50	50
	306	201
	51	51
	307	202
	53	52
	311	206
	56	54
	60	57
	61	58
	62	59
	64	61
	67	64
	68	65
	69	66
	73	70
	75	71
	76	72
	77	73
	79	75
	80	76
	81	77
	83	79
	84	80
	85	82
	86	84
	87	85
	90	89
	92	90
	93	91
	95	93
	96	94
	97	95
	98	96
	99	97
	103	100
	104	102
	105	104
	106	105
	107	106
	111	110
	112	111
	113	112
	116	115
	117	116
	118	117
	122	121
	123	122
	124	123
	128	127
	129	128
	130	129
	131	130
	132	131
	133	132
	134	133
	135	134
	136	135
	140	139
	141	140
	142	141
	152	148
	153	149
	156	152
	157	153
	162	158
	163	159
	164	160
	165	161
	166	162
	167	163
	169	165
	172	168
	173	169
	174	170
	179	175
	183	179
	184	180
	188	184
	189	185
	199	237
	200	238
	201	239
	202	240
	203	241
	206	244
	207	245
	208	246
	209	247
	212	250
	217	255
	218	264
	221	256
	222	257
	224	259
	226	262
	227	264
	231	268
	232	269
	236	273
	237	274
	238	275
	242	279
	248	301
	249	302
	253	306
net/minecraft/client/particle/CampfireSmokeParticle	77	77
	69	70
	70	71
	8	11
	9	12
	10	13
	74	74
	11	14
	75	75
	12	15
	76	76
	77	77
	14	17
	16	20
	17	21
	18	22
	19	23
	20	24
	24	28
	25	29
	26	30
	28	31
	29	40
	30	42
	33	32
	34	33
	35	34
	37	35
	39	36
	40	37
	42	42
	46	46
	53	54
	54	55
	58	58
	59	59
	60	60
	61	61
net/minecraft/client/realms/exception/upload/CloseFailureRealmsUploadException	8	12
	8	12
net/minecraft/client/render/entity/model/IllagerEntityModel	213	188
	27	29
	28	30
	29	31
	30	32
	31	33
	32	34
	33	35
	34	36
	35	37
	36	38
	39	41
	40	42
	42	43
	43	44
	44	44
	45	44
	47	46
	48	47
	49	47
	53	49
	54	50
	55	50
	56	50
	58	52
	59	54
	60	55
	61	57
	62	59
	64	61
	65	63
	66	63
	67	63
	68	64
	70	66
	71	66
	72	66
	75	67
	76	68
	77	68
	78	68
	80	70
	81	72
	82	72
	83	73
	85	75
	86	77
	87	77
	88	78
	90	80
	91	82
	92	82
	93	83
	96	85
	101	89
	103	90
	104	91
	106	92
	107	93
	108	94
	109	95
	111	96
	112	97
	113	98
	115	99
	116	100
	117	101
	119	102
	120	103
	121	104
	123	106
	124	107
	125	108
	126	109
	127	110
	129	111
	130	112
	131	113
	133	114
	134	115
	135	116
	137	117
	138	118
	139	119
	142	122
	144	123
	145	124
	146	125
	148	128
	150	131
	151	132
	152	133
	153	134
	154	135
	155	136
	156	137
	157	138
	158	139
	160	140
	161	141
	162	142
	163	143
	164	144
	165	145
	166	146
	167	147
	168	148
	169	149
	170	150
	171	151
	172	152
	173	153
	174	154
	175	155
	176	156
	177	157
	179	158
	180	159
	181	160
	182	161
	183	162
	186	165
	187	166
	188	167
	189	168
	190	169
	193	172
	194	172
	196	172
	201	176
	206	181
	211	186
	212	187
	213	188
net/minecraft/client/render/entity/model/EndermiteEntityModel	69	88
	32	46
	64	82
	65	84
	34	48
	66	85
	35	49
	67	86
	37	51
	69	88
	40	54
	44	58
	45	59
	47	60
	48	62
	49	63
	50	65
	51	66
	52	70
	54	72
	55	73
	59	77
net/minecraft/client/render/entity/SlimeEntityRenderer	54	49
	33	31
	34	32
	35	33
	36	34
	37	35
	41	38
	46	42
	16	19
	18	20
	19	21
	51	46
	52	47
	53	48
	54	49
	23	24
	29	28
	30	29
	31	30
net/minecraft/client/texture/Sprite	132	127
	64	63
	128	123
	68	66
	132	127
	69	67
	73	71
	74	72
	77	73
	81	77
	82	78
	86	82
	87	83
	24	25
	25	26
	26	27
	91	87
	28	28
	29	29
	31	30
	95	91
	32	31
	33	32
	34	33
	35	34
	99	95
	100	96
	38	37
	104	100
	105	101
	42	41
	109	105
	46	45
	50	49
	114	109
	54	53
	118	113
	119	114
	58	57
	122	117
	123	118
	124	119
	63	62
net/minecraft/client/gui/screen/recipebook/AbstractFurnaceRecipeBookWidget	65	64
	32	33
	64	63
	33	34
	65	64
	37	38
	38	39
	39	40
	45	46
	47	47
	48	48
	49	49
	50	50
	51	51
	55	54
	26	27
	27	28
	59	58
	28	29
net/minecraft/client/render/entity/feature/PlayerHeldItemFeatureRenderer	58	57
	32	32
	33	33
	34	37
	36	39
	38	42
	41	45
	43	46
	44	47
	45	48
	46	49
	47	50
	48	51
	50	52
	52	53
	53	54
	23	25
	55	55
	24	26
	57	56
	58	57
	28	31
	29	42
net/minecraft/client/gui/tooltip/TooltipState	68	66
	33	31
	65	63
	66	64
	68	66
	37	35
	38	36
	39	54
	42	38
	43	39
	44	40
	45	41
	46	42
	48	45
	51	48
	52	49
	54	54
	24	22
	25	23
	57	57
	58	58
	28	26
	60	59
	29	27
net/minecraft/client/render/entity/state/GhastEntityRenderState	0	0
net/minecraft/client/render/entity/state/CreeperEntityRenderState	0	0
net/minecraft/client/realms/util/TextRenderingUtils	176	172
	134	23
	138	27
	139	28
	14	15
	143	32
	144	33
	145	35
	146	36
	147	38
	148	38
	20	82
	149	39
	21	83
	150	40
	152	42
	24	86
	25	87
	155	46
	157	49
	29	90
	161	53
	162	54
	164	56
	36	94
	165	57
	37	95
	166	60
	167	61
	39	96
	168	62
	40	100
	170	65
	42	97
	171	66
	43	98
	173	69
	174	70
	176	73
	48	105
	60	118
	61	119
	62	120
	63	121
	66	124
	67	125
	68	126
	69	127
	73	130
	74	131
	76	132
	77	138
	79	133
	80	134
	81	135
	82	136
	87	143
	92	147
	100	151
	104	155
	108	159
	109	160
	111	162
	115	167
	120	172
	126	19
net/minecraft/client/util/MonitorFactory	0	0
net/minecraft/client/input/Input	27	34
	18	17
	22	21
	26	25
	27	34
	12	14
net/minecraft/client/gui/screen/world/RecoverWorldScreen	177	161
	128	109
	129	110
	130	111
	131	112
	132	113
	133	114
	134	115
	136	117
	138	120
	144	127
	145	128
	147	130
	149	134
	150	135
	152	133
	157	141
	158	142
	159	143
	163	147
	164	148
	165	149
	166	150
	167	151
	171	155
	176	160
	177	161
	52	54
	53	55
	54	56
	55	57
	56	58
	57	59
	58	60
	59	61
	60	61
	61	61
	62	61
	63	62
	64	63
	66	64
	68	65
	69	66
	70	67
	72	68
	73	69
	74	69
	76	69
	78	69
	79	69
	81	70
	82	71
	84	71
	86	71
	87	71
	88	71
	90	74
	91	75
	92	75
	94	75
	96	75
	97	75
	100	76
	101	77
	105	80
	106	81
	107	82
	108	91
	109	96
	110	98
	112	83
	113	84
	114	85
	115	86
	117	88
	119	98
	122	101
	123	102
	125	104
	126	105
	127	106
net/minecraft/client/gui/screen/multiplayer/DirectConnectScreen	93	102
	66	77
	67	78
	68	79
	72	83
	73	84
	77	88
	78	89
	79	90
	82	93
	83	94
	87	98
	25	28
	89	99
	26	29
	90	100
	27	30
	28	31
	92	101
	29	32
	93	102
	33	36
	34	39
	35	40
	37	37
	42	46
	43	47
	44	48
	45	49
	46	50
	47	52
	48	57
	50	61
	51	62
	55	66
	56	67
	60	71
	61	72
	62	73
	63	74
net/minecraft/client/texture/GuiAtlasManager	32	30
	32	30
	19	17
	20	18
	24	22
	28	26
com/mojang/blaze3d/systems/ProjectionType	25	26
	16	17
	17	18
	20	21
	7	9
	8	10
	24	25
	25	26
	15	16
net/minecraft/client/render/BlockRenderLayerGroup	37	39
	32	34
	33	36
	18	19
	34	35
	19	20
	35	37
	20	21
	37	39
	23	24
	27	28
	31	32
net/minecraft/client/render/fog/FogModifier	37	39
	19	21
	37	39
	23	25
	27	29
	31	33
net/minecraft/client/texture/atlas/AtlasSourceManager	26	23
	18	14
	21	18
	22	19
	23	20
	24	21
	25	22
	26	23
net/minecraft/unused/packageinfo/PackageInfo10794	0	0
net/minecraft/client/render/entity/state/BatEntityRenderState	0	0
net/minecraft/client/render/Camera	294	309
	258	262
	263	266
	272	287
	273	288
	274	289
	275	290
	278	293
	282	297
	286	301
	290	305
	294	309
	53	56
	54	57
	55	58
	56	59
	57	60
	59	61
	60	63
	61	64
	64	65
	65	66
	66	67
	67	68
	69	69
	70	70
	72	72
	73	73
	75	80
	76	81
	77	82
	79	85
	80	86
	81	87
	82	88
	83	89
	85	92
	86	93
	87	94
	88	95
	89	96
	91	99
	92	100
	93	101
	94	102
	95	103
	97	105
	100	108
	101	109
	102	110
	104	112
	107	115
	108	117
	109	118
	110	119
	111	120
	112	121
	113	122
	114	123
	115	124
	116	125
	117	126
	118	127
	122	132
	126	136
	127	137
	128	138
	131	141
	132	142
	134	143
	140	144
	141	145
	142	146
	143	147
	146	150
	147	151
	150	154
	151	155
	152	156
	155	159
	159	163
	163	167
	167	171
	171	175
	175	179
	179	183
	183	187
	187	196
	188	197
	189	198
	190	199
	192	200
	193	201
	194	202
	196	203
	200	207
	201	208
	204	210
	205	211
	206	211
	207	212
	211	214
	214	216
	215	216
	216	219
	217	220
	218	221
	219	222
	220	223
	221	224
	224	227
	225	228
	226	229
	231	234
	235	240
	239	244
	243	248
	247	252
	248	253
	249	254
	250	255
	253	258
net/minecraft/client/gui/render/state/special/OversizedItemGuiElementRenderState	30	32
	18	20
	24	26
	13	15
	30	32
net/minecraft/client/util/MacWindowUtil	64	74
	32	31
	64	74
	35	34
	36	35
	37	35
	39	35
	43	39
	47	43
	51	47
	52	48
	55	59
	24	23
	56	54
	25	24
	57	55
	59	56
	28	27
	60	57
	29	28
	30	29
	62	58
	31	30
	63	71
net/minecraft/client/gui/hud/bar/ExperienceBar	39	39
	32	31
	33	32
	36	35
	39	39
	17	19
	18	20
	22	24
	24	25
	25	26
	27	27
	28	28
	29	29
	31	30
net/minecraft/client/particle/SuspendParticle	131	128
	128	77
	129	78
	130	79
	131	80
	8	11
	10	12
	11	13
	12	14
	13	15
	14	16
	16	17
	18	18
	19	19
	20	20
	22	21
	23	22
	27	26
	32	31
	33	32
	34	33
	38	37
	39	38
	40	39
	42	40
	43	41
	44	48
	47	43
	48	44
	49	45
	50	46
	51	48
	57	122
	58	123
	62	126
	63	127
	64	128
	72	106
	73	107
	77	110
	78	111
	79	112
	80	113
	88	89
	89	90
	93	93
	94	94
	95	95
	96	96
	97	97
	105	55
	106	56
	110	59
	111	60
	112	61
	113	62
	114	63
	115	64
	123	73
	124	74
net/minecraft/client/render/entity/model/ColdPigEntityModel	27	31
	16	17
	19	20
	20	21
	22	22
	23	25
	24	27
	25	29
	27	31
	15	16
net/minecraft/client/realms/exception/RealmsUploadException	15	17
	10	12
	15	17
net/minecraft/client/gui/ScreenPos	23	32
	16	25
	5	14
	21	30
	6	15
	22	31
	7	16
	23	32
	12	21
	13	22
	14	23
	15	24
net/minecraft/client/realms/task/LongRunningTask	69	73
	65	69
	34	42
	35	43
	36	44
	68	72
	37	44
	69	73
	41	45
	44	48
	45	49
	47	51
	49	53
	20	26
	52	56
	21	27
	53	57
	22	28
	23	29
	25	31
	58	62
	29	37
	30	38
	62	66
	31	39
net/minecraft/client/render/item/model/special/DecoratedPotModelRenderer	53	60
	48	42
	35	60
	52	46
	53	47
	22	24
	23	25
	42	29
	30	55
	47	41
net/minecraft/client/render/entity/HappyGhastEntityRenderer	59	62
	35	44
	36	44
	38	44
	43	48
	48	52
	49	53
	50	54
	21	25
	23	30
	55	58
	56	59
	25	35
	57	60
	26	36
	58	61
	27	37
	59	62
	30	40
	31	41
net/minecraft/client/render/model/ErrorCollectingSpriteGetter	16	17
	16	17
	15	16
net/minecraft/client/gui/screen/recipebook/CurrentIndexProvider	0	0
net/minecraft/client/render/block/entity/SignBlockEntityRenderer	120	112
	66	69
	67	70
	68	71
	72	75
	74	76
	75	77
	77	79
	81	83
	85	87
	86	88
	87	89
	88	90
	89	91
	90	92
	93	95
	94	96
	95	97
	34	35
	98	100
	35	36
	99	101
	36	39
	37	40
	38	41
	39	41
	103	105
	104	106
	42	45
	106	107
	107	107
	108	107
	46	49
	47	50
	112	108
	113	109
	114	109
	115	109
	52	55
	120	112
	57	60
	62	65
net/minecraft/client/texture/TextureManager	186	180
	128	120
	129	121
	130	122
	134	125
	135	126
	136	127
	137	128
	139	130
	141	131
	142	132
	143	133
	144	134
	145	136
	146	137
	148	139
	153	144
	154	145
	155	146
	156	147
	159	150
	160	151
	162	153
	163	154
	164	155
	167	158
	40	38
	168	159
	42	39
	43	40
	44	41
	172	163
	173	164
	174	165
	175	166
	48	45
	49	46
	177	169
	50	47
	51	48
	52	49
	53	50
	54	51
	182	176
	184	178
	57	54
	185	179
	58	55
	186	180
	62	59
	63	60
	65	61
	66	62
	74	67
	75	68
	78	71
	79	72
	80	73
	81	74
	83	77
	84	78
	87	81
	91	84
	93	87
	94	88
	95	89
	97	91
	100	94
	101	95
	102	96
	106	98
	107	99
	108	100
	113	106
	114	107
	116	109
	119	112
	120	113
	121	114
	123	116
	127	119
net/minecraft/client/util/DefaultSkinHelper	49	49
	32	33
	49	49
	37	37
	41	41
	45	45
net/minecraft/client/particle/LeavesParticle	163	144
	130	110
	131	111
	135	114
	143	123
	144	124
	148	127
	156	136
	157	137
	161	142
	34	37
	162	143
	35	38
	163	144
	38	39
	39	40
	40	41
	41	42
	42	43
	43	44
	46	45
	48	46
	51	47
	52	48
	53	49
	56	50
	57	51
	60	52
	61	53
	62	54
	63	55
	67	59
	73	64
	74	65
	75	66
	77	67
	78	68
	80	71
	81	103
	85	72
	86	73
	88	74
	89	75
	90	76
	91	77
	92	78
	94	81
	95	82
	96	83
	99	86
	100	87
	103	88
	105	89
	107	90
	108	91
	111	92
	114	93
	115	94
	117	97
	118	103
	121	98
	122	99
	123	100
	124	103
net/minecraft/client/render/entity/WitchEntityRenderer	40	39
	17	20
	34	33
	19	21
	35	34
	20	22
	36	35
	37	36
	38	37
	39	38
	24	25
	40	39
	29	29
net/minecraft/client/render/block/entity/EndGatewayBlockEntityRenderer	50	57
	35	42
	40	47
	45	52
	16	19
	17	20
	50	57
	21	25
	22	26
	23	29
	24	30
	25	31
	26	32
	27	33
	28	34
	30	37
	31	38
net/minecraft/client/render/entity/EnderDragonEntityRenderer	288	238
	256	208
	257	209
	261	212
	262	213
	263	214
	264	215
	266	217
	267	218
	268	220
	269	220
	270	221
	271	222
	272	223
	273	224
	274	225
	275	226
	276	227
	277	228
	282	233
	284	235
	288	238
	51	47
	52	48
	54	49
	55	50
	59	53
	61	54
	62	55
	63	56
	64	57
	65	58
	69	59
	72	60
	74	61
	76	62
	78	63
	79	64
	80	65
	81	66
	83	67
	84	68
	86	70
	87	71
	90	74
	91	75
	93	76
	94	77
	95	78
	96	79
	97	80
	98	81
	99	82
	102	85
	104	86
	105	88
	108	98
	109	99
	112	102
	113	103
	114	104
	115	105
	116	106
	117	107
	118	108
	119	109
	120	110
	121	111
	123	112
	125	114
	126	115
	127	115
	128	115
	129	115
	130	115
	132	116
	133	117
	134	118
	135	119
	137	121
	139	122
	140	123
	142	124
	143	125
	144	126
	146	127
	147	128
	148	129
	149	130
	151	131
	152	132
	153	133
	155	134
	156	135
	157	136
	159	139
	160	140
	163	143
	164	144
	166	145
	167	146
	168	147
	169	148
	171	149
	173	150
	174	151
	176	152
	177	153
	178	154
	179	155
	181	156
	183	158
	184	159
	185	160
	186	161
	187	162
	188	162
	189	163
	190	164
	191	165
	192	166
	193	167
	195	168
	196	168
	197	168
	198	168
	199	168
	200	168
	201	168
	203	169
	204	169
	205	169
	206	169
	207	169
	208	169
	209	169
	211	170
	212	170
	213	171
	214	172
	215	173
	216	174
	217	175
	219	176
	220	177
	221	178
	224	181
	225	182
	229	185
	234	189
	235	190
	236	191
	237	192
	239	193
	240	194
	241	195
	242	195
	243	196
	245	198
	248	201
	249	202
	250	203
	252	204
	253	206
	255	207
net/minecraft/client/gui/hud/InGameHud	1455	1450
	1024	894
	1025	895
	1026	896
	1027	897
	1028	898
	1029	899
	1030	900
	1032	901
	1033	902
	1036	905
	1037	906
	1039	907
	1040	908
	1041	909
	1042	910
	1043	911
	1044	912
	1045	913
	1046	914
	1050	918
	1054	921
	1055	922
	1056	922
	1060	926
	1064	930
	1068	934
	1069	935
	1070	936
	1071	937
	1072	938
	1074	940
	1077	943
	1078	944
	1079	946
	1080	947
	1085	951
	1086	952
	1087	953
	1088	954
	1090	956
	1091	957
	1092	958
	1095	961
	1096	961
	1097	962
	1101	965
	1102	966
	1103	967
	1104	968
	1106	971
	1107	972
	1110	975
	1113	978
	1114	979
	1115	1008
	1117	980
	1118	981
	1119	1008
	1121	982
	1124	983
	1127	984
	1128	985
	1129	986
	1130	988
	1132	988
	1133	989
	1134	990
	1136	992
	1137	993
	1138	994
	1139	995
	1140	996
	1142	999
	1143	1000
	1146	1004
	1147	988
	1149	1008
	1152	1011
	1153	1012
	1154	1025
	1157	1028
	1158	1029
	1159	1029
	1161	1030
	1162	1031
	1164	1032
	1165	1033
	1166	1034
	1167	1035
	1170	1036
	1172	1037
	1174	1038
	1176	1039
	1178	1040
	1179	1041
	1182	1044
	1183	1045
	1184	1046
	1185	1047
	1186	1048
	1189	1051
	1191	1052
	1193	1053
	1194	1054
	1195	1056
	1196	1058
	1197	1059
	1198	1060
	1204	1065
	1205	1066
	1206	1067
	1208	1069
	1209	1070
	1210	1071
	1213	1074
	1214	1087
	192	183
	193	184
	1217	1090
	194	185
	1218	1091
	195	186
	1219	1092
	196	187
	1220	1093
	197	188
	198	189
	1222	1096
	200	190
	1224	1097
	201	192
	1225	1098
	202	194
	1226	1099
	203	196
	204	198
	1229	1102
	1230	1103
	207	200
	208	201
	1232	1104
	1233	1105
	1234	1106
	211	204
	1235	1107
	212	205
	1236	1108
	213	206
	214	207
	1238	1109
	1239	1110
	1240	1111
	1242	1112
	219	210
	220	232
	1244	1113
	1245	1114
	222	211
	223	212
	224	213
	1248	1117
	225	214
	1249	1134
	226	215
	227	216
	228	217
	1252	1118
	1253	1119
	230	220
	1254	1120
	231	221
	232	222
	1256	1121
	233	223
	1257	1122
	234	224
	1258	1123
	235	225
	1259	1124
	236	226
	237	227
	238	228
	1262	1127
	239	229
	1264	1128
	241	232
	1265	1129
	1267	1132
	244	235
	1268	1134
	245	236
	1271	1137
	248	239
	1272	1138
	249	240
	1273	1139
	250	241
	1275	1141
	252	243
	1278	1144
	255	246
	1279	1145
	256	247
	1281	1148
	1282	1149
	259	250
	1283	1150
	260	251
	1284	1151
	1285	1152
	263	254
	264	255
	1288	1156
	266	256
	1290	1157
	1291	1158
	268	257
	1292	1159
	269	258
	270	259
	1295	1162
	272	261
	1296	1163
	274	263
	1298	1164
	275	264
	1299	1165
	276	265
	1300	1166
	277	266
	1301	1167
	278	268
	1302	1168
	1303	1169
	1305	1172
	284	275
	1308	1175
	285	276
	1309	1176
	288	279
	1312	1179
	289	280
	1313	1180
	290	281
	1314	1181
	291	282
	1315	1182
	292	283
	1316	1183
	293	284
	294	285
	295	286
	1319	1186
	296	287
	1320	1187
	297	288
	1321	1188
	1322	1189
	300	291
	1325	1192
	1326	1193
	303	294
	1327	1194
	304	307
	1328	1195
	1329	1196
	307	295
	1332	1199
	309	296
	1333	1200
	310	297
	311	298
	312	299
	1336	1203
	314	300
	1340	1207
	317	303
	1341	1208
	318	304
	319	305
	1343	1211
	320	307
	1344	1212
	1346	1215
	323	310
	1347	1216
	324	311
	325	337
	1349	1219
	1350	1220
	327	312
	328	313
	1352	1222
	329	314
	330	315
	331	316
	1355	1225
	1356	1226
	333	319
	334	320
	335	321
	1359	1229
	336	322
	1360	1230
	1361	1231
	339	324
	340	325
	1364	1234
	1365	1235
	342	327
	1366	1236
	1367	1237
	344	330
	345	331
	1370	1240
	347	332
	349	335
	350	337
	1374	1244
	353	340
	354	378
	1378	1248
	357	341
	358	342
	1382	1252
	359	343
	360	344
	361	345
	362	346
	1386	1256
	363	347
	365	350
	366	351
	1390	1260
	1391	1261
	368	354
	1392	1262
	369	355
	1393	1263
	370	356
	1394	1264
	371	357
	1395	1265
	372	358
	1396	1266
	1397	1267
	374	359
	375	360
	1400	1270
	377	361
	378	362
	379	363
	1404	1274
	381	364
	383	365
	384	366
	1408	1278
	385	367
	1409	1279
	387	368
	388	369
	1412	1282
	389	370
	1413	1284
	1414	1286
	1415	1287
	392	373
	1416	1288
	1417	1289
	394	376
	1418	1290
	395	378
	1419	1291
	1420	1292
	1421	1293
	398	381
	399	382
	400	383
	1424	1296
	401	384
	402	385
	403	386
	1427	1299
	405	388
	1431	1303
	408	391
	409	392
	410	393
	411	394
	1435	1308
	412	395
	1436	1309
	413	396
	1437	1310
	414	397
	1439	1311
	1440	1312
	417	401
	1441	1313
	418	402
	419	403
	1443	1315
	420	404
	1444	1315
	422	406
	1446	1315
	425	409
	1449	1317
	426	410
	1450	1318
	427	411
	428	415
	1452	1320
	429	416
	1453	1320
	430	417
	1455	1320
	432	413
	434	419
	437	422
	439	423
	440	452
	443	424
	444	424
	445	452
	449	425
	450	426
	451	427
	452	428
	454	431
	455	432
	456	433
	457	434
	458	435
	459	436
	462	439
	463	440
	465	441
	466	442
	467	443
	468	444
	470	445
	471	446
	475	452
	478	455
	482	462
	483	463
	486	464
	487	465
	488	466
	489	467
	490	468
	491	469
	494	471
	498	476
	500	477
	501	517
	504	478
	505	479
	507	481
	508	482
	510	483
	511	484
	512	485
	513	486
	514	487
	517	490
	518	491
	519	492
	521	494
	522	495
	523	496
	526	499
	527	500
	528	501
	530	503
	532	504
	533	505
	534	506
	535	507
	536	509
	540	513
	543	517
	546	520
	547	520
	548	520
	552	524
	553	525
	555	527
	558	530
	559	531
	561	534
	563	535
	564	536
	565	537
	568	540
	570	541
	571	542
	573	545
	575	546
	576	547
	577	548
	578	549
	580	551
	583	554
	584	555
	585	610
	588	556
	589	557
	590	558
	591	559
	592	560
	594	561
	595	562
	597	570
	598	571
	599	572
	601	574
	605	578
	606	580
	607	581
	608	582
	609	583
	612	586
	613	587
	614	588
	615	589
	617	591
	621	595
	622	596
	623	597
	624	598
	625	599
	626	600
	627	601
	630	604
	632	605
	633	606
	636	610
	639	613
	641	614
	642	615
	643	616
	644	617
	647	620
	648	621
	649	622
	650	623
	652	624
	655	627
	656	628
	657	629
	659	632
	660	633
	664	637
	665	638
	668	641
	669	660
	672	642
	673	643
	675	645
	676	646
	678	649
	681	654
	682	655
	683	656
	684	657
	685	658
	686	660
	691	663
	692	664
	693	670
	694	672
	695	673
	696	674
	697	675
	698	676
	699	677
	700	678
	701	679
	702	680
	703	681
	705	683
	707	684
	708	685
	709	686
	711	687
	712	689
	713	690
	716	697
	717	693
	718	694
	719	695
	720	696
	721	697
	722	698
	724	699
	725	700
	727	701
	729	702
	730	703
	732	704
	733	706
	734	707
	735	708
	737	709
	738	710
	740	712
	744	716
	749	721
	750	722
	751	723
	752	724
	753	725
	755	728
	756	729
	759	733
	763	737
	764	746
	767	738
	768	739
	769	740
	770	741
	772	744
	776	751
	780	758
	781	759
	782	808
	784	760
	786	761
	787	762
	788	763
	789	764
	790	765
	791	766
	792	767
	793	768
	795	771
	796	772
	797	773
	799	776
	800	777
	801	778
	803	779
	804	780
	806	781
	807	782
	808	783
	809	784
	810	785
	811	786
	812	787
	813	788
	814	789
	818	792
	819	793
	821	794
	822	795
	824	796
	825	797
	826	798
	827	799
	828	800
	829	801
	832	804
	833	805
	835	806
	836	808
	839	811
	840	812
	841	830
	843	813
	844	815
	845	816
	846	817
	847	818
	849	821
	850	822
	852	825
	853	826
	856	830
	931	1414
	932	1415
	933	1416
	934	1417
	935	1418
	936	1419
	937	1420
	938	1421
	939	1422
	942	1425
	943	1426
	944	1427
	946	1429
	949	1431
	950	1432
	952	1434
	959	1440
	960	1441
	961	1442
	962	1443
	963	1444
	964	1445
	966	1447
	968	1450
	973	845
	974	846
	976	847
	977	848
	978	849
	980	851
	981	852
	982	853
	984	854
	985	855
	987	856
	988	857
	990	860
	991	861
	994	864
	996	865
	998	866
	999	867
	1000	868
	1001	869
	1002	870
	1003	871
	1006	875
	1007	876
	1008	877
	1010	880
	1011	881
	1012	882
	1015	885
	1018	888
	1019	889
	1022	892
	1023	893
net/minecraft/client/render/entity/GoatEntityRenderer	32	32
	32	32
	18	20
	23	24
	28	28
	13	16
	29	29
	14	17
	30	30
	31	31
net/minecraft/client/render/RenderTickCounter	130	124
	64	84
	130	38
	66	86
	69	89
	70	90
	72	93
	73	94
	76	97
	77	98
	79	101
	80	102
	83	105
	84	106
	88	110
	93	115
	94	116
	32	56
	96	118
	33	57
	34	58
	35	59
	101	124
	38	62
	39	63
	40	63
	105	124
	42	63
	107	124
	46	67
	47	68
	49	69
	50	70
	115	23
	51	71
	116	24
	52	72
	120	28
	56	76
	57	77
	58	78
	125	33
	61	81
	62	82
net/minecraft/client/gl/CompiledShader	57	58
	32	33
	35	35
	40	40
	41	41
	43	43
	44	44
	45	45
	46	47
	49	50
	18	21
	19	22
	20	23
	21	24
	53	54
	24	27
	57	58
	26	28
	27	29
	28	30
	30	31
	31	32
net/minecraft/client/model/TextureDimensions	11	17
	9	15
	10	16
	11	17
net/minecraft/client/render/item/property/bool/DamagedProperty	21	23
	16	18
	21	23
net/minecraft/client/particle/BubbleColumnUpParticle	48	48
	34	34
	41	42
	10	13
	42	43
	11	14
	12	15
	13	16
	46	46
	15	17
	47	47
	48	48
	17	18
	18	19
	19	20
	21	21
	22	22
	26	26
	27	27
	28	28
	30	30
net/minecraft/client/render/entity/PlayerEntityRenderer	326	297
	258	245
	260	246
	261	247
	263	249
	264	250
	265	250
	267	250
	271	255
	272	256
	275	259
	276	260
	281	263
	282	264
	283	265
	284	266
	285	267
	286	268
	287	269
	288	270
	289	271
	293	274
	294	275
	296	276
	297	277
	299	278
	301	279
	302	280
	305	283
	306	284
	308	286
	309	287
	57	54
	313	288
	59	55
	60	58
	316	289
	61	59
	317	290
	62	60
	319	291
	64	63
	65	64
	321	292
	66	65
	67	66
	68	67
	324	295
	69	68
	70	69
	326	297
	71	70
	72	71
	73	72
	77	75
	82	79
	83	80
	84	80
	87	80
	91	84
	92	85
	94	86
	95	87
	98	88
	99	89
	102	92
	103	92
	105	92
	111	96
	112	97
	115	98
	116	99
	119	101
	120	102
	121	103
	122	104
	123	107
	124	108
	125	111
	126	112
	127	115
	128	116
	129	119
	130	120
	131	123
	132	124
	133	127
	134	128
	138	132
	143	137
	148	141
	149	142
	150	143
	154	148
	155	149
	156	150
	157	151
	159	154
	160	155
	161	156
	165	159
	170	163
	171	164
	172	165
	173	166
	174	167
	175	168
	176	169
	177	170
	178	171
	179	172
	180	173
	181	174
	182	175
	183	176
	184	177
	185	178
	186	179
	187	180
	188	181
	190	182
	191	183
	192	184
	193	185
	194	186
	195	187
	196	188
	198	190
	201	193
	204	196
	205	197
	206	198
	207	199
	209	200
	210	201
	211	202
	212	203
	213	204
	216	207
	219	210
	220	211
	221	212
	222	213
	223	214
	224	215
	225	216
	226	217
	228	219
	229	220
	231	222
	234	225
	235	226
	236	227
	238	228
	240	229
	241	230
	243	231
	244	232
	245	233
	246	234
	247	235
	248	236
	249	237
	251	238
	252	239
	253	240
	254	241
com/mojang/blaze3d/shaders/ShaderType	40	41
	32	33
	36	37
	21	21
	22	22
	23	23
	40	41
	27	27
	28	28
	29	29
net/minecraft/client/sound/AmbientSoundPlayer	39	40
	32	33
	33	34
	34	35
	35	36
	36	37
	39	40
	18	20
	19	21
	20	22
	24	26
	26	27
	27	28
	28	29
	29	30
	30	31
	31	32
net/minecraft/client/render/chunk/ChunkRendererRegionBuilder	40	43
	34	37
	38	41
	39	42
	40	43
	13	17
	14	18
	15	19
	17	20
	18	21
	19	22
	20	23
	21	24
	22	25
	24	26
	25	28
	26	29
	27	30
	28	31
	29	32
net/minecraft/client/gui/screen/dialog/DialogControls	56	60
	32	34
	33	35
	34	36
	35	37
	38	40
	39	41
	40	42
	41	43
	43	46
	47	50
	48	51
	49	52
	51	54
	55	59
	56	60
	26	28
	27	29
	30	32
	31	33
net/minecraft/client/render/entity/model/EntityModelPartNames	118	365
	118	365
net/minecraft/client/render/item/property/select/ItemBlockStateProperty	42	42
	32	32
	19	21
	20	21
	21	22
	37	37
	42	42
	28	31
	29	32
	30	32
net/minecraft/client/realms/Request	292	295
	256	290
	257	291
	258	292
	259	293
	260	294
	261	295
	270	244
	271	245
	272	246
	277	250
	278	251
	281	254
	282	255
	283	256
	284	257
	285	258
	30	30
	286	259
	31	31
	287	260
	288	261
	33	32
	289	262
	34	33
	290	263
	291	264
	36	35
	292	265
	39	38
	40	39
	41	40
	42	41
	43	42
	44	43
	46	45
	49	48
	50	49
	53	52
	54	53
	55	54
	57	56
	59	58
	62	61
	63	62
	66	65
	70	69
	72	72
	73	73
	74	74
	80	80
	81	81
	82	82
	83	83
	89	89
	92	91
	93	92
	95	94
	98	97
	99	98
	100	99
	101	100
	106	105
	107	106
	109	108
	110	109
	111	111
	112	112
	115	115
	119	120
	121	123
	122	125
	125	128
	128	132
	129	133
	130	148
	133	134
	136	137
	140	144
	141	145
	144	129
	148	151
	149	152
	151	154
	152	155
	153	156
	160	163
	164	167
	168	171
	172	175
	176	179
	180	183
	184	187
	188	191
	193	196
	194	197
	195	198
	201	205
	202	206
	207	210
	208	211
	209	212
	210	213
	211	214
	212	215
	219	223
	220	224
	225	228
	226	229
	227	230
	228	231
	229	232
	230	233
	231	234
	240	275
	241	276
	242	277
	247	281
	248	282
	251	285
	252	286
	253	287
	254	288
	255	289
net/minecraft/client/render/entity/model/ChickenEntityModel	100	116
	28	67
	29	68
	30	69
	31	70
	32	71
	33	72
	34	73
	37	76
	38	77
	42	81
	43	82
	45	83
	46	84
	47	84
	48	84
	50	86
	51	86
	52	86
	55	87
	56	87
	57	87
	60	88
	61	90
	62	90
	63	91
	65	93
	66	93
	68	94
	69	95
	71	96
	72	97
	73	97
	74	97
	76	99
	77	100
	78	100
	79	100
	82	102
	87	106
	89	107
	91	108
	92	109
	94	110
	95	111
	96	112
	97	113
	98	114
	99	115
	100	116
net/minecraft/client/render/entity/feature/FoxHeldItemFeatureRenderer	68	54
	65	51
	67	52
	68	54
	15	16
	16	17
	20	20
	21	21
	22	54
	25	22
	26	23
	28	24
	30	25
	33	26
	34	27
	35	28
	39	31
	40	32
	41	33
	44	34
	45	35
	46	36
	48	38
	51	40
	52	41
	54	43
	59	46
	61	47
	62	48
net/minecraft/client/font/EmptyBakedGlyph	17	19
	17	19
	12	14
	13	15
net/minecraft/client/render/item/ItemRenderState	245	238
	128	121
	129	122
	131	124
	132	125
	133	126
	134	127
	135	128
	139	133
	140	134
	143	137
	154	150
	41	39
	42	40
	43	41
	44	42
	45	44
	46	45
	176	167
	49	48
	177	168
	178	169
	179	170
	52	51
	180	171
	53	52
	181	172
	182	173
	183	174
	184	175
	57	56
	185	176
	186	177
	60	58
	61	59
	189	180
	63	62
	64	63
	65	64
	193	184
	66	65
	194	185
	67	66
	197	188
	70	69
	198	189
	71	70
	201	192
	74	73
	202	193
	205	196
	206	197
	209	200
	82	77
	210	201
	213	204
	86	80
	214	205
	215	206
	90	84
	220	209
	95	88
	224	213
	225	214
	100	93
	228	217
	101	93
	229	218
	230	219
	103	93
	232	222
	107	97
	108	98
	236	226
	109	100
	237	227
	110	101
	111	102
	239	228
	112	103
	240	229
	113	104
	241	231
	114	106
	242	233
	115	107
	244	237
	117	110
	245	238
	119	112
	122	115
	123	116
	125	118
net/minecraft/client/render/model/json/BlockPropertiesPredicate	53	57
	32	34
	34	38
	35	39
	40	44
	41	45
	42	46
	43	47
	47	51
	20	23
	21	25
	53	57
	22	26
	23	27
	24	28
	25	29
	26	30
	27	31
	28	32
	29	33
	30	37
net/minecraft/client/session/ProfileKeys	28	26
	20	21
	25	26
	26	26
	28	26
	15	16
net/minecraft/client/sound/BiomeEffectSoundPlayer	157	142
	131	117
	133	118
	134	119
	135	120
	136	121
	137	122
	141	126
	142	127
	145	130
	146	131
	147	132
	150	135
	151	136
	152	137
	155	140
	156	141
	157	142
	41	38
	43	39
	44	40
	45	41
	46	42
	49	45
	54	50
	56	51
	57	52
	58	53
	60	54
	61	55
	63	56
	65	57
	66	58
	67	59
	68	60
	70	63
	71	64
	75	68
	76	69
	77	70
	79	72
	81	73
	82	76
	84	77
	85	78
	86	79
	87	80
	88	81
	91	83
	92	84
	94	85
	97	87
	100	90
	101	91
	102	92
	103	93
	105	94
	106	95
	107	96
	109	97
	110	98
	112	99
	114	100
	115	100
	116	100
	118	102
	119	103
	121	105
	123	107
	124	109
net/minecraft/client/render/entity/model/LlamaEntityModel	121	152
	31	65
	32	66
	33	67
	34	68
	35	69
	36	70
	37	71
	38	72
	39	73
	42	76
	43	77
	45	78
	46	80
	47	81
	48	83
	49	85
	50	87
	51	89
	53	91
	54	93
	55	93
	56	94
	58	96
	59	98
	60	98
	61	99
	63	101
	64	103
	65	103
	66	104
	68	106
	69	107
	70	108
	71	108
	72	109
	73	110
	74	111
	75	112
	77	113
	82	117
	83	118
	84	119
	86	120
	87	121
	88	122
	90	123
	92	125
	93	126
	94	127
	95	129
	96	130
	97	131
	98	132
	100	134
	103	137
	108	141
	110	142
	111	143
	113	144
	114	145
	115	146
	116	147
	117	148
	118	149
	119	150
	120	151
	121	152
net/minecraft/client/realms/gui/screen/RealmsConfirmScreen	36	37
	32	34
	18	20
	34	35
	19	21
	35	36
	20	22
	36	37
	21	23
	22	24
	26	28
	27	29
	28	30
net/minecraft/client/render/debug/ChunkDebugRenderer	212	174
	25	27
	26	28
	30	32
	32	33
	33	34
	34	36
	35	37
	36	38
	39	39
	41	40
	42	41
	43	42
	45	43
	46	44
	47	45
	48	46
	49	47
	50	48
	51	50
	52	51
	53	52
	54	53
	55	54
	56	55
	57	55
	58	55
	59	57
	60	58
	65	63
	66	64
	68	65
	69	67
	70	68
	71	69
	72	70
	73	71
	74	72
	75	73
	76	73
	77	73
	78	75
	79	76
	80	77
	81	78
	82	78
	83	78
	84	80
	85	81
	90	86
	91	87
	93	88
	94	89
	95	90
	96	91
	97	92
	98	93
	100	94
	101	95
	102	96
	103	97
	105	98
	106	99
	107	100
	108	101
	110	102
	111	103
	112	104
	113	105
	115	106
	116	107
	117	108
	118	109
	120	110
	121	111
	122	112
	123	113
	127	117
	131	122
	132	123
	133	124
	134	125
	135	126
	137	127
	139	128
	142	129
	145	130
	148	131
	151	132
	154	133
	157	134
	159	135
	161	136
	162	137
	163	138
	164	139
	166	140
	167	141
	169	142
	170	143
	173	144
	174	145
	176	146
	177	147
	179	148
	180	149
	182	150
	183	151
	186	152
	187	153
	189	154
	190	155
	192	156
	193	157
	195	158
	196	159
	198	160
	200	162
	203	165
	204	166
	207	169
	208	170
	209	171
	210	172
	211	173
	212	174
net/minecraft/client/render/item/property/PropertyTester	0	0
net/minecraft/client/render/entity/feature/SaddleFeatureRenderer	46	62
	32	50
	33	51
	37	54
	38	55
	39	56
	40	62
	43	57
	44	58
	45	59
	46	62
	23	35
	24	36
	25	37
	26	38
	27	39
	28	40
	29	41
net/minecraft/client/render/block/BlockRenderManager	119	110
	66	67
	67	68
	68	69
	69	70
	71	71
	73	72
	75	74
	79	78
	80	79
	81	80
	82	81
	84	82
	86	83
	88	85
	91	88
	95	92
	100	96
	101	97
	102	106
	40	42
	41	43
	105	98
	42	44
	43	45
	107	99
	44	46
	108	100
	45	47
	109	101
	110	102
	48	50
	112	103
	113	104
	114	106
	52	54
	53	61
	118	109
	119	110
	56	55
	57	56
	58	57
	59	58
	61	59
	62	61
net/minecraft/client/data/SimpleModelSupplier	18	20
	16	18
	17	19
	18	20
	11	14
	12	15
net/minecraft/client/realms/dto/PendingInvite	35	35
	32	31
	33	32
	35	35
	25	23
	27	26
	28	27
	29	28
	30	29
	31	30
net/minecraft/client/gui/ParentElement	255	251
	27	33
	28	34
	29	35
	32	39
	37	44
	38	45
	39	46
	42	48
	43	49
	44	50
	45	51
	46	52
	49	56
	54	62
	55	63
	56	64
	57	65
	60	69
	65	74
	66	74
	68	74
	77	83
	83	88
	88	93
	93	98
	104	108
	108	112
	114	118
	115	119
	116	119
	118	119
	124	125
	127	126
	128	127
	129	128
	130	129
	135	133
	136	134
	138	136
	139	136
	142	136
	147	142
	148	143
	149	144
	150	145
	153	146
	154	148
	155	149
	157	150
	158	151
	160	153
	164	156
	166	157
	167	158
	169	160
	170	161
	171	162
	172	163
	173	164
	176	168
	181	173
	182	174
	183	175
	184	176
	185	177
	187	179
	188	180
	193	186
	194	187
	195	188
	196	189
	198	190
	199	192
	200	193
	203	194
	204	195
	205	196
	206	197
	207	198
	208	199
	209	199
	210	200
	216	207
	217	210
	218	212
	219	214
	220	215
	221	216
	222	217
	225	221
	230	226
	231	227
	233	228
	235	229
	236	231
	237	232
	240	233
	241	234
	243	235
	244	236
	245	237
	248	242
	249	244
	250	245
	251	246
	252	247
	255	251
net/minecraft/client/render/entity/model/BlazeEntityModel	104	152
	20	73
	21	74
	22	75
	23	76
	24	77
	27	80
	31	84
	32	85
	34	86
	35	86
	36	86
	41	87
	42	88
	43	88
	45	90
	46	91
	47	92
	48	93
	49	94
	50	95
	53	98
	54	100
	55	101
	56	102
	57	103
	58	104
	59	105
	62	108
	63	110
	64	111
	65	112
	66	113
	67	114
	68	115
	71	118
	76	122
	78	123
	79	125
	80	126
	81	127
	82	128
	83	129
	86	132
	87	134
	88	135
	89	136
	90	137
	91	138
	94	141
	95	143
	96	144
	97	145
	98	146
	99	147
	102	150
	103	151
	104	152
net/minecraft/client/gui/widget/SliderWidget	143	158
	128	143
	132	147
	133	148
	134	149
	138	153
	142	157
	143	158
	34	35
	35	36
	36	37
	39	40
	40	40
	42	40
	47	44
	48	44
	50	44
	56	49
	61	54
	62	55
	63	56
	64	57
	66	59
	69	62
	73	66
	75	67
	76	70
	78	79
	79	80
	80	81
	84	85
	85	86
	89	90
	90	91
	91	92
	92	99
	94	94
	95	95
	96	96
	98	99
	102	103
	103	104
	104	105
	106	107
	107	108
	108	109
	109	110
	110	111
	111	112
	114	116
	118	129
	119	130
	122	136
	123	137
	124	138
	125	139
	127	142
net/minecraft/client/render/entity/model/BreezeEntityModel	119	145
	39	37
	40	38
	41	39
	42	40
	43	41
	44	42
	45	43
	46	44
	48	45
	49	46
	50	47
	51	48
	52	49
	53	50
	54	51
	58	54
	59	55
	61	56
	63	57
	64	58
	65	60
	66	63
	67	65
	68	68
	69	70
	71	73
	72	76
	73	78
	75	82
	76	85
	77	87
	79	91
	80	92
	81	94
	82	97
	83	100
	84	102
	85	104
	86	108
	87	111
	88	113
	89	115
	91	119
	96	123
	98	124
	99	125
	100	126
	101	127
	102	128
	103	129
	104	130
	107	133
	111	137
	115	141
	119	145
net/minecraft/client/realms/util/UploadResult	41	43
	32	34
	36	38
	37	39
	41	43
	11	14
	12	15
	13	16
	17	20
	18	23
	19	23
	21	23
	23	21
	31	33
net/minecraft/client/gui/widget/Widget	28	29
	22	23
	26	27
	27	28
	28	29
net/minecraft/client/realms/gui/screen/RealmsDownloadLatestWorldScreen	286	282
	257	252
	258	253
	259	254
	263	258
	264	259
	265	260
	266	262
	267	263
	268	264
	269	265
	270	266
	272	269
	273	272
	275	270
	278	273
	279	274
	281	277
	282	278
	285	281
	286	282
	69	64
	70	65
	71	66
	72	67
	73	68
	74	69
	75	70
	76	71
	77	72
	81	77
	82	77
	83	79
	84	80
	87	83
	88	95
	90	84
	92	85
	93	86
	94	87
	96	88
	97	89
	98	90
	101	92
	103	95
	106	98
	107	99
	112	104
	114	105
	116	106
	117	106
	118	107
	119	108
	122	110
	125	113
	126	114
	127	115
	128	116
	129	117
	130	118
	132	121
	133	122
	135	125
	140	130
	141	131
	142	132
	144	135
	145	136
	149	140
	151	141
	153	142
	155	143
	156	144
	159	147
	160	148
	161	149
	164	152
	165	153
	167	155
	170	158
	172	159
	173	160
	176	163
	177	164
	180	167
	181	168
	183	169
	184	170
	185	171
	186	172
	188	173
	189	176
	192	179
	193	180
	194	181
	195	182
	196	183
	198	186
	199	187
	201	190
	202	191
	204	193
	206	195
	209	198
	210	199
	211	200
	214	208
	219	214
	220	215
	224	219
	225	220
	229	224
	231	225
	232	226
	233	227
	235	229
	236	230
	237	231
	238	232
	239	233
	243	237
	244	238
	245	239
	247	242
	250	245
	251	246
	252	247
net/minecraft/client/render/entity/ExperienceOrbEntityRenderer	82	80
	64	58
	66	59
	67	60
	70	65
	71	71
	75	74
	80	78
	81	79
	82	80
	20	22
	21	23
	22	24
	23	25
	27	28
	32	34
	34	35
	35	36
	36	37
	37	38
	38	39
	40	40
	41	41
	42	42
	44	43
	45	44
	46	45
	47	46
	48	47
	50	48
	51	49
	53	50
	54	51
	56	52
	58	53
	59	54
	60	55
	61	56
	62	57
net/minecraft/client/resource/FoliageColormapResourceSupplier	26	27
	17	19
	18	20
	19	21
	25	26
	26	27
net/minecraft/client/render/entity/model/DrownedEntityModel	62	62
	16	18
	17	19
	20	22
	21	23
	23	24
	24	26
	25	26
	26	27
	28	29
	29	31
	30	31
	31	32
	34	34
	39	39
	41	40
	42	41
	43	42
	46	45
	47	46
	48	47
	51	50
	52	51
	53	52
	54	54
	55	56
	56	57
	58	58
	59	59
	60	60
	62	62
net/minecraft/client/render/entity/feature/HorseMarkingFeatureRenderer	42	47
	34	42
	36	43
	37	47
	40	44
	41	45
	42	47
	29	36
	30	37
net/minecraft/client/particle/SpellParticle	125	127
	65	63
	66	64
	67	65
	74	76
	75	77
	79	80
	18	20
	19	21
	20	22
	21	23
	22	24
	23	25
	87	89
	24	26
	88	90
	25	27
	26	28
	92	95
	29	31
	94	96
	31	32
	95	97
	96	98
	33	33
	34	34
	36	35
	37	36
	39	38
	104	120
	105	121
	43	42
	109	124
	110	125
	111	126
	48	47
	112	127
	49	48
	51	49
	52	50
	54	52
	56	54
	120	107
	121	108
	60	58
	61	59
	125	111
	62	60
net/minecraft/client/texture/atlas/AtlasSource	34	33
	34	26
	24	32
	25	33
net/minecraft/client/resource/language/ReorderingUtil	34	36
	16	18
	32	34
	17	19
	33	35
	18	20
	34	36
	20	21
	21	22
	22	24
	23	25
	24	26
	27	29
net/minecraft/client/sound/SoundListener	33	36
	33	36
	11	14
	12	15
	13	16
	14	17
	15	18
	16	19
	17	20
	20	23
	21	24
	22	25
	25	28
	29	32
	30	33
net/minecraft/client/gui/screen/ingame/StatusEffectsDisplay	125	128
	32	34
	33	35
	34	36
	37	39
	38	40
	40	41
	44	45
	45	46
	46	47
	48	48
	50	49
	51	73
	54	50
	55	51
	56	52
	57	53
	60	56
	62	57
	63	58
	65	59
	66	60
	67	61
	68	62
	69	64
	70	65
	71	66
	73	69
	76	73
	79	76
	80	78
	81	81
	83	83
	86	86
	87	88
	88	89
	89	90
	91	92
	93	95
	95	97
	98	100
	99	102
	100	103
	101	104
	102	105
	103	106
	105	108
	108	111
	109	113
	110	114
	111	115
	113	116
	114	117
	116	118
	118	120
	121	123
	122	124
	123	125
	125	128
net/minecraft/client/gui/screen/option/TelemetryEventWidget	174	172
	129	122
	130	123
	132	125
	135	128
	146	142
	148	143
	149	144
	151	145
	152	146
	155	149
	156	150
	159	153
	160	154
	161	155
	164	161
	165	163
	166	164
	39	39
	41	40
	169	167
	42	41
	170	168
	43	42
	173	171
	46	45
	174	172
	47	46
	48	47
	51	50
	52	51
	53	52
	56	55
	57	56
	58	57
	59	59
	60	60
	61	61
	63	62
	65	63
	66	64
	69	68
	73	72
	74	73
	78	77
	79	78
	80	79
	82	81
	86	85
	91	90
	96	95
	97	96
	99	97
	100	98
	101	99
	102	100
	103	101
	107	105
	108	106
	111	109
	112	109
	114	109
	118	113
	119	114
	120	115
	121	116
	123	117
	125	118
	126	119
net/minecraft/client/render/entity/state/TntEntityRenderState	0	0
net/minecraft/client/network/LanServerQueryManager	105	106
	68	31
	69	32
	70	33
	71	34
	73	35
	74	36
	75	37
	76	38
	77	39
	82	42
	84	44
	85	45
	87	48
	88	49
	89	50
	90	51
	91	52
	92	53
	28	77
	29	78
	30	79
	95	56
	31	80
	96	57
	97	58
	33	82
	101	62
	37	87
	102	63
	38	88
	39	89
	104	66
	40	106
	105	67
	43	90
	45	91
	46	93
	47	94
	48	95
	49	96
	50	97
	54	101
	55	102
	56	103
	58	106
net/minecraft/client/render/entity/feature/StuckObjectsFeatureRenderer	80	88
	67	76
	68	77
	69	78
	70	79
	73	81
	75	82
	77	85
	80	88
	22	30
	23	31
	24	32
	25	33
	26	34
	31	39
	32	40
	33	41
	35	42
	36	43
	38	44
	39	45
	43	50
	44	51
	45	85
	48	52
	49	54
	50	55
	51	56
	52	57
	53	58
	55	59
	56	60
	57	61
	58	62
	59	63
	60	64
	61	66
	62	69
	63	72
net/minecraft/client/item/ItemAssetsLoader	70	97
	64	89
	65	91
	66	92
	67	93
	70	97
	32	33
	34	34
	35	35
	36	37
	38	38
	39	39
	40	42
	41	62
	42	49
	43	50
	44	51
	45	53
	46	54
	47	55
	48	56
	49	57
	51	58
	53	60
	55	78
	56	79
	57	80
	59	81
	63	88
net/minecraft/client/render/entity/feature/CapeFeatureRenderer	67	68
	64	63
	66	64
	67	68
	27	33
	28	34
	29	35
	30	36
	33	39
	34	40
	35	44
	37	41
	38	42
	43	51
	44	68
	47	52
	48	53
	49	68
	52	54
	53	68
	56	55
	57	56
	58	57
	61	60
	62	61
	63	62
net/minecraft/unused/packageinfo/PackageInfo6391	0	0
net/minecraft/client/render/entity/model/VillagerResemblingModel	128	159
	128	159
	26	65
	27	66
	28	67
	29	68
	30	69
	31	70
	32	71
	33	72
	36	75
	37	76
	39	77
	41	78
	42	79
	43	79
	46	81
	47	82
	48	82
	51	84
	52	86
	53	86
	54	87
	56	89
	57	90
	58	90
	59	90
	61	92
	62	93
	63	93
	66	95
	67	96
	68	96
	71	98
	72	100
	73	101
	74	103
	75	105
	76	107
	78	109
	79	110
	80	110
	81	110
	83	112
	84	114
	85	114
	86	115
	89	117
	94	121
	96	122
	97	123
	99	124
	100	125
	101	126
	103	128
	106	131
	107	135
	108	139
	109	140
	110	141
	114	145
	119	150
	120	151
	121	152
	122	153
	126	157
	127	158
net/minecraft/client/render/entity/state/ArmadilloEntityRenderState	0	0
net/minecraft/client/render/item/model/ConditionItemModel	82	90
	64	74
	65	75
	66	76
	67	77
	73	83
	75	83
	80	88
	81	89
	82	90
	24	28
	25	29
	26	30
	27	31
	31	43
	32	44
	33	45
	40	50
	41	51
	42	52
	43	53
	44	55
	48	60
	53	65
	54	66
	55	66
	56	66
	61	71
	62	72
net/minecraft/client/util/math/MatrixStack	173	210
	128	169
	131	170
	132	171
	133	172
	135	178
	138	175
	139	176
	140	178
	143	181
	144	182
	145	183
	148	186
	149	187
	22	39
	150	188
	23	40
	153	191
	26	46
	154	192
	27	47
	155	193
	156	194
	30	50
	31	51
	159	197
	160	198
	161	199
	34	54
	35	55
	163	200
	165	202
	38	64
	39	65
	168	205
	42	68
	43	69
	171	208
	172	209
	173	210
	46	72
	47	73
	50	79
	51	80
	52	81
	53	82
	55	84
	57	86
	60	92
	61	93
	63	95
	64	97
	67	103
	71	110
	75	117
	76	118
	79	121
	80	122
	92	131
	93	132
	94	133
	97	136
	98	137
	99	138
	100	139
	103	145
	111	152
	115	156
	119	160
	120	161
	124	165
net/minecraft/client/gl/Framebuffer	165	165
	128	126
	130	128
	131	130
	134	133
	135	134
	136	135
	137	136
	138	138
	139	139
	140	140
	141	141
	142	142
	143	143
	144	144
	146	146
	150	150
	155	155
	160	160
	165	165
	40	38
	41	39
	42	40
	45	43
	47	44
	48	45
	49	46
	52	49
	54	50
	55	51
	56	52
	58	55
	59	56
	60	57
	62	60
	63	61
	64	62
	66	65
	67	66
	68	67
	70	69
	73	72
	75	73
	76	74
	78	75
	79	76
	81	78
	82	82
	85	85
	87	86
	88	87
	89	88
	90	105
	93	89
	94	90
	96	91
	97	92
	99	93
	100	94
	101	95
	102	96
	103	97
	106	100
	107	101
	108	102
	109	103
	110	107
	113	110
	114	111
	117	114
	118	115
	120	117
	121	118
	122	119
	124	122
	127	125
net/minecraft/client/gui/tooltip/ProfilesTooltipComponent	48	51
	32	34
	33	35
	34	36
	37	40
	42	45
	43	46
	44	47
	45	48
	46	49
	48	51
	20	21
	21	22
	25	26
	30	31
	31	33
net/minecraft/client/render/item/KeyedItemRenderState	18	18
	18	18
	14	14
	15	15
net/minecraft/client/gui/screen/ingame/BookSigningScreen	114	106
	64	58
	65	59
	67	60
	68	61
	69	62
	70	63
	71	64
	72	65
	76	69
	77	70
	80	73
	81	74
	82	75
	86	79
	87	84
	88	85
	89	86
	91	82
	96	92
	98	93
	99	94
	101	95
	102	96
	104	97
	41	37
	105	98
	42	38
	43	39
	107	99
	44	40
	108	100
	45	41
	47	42
	48	43
	112	104
	113	105
	114	106
	52	47
	53	48
	54	49
	55	50
	56	51
	58	52
	59	53
	60	54
	61	55
	62	56
	63	57
net/minecraft/client/render/entity/model/EvokerFangsEntityModel	65	89
	64	88
	65	89
	22	54
	23	55
	24	56
	25	57
	26	58
	29	61
	30	62
	32	63
	33	64
	34	64
	35	64
	37	66
	38	66
	39	67
	40	68
	42	69
	47	73
	49	74
	50	75
	51	76
	52	77
	53	78
	55	79
	57	80
	58	81
	59	82
	61	85
	62	86
	63	87
net/minecraft/client/gui/screen/WarningScreen	75	76
	66	66
	67	67
	69	70
	70	71
	71	72
	75	76
	32	29
	33	30
	36	33
	37	34
	38	35
	39	36
	40	37
	41	38
	47	44
	48	45
	49	46
	50	48
	51	50
	53	51
	54	52
	55	53
	56	54
	58	57
	60	59
	61	61
	62	62
net/minecraft/client/gui/widget/GridWidget	215	230
	129	143
	134	148
	135	149
	138	152
	142	156
	146	160
	19	26
	20	27
	23	30
	24	31
	28	35
	156	218
	157	219
	30	36
	158	220
	31	37
	159	221
	160	222
	33	39
	161	223
	34	40
	35	41
	164	226
	38	44
	39	45
	168	230
	41	47
	42	48
	43	49
	44	51
	45	52
	47	55
	48	56
	49	58
	177	169
	50	59
	178	170
	181	173
	54	63
	55	64
	57	65
	185	177
	58	67
	59	68
	61	71
	189	181
	62	73
	63	74
	193	185
	66	77
	194	186
	67	78
	68	80
	196	187
	69	81
	197	188
	198	189
	71	84
	199	190
	72	85
	201	193
	74	86
	75	88
	203	194
	76	89
	78	92
	79	93
	207	198
	82	96
	83	97
	211	202
	84	98
	87	101
	215	206
	91	105
	95	109
	99	113
	103	117
	104	118
	106	119
	107	120
	109	122
	110	123
	111	124
	115	129
	119	133
	120	134
	124	138
	125	139
net/minecraft/client/render/chunk/Octree	272	251
	256	68
	257	69
	258	69
	260	69
	262	70
	263	71
	264	71
	266	71
	269	73
	270	73
	272	73
	19	19
	20	20
	21	21
	22	22
	23	23
	27	24
	28	25
	30	26
	31	27
	32	28
	33	29
	35	30
	36	31
	39	34
	43	38
	44	39
	47	42
	48	43
	49	44
	50	45
	70	91
	71	92
	72	93
	73	94
	75	95
	76	96
	77	97
	79	98
	81	99
	82	100
	83	101
	84	102
	87	105
	88	106
	89	107
	90	108
	92	109
	93	110
	94	111
	96	112
	98	113
	99	114
	100	115
	101	116
	104	117
	105	118
	106	119
	109	121
	110	122
	111	123
	112	124
	116	137
	117	138
	118	139
	120	142
	121	143
	123	146
	124	147
	126	150
	130	154
	141	160
	142	161
	143	162
	145	164
	146	165
	148	170
	149	171
	150	172
	152	174
	153	175
	155	180
	156	181
	157	182
	159	184
	160	185
	162	188
	167	193
	168	194
	169	195
	170	196
	171	197
	173	200
	174	201
	175	205
	176	207
	177	208
	178	209
	182	213
	187	218
	192	223
	200	232
	201	233
	205	237
	206	238
	207	239
	208	240
	210	242
	214	246
	219	251
	250	62
	251	63
	252	64
	253	65
net/minecraft/client/network/ClientCommandSource	184	179
	129	125
	130	126
	131	130
	134	127
	135	128
	140	135
	141	136
	142	140
	145	137
	146	138
	151	145
	156	149
	161	153
	165	157
	166	158
	167	159
	168	160
	170	162
	45	49
	173	165
	46	50
	174	167
	47	51
	175	170
	48	52
	177	173
	178	174
	52	55
	181	176
	54	57
	55	58
	184	179
	58	61
	63	65
	64	66
	66	68
	67	69
	68	70
	73	75
	74	76
	76	77
	81	81
	86	85
	92	89
	97	93
	102	99
	103	100
	104	101
	105	102
	110	106
	111	107
	113	110
	114	111
	115	112
	116	113
	120	117
	124	121
net/minecraft/server/integrated/IntegratedPlayerManager	60	67
	32	32
	33	33
	34	36
	35	37
	36	38
	37	49
	40	52
	41	53
	45	56
	46	57
	49	58
	54	62
	25	27
	27	28
	28	29
	60	67
net/minecraft/client/render/entity/CreakingEntityRenderer	46	47
	32	34
	33	35
	34	36
	35	37
	36	38
	38	39
	39	40
	41	41
	43	43
	45	46
	46	47
	16	19
	17	21
	18	23
	22	26
	27	30
net/minecraft/client/render/entity/model/SkullEntityModel	55	67
	34	49
	36	50
	37	52
	38	53
	39	53
	43	55
	47	59
	48	60
	17	37
	18	38
	19	39
	53	65
	22	42
	54	66
	23	43
	55	67
	25	44
	26	44
	27	44
	30	45
net/minecraft/client/render/entity/model/ElytraEntityModel	59	71
	22	39
	23	40
	24	41
	25	42
	28	45
	29	46
	31	47
	32	48
	33	50
	34	50
	35	51
	37	53
	38	55
	39	55
	40	56
	43	58
	48	62
	50	63
	51	64
	52	65
	53	66
	55	67
	56	68
	57	69
	58	70
	59	71
net/minecraft/client/gui/screen/OpenToLanScreen	124	122
	38	39
	39	40
	40	41
	44	45
	45	46
	46	47
	47	48
	48	50
	49	51
	50	52
	52	56
	54	58
	55	59
	58	61
	59	62
	61	64
	64	67
	65	68
	66	69
	67	70
	69	71
	70	72
	71	73
	72	74
	73	75
	74	76
	75	77
	76	78
	78	80
	79	81
	80	82
	82	84
	83	85
	84	86
	85	87
	86	88
	87	89
	91	93
	92	94
	96	98
	97	99
	98	100
	101	103
	103	104
	104	105
	105	107
	106	107
	108	107
	110	109
	111	110
	112	111
	119	118
	121	119
	122	120
	123	121
	124	122
net/minecraft/client/sound/OggAudioStream	244	228
	129	96
	130	110
	136	116
	137	117
	138	118
	140	120
	142	121
	143	122
	145	124
	151	132
	152	133
	154	148
	157	137
	158	138
	159	139
	162	142
	163	146
	166	135
	167	150
	174	156
	176	158
	177	159
	178	160
	51	41
	180	162
	53	42
	181	163
	55	43
	183	166
	56	44
	57	45
	189	171
	62	47
	190	172
	63	48
	64	49
	192	173
	193	174
	194	175
	69	51
	197	176
	198	177
	73	51
	201	179
	74	52
	75	53
	203	182
	76	54
	204	183
	78	57
	206	184
	79	58
	207	185
	208	187
	81	51
	209	190
	210	193
	212	196
	85	62
	86	63
	215	199
	88	64
	89	67
	219	204
	220	205
	93	70
	221	206
	222	207
	223	208
	98	75
	226	211
	229	214
	102	79
	230	215
	103	80
	104	81
	232	217
	105	82
	106	83
	235	220
	236	221
	109	85
	237	222
	110	86
	239	224
	243	227
	116	93
	244	228
	117	94
	119	104
	120	105
	122	108
	125	98
	126	102
net/minecraft/client/render/item/model/MissingItemModel	35	48
	32	45
	33	46
	34	47
	35	48
	22	27
	23	28
	24	29
	25	30
	29	42
	30	43
	31	44
net/minecraft/client/gui/widget/EntryListWidget	459	457
	256	250
	257	251
	258	252
	259	253
	260	254
	261	255
	264	258
	268	262
	273	267
	278	272
	279	273
	280	274
	281	275
	283	277
	285	279
	286	280
	288	282
	291	285
	292	286
	293	287
	294	288
	298	293
	45	44
	46	45
	302	297
	47	46
	303	298
	48	47
	304	299
	306	300
	51	50
	307	302
	52	51
	308	303
	53	52
	309	304
	54	53
	310	305
	311	306
	58	60
	314	309
	62	64
	318	312
	63	65
	319	313
	64	66
	65	67
	322	314
	67	69
	323	315
	324	316
	70	72
	71	73
	327	319
	328	320
	74	76
	331	323
	332	324
	333	325
	334	326
	335	327
	81	81
	339	330
	86	86
	343	334
	90	90
	347	338
	92	91
	93	92
	351	342
	96	95
	97	96
	98	97
	355	346
	101	100
	360	351
	105	104
	361	352
	106	105
	363	354
	364	354
	110	109
	366	354
	111	110
	112	111
	113	112
	371	360
	116	115
	372	361
	117	116
	373	361
	118	117
	119	118
	375	361
	123	122
	380	365
	381	366
	382	367
	127	126
	384	370
	132	131
	133	132
	389	375
	135	133
	136	134
	393	379
	138	135
	394	380
	139	136
	140	137
	141	137
	397	383
	398	384
	143	137
	399	385
	400	386
	401	387
	148	141
	404	390
	149	142
	152	145
	153	146
	154	147
	155	148
	413	427
	159	152
	417	431
	163	156
	166	159
	423	453
	170	163
	427	457
	172	164
	174	165
	175	166
	176	167
	177	168
	178	169
	180	172
	436	397
	181	173
	183	174
	185	175
	441	401
	187	176
	188	177
	446	405
	191	180
	447	406
	192	181
	448	407
	193	182
	194	183
	195	184
	453	411
	198	187
	454	412
	199	188
	455	413
	200	200
	203	203
	459	416
	204	204
	208	207
	209	208
	215	211
	216	212
	217	213
	218	214
	221	217
	222	218
	223	219
	225	221
	228	224
	229	225
	233	229
	238	234
	243	239
	248	244
	250	245
	251	246
	254	249
net/minecraft/client/render/FramePass	0	0
net/minecraft/client/render/entity/state/CatEntityRenderState	0	0
net/minecraft/client/render/entity/UndeadHorseEntityRenderer	74	84
	33	37
	68	78
	69	79
	38	41
	70	80
	71	81
	72	82
	73	83
	74	84
	18	22
	19	22
	20	22
	22	23
	23	24
	25	29
	26	30
	27	31
	29	34
net/minecraft/client/tutorial/TutorialManager	116	123
	64	66
	65	70
	67	67
	68	68
	69	70
	72	73
	73	74
	75	77
	76	78
	79	81
	80	82
	81	83
	83	85
	85	87
	86	88
	24	26
	88	90
	25	27
	91	93
	28	30
	92	94
	29	31
	93	95
	94	96
	31	33
	95	97
	97	99
	34	36
	35	37
	100	102
	37	39
	40	42
	104	109
	41	43
	105	109
	43	45
	107	109
	46	48
	47	49
	112	113
	49	51
	52	54
	116	123
	53	55
	55	57
	58	60
	59	61
	61	63
net/minecraft/client/realms/gui/screen/RealmsBackupScreen	279	315
	256	285
	257	286
	258	287
	259	288
	260	289
	261	296
	262	297
	263	298
	264	299
	265	300
	266	301
	267	302
	268	303
	270	306
	271	307
	272	308
	273	309
	274	310
	276	312
	279	315
	68	58
	69	59
	70	60
	71	61
	72	62
	76	66
	77	67
	79	68
	80	69
	81	70
	82	71
	84	73
	85	75
	87	76
	88	77
	92	81
	94	82
	95	83
	96	87
	98	91
	102	95
	103	96
	104	97
	106	99
	109	102
	112	104
	114	107
	115	108
	116	111
	117	112
	118	113
	119	114
	121	117
	122	119
	124	121
	125	123
	126	124
	128	126
	129	128
	130	129
	134	133
	135	134
	138	138
	139	141
	140	143
	141	145
	142	149
	147	159
	153	167
	154	173
	158	177
	175	192
	177	193
	179	194
	180	196
	181	198
	182	199
	183	200
	184	201
	185	201
	186	204
	187	205
	190	208
	191	209
	192	210
	193	211
	194	212
	195	213
	196	213
	197	216
	198	217
	200	219
	203	222
	204	223
	205	236
	207	224
	208	226
	209	227
	210	228
	211	229
	214	232
	217	236
	220	239
	221	240
	222	241
	223	242
	225	244
	227	246
	230	249
	234	253
	235	254
	236	255
	238	261
	239	262
	240	268
	242	271
	246	275
	251	280
net/minecraft/client/render/item/property/bool/UsingItemProperty	24	23
	16	18
	17	18
	19	18
	24	23
net/minecraft/client/render/item/property/numeric/CountProperty	31	29
	16	17
	20	22
	21	23
	23	24
	24	24
	26	24
	14	17
	15	17
	31	29
net/minecraft/client/sound/SoundInstanceListener	0	0
net/minecraft/client/gui/render/state/special/ProfilerChartGuiElementRenderState	17	20
	17	20
	12	15
	13	16
net/minecraft/client/render/item/tint/TintSource	0	0
net/minecraft/client/font/Font	30	29
	18	17
	29	28
	14	13
	30	29
net/minecraft/client/world/WorldEventHandler	547	697
	512	664
	513	665
	514	666
	516	668
	519	671
	521	672
	522	673
	523	674
	524	675
	525	676
	526	677
	527	678
	528	679
	531	682
	532	683
	533	684
	535	686
	538	689
	539	690
	540	691
	543	694
	544	694
	545	695
	547	697
	62	64
	63	65
	64	66
	65	67
	68	70
	72	74
	73	75
	75	76
	77	77
	78	78
	79	79
	80	80
	81	81
	83	83
	88	87
	91	90
	92	91
	94	214
	95	215
	97	208
	98	209
	100	211
	101	212
	103	205
	104	206
	106	96
	107	97
	109	93
	110	94
	112	269
	113	270
	115	272
	116	273
	118	102
	119	103
	121	99
	122	100
	124	275
	125	279
	127	438
	128	439
	130	325
	131	326
	133	379
	134	380
	135	381
	137	383
	138	384
	140	396
	141	397
	142	398
	148	341
	150	343
	151	344
	154	356
	155	357
	156	358
	158	359
	159	361
	160	362
	161	363
	162	364
	163	365
	164	366
	166	367
	167	369
	168	370
	169	371
	170	372
	173	376
	174	377
	177	328
	178	329
	179	330
	180	331
	182	337
	183	338
	185	550
	186	551
	187	552
	189	555
	190	556
	192	402
	193	403
	194	404
	195	405
	197	406
	198	407
	202	561
	203	562
	205	564
	206	568
	207	569
	209	644
	210	648
	213	571
	214	575
	215	576
	217	624
	218	628
	219	629
	221	631
	222	640
	223	641
	224	642
	226	578
	227	582
	228	583
	230	607
	231	608
	233	585
	234	587
	235	593
	239	600
	240	601
	241	605
	243	610
	244	611
	245	612
	246	613
	247	614
	249	618
	250	622
	252	321
	253	322
	254	323
	256	441
	257	442
	259	444
	260	445
	262	558
	263	559
	265	466
	266	467
	268	469
	272	447
	273	448
	275	483
	276	484
	278	485
	279	486
	280	487
	281	488
	283	491
	284	492
	285	493
	286	494
	287	495
	288	495
	289	495
	291	497
	292	498
	293	499
	294	500
	295	501
	298	504
	299	505
	300	506
	301	507
	305	511
	306	512
	307	513
	308	514
	309	515
	310	517
	311	518
	312	519
	313	520
	314	522
	316	523
	323	529
	324	530
	326	533
	327	534
	329	535
	330	536
	334	473
	335	474
	336	475
	338	477
	339	478
	341	480
	342	481
	344	430
	345	431
	347	281
	348	282
	350	318
	351	319
	353	284
	354	289
	355	290
	359	295
	360	300
	361	301
	362	302
	363	303
	365	304
	369	308
	370	310
	371	311
	372	312
	373	313
	375	314
	380	411
	381	412
	382	413
	383	414
	384	415
	385	416
	387	417
	388	419
	389	420
	393	424
	394	425
	398	433
	399	434
	403	105
	404	106
	405	110
	406	111
	410	196
	411	197
	413	199
	414	200
	416	241
	417	243
	419	202
	420	203
	422	217
	423	219
	425	118
	426	119
	428	121
	429	122
	431	124
	432	128
	434	136
	435	140
	437	130
	438	134
	440	148
	441	152
	443	166
	444	170
	446	160
	447	164
	449	154
	450	158
	452	142
	453	146
	455	172
	456	176
	458	184
	459	188
	461	190
	462	194
	464	221
	465	225
	467	227
	468	231
	470	178
	471	182
	473	233
	474	235
	476	237
	477	239
	479	450
	480	451
	481	460
	483	462
	484	464
	486	245
	487	249
	489	251
	490	255
	492	257
	493	261
	495	263
	498	650
	501	653
	502	654
	503	655
	504	656
	506	658
	507	659
	508	660
	509	661
	510	662
	511	663
net/minecraft/unused/packageinfo/PackageInfo11232	0	0
net/minecraft/client/sound/SoundLoader	57	89
	32	36
	33	65
	34	66
	35	67
	37	69
	41	73
	43	75
	44	76
	45	77
	46	78
	48	80
	52	84
	53	85
	54	86
	24	23
	25	24
	57	89
	28	27
	29	29
	30	33
net/minecraft/client/render/entity/HorseEntityRenderer	62	77
	32	42
	34	47
	35	48
	36	49
	38	52
	40	57
	41	58
	42	59
	44	62
	48	65
	53	69
	58	73
	59	74
	60	75
	29	40
	61	76
	62	77
	31	41
net/minecraft/client/gui/hud/spectator/SpectatorMenuCommand	0	0
net/minecraft/client/render/entity/state/SnowGolemEntityRenderState	0	0
net/minecraft/client/render/entity/GhastEntityRenderer	34	31
	32	29
	33	30
	34	31
	19	21
	20	21
	22	21
	27	25
	14	17
	15	18
net/minecraft/client/render/entity/BoatEntityRenderer	42	45
	34	37
	21	24
	22	25
	23	26
	39	42
	24	27
	40	43
	25	28
	42	45
	29	32
net/minecraft/client/gui/hud/spectator/RootSpectatorCommandGroup	26	26
	16	16
	17	17
	21	21
	26	26
	15	15
net/minecraft/client/util/GlfwUtil	17	19
	17	19
	9	11
	10	12
	13	15
net/minecraft/client/render/block/entity/EnchantingTableBlockEntityRenderer	59	64
	33	42
	35	43
	37	45
	38	46
	40	49
	41	50
	44	53
	46	54
	47	55
	49	56
	50	57
	51	58
	53	59
	23	27
	55	60
	24	28
	56	61
	57	62
	58	63
	59	64
	28	39
	29	40
	31	41
net/minecraft/client/render/entity/model/EndermanEntityModel	93	114
	16	53
	17	54
	20	57
	21	58
	22	59
	24	60
	25	61
	26	61
	27	61
	29	63
	30	64
	31	64
	34	66
	35	67
	36	67
	37	67
	39	69
	40	71
	41	71
	42	72
	44	74
	45	76
	46	76
	47	77
	49	79
	50	80
	51	80
	52	80
	54	82
	55	84
	56	84
	57	85
	60	87
	65	91
	67	92
	69	93
	70	94
	71	95
	72	96
	74	97
	75	98
	76	99
	77	100
	78	101
	81	102
	82	103
	83	104
	84	105
	85	106
	88	109
	89	110
	90	111
	91	112
	93	114
net/minecraft/unused/packageinfo/PackageInfo11240	0	0
net/minecraft/client/particle/ExplosionLargeParticle	55	55
	33	34
	34	35
	35	39
	38	37
	39	39
	11	13
	43	43
	12	14
	13	15
	14	16
	15	17
	16	18
	17	19
	18	20
	50	51
	19	21
	51	52
	20	22
	55	55
	24	26
	29	31
	30	32
	31	33
net/minecraft/client/realms/RealmsError	184	170
	64	109
	131	158
	69	114
	136	163
	141	168
	78	56
	142	169
	144	170
	83	61
	150	29
	152	30
	88	66
	155	31
	156	32
	30	74
	35	79
	99	126
	36	80
	37	81
	167	35
	103	130
	168	36
	40	83
	169	37
	41	84
	170	38
	42	85
	171	39
	43	86
	107	134
	172	40
	174	40
	47	90
	111	138
	115	142
	180	42
	52	96
	181	43
	119	146
	184	46
	120	147
	121	148
	122	149
	59	104
	125	151
	126	152
net/minecraft/client/gui/widget/WrapperWidget	85	89
	66	70
	70	74
	74	78
	75	79
	12	15
	76	80
	13	16
	77	81
	14	17
	78	82
	15	18
	16	19
	81	85
	82	86
	83	87
	20	23
	84	88
	21	24
	85	89
	22	25
	23	26
	24	27
	25	28
	29	32
	30	33
	31	34
	32	35
	33	36
	34	37
	38	41
	43	46
	48	51
	53	56
	61	65
	62	66
	63	67
net/minecraft/client/render/model/CubeFace	81	79
	65	62
	66	63
	69	66
	78	76
	79	77
	80	78
	81	79
	50	48
	51	49
	52	50
	53	51
	54	52
	55	53
	56	54
	61	58
net/minecraft/client/realms/dto/RealmsText	60	59
	32	33
	33	34
	35	36
	36	36
	38	36
	43	41
	44	42
	46	44
	47	52
	49	45
	50	46
	51	48
	52	49
	22	23
	23	24
	55	55
	24	25
	27	28
	60	59
net/minecraft/client/render/item/property/numeric/TimeProperty	77	78
	32	35
	34	36
	35	37
	36	38
	38	41
	72	74
	73	75
	43	46
	77	78
	14	17
	15	18
	16	19
	17	21
	50	54
	56	60
	25	28
	26	29
	27	30
	28	31
	62	66
net/minecraft/client/render/block/entity/EndPortalBlockEntityRenderer	56	59
	32	33
	33	34
	34	35
	35	36
	36	37
	39	42
	40	43
	41	44
	42	45
	43	46
	45	48
	48	51
	17	21
	52	55
	21	24
	23	25
	24	26
	56	59
	27	29
	28	30
	30	31
	31	32
net/minecraft/unused/packageinfo/PackageInfo11249	0	0
com/mojang/blaze3d/buffers/Std140SizeCalculator	75	73
	67	65
	68	66
	69	67
	73	71
	74	72
	75	73
	16	14
	20	18
	21	19
	25	23
	26	24
	27	25
	31	29
	32	30
	33	31
	37	35
	38	36
	39	37
	43	41
	44	42
	45	43
	49	47
	50	48
	51	49
	55	53
	56	54
	57	55
	61	59
	62	60
	63	61
net/minecraft/client/particle/FireSmokeParticle	20	25
	16	22
	20	25
	8	13
	9	14
	15	21
net/minecraft/client/particle/SpitParticle	21	24
	16	20
	17	21
	21	24
	8	11
	9	12
	10	13
net/minecraft/client/render/item/model/special/SpecialModelRenderer	0	0
net/minecraft/unused/packageinfo/PackageInfo7205	0	0
net/minecraft/client/realms/util/UploadProgressTracker	21	23
	16	18
	21	23
	11	13
net/minecraft/client/render/WeatherRendering	246	228
	46	54
	47	55
	48	56
	49	57
	50	58
	51	59
	52	60
	55	63
	58	66
	59	67
	60	76
	63	68
	65	69
	66	70
	67	71
	69	72
	70	73
	72	76
	75	81
	76	82
	77	83
	79	84
	80	85
	82	87
	83	88
	84	89
	85	90
	86	91
	87	92
	91	93
	92	94
	96	95
	97	96
	100	97
	101	98
	103	99
	104	100
	105	101
	106	102
	110	108
	113	118
	114	119
	115	120
	117	123
	118	124
	119	125
	121	127
	125	130
	126	131
	127	132
	128	133
	129	134
	131	135
	135	139
	137	140
	138	141
	139	142
	141	143
	142	144
	143	144
	146	146
	153	150
	154	151
	155	152
	156	153
	158	154
	159	155
	161	156
	162	157
	163	158
	165	159
	166	160
	167	161
	168	162
	169	163
	170	164
	172	165
	173	166
	174	167
	175	168
	177	169
	178	170
	179	171
	180	172
	182	174
	185	177
	186	178
	187	221
	190	179
	191	180
	193	181
	195	182
	196	184
	197	185
	198	186
	201	187
	202	188
	206	191
	207	192
	209	193
	214	197
	215	198
	217	199
	218	200
	219	201
	221	202
	222	203
	223	204
	225	205
	226	208
	230	212
	231	213
	232	214
	234	215
	236	217
	239	221
	242	224
	243	225
	245	227
	246	228
net/minecraft/client/gui/screen/Overlay	7	10
	7	10
net/minecraft/client/network/ChunkBatchSizeCalculator	33	31
	33	31
	18	21
	22	22
	23	23
	24	24
	25	25
	26	26
	28	28
	14	17
	15	18
net/minecraft/client/render/VertexConsumer	148	302
	129	270
	133	287
	134	288
	138	292
	139	293
	143	297
	144	298
	148	302
	31	110
	32	111
	33	112
	34	113
	35	114
	36	115
	37	116
	40	129
	44	143
	48	157
	52	170
	56	183
	60	194
	61	195
	67	216
	68	217
	70	218
	71	219
	73	220
	74	221
	76	222
	77	223
	79	225
	80	226
	81	227
	83	229
	84	230
	85	231
	87	232
	88	233
	89	234
	94	238
	95	239
	96	240
	97	241
	99	242
	100	243
	101	244
	103	246
	104	247
	105	248
	108	251
	110	252
	111	253
	112	254
	114	255
	115	256
	118	259
	121	262
	125	266
net/minecraft/client/render/item/property/select/TrimMaterialProperty	39	40
	34	35
	39	40
	25	29
	26	30
	27	30
	29	30
net/minecraft/client/font/BuiltinEmptyGlyph	78	77
	32	26
	33	28
	34	29
	35	30
	68	63
	38	34
	39	35
	73	68
	74	73
	45	39
	14	13
	46	40
	78	77
	16	15
	17	16
	50	44
	19	17
	20	18
	21	19
	55	49
	58	53
	63	58
net/minecraft/client/particle/AshParticle	20	25
	16	22
	20	25
	8	13
	9	14
	15	21
net/minecraft/client/render/entity/model/PlayerCapeModel	56	52
	32	30
	33	31
	34	32
	35	33
	37	34
	38	36
	39	36
	40	37
	43	39
	48	43
	50	45
	51	47
	52	48
	21	21
	53	49
	54	50
	23	22
	56	52
	26	25
	27	26
	29	27
	30	28
	31	29
net/minecraft/unused/packageinfo/PackageInfo11257	0	0
net/minecraft/client/gui/screen/ingame/HorseScreen	63	62
	32	34
	34	35
	36	36
	37	37
	40	40
	41	41
	44	44
	45	45
	46	46
	49	49
	50	50
	53	53
	54	54
	24	26
	25	27
	26	28
	58	58
	27	29
	59	59
	61	60
	62	61
	31	33
	63	62
net/minecraft/client/render/entity/animation/CamelAnimations	0	0
net/minecraft/client/particle/AbstractSlowingParticle	17	19
	16	18
	17	19
	7	10
	8	11
	9	12
	10	13
	11	14
	12	15
	13	16
	14	17
net/minecraft/unused/packageinfo/PackageInfo6389	0	0
net/minecraft/client/option/Perspective	28	30
	16	18
	17	19
	20	22
	24	26
	28	30
	15	17
net/minecraft/client/render/entity/model/AbstractZombieModel	16	18
	16	18
	8	11
	9	12
	13	15
	14	16
	15	17
net/minecraft/client/render/ChunkRenderingDataPreparer	473	468
	64	61
	66	63
	67	64
	68	65
	69	66
	72	70
	73	71
	74	72
	75	73
	77	75
	79	77
	82	80
	83	81
	86	84
	87	85
	88	86
	89	87
	90	88
	91	89
	94	92
	95	93
	98	96
	102	100
	103	101
	104	102
	106	105
	108	106
	109	107
	111	109
	114	112
	115	113
	116	114
	118	117
	120	118
	121	119
	123	121
	126	126
	127	127
	128	128
	130	131
	131	132
	134	135
	135	136
	136	137
	137	138
	138	139
	139	140
	140	141
	141	142
	142	143
	143	144
	144	145
	145	146
	146	147
	147	148
	150	151
	151	152
	152	153
	153	154
	154	156
	155	157
	156	158
	158	159
	159	160
	162	164
	163	165
	164	166
	165	167
	167	169
	168	170
	170	172
	173	175
	174	178
	175	179
	176	180
	177	181
	178	182
	181	186
	182	187
	185	190
	186	191
	187	192
	188	193
	189	194
	190	195
	191	196
	192	197
	193	198
	196	201
	197	202
	198	203
	199	204
	201	205
	203	206
	204	207
	205	208
	207	209
	208	210
	209	211
	210	212
	211	214
	212	215
	213	216
	214	217
	215	218
	216	219
	217	220
	218	221
	219	222
	220	223
	221	224
	223	227
	224	228
	225	229
	226	230
	228	233
	232	238
	233	239
	235	241
	237	243
	240	253
	241	254
	242	255
	244	257
	245	258
	246	259
	248	260
	249	261
	250	262
	254	265
	257	268
	258	269
	259	269
	260	270
	261	271
	263	273
	264	274
	266	275
	270	275
	274	276
	275	277
	276	278
	277	280
	278	281
	279	282
	280	283
	284	287
	289	292
	290	293
	291	294
	292	295
	293	296
	294	297
	295	298
	296	299
	297	299
	298	299
	299	299
	301	300
	302	301
	303	303
	304	304
	305	305
	306	306
	309	310
	310	311
	311	312
	312	313
	315	317
	320	322
	321	323
	323	324
	327	326
	328	327
	330	328
	331	329
	332	330
	334	331
	335	332
	336	333
	337	334
	342	340
	345	344
	350	354
	352	355
	353	356
	355	358
	356	359
	360	360
	366	367
	374	454
	375	455
	383	446
	384	447
	393	465
	394	466
	395	467
	396	468
	400	371
	407	428
	408	429
	411	432
	412	433
	416	437
	417	438
	418	438
	420	438
	434	385
	435	386
	436	387
	438	390
	439	391
	442	394
	443	395
	446	398
	450	402
	451	403
	455	407
	459	411
	464	415
	469	419
	470	419
	472	419
	473	419
net/minecraft/client/render/entity/state/TntMinecartEntityRenderState	0	0
net/minecraft/client/render/model/json/WeightedVariant	28	30
	16	16
	18	20
	21	23
	25	27
	26	28
	27	29
	28	30
	14	18
	15	15
net/minecraft/client/particle/WaterSplashParticle	28	31
	21	25
	22	26
	8	11
	9	12
	10	13
	26	29
	11	14
	27	30
	12	15
	28	31
	13	16
	15	18
net/minecraft/client/particle/WhiteAshParticle	31	36
	16	21
	22	28
	23	29
	27	32
	12	17
	28	33
	13	18
	29	34
	14	19
	30	35
	15	20
	31	36
net/minecraft/client/data/ModelIds	36	38
	16	18
	35	37
	20	22
	36	38
	21	23
	25	27
	26	28
	12	14
	30	32
	31	33
net/minecraft/client/gui/hud/spectator/SpectatorMenuState	29	26
	16	15
	17	16
	18	17
	21	20
	22	22
	25	21
	29	26
net/minecraft/client/gui/screen/option/TelemetryInfoScreen	135	131
	129	125
	130	126
	134	130
	135	131
	49	46
	50	47
	51	48
	52	49
	56	53
	61	58
	62	59
	63	60
	64	61
	65	62
	66	63
	67	64
	69	65
	70	66
	71	67
	73	70
	74	71
	75	72
	77	73
	78	74
	79	75
	81	77
	82	79
	83	80
	87	84
	88	85
	89	86
	90	87
	91	88
	93	91
	94	92
	96	95
	97	96
	101	100
	102	101
	104	103
	107	106
	108	107
	109	107
	110	107
	111	107
	115	111
	116	112
	118	114
	121	117
	122	118
	125	121
	126	122
net/minecraft/client/render/entity/state/WitchEntityRenderState	0	0
net/minecraft/client/render/entity/ZoglinEntityRenderer	17	19
	17	19
	12	15
	13	16
net/minecraft/unused/packageinfo/PackageInfo6372	0	0
net/minecraft/client/render/entity/model/CreeperEntityModel	71	95
	65	89
	66	90
	67	91
	68	92
	69	93
	70	94
	71	95
	23	56
	24	57
	25	58
	26	59
	27	60
	28	61
	29	62
	32	65
	33	66
	35	67
	36	69
	37	69
	38	70
	42	72
	43	74
	44	74
	45	75
	48	77
	49	77
	50	78
	51	79
	52	80
	53	81
	55	82
	60	86
	62	87
	63	88
net/minecraft/client/gui/Drawable	0	0
net/minecraft/client/render/entity/DisplayEntityRenderer	295	286
	256	239
	257	240
	258	241
	260	243
	263	246
	265	247
	267	248
	268	249
	269	250
	271	251
	272	252
	274	253
	275	254
	276	255
	278	256
	279	257
	280	258
	281	259
	282	260
	283	261
	286	264
	287	265
	288	266
	289	267
	290	268
	36	45
	292	271
	37	46
	293	284
	38	47
	295	286
	42	50
	47	54
	51	58
	52	59
	57	63
	58	64
	59	64
	61	64
	66	68
	67	69
	68	69
	70	69
	75	73
	76	74
	77	74
	79	74
	84	78
	85	79
	86	79
	88	79
	93	83
	94	84
	95	94
	97	85
	99	86
	101	87
	102	88
	103	89
	104	90
	105	91
	106	92
	107	94
	110	97
	112	99
	114	100
	116	101
	118	102
	120	103
	125	109
	129	113
	133	117
	137	121
	144	127
	145	128
	146	129
	147	130
	148	131
	149	132
	155	139
	156	140
	157	141
	161	144
	166	148
	167	149
	168	150
	172	155
	173	157
	180	166
	181	167
	182	168
	186	171
	191	175
	192	176
	193	177
	194	178
	196	180
	198	182
	202	187
	203	191
	206	188
	207	189
	208	191
	215	200
	216	201
	217	202
	221	205
	226	209
	227	210
	228	211
	229	212
	232	215
	233	216
	235	217
	236	219
	237	220
	238	221
	239	222
	242	225
	247	231
	248	232
	250	233
	251	234
	252	235
	253	236
	254	237
net/minecraft/client/render/entity/AbstractHoglinEntityRenderer	23	25
	16	19
	21	23
	22	24
	23	25
	11	15
	12	16
net/minecraft/client/data/TextureMap	445	419
	256	237
	260	241
	264	245
	268	249
	272	253
	273	254
	274	255
	275	256
	23	22
	279	260
	24	23
	280	261
	281	262
	282	263
	283	264
	28	27
	29	28
	30	29
	287	268
	34	33
	291	272
	292	273
	293	274
	38	37
	294	275
	39	38
	298	279
	43	42
	299	280
	44	43
	300	281
	45	44
	301	282
	302	283
	49	48
	50	48
	306	287
	51	49
	307	288
	52	50
	308	289
	53	51
	309	290
	55	48
	57	55
	313	294
	314	295
	315	296
	316	297
	61	59
	62	60
	63	61
	64	62
	320	301
	65	63
	324	305
	69	67
	325	306
	70	68
	326	307
	327	308
	328	309
	329	310
	74	72
	330	311
	75	73
	331	312
	79	77
	336	316
	337	317
	338	318
	83	81
	339	319
	340	320
	341	321
	342	322
	87	85
	343	323
	91	89
	347	327
	348	328
	349	329
	350	330
	95	93
	351	331
	96	93
	352	332
	97	93
	353	333
	354	334
	102	97
	358	338
	359	339
	360	340
	361	341
	106	101
	362	342
	363	343
	364	344
	365	345
	110	105
	366	346
	111	105
	112	105
	370	350
	371	350
	372	350
	117	109
	121	113
	377	354
	378	355
	379	356
	380	357
	125	117
	381	358
	382	359
	129	121
	387	363
	388	364
	133	125
	389	365
	134	125
	390	366
	135	125
	391	367
	392	368
	393	369
	140	129
	398	373
	399	374
	144	133
	400	375
	401	376
	402	377
	403	378
	148	137
	404	379
	149	137
	150	137
	409	383
	155	141
	413	387
	159	145
	417	391
	163	149
	421	395
	167	153
	425	399
	171	157
	429	403
	430	404
	175	161
	176	161
	177	161
	434	408
	435	409
	181	165
	182	165
	183	165
	439	413
	440	414
	187	169
	188	170
	444	418
	189	171
	445	419
	190	172
	195	176
	199	180
	203	184
	207	188
	211	192
	212	193
	213	194
	214	195
	218	199
	219	200
	220	201
	221	202
	222	203
	223	204
	227	208
	228	209
	229	210
	230	211
	231	212
	232	213
	236	217
	240	221
	244	225
	248	229
	252	233
net/minecraft/client/render/entity/PillagerEntityRenderer	26	26
	16	18
	17	19
	21	22
	26	26
	14	17
net/minecraft/client/render/entity/model/TridentRiptideEntityModel	51	53
	32	36
	33	37
	34	38
	35	39
	36	39
	37	39
	41	43
	46	47
	47	49
	48	50
	49	51
	18	20
	19	22
	51	53
	20	23
	22	25
	25	28
	29	32
	30	33
	31	35
net/minecraft/client/realms/dto/Subscription	36	37
	34	35
	35	36
	20	19
	36	37
	22	22
	23	23
	24	24
	25	25
	26	26
	27	27
	29	30
net/minecraft/client/render/model/json/MultipartModelCondition	43	50
	33	43
	34	44
	35	45
	38	47
	39	48
	40	49
	41	50
	43	47
	18	22
	20	24
	21	25
	22	27
	24	30
	25	31
	27	33
	28	37
	30	41
net/minecraft/client/render/model/json/MultipartModelComponent	22	24
	16	16
	17	17
	18	18
	19	20
	22	24
net/minecraft/client/texture/TextureTickListener	0	0
net/minecraft/client/render/entity/SkeletonEntityRenderer	22	23
	17	19
	22	23
	12	15
	13	16
net/minecraft/client/resource/waypoint/WaypointStyleAssetManager	37	36
	33	32
	34	33
	37	36
	28	26
	29	27
net/minecraft/client/data/ItemModelOutput	0	0
net/minecraft/client/render/entity/AbstractHorseEntityRenderer	22	25
	16	19
	17	20
	18	21
	19	22
	20	23
	21	24
	22	25
	10	14
	11	15
	15	18
net/minecraft/client/sound/SoundInstance	61	50
	49	42
	53	46
	61	50
net/minecraft/client/gl/GlGpuBuffer	75	78
	65	69
	70	74
	71	78
	73	75
	74	76
	75	78
	24	27
	25	28
	26	29
	27	30
	28	31
	29	32
	30	33
	34	37
	39	42
	40	52
	42	43
	43	44
	44	45
	45	46
	47	49
	48	50
	49	52
	58	62
	59	63
	60	64
	61	65
net/minecraft/client/gui/tooltip/TooltipComponent	36	42
	17	18
	33	39
	18	19
	19	20
	20	21
	36	42
	13	14
	29	35
net/minecraft/client/render/entity/model/EntityModels	512	428
	512	428
	131	32
	133	33
	134	34
	135	35
	136	36
	137	37
	138	38
	139	39
	140	40
	141	41
	142	42
	143	43
	144	44
	145	45
	146	46
	147	47
	148	48
	149	49
	150	50
	151	51
	152	52
	153	53
	154	54
	155	55
	156	56
	157	57
	158	58
	159	59
	160	60
	161	61
	162	62
	163	63
	164	64
	165	65
	166	66
	167	67
	168	68
	169	69
	170	70
	171	71
	172	72
	173	73
	174	74
	175	75
	176	76
	177	77
	178	78
	179	79
	180	80
	181	81
	182	82
	183	83
	184	84
	185	85
	186	86
	187	87
	188	88
	189	89
	191	90
	192	91
	193	92
	194	93
	195	94
	196	95
	197	96
	198	97
	199	98
	200	99
	201	100
	202	101
	203	102
	204	103
	205	104
	206	105
	207	106
	208	107
	209	108
	210	109
	211	110
	212	111
	213	112
	214	113
	215	114
	216	115
	217	116
	218	117
	219	118
	220	119
	221	120
	222	121
	223	122
	224	123
	225	124
	226	125
	227	126
	228	127
	229	128
	230	129
	231	130
	232	131
	233	132
	234	133
	235	134
	236	135
	237	136
	238	137
	239	138
	240	139
	241	140
	242	141
	243	142
	244	143
	245	144
	246	145
	247	146
	248	147
	249	148
	250	149
	251	150
	252	151
	253	152
	254	153
	255	154
	256	155
	257	156
	258	157
	259	158
	260	159
	261	160
	262	161
	263	162
	264	163
	265	164
	266	165
	267	166
	268	167
	269	168
	270	169
	271	170
	272	171
	273	172
	274	173
	275	174
	276	175
	277	176
	278	177
	279	178
	280	179
	281	180
	282	181
	283	182
	284	183
	285	184
	286	185
	287	186
	288	187
	289	188
	290	189
	291	190
	292	191
	293	192
	294	193
	295	194
	296	195
	297	196
	298	199
	299	200
	300	203
	301	204
	302	208
	303	209
	304	210
	305	211
	306	212
	307	213
	308	214
	309	217
	310	221
	311	222
	312	223
	313	224
	314	225
	315	226
	316	227
	317	228
	318	229
	319	230
	320	231
	321	232
	322	233
	323	234
	324	235
	325	236
	326	237
	327	238
	328	239
	329	240
	330	241
	331	242
	332	243
	333	244
	334	245
	335	246
	336	247
	337	248
	338	249
	339	250
	340	251
	341	252
	342	253
	343	254
	344	255
	345	256
	346	257
	347	258
	348	259
	349	260
	350	261
	351	262
	352	263
	353	264
	354	265
	355	266
	356	267
	357	268
	358	269
	359	270
	360	271
	361	272
	362	273
	363	274
	364	275
	365	276
	366	277
	367	278
	368	279
	369	280
	370	281
	371	282
	372	283
	373	284
	374	285
	375	286
	376	287
	377	288
	378	289
	379	290
	380	291
	381	292
	382	293
	383	294
	384	295
	385	296
	386	297
	387	298
	388	299
	389	300
	390	301
	391	302
	392	303
	393	304
	394	305
	395	306
	396	307
	397	308
	398	309
	399	310
	400	311
	401	312
	402	313
	403	314
	404	315
	405	316
	406	317
	407	318
	408	319
	409	320
	410	321
	411	322
	412	323
	413	324
	414	325
	415	326
	416	327
	417	328
	418	329
	419	330
	420	331
	421	332
	422	333
	423	334
	424	335
	425	336
	426	337
	427	338
	428	339
	429	340
	430	341
	431	342
	432	343
	433	344
	434	345
	435	346
	436	347
	437	348
	438	349
	439	350
	440	351
	441	352
	442	353
	443	354
	444	355
	445	356
	446	357
	447	358
	448	359
	449	360
	450	361
	451	362
	452	363
	453	364
	454	365
	455	366
	456	367
	457	368
	458	369
	459	370
	460	371
	461	372
	462	373
	463	374
	464	378
	465	382
	466	383
	467	384
	468	385
	469	386
	470	387
	472	388
	473	389
	475	390
	476	391
	477	392
	478	393
	479	394
	480	395
	481	396
	482	397
	483	398
	484	399
	485	400
	486	401
	487	402
	488	403
	489	404
	490	405
	491	406
	492	407
	493	408
	494	409
	496	410
	497	411
	498	412
	499	413
	500	414
	501	416
	502	417
	503	418
	505	420
	507	421
	508	423
	509	425
	510	426
net/minecraft/client/render/entity/state/ItemEntityRenderState	0	0
net/minecraft/client/render/item/model/RangeDispatchItemModel	120	135
	64	72
	66	74
	68	75
	70	77
	71	78
	73	81
	74	82
	82	100
	83	101
	84	102
	85	103
	86	104
	87	106
	91	111
	31	34
	32	35
	96	116
	33	36
	97	117
	34	37
	98	118
	35	38
	99	119
	36	39
	100	121
	101	122
	102	123
	103	124
	105	127
	106	128
	43	42
	44	43
	45	44
	46	45
	111	133
	112	134
	49	49
	113	135
	51	51
	52	52
	53	53
	117	87
	54	54
	118	88
	119	89
	120	91
	57	56
	63	71
net/minecraft/client/render/model/BakedQuadFactory	307	310
	256	255
	257	256
	258	257
	260	260
	261	261
	263	264
	264	265
	266	268
	267	269
	269	272
	270	273
	272	276
	273	277
	277	281
	278	283
	279	284
	280	285
	282	286
	283	287
	284	288
	286	289
	287	290
	288	291
	34	31
	290	293
	35	32
	291	294
	36	33
	292	295
	37	34
	293	296
	38	35
	294	297
	39	36
	295	298
	40	37
	296	299
	297	300
	45	53
	301	304
	46	54
	47	55
	304	307
	49	58
	305	308
	307	310
	52	59
	54	60
	55	61
	57	62
	58	63
	61	66
	65	70
	66	71
	67	72
	68	73
	70	74
	72	75
	73	76
	75	77
	76	77
	77	77
	78	77
	79	77
	84	90
	85	91
	86	93
	87	94
	89	97
	93	101
	94	102
	95	103
	96	104
	97	105
	98	106
	99	107
	100	108
	104	123
	105	124
	106	125
	107	126
	109	127
	110	128
	114	131
	115	132
	116	133
	118	135
	119	136
	120	137
	122	140
	123	141
	126	144
	130	148
	134	152
	135	153
	136	154
	137	155
	138	156
	139	157
	140	158
	141	159
	144	162
	145	168
	148	163
	149	164
	150	165
	151	166
	152	168
	158	171
	159	172
	162	174
	171	175
	172	177
	173	178
	174	179
	175	180
	180	187
	181	190
	184	188
	185	190
	188	193
	189	194
	190	195
	191	196
	192	197
	195	200
	196	201
	197	202
	198	203
	199	204
	200	205
	201	206
	202	207
	205	209
	206	210
	207	212
	208	213
	210	214
	211	215
	212	216
	215	220
	216	220
	218	220
	222	225
	226	229
	230	233
	234	237
	235	237
	236	237
	237	237
	242	241
	243	242
	245	243
	246	244
	247	245
	248	246
	249	247
	250	248
	251	249
	252	251
	253	252
	254	253
	255	254
net/minecraft/client/particle/BillboardParticle	90	107
	65	53
	66	54
	67	55
	68	56
	70	57
	72	58
	73	59
	74	60
	75	61
	76	62
	79	67
	80	68
	16	106
	81	69
	84	75
	20	107
	89	80
	90	81
	28	21
	30	22
	33	25
	35	26
	38	29
	43	34
	44	35
	45	36
	46	37
	49	40
	50	41
	53	44
	55	45
	56	46
	57	47
	59	48
	60	49
	63	52
net/minecraft/client/session/report/ReporterEnvironment	66	61
	65	60
	34	37
	66	61
	35	37
	37	37
	42	42
	43	42
	13	16
	45	42
	17	20
	49	46
	51	47
	52	48
	21	24
	53	49
	56	52
	25	28
	29	32
net/minecraft/client/data/Model	66	67
	66	67
	35	35
	39	39
	43	43
	47	47
	51	51
	52	52
	53	53
	54	54
	55	55
	56	56
	25	25
	57	57
	26	26
	58	58
	27	27
	28	28
	60	61
	62	63
	31	31
net/minecraft/client/gui/screen/ingame/InventoryScreen	152	162
	128	129
	129	130
	130	131
	131	132
	132	133
	134	134
	135	135
	138	149
	139	150
	140	151
	141	152
	142	153
	143	154
	147	158
	148	159
	149	160
	152	162
	31	31
	32	33
	33	34
	34	35
	38	39
	40	40
	41	41
	43	48
	47	52
	48	53
	49	62
	51	60
	52	62
	56	66
	61	71
	62	72
	66	76
	67	77
	71	81
	72	82
	73	83
	75	84
	76	85
	77	86
	81	90
	86	95
	91	100
	92	101
	93	102
	95	103
	96	104
	99	107
	100	108
	102	109
	104	110
	105	111
	107	112
	108	113
	109	114
	111	115
	112	116
	113	117
	114	118
	115	119
	117	120
	118	121
	119	122
	120	123
	121	124
	123	125
	124	126
	125	127
	126	128
net/minecraft/client/RunArgs	116	134
	71	39
	72	40
	73	41
	74	42
	75	43
	78	46
	22	23
	23	24
	24	25
	25	26
	26	27
	90	134
	27	28
	97	85
	39	71
	40	72
	104	126
	41	73
	42	74
	43	75
	44	76
	45	77
	46	78
	111	54
	116	107
	56	97
	57	98
	58	99
	59	100
	60	101
net/minecraft/client/particle/TotemParticle	37	35
	32	31
	33	32
	37	35
	8	11
	10	12
	12	13
	13	14
	14	15
	16	16
	18	17
	19	18
	21	19
	22	20
	24	22
	26	24
net/minecraft/client/render/entity/TurtleEntityRenderer	41	36
	33	29
	34	30
	35	31
	36	32
	37	33
	41	36
	13	16
	14	17
	18	20
	19	21
	21	21
	23	21
	28	25
net/minecraft/client/gui/screen/DownloadingTerrainScreen	94	100
	64	64
	65	67
	68	74
	71	77
	72	78
	74	80
	75	81
	81	87
	82	88
	84	90
	88	94
	89	95
	90	96
	29	31
	30	32
	94	100
	31	33
	32	34
	33	35
	37	39
	42	44
	47	49
	48	50
	49	51
	53	55
	55	70
	56	71
	57	72
	60	57
	61	60
	63	62
net/minecraft/client/render/entity/model/CamelEntityModel	125	120
	33	30
	34	31
	35	32
	37	33
	38	34
	39	35
	40	36
	41	37
	42	38
	43	39
	46	42
	50	46
	51	47
	53	48
	54	49
	55	49
	57	51
	58	52
	59	52
	61	54
	62	55
	63	55
	65	57
	66	60
	67	62
	68	64
	69	66
	71	68
	72	69
	73	69
	75	71
	76	73
	77	74
	79	76
	80	78
	81	79
	83	81
	84	83
	85	84
	87	86
	88	88
	89	89
	91	91
	92	93
	93	94
	95	96
	100	100
	103	101
	105	102
	107	103
	108	104
	109	105
	110	106
	111	107
	112	108
	115	111
	116	112
	118	113
	119	114
	120	115
	123	118
	124	119
	125	120
net/minecraft/client/session/telemetry/GameLoadTimeEvent	76	85
	64	69
	65	72
	66	73
	68	75
	69	77
	72	80
	73	81
	76	85
	28	25
	29	26
	32	29
	33	30
	36	33
	37	34
	40	39
	41	40
	44	43
	45	44
	46	45
	47	51
	49	47
	50	48
	52	51
	55	54
	56	57
	57	58
	58	61
	59	62
	60	63
	62	65
net/minecraft/client/gui/tooltip/WidgetTooltipPositioner	45	44
	32	32
	33	33
	35	34
	38	36
	40	39
	44	43
	45	44
	16	19
	17	20
	21	24
	23	25
	24	26
	27	29
	29	30
	31	31
net/minecraft/client/gui/screen/multiplayer/SocialInteractionsScreen	302	301
	256	252
	257	253
	258	254
	260	256
	265	262
	269	266
	270	267
	271	268
	272	269
	273	270
	275	272
	278	275
	279	276
	280	277
	281	278
	282	279
	283	280
	284	281
	285	282
	287	285
	288	286
	290	288
	292	291
	294	293
	297	296
	298	297
	301	300
	302	301
	78	74
	79	75
	82	78
	83	79
	84	80
	85	81
	88	84
	92	88
	96	92
	101	97
	102	97
	104	97
	109	102
	111	103
	113	104
	114	105
	115	106
	117	108
	118	111
	119	114
	121	116
	122	117
	125	120
	126	121
	128	122
	131	125
	132	126
	133	127
	134	128
	135	129
	136	130
	138	131
	139	132
	141	133
	142	135
	143	136
	145	138
	147	139
	149	141
	150	143
	151	144
	155	148
	156	149
	158	151
	162	155
	163	156
	164	157
	165	158
	166	159
	167	160
	168	161
	169	162
	170	163
	171	164
	172	165
	176	169
	177	170
	181	174
	182	175
	185	178
	186	179
	187	180
	188	181
	189	182
	190	183
	192	185
	193	186
	194	187
	195	188
	197	190
	198	191
	199	192
	200	193
	201	194
	203	196
	204	197
	205	198
	206	205
	207	206
	211	209
	212	210
	213	211
	214	212
	215	213
	216	214
	217	215
	218	216
	221	219
	225	223
	227	224
	228	225
	229	226
	230	227
	234	231
	235	232
	237	233
	238	234
	241	237
	242	238
	243	239
	244	240
	245	241
	246	242
	247	243
	248	244
	251	247
	252	248
net/minecraft/client/render/entity/VexEntityRenderer	45	40
	32	29
	18	20
	19	21
	20	22
	37	33
	24	25
	42	37
	43	38
	44	39
	29	29
	45	40
	30	29
net/minecraft/client/session/Bans	121	113
	67	62
	71	66
	72	66
	73	66
	74	66
	79	70
	80	71
	81	72
	82	73
	83	74
	85	76
	86	77
	87	78
	88	79
	90	81
	92	84
	29	29
	94	86
	33	33
	34	40
	98	91
	99	92
	36	35
	100	93
	37	36
	101	95
	39	39
	40	40
	104	98
	109	103
	110	104
	111	105
	112	106
	113	108
	50	44
	114	108
	51	45
	116	108
	53	47
	54	48
	56	51
	57	52
	121	113
	59	54
net/minecraft/client/render/entity/model/ZombieVillagerEntityModel	126	109
	20	21
	22	22
	25	25
	26	26
	28	27
	30	29
	31	29
	34	32
	35	33
	36	33
	39	35
	40	37
	41	37
	42	38
	44	40
	45	42
	46	43
	47	45
	50	49
	51	51
	52	51
	53	52
	55	54
	56	56
	57	56
	58	57
	60	59
	61	60
	62	60
	63	60
	65	62
	66	64
	67	64
	68	65
	71	67
	75	71
	76	72
	78	73
	79	74
	80	74
	83	76
	84	77
	85	77
	88	79
	89	81
	90	81
	91	82
	93	84
	94	86
	95	86
	96	87
	100	89
	101	89
	105	90
	110	94
	112	95
	113	96
	114	97
	118	101
	119	102
	120	103
	121	104
	125	108
	126	109
net/minecraft/client/gui/screen/pack/PackListWidget	274	275
	256	254
	257	255
	258	256
	260	259
	261	260
	262	261
	264	264
	265	265
	266	266
	268	269
	269	270
	270	271
	274	275
	37	37
	38	38
	39	39
	40	40
	41	41
	45	45
	46	46
	47	49
	51	53
	56	58
	61	63
	62	64
	63	65
	64	66
	65	67
	66	68
	67	69
	68	70
	70	72
	72	74
	76	78
	77	79
	80	82
	81	83
	84	85
	85	86
	87	91
	88	92
	91	88
	92	89
	97	98
	116	115
	117	116
	118	117
	120	118
	121	119
	123	120
	124	121
	125	122
	128	125
	129	126
	130	128
	131	130
	133	132
	137	137
	142	142
	147	147
	148	148
	149	149
	150	150
	153	153
	155	154
	156	155
	158	156
	159	158
	161	159
	162	160
	164	161
	165	162
	166	163
	169	166
	170	167
	171	168
	173	170
	176	173
	177	174
	178	175
	180	177
	183	181
	184	182
	185	183
	187	185
	190	189
	191	190
	192	191
	194	193
	200	199
	201	200
	202	201
	205	204
	209	208
	213	212
	214	213
	215	214
	216	215
	217	216
	219	218
	222	221
	223	222
	225	224
	228	227
	229	228
	231	230
	234	233
	235	234
	236	235
	238	237
	239	238
	240	239
	241	240
	242	241
	244	243
	246	244
	251	250
	252	251
	254	252
	255	253
net/minecraft/client/render/item/property/bool/BrokenProperty	21	23
	16	18
	21	23
net/minecraft/client/gui/screen/pack/ResourcePackOrganizer	269	272
	131	92
	259	191
	136	97
	264	196
	265	197
	141	102
	269	201
	146	107
	151	112
	156	117
	31	37
	32	38
	33	39
	161	122
	34	40
	36	41
	37	42
	165	126
	38	43
	166	127
	39	44
	167	128
	40	45
	168	129
	169	130
	170	131
	43	48
	173	134
	174	135
	47	52
	175	136
	177	138
	51	56
	52	58
	180	141
	181	142
	182	143
	55	61
	183	144
	56	62
	184	145
	57	63
	185	146
	60	66
	189	150
	62	67
	190	151
	191	152
	64	68
	65	69
	66	70
	67	71
	196	157
	197	158
	201	162
	202	163
	203	164
	208	169
	209	170
	83	250
	214	207
	215	208
	219	212
	224	217
	229	222
	101	268
	105	272
	234	227
	238	231
	239	232
	244	176
	117	78
	245	177
	118	79
	249	181
	126	87
	254	186
net/minecraft/client/gui/screen/PopupScreen	155	173
	128	146
	132	150
	133	151
	137	155
	138	156
	142	160
	143	161
	147	165
	148	166
	152	170
	153	171
	155	173
	39	44
	40	45
	41	46
	42	47
	43	48
	44	49
	45	50
	46	51
	50	55
	51	56
	52	57
	56	61
	57	62
	58	63
	59	64
	60	65
	62	68
	63	69
	65	71
	66	73
	67	74
	70	77
	71	78
	72	79
	73	80
	74	82
	75	83
	77	86
	82	91
	83	92
	84	93
	85	94
	89	98
	90	99
	91	100
	92	101
	93	102
	94	103
	95	111
	99	115
	104	120
	105	121
	107	124
	108	125
	122	140
	123	141
	124	142
	127	145
net/minecraft/client/sound/SoundContainer	0	0
net/minecraft/unused/packageinfo/PackageInfo9050	0	0
net/minecraft/client/render/entity/SnifferEntityRenderer	42	41
	32	33
	33	34
	34	35
	35	36
	36	37
	37	38
	42	41
	15	17
	16	20
	20	23
	25	27
	30	31
	31	32
net/minecraft/client/render/entity/AbstractDonkeyEntityRenderer	80	87
	33	35
	38	39
	74	81
	43	43
	75	82
	44	44
	76	83
	45	45
	77	84
	78	85
	79	86
	80	87
	18	20
	19	20
	20	20
	22	21
	23	22
	25	27
	26	28
	27	29
	29	32
net/minecraft/client/render/entity/EvokerFangsEntityRenderer	58	49
	33	29
	34	30
	36	31
	37	32
	39	33
	41	34
	42	35
	43	36
	45	37
	46	39
	50	42
	21	22
	23	23
	55	46
	24	24
	56	47
	57	48
	58	49
	28	27
	29	28
	30	39
net/minecraft/client/gui/screen/recipebook/RecipeBookResults	222	215
	130	116
	131	118
	132	119
	133	120
	134	121
	138	125
	139	126
	141	127
	142	128
	143	129
	146	132
	147	133
	148	134
	149	135
	151	137
	155	141
	160	146
	164	150
	165	151
	168	154
	169	155
	171	156
	172	157
	173	158
	174	159
	176	161
	179	164
	182	165
	183	166
	184	167
	185	168
	186	169
	187	170
	188	171
	61	53
	189	172
	62	54
	64	56
	192	174
	65	57
	193	176
	194	177
	67	59
	195	178
	196	179
	197	180
	70	62
	198	181
	71	63
	199	181
	200	182
	73	65
	74	66
	203	195
	207	199
	80	69
	81	70
	82	71
	83	72
	211	204
	84	73
	212	205
	87	76
	215	208
	88	77
	89	78
	91	79
	219	212
	92	80
	220	213
	221	214
	222	215
	95	83
	96	84
	99	87
	100	88
	101	90
	102	91
	104	92
	105	93
	107	94
	109	95
	111	97
	115	101
	116	102
	119	105
	120	106
	121	107
	124	110
	125	111
	126	112
	127	113
net/minecraft/client/network/SequencedPacketCreator	0	0
net/minecraft/client/render/model/SimpleBlockStateModel	38	43
	32	37
	19	22
	20	23
	37	42
	38	43
	24	27
	14	17
	15	18
net/minecraft/client/gui/hud/bar/LocatorBar	85	86
	64	62
	65	63
	68	66
	69	67
	71	68
	72	69
	75	72
	76	73
	77	74
	79	76
	80	77
	82	80
	84	84
	85	86
	30	31
	31	32
	35	36
	36	37
	40	41
	42	42
	44	43
	45	50
	47	84
	50	51
	51	52
	52	84
	55	53
	57	54
	58	55
	60	56
	61	57
	63	60
net/minecraft/client/render/entity/state/ZombifiedPiglinEntityRenderState	0	0
net/minecraft/client/render/entity/EntityRendererFactory	83	98
	32	47
	33	48
	34	49
	35	50
	67	82
	36	51
	37	52
	38	53
	39	54
	71	86
	40	55
	43	58
	75	90
	47	62
	79	94
	51	66
	83	98
	55	70
	59	74
	31	46
	63	78
net/minecraft/client/network/ClientAdvancementManager	107	111
	64	67
	68	71
	71	74
	74	77
	78	81
	79	82
	80	83
	82	86
	83	87
	84	88
	85	89
	88	92
	91	95
	92	96
	93	97
	94	98
	95	99
	96	100
	97	101
	99	103
	100	104
	37	37
	38	38
	102	106
	39	39
	42	42
	106	110
	43	43
	107	111
	44	44
	47	47
	48	48
	49	50
	50	51
	51	52
	52	53
	53	54
	54	55
	55	56
	56	57
	58	60
	59	61
	60	62
	62	65
	63	66
net/minecraft/client/render/debug/LightDebugRenderer	140	159
	128	147
	129	148
	130	149
	131	150
	132	151
	133	152
	139	158
	140	159
	37	37
	38	38
	39	39
	43	43
	44	44
	45	45
	46	46
	49	49
	50	50
	52	51
	53	52
	54	53
	55	54
	58	66
	59	67
	60	68
	61	69
	62	70
	63	71
	64	72
	67	84
	68	85
	69	86
	70	87
	71	88
	72	89
	73	90
	74	91
	75	92
	76	93
	77	94
	80	99
	81	100
	82	101
	83	102
	93	102
	94	102
	95	102
	96	102
	98	103
	101	119
	102	120
	103	121
	104	122
	105	123
	106	124
	108	125
	109	126
	110	127
	111	128
	119	137
	121	138
	122	139
	124	141
	125	142
	126	143
	127	145
net/minecraft/client/util/ChatMessages	42	36
	32	32
	33	33
	35	34
	36	35
	38	36
	40	36
	42	36
	20	22
	24	26
	25	27
	26	28
	27	29
	30	31
net/minecraft/client/session/telemetry/TelemetryEventProperty	179	173
	77	75
	144	169
	81	79
	145	170
	85	83
	149	173
	89	87
	93	91
	97	95
	101	99
	40	36
	105	103
	169	141
	106	106
	170	142
	107	107
	171	143
	44	43
	174	146
	47	46
	112	112
	113	113
	114	114
	179	150
	116	116
	118	118
	121	121
	126	125
net/minecraft/client/texture/ReloadableTexture	41	41
	34	34
	35	35
	36	36
	37	37
	38	38
	39	39
	40	40
	41	41
	17	17
	18	18
	21	21
	25	25
	26	26
	28	28
	29	29
	31	31
net/minecraft/client/render/entity/model/WitherEntityModel	99	125
	66	103
	67	103
	68	103
	71	104
	72	104
	73	105
	74	106
	76	107
	81	111
	83	112
	84	113
	86	114
	87	115
	89	116
	90	117
	92	118
	93	119
	94	120
	31	72
	32	73
	33	74
	97	123
	98	124
	35	75
	99	125
	36	76
	37	77
	38	78
	41	81
	42	82
	44	83
	45	83
	46	83
	50	84
	52	85
	53	87
	54	88
	55	90
	56	92
	57	94
	58	96
	60	98
	61	100
	62	100
	63	101
net/minecraft/client/gui/screen/option/KeybindsScreen	100	103
	64	65
	65	66
	67	68
	72	74
	73	75
	74	76
	76	78
	79	81
	80	82
	81	83
	82	84
	84	86
	89	92
	27	28
	91	93
	28	29
	92	95
	93	96
	94	97
	95	98
	32	33
	33	34
	99	102
	100	103
	38	38
	42	42
	43	43
	44	44
	46	47
	47	48
	48	49
	49	50
	50	51
	51	52
	55	56
	56	57
	57	58
	61	62
	62	63
	63	64
net/minecraft/client/search/TextSearchableIterator	46	39
	34	29
	35	30
	37	31
	38	32
	41	34
	42	35
	43	36
	46	39
	20	18
	21	19
	23	20
	24	21
	28	25
	29	26
	30	27
	31	28
net/minecraft/client/render/model/SimpleModel	0	0
net/minecraft/client/gui/render/SpecialGuiElementRenderer	132	133
	128	128
	129	129
	131	132
	132	133
	38	36
	39	37
	42	40
	43	41
	45	42
	46	43
	47	44
	48	59
	50	46
	52	47
	53	48
	55	49
	57	50
	59	51
	60	52
	62	53
	63	54
	65	55
	66	56
	68	57
	69	59
	72	62
	74	65
	75	66
	76	67
	80	76
	83	80
	86	83
	87	84
	88	85
	89	86
	90	87
	91	88
	92	89
	93	90
	94	91
	96	94
	97	95
	98	96
	99	97
	100	98
	101	99
	102	100
	104	103
	106	104
	107	105
	110	108
	114	112
	119	116
	120	117
	122	120
	123	121
	125	124
	126	125
net/minecraft/client/util/GlException	14	14
	9	9
	10	10
	13	13
	14	14
net/minecraft/client/gui/screen/MessageScreen	48	48
	34	35
	39	40
	45	45
	46	46
	15	16
	47	47
	16	17
	48	48
	20	21
	21	22
	22	23
	26	27
	27	28
	28	29
	30	31
net/minecraft/client/render/BuiltChunkStorage	141	142
	128	130
	129	131
	131	132
	135	137
	136	142
	138	138
	139	139
	141	140
	23	25
	24	26
	26	27
	27	28
	28	29
	29	30
	32	33
	33	34
	35	36
	36	37
	38	39
	39	40
	40	41
	41	42
	42	43
	46	48
	49	51
	50	52
	52	54
	55	57
	59	61
	60	62
	61	63
	62	64
	63	65
	64	66
	67	69
	71	73
	75	77
	76	78
	77	79
	79	81
	80	82
	81	83
	83	85
	84	86
	85	87
	87	88
	88	89
	89	90
	94	96
	95	97
	96	98
	99	101
	103	105
	104	106
	105	107
	107	109
	111	113
	116	118
	117	119
	118	120
	119	121
	124	126
	125	127
	127	129
net/minecraft/client/gui/screen/ingame/LoomScreen	270	270
	256	255
	259	258
	260	259
	263	262
	264	263
	265	264
	267	267
	268	268
	269	269
	270	270
	72	67
	73	68
	74	69
	75	70
	79	74
	80	75
	81	76
	85	80
	86	81
	87	82
	90	85
	95	90
	96	91
	97	92
	99	93
	100	94
	101	95
	102	96
	103	97
	104	98
	106	101
	107	102
	109	105
	110	106
	113	109
	114	110
	115	111
	117	112
	118	113
	119	114
	120	115
	121	116
	122	117
	123	118
	125	121
	126	122
	127	123
	129	124
	131	127
	132	128
	133	129
	134	130
	135	131
	139	135
	140	136
	142	137
	144	139
	145	140
	146	141
	147	142
	149	144
	151	147
	152	148
	153	149
	157	154
	158	155
	161	158
	162	159
	163	160
	164	161
	165	162
	166	163
	167	164
	168	165
	169	166
	170	167
	171	168
	172	169
	173	170
	177	174
	178	175
	179	176
	180	177
	182	179
	183	180
	184	181
	185	182
	186	183
	187	184
	188	185
	189	186
	190	187
	191	188
	196	193
	197	194
	198	195
	199	196
	203	200
	208	205
	209	206
	210	207
	211	208
	212	209
	213	210
	214	211
	215	212
	217	214
	222	220
	223	221
	226	223
	227	224
	228	225
	229	226
	230	227
	232	230
	237	236
	241	240
	242	241
	243	242
	245	244
	248	247
	249	248
	250	249
	252	250
	253	253
	255	254
net/minecraft/client/gui/screen/world/SelectWorldScreen	126	116
	82	75
	83	76
	87	80
	88	81
	92	85
	93	86
	97	90
	99	91
	101	92
	102	93
	105	96
	42	31
	106	97
	43	32
	107	98
	44	33
	108	99
	109	100
	110	101
	48	37
	112	103
	49	38
	113	104
	50	39
	114	105
	115	106
	52	40
	116	107
	54	44
	118	109
	55	49
	57	54
	58	60
	59	67
	123	113
	60	73
	124	114
	126	116
net/minecraft/client/network/ClientConfigurationNetworkHandler	194	207
	129	144
	143	160
	146	164
	147	165
	151	167
	154	170
	158	173
	159	174
	163	178
	165	179
	166	180
	170	184
	173	187
	174	188
	178	192
	180	193
	184	197
	185	198
	58	61
	59	62
	60	63
	61	64
	189	202
	62	65
	190	203
	63	66
	194	207
	67	69
	72	74
	73	75
	77	78
	78	79
	82	82
	83	83
	84	84
	88	87
	89	88
	90	89
	94	92
	95	93
	99	96
	100	97
	101	98
	104	101
	105	102
	106	103
	110	106
	111	107
	114	110
	115	111
	118	118
	119	134
	120	130
	126	139
	127	141
net/minecraft/client/render/entity/PigEntityRenderer	66	75
	64	73
	33	41
	65	74
	66	75
	36	45
	37	47
	38	50
	44	57
	45	61
	47	58
	48	59
	49	61
	53	64
	25	29
	26	30
	58	68
	27	31
	29	36
	30	37
	31	38
	63	72
net/minecraft/client/render/entity/state/EntityHitboxAndView	0	0
net/minecraft/client/render/FpsSmoother	38	38
	32	36
	35	38
	36	38
	38	38
	9	13
	10	14
	13	17
	14	18
	16	21
	17	22
	19	23
	20	24
	22	25
	23	27
	24	28
	25	29
	26	30
	27	31
	30	34
	31	35
net/minecraft/client/world/DataCache	38	35
	32	28
	20	17
	36	33
	21	18
	37	34
	38	35
	24	21
	25	22
	28	24
	29	25
	30	26
	31	27
net/minecraft/client/render/item/property/bool/ExtendedViewProperty	23	24
	18	19
	23	24
net/minecraft/client/render/model/ModelTextures	168	177
	128	93
	129	94
	130	95
	131	96
	132	97
	133	98
	134	99
	135	100
	136	101
	139	106
	142	109
	143	110
	147	112
	148	114
	149	115
	150	116
	151	118
	152	119
	153	120
	154	121
	155	122
	156	123
	157	124
	31	31
	32	32
	162	129
	37	36
	165	135
	38	37
	168	140
	41	40
	45	44
	49	48
	50	50
	51	51
	53	54
	57	58
	58	59
	60	61
	61	62
	62	63
	64	66
	66	68
	84	167
	85	168
	89	172
	90	173
	94	177
	95	177
	98	177
	110	76
	111	77
	115	81
	116	82
	120	86
	121	87
	124	89
	125	90
	127	92
net/minecraft/client/gui/hud/spectator/TeleportToSpecificPlayerSpectatorCommand	43	44
	33	34
	20	22
	22	23
	38	39
	23	24
	39	40
	24	25
	43	44
	28	29
	29	30
net/minecraft/client/texture/TextureSetup	35	36
	18	19
	34	35
	35	36
	22	23
	26	27
	14	15
	30	31
net/minecraft/client/realms/task/RealmsConnectTask	47	48
	35	36
	36	37
	37	38
	38	39
	42	43
	43	44
	47	48
	19	21
	20	22
	21	23
	22	24
	26	27
	27	28
	29	30
	31	32
net/minecraft/client/gui/tooltip/BundleTooltipSubmenuHandler	73	73
	64	65
	65	66
	66	67
	69	69
	72	72
	73	73
	21	22
	22	23
	23	24
	27	28
	32	33
	33	34
	34	35
	37	37
	38	38
	39	39
	40	40
	41	41
	42	42
	43	43
	46	47
	51	53
	52	54
	56	58
	57	59
	59	61
	62	64
	63	64
net/minecraft/client/gui/widget/EmptyWidget	65	65
	65	65
	34	35
	35	36
	39	40
	40	41
	44	45
	14	15
	15	16
	49	50
	18	19
	19	20
	20	21
	21	22
	22	23
	54	55
	25	26
	59	60
	29	30
net/minecraft/client/search/IdentifierSearchProvider	41	38
	18	20
	19	21
	35	32
	20	22
	21	23
	39	36
	40	37
	41	38
	27	27
	28	28
	29	28
	31	28
net/minecraft/client/render/entity/model/CatEntityModel	12	19
	11	18
	12	19
net/minecraft/client/font/TextRenderer	394	453
	261	375
	262	376
	265	379
	266	380
	269	383
	270	384
	271	385
	273	388
	274	389
	277	392
	280	395
	281	396
	282	397
	283	398
	285	400
	289	405
	290	406
	291	407
	292	408
	293	409
	294	409
	296	409
	297	411
	298	411
	300	411
	50	54
	306	418
	51	55
	307	425
	52	57
	53	59
	309	419
	310	420
	311	421
	56	62
	312	422
	313	423
	61	67
	62	68
	318	163
	63	69
	319	164
	64	70
	321	167
	322	168
	67	71
	323	169
	71	87
	327	173
	72	88
	328	174
	73	89
	329	175
	76	103
	77	104
	333	184
	78	105
	81	119
	337	193
	82	120
	83	121
	341	200
	86	130
	87	132
	88	133
	89	134
	345	209
	90	135
	91	136
	92	137
	93	138
	349	219
	94	139
	95	140
	96	141
	353	229
	98	142
	99	143
	100	144
	357	240
	102	145
	361	249
	108	151
	109	153
	365	258
	110	154
	113	157
	369	262
	114	158
	115	159
	116	160
	373	269
	377	273
	382	441
	385	444
	386	445
	387	446
	388	447
	392	451
	393	452
	394	453
	154	296
	155	297
	158	300
	159	301
	160	302
	161	303
	162	304
	163	305
	164	306
	167	309
	168	310
	169	311
	170	312
	171	313
	174	316
	175	323
	177	317
	178	318
	179	319
	180	320
	181	321
	182	323
	185	326
	186	327
	187	328
	190	331
	191	332
	193	335
	194	336
	195	337
	199	340
	200	341
	201	342
	203	343
	205	344
	206	345
	207	346
	209	347
	210	348
	211	349
	213	350
	214	351
	215	352
	218	355
	220	356
	221	357
	233	360
	234	361
	245	364
	246	365
	251	370
	252	371
	253	373
net/minecraft/client/gui/screen/DeathScreen	179	184
	130	136
	131	137
	132	138
	133	139
	134	139
	136	139
	141	145
	142	146
	143	147
	144	148
	147	152
	152	157
	157	162
	159	163
	160	164
	161	165
	34	33
	35	34
	163	167
	36	35
	37	36
	166	170
	167	171
	41	40
	169	173
	42	41
	43	42
	44	43
	45	44
	173	178
	46	45
	174	179
	47	46
	49	47
	50	50
	178	183
	51	51
	179	184
	52	55
	54	56
	55	57
	56	60
	60	64
	64	68
	65	69
	66	82
	68	78
	69	72
	70	73
	72	75
	73	76
	75	78
	76	79
	77	80
	78	82
	81	85
	82	86
	84	89
	85	90
	86	91
	90	95
	92	96
	93	97
	95	98
	97	99
	99	100
	100	101
	103	104
	105	105
	106	106
	107	107
	110	110
	111	111
	113	120
	117	124
	118	125
	121	128
	122	129
	126	133
	127	134
net/minecraft/client/render/entity/state/LivingHorseEntityRenderState	0	0
net/minecraft/client/render/item/property/bool/BooleanProperty	0	0
net/minecraft/client/render/entity/feature/CreeperChargeFeatureRenderer	37	36
	16	17
	32	32
	17	18
	18	19
	37	36
	22	22
	27	27
com/mojang/blaze3d/textures/TextureFormat	43	30
	16	18
	17	19
	34	26
	25	22
	43	30
net/minecraft/client/render/debug/OctreeDebugRenderer	50	77
	32	50
	33	51
	34	52
	35	53
	36	54
	37	55
	38	56
	39	57
	40	58
	41	59
	43	62
	44	63
	45	65
	46	73
	49	76
	50	77
	22	23
	23	24
	26	27
	27	28
	28	30
	29	36
net/minecraft/client/render/entity/animation/Transformation	44	33
	35	24
	36	25
	37	26
	38	27
	39	28
	40	29
	41	30
	42	31
	28	19
	44	33
	29	20
	30	21
net/minecraft/client/gui/hud/ChatHud	544	506
	515	483
	516	483
	517	483
	518	483
	523	487
	524	488
	526	489
	527	490
	529	491
	530	492
	532	493
	533	494
	541	503
	542	504
	543	505
	544	506
	57	56
	58	57
	59	58
	62	61
	63	62
	65	64
	68	67
	70	68
	71	70
	72	71
	73	72
	74	73
	78	74
	79	75
	80	76
	81	77
	83	78
	84	79
	86	80
	90	85
	94	89
	95	154
	98	90
	99	91
	101	92
	102	154
	105	93
	106	94
	108	95
	109	96
	111	97
	112	98
	113	99
	114	100
	116	101
	118	102
	120	103
	121	104
	123	105
	124	106
	126	107
	127	108
	129	109
	130	110
	131	111
	132	112
	134	113
	135	114
	136	115
	137	116
	140	119
	142	120
	143	121
	144	122
	145	123
	147	124
	148	125
	149	126
	150	127
	151	128
	152	129
	153	130
	155	131
	156	132
	159	135
	160	136
	162	137
	163	138
	164	139
	165	140
	167	141
	168	142
	169	143
	170	144
	171	145
	172	146
	176	150
	177	151
	178	154
	181	157
	182	158
	183	159
	186	162
	190	166
	194	170
	195	171
	196	172
	197	173
	198	174
	199	174
	203	178
	204	179
	205	180
	206	181
	207	182
	208	183
	209	184
	211	186
	214	189
	215	190
	218	193
	219	194
	220	195
	221	196
	222	197
	225	200
	226	201
	227	202
	228	203
	230	205
	232	207
	235	210
	237	211
	238	212
	239	213
	242	216
	244	217
	245	219
	246	220
	247	221
	248	222
	249	223
	252	226
	253	227
	256	230
	257	231
	259	233
	262	236
	264	238
	265	239
	267	241
	270	244
	271	245
	272	245
	273	245
	275	245
	277	246
	280	249
	281	250
	282	251
	284	253
	288	257
	290	258
	291	261
	292	262
	293	263
	294	264
	295	265
	296	266
	297	267
	299	270
	304	274
	308	278
	312	282
	313	283
	314	284
	317	287
	318	289
	319	290
	321	292
	324	295
	328	299
	329	300
	330	301
	332	304
	334	307
	335	308
	337	310
	340	313
	341	314
	342	315
	345	318
	346	319
	348	320
	349	321
	352	324
	353	325
	354	326
	356	328
	359	331
	360	346
	363	332
	364	333
	365	334
	368	336
	369	337
	371	338
	372	339
	373	340
	376	342
	381	352
	382	353
	384	354
	385	355
	386	356
	387	357
	390	359
	395	365
	396	366
	398	367
	399	368
	400	369
	401	370
	402	371
	403	372
	407	376
	411	380
	412	381
	415	383
	416	384
	417	387
	418	388
	419	389
	422	385
	426	395
	430	399
	431	400
	435	404
	436	405
	437	406
	439	408
	440	409
	441	410
	443	413
	445	416
	449	421
	450	436
	453	422
	454	433
	457	423
	459	424
	460	425
	461	426
	462	427
	466	431
	470	441
	474	445
	478	449
	482	453
	486	457
	487	458
	488	459
	492	463
	493	464
	494	465
	498	469
	499	470
	500	471
	504	475
	508	479
net/minecraft/client/render/item/property/bool/ComponentBooleanProperty	25	29
	16	19
	20	24
	25	29
	14	18
	15	18
net/minecraft/client/resource/metadata/TextureResourceMetadata	17	18
	16	16
	17	18
	14	14
	15	15
net/minecraft/client/particle/PortalParticle	103	97
	12	15
	14	16
	15	17
	16	18
	17	19
	18	20
	19	21
	20	22
	21	23
	22	24
	24	25
	26	26
	27	27
	28	28
	29	29
	31	30
	32	31
	36	35
	41	40
	42	41
	43	42
	47	46
	48	47
	49	48
	50	49
	51	50
	56	55
	58	56
	59	57
	60	58
	62	59
	63	60
	64	61
	65	62
	66	63
	68	66
	73	71
	74	72
	75	73
	77	74
	78	75
	79	84
	82	77
	83	81
	84	78
	85	79
	87	80
	88	81
	89	82
	90	84
	96	91
	97	92
	101	95
	102	96
	103	97
net/minecraft/client/session/telemetry/TelemetrySender	13	16
	10	13
	11	14
	12	15
	13	16
net/minecraft/client/util/Monitor	86	91
	65	71
	69	75
	73	79
	77	83
	81	87
	19	22
	20	23
	21	24
	22	25
	86	91
	25	28
	26	29
	27	31
	28	32
	29	33
	30	34
	31	35
	34	39
	35	40
	36	41
	37	42
	38	43
	39	44
	40	45
	41	46
	44	49
	45	50
	47	52
	48	53
	49	54
	53	59
	57	63
	61	67
net/minecraft/client/render/entity/WitherSkullEntityRenderer	80	67
	66	55
	71	59
	76	63
	77	64
	78	65
	79	66
	80	67
	28	29
	29	30
	30	31
	33	34
	34	35
	36	36
	37	36
	38	36
	42	37
	47	41
	52	45
	54	46
	56	47
	57	48
	58	49
	60	50
	62	51
	63	52
net/minecraft/client/gui/screen/ingame/TestInstanceBlockScreen	235	232
	60	60
	61	61
	62	62
	66	66
	67	67
	68	68
	69	69
	71	70
	72	71
	73	72
	74	73
	75	74
	77	77
	78	78
	80	79
	81	80
	83	81
	85	82
	87	83
	88	84
	89	85
	90	86
	91	87
	92	88
	93	89
	94	90
	95	91
	96	92
	98	93
	99	94
	100	95
	101	96
	102	97
	103	98
	105	100
	106	101
	107	102
	108	103
	111	105
	112	106
	113	107
	114	108
	115	109
	117	110
	118	111
	119	112
	120	113
	122	114
	123	115
	124	116
	125	117
	126	118
	129	121
	130	122
	131	123
	132	124
	133	125
	134	126
	136	127
	137	128
	140	131
	141	132
	142	133
	143	134
	145	136
	148	139
	149	140
	150	141
	151	142
	152	143
	157	149
	158	150
	159	151
	160	152
	163	155
	164	156
	165	157
	169	161
	173	165
	178	170
	179	171
	180	172
	181	173
	182	174
	183	175
	184	176
	185	177
	188	180
	189	181
	190	182
	192	185
	193	186
	196	189
	197	190
	198	191
	201	194
	202	195
	203	196
	204	197
	205	198
	206	201
	210	205
	211	206
	212	211
	213	209
	214	210
	215	212
	216	213
	217	214
	218	215
	221	218
	222	219
	226	223
	227	224
	228	225
	234	231
	235	232
net/minecraft/client/realms/dto/RealmsServerList	27	31
	18	21
	19	22
	20	23
	21	24
	23	26
	24	27
	25	29
	26	30
	27	31
net/minecraft/client/render/fog/FogData	0	0
net/minecraft/client/render/item/HeldItemRenderer	702	604
	512	410
	513	411
	514	412
	516	413
	517	414
	518	415
	519	416
	521	419
	522	420
	523	421
	524	422
	525	423
	527	426
	529	427
	530	428
	532	430
	535	431
	536	432
	537	433
	541	437
	543	441
	544	442
	545	443
	546	444
	548	446
	549	447
	552	450
	553	451
	554	452
	556	454
	557	455
	558	456
	559	457
	560	458
	561	459
	565	463
	567	464
	568	465
	569	466
	570	467
	572	468
	573	469
	574	470
	575	471
	576	472
	578	475
	579	476
	580	477
	581	478
	582	479
	584	482
	586	483
	587	484
	588	485
	591	487
	593	488
	594	489
	595	490
	596	491
	598	492
	599	493
	600	494
	601	495
	603	498
	604	499
	605	500
	606	501
	607	502
	609	505
	611	506
	612	507
	613	508
	616	510
	617	511
	620	513
	624	515
	625	516
	626	517
	627	518
	628	519
	630	521
	633	524
	636	529
	637	531
	640	534
	641	535
	642	536
	643	537
	644	538
	645	539
	646	540
	649	543
	650	543
	653	543
	658	547
	659	548
	661	549
	662	550
	663	551
	666	552
	667	553
	669	556
	670	557
	673	560
	674	561
	163	127
	675	562
	164	128
	165	129
	677	564
	166	130
	167	131
	679	565
	680	566
	170	136
	682	567
	171	140
	683	568
	174	137
	175	140
	687	571
	688	572
	178	143
	179	144
	691	575
	180	145
	692	576
	181	145
	694	578
	185	149
	697	581
	698	582
	187	150
	700	584
	189	151
	702	586
	191	152
	192	153
	193	154
	194	155
	196	156
	197	157
	198	158
	200	160
	202	163
	203	164
	206	169
	208	170
	210	171
	211	172
	212	173
	213	174
	214	175
	217	178
	218	179
	220	180
	221	181
	222	182
	223	183
	224	184
	225	185
	227	186
	228	187
	229	188
	230	189
	231	190
	234	195
	235	196
	236	197
	237	198
	239	199
	240	200
	241	201
	243	202
	244	203
	245	204
	247	205
	248	206
	250	207
	253	210
	254	211
	256	212
	258	213
	259	214
	262	217
	263	218
	265	219
	267	220
	268	221
	270	222
	271	223
	273	224
	275	225
	277	226
	278	227
	279	228
	280	229
	282	230
	283	231
	284	232
	285	233
	287	235
	290	238
	291	239
	292	240
	293	241
	294	242
	295	243
	296	244
	302	245
	304	246
	305	247
	306	248
	307	249
	309	250
	311	251
	312	252
	313	253
	314	254
	315	255
	317	256
	318	257
	319	258
	320	259
	322	261
	324	263
	327	266
	328	267
	330	268
	331	269
	332	270
	335	273
	337	274
	338	275
	340	276
	341	277
	342	278
	343	279
	346	282
	348	283
	349	284
	350	285
	352	286
	353	287
	354	288
	355	289
	357	290
	359	291
	360	292
	361	293
	363	294
	364	295
	366	296
	367	297
	369	299
	371	300
	372	301
	373	302
	375	303
	377	305
	380	308
	382	309
	383	310
	385	311
	386	312
	387	313
	388	314
	389	315
	392	318
	393	319
	394	320
	397	323
	398	324
	399	325
	401	326
	403	327
	404	328
	405	329
	406	330
	408	331
	409	332
	410	333
	411	334
	414	337
	415	338
	416	339
	417	340
	420	343
	421	344
	432	599
	433	600
	434	601
	437	604
	444	348
	445	349
	447	350
	448	351
	450	352
	451	353
	454	354
	455	355
	458	357
	459	357
	462	357
	466	362
	467	363
	469	364
	470	369
	474	365
	475	366
	476	367
	480	374
	484	389
	485	531
	488	390
	489	391
	491	392
	492	393
	493	394
	494	395
	497	397
	498	398
	499	399
	501	401
	503	403
	504	404
	505	405
	506	406
	508	407
	509	408
	511	409
net/minecraft/client/util/Clipboard	51	53
	32	34
	33	35
	34	36
	35	37
	38	40
	40	41
	41	42
	42	43
	44	45
	46	48
	48	50
	19	20
	51	53
	20	21
	21	22
	22	23
	23	24
	24	25
	26	28
	30	32
	31	33
net/minecraft/client/render/entity/model/ColdChickenEntityModel	31	31
	14	14
	15	15
	18	18
	19	20
	20	22
	21	22
	22	22
	23	23
	25	26
	26	28
	27	28
	28	28
	29	29
	31	31
net/minecraft/client/gui/widget/MultilineTextWidget	125	122
	24	27
	25	28
	28	31
	29	32
	30	33
	31	34
	33	35
	36	37
	37	38
	41	41
	42	42
	46	46
	47	47
	51	51
	52	52
	56	56
	57	57
	61	61
	62	62
	63	63
	68	68
	73	73
	78	78
	79	79
	80	80
	81	81
	82	82
	83	83
	84	84
	86	86
	89	89
	90	90
	91	91
	92	92
	95	95
	99	99
	101	100
	102	101
	103	102
	104	103
	105	104
	107	105
	113	110
	114	111
	115	112
	116	113
	117	114
	121	118
	122	119
	125	122
net/minecraft/client/render/model/Baker	0	0
net/minecraft/client/render/model/BlockStatesLoader	88	112
	65	83
	69	89
	70	90
	71	92
	72	93
	73	94
	76	98
	82	106
	84	108
	85	109
	88	112
	34	36
	36	37
	37	37
	38	38
	39	40
	40	41
	41	42
	42	43
	43	44
	44	45
	45	46
	48	48
	49	49
	50	51
	51	59
	52	56
	53	57
	54	58
	55	74
	56	75
	61	80
	62	81
	63	82
net/minecraft/client/gui/navigation/Navigable	5	9
	5	9
net/minecraft/client/gui/render/ProfilerChartGuiElementRenderer	73	74
	64	65
	68	69
	73	74
	18	19
	19	20
	23	24
	28	28
	29	29
	30	30
	31	32
	32	33
	34	34
	35	35
	36	36
	37	37
	38	39
	39	40
	40	41
	41	42
	42	43
	45	46
	46	48
	47	49
	48	50
	49	51
	50	52
	51	53
	52	54
	53	55
	56	56
	57	57
	58	58
	59	59
	62	63
net/minecraft/client/realms/dto/RegionSelectionMethod	43	45
	32	33
	36	36
	37	38
	22	23
	38	39
	23	24
	39	40
	24	25
	42	44
	43	45
	31	32
net/minecraft/client/render/entity/GiantEntityRenderer	40	42
	16	19
	33	36
	18	20
	19	21
	20	24
	21	25
	22	26
	38	40
	39	41
	24	29
	40	42
	28	32
net/minecraft/client/sound/Source	181	172
	129	120
	130	121
	133	124
	134	125
	137	128
	138	129
	139	130
	140	131
	141	132
	144	135
	148	139
	150	141
	151	142
	152	143
	154	146
	157	149
	158	150
	31	28
	33	29
	161	153
	34	30
	35	30
	164	156
	37	30
	165	157
	166	158
	168	160
	41	34
	42	35
	171	163
	45	38
	173	164
	46	39
	174	165
	47	40
	175	166
	48	41
	176	167
	177	168
	50	43
	178	169
	51	44
	52	45
	181	172
	54	48
	55	49
	58	52
	59	53
	61	55
	64	58
	65	59
	68	62
	69	62
	71	62
	75	66
	76	67
	78	69
	81	72
	82	73
	84	75
	87	78
	88	79
	89	80
	91	82
	94	85
	98	89
	102	93
	103	94
	106	97
	107	98
	110	101
	111	102
	114	105
	115	106
	118	109
	119	110
	122	113
	123	114
	124	115
	125	116
	126	117
net/minecraft/client/render/debug/BlockOutlineDebugRenderer	97	97
	21	24
	22	25
	26	29
	27	30
	29	31
	32	33
	33	34
	35	35
	40	36
	41	38
	42	39
	44	40
	45	41
	46	42
	48	43
	49	44
	50	45
	52	46
	53	47
	54	48
	55	49
	56	50
	57	51
	58	52
	60	55
	61	56
	62	57
	63	58
	64	59
	65	60
	67	63
	68	64
	69	65
	70	66
	71	67
	72	68
	74	71
	75	72
	76	73
	77	74
	78	75
	79	76
	81	79
	82	80
	83	81
	84	82
	85	83
	86	84
	88	87
	89	88
	90	89
	91	90
	92	91
	93	92
	97	97
net/minecraft/client/render/entity/ZombieBaseEntityRenderer	32	34
	16	21
	32	34
	20	24
	25	28
	26	29
	27	30
	28	31
	13	19
	15	20
net/minecraft/client/render/entity/state/ShulkerEntityRenderState	0	0
net/minecraft/client/util/Icons	43	44
	34	35
	38	39
	39	40
	40	41
	41	42
	43	44
	20	21
	21	22
	24	25
	25	26
	26	27
	27	28
	28	29
	29	30
net/minecraft/client/sound/MusicTracker	206	193
	129	122
	130	123
	131	124
	132	125
	134	127
	135	128
	139	134
	140	134
	143	134
	148	139
	149	140
	150	141
	151	142
	154	146
	158	150
	31	28
	159	151
	32	29
	160	152
	33	30
	36	33
	38	34
	39	35
	40	36
	41	37
	42	38
	46	42
	47	43
	48	44
	49	63
	177	167
	178	168
	179	169
	52	46
	180	170
	53	47
	54	48
	55	49
	183	173
	184	174
	185	175
	58	52
	186	176
	59	53
	60	54
	188	178
	189	179
	190	180
	64	58
	66	59
	67	60
	196	185
	69	63
	72	66
	73	67
	201	189
	74	68
	76	70
	77	71
	78	72
	206	193
	79	74
	81	77
	82	78
	83	79
	86	82
	87	83
	88	84
	90	86
	93	89
	94	90
	96	92
	99	95
	100	96
	101	97
	102	98
	104	101
	105	102
	108	105
	109	106
	111	107
	112	108
	114	110
	117	111
	118	112
	119	113
	124	116
	125	117
	126	118
net/minecraft/client/font/Glyph	28	29
	16	16
	20	20
	12	12
	28	29
net/minecraft/client/gui/screen/option/LanguageOptionsScreen	134	148
	129	143
	130	144
	134	148
	29	29
	30	30
	31	31
	32	32
	36	36
	37	37
	42	41
	46	45
	47	46
	48	47
	49	48
	50	50
	51	52
	52	53
	56	57
	57	58
	58	59
	61	62
	62	63
	63	64
	64	65
	65	66
	67	69
	68	70
	72	75
	74	76
	75	77
	76	82
	77	84
	78	85
	79	86
	81	88
	83	90
	84	91
	86	93
	90	97
	99	107
	100	108
	101	109
	105	115
	106	118
	110	122
	111	123
	112	124
	113	125
	115	127
	120	133
	121	134
	122	135
	124	138
	125	139
net/minecraft/client/render/entity/feature/BreezeWindFeatureRenderer	34	40
	34	40
	22	25
	23	26
	24	27
	28	32
	29	35
	30	36
	31	37
net/minecraft/util/annotation/DeobfuscateClass	0	0
net/minecraft/client/render/item/property/select/SelectProperties	22	26
	16	20
	17	21
	18	22
	19	23
	20	24
	21	25
	22	26
	12	16
	13	17
	14	18
	15	19
net/minecraft/client/render/block/entity/LoadedBlockEntityModels	30	32
	18	20
	19	21
	22	24
	26	28
	27	29
	28	30
	30	32
net/minecraft/client/gui/widget/OptionListWidget	155	159
	129	154
	134	159
	142	101
	143	102
	144	103
	147	106
	151	112
	152	113
	153	114
	27	27
	155	115
	28	28
	29	29
	30	30
	33	33
	34	34
	37	37
	38	38
	39	39
	41	41
	44	44
	45	45
	47	47
	50	50
	51	51
	55	55
	60	60
	61	61
	62	62
	63	63
	64	64
	68	69
	72	73
	73	74
	74	75
	76	76
	77	77
	82	82
	85	85
	86	86
	87	87
	88	88
	92	93
	101	126
	102	127
	103	128
	106	131
	110	135
	111	136
	113	137
	118	142
	119	143
	120	145
	121	146
	122	147
	123	148
	125	150
net/minecraft/client/render/model/json/GeneratedItemModel	303	298
	256	290
	260	294
	264	298
	276	237
	277	238
	278	239
	279	240
	280	241
	283	244
	284	245
	285	246
	286	247
	288	249
	291	252
	37	37
	295	256
	42	42
	299	260
	303	264
	48	48
	52	52
	56	58
	57	60
	58	61
	59	62
	60	63
	64	67
	65	68
	68	71
	72	76
	77	81
	78	82
	80	83
	82	84
	86	88
	87	89
	88	90
	90	92
	91	93
	92	94
	93	95
	94	96
	95	97
	96	98
	97	99
	98	100
	99	101
	100	102
	102	103
	103	104
	104	105
	106	106
	107	107
	109	109
	110	111
	111	112
	112	114
	113	115
	114	116
	116	118
	117	119
	118	120
	119	122
	120	123
	121	124
	122	125
	124	127
	125	129
	126	130
	127	131
	128	133
	129	134
	131	136
	132	137
	133	138
	134	139
	135	140
	136	142
	140	145
	141	146
	142	147
	143	148
	145	149
	146	150
	148	151
	149	152
	150	153
	151	154
	153	155
	154	156
	157	158
	159	160
	160	161
	162	163
	163	164
	165	166
	166	167
	168	169
	173	173
	177	177
	178	178
	180	179
	181	180
	182	181
	183	182
	184	183
	186	184
	187	185
	188	186
	189	187
	192	190
	193	191
	197	197
	198	198
	199	199
	201	201
	204	204
	205	206
	206	207
	210	208
	212	209
	213	210
	214	211
	218	216
	219	217
	220	218
	221	219
	223	221
	225	223
	228	226
	229	226
	231	226
	246	280
	247	281
	248	282
	249	283
	252	286
net/minecraft/client/session/report/AbuseReportReason	51	50
	32	31
	48	47
	33	32
	49	48
	50	49
	51	50
	36	35
	40	39
	44	43
	29	28
	30	29
	31	30
net/minecraft/client/render/entity/model/GoatEntityModel	73	126
	65	120
	67	121
	68	122
	70	123
	71	124
	73	126
	19	58
	20	59
	23	62
	24	63
	26	64
	27	66
	28	67
	29	69
	30	72
	31	74
	33	76
	34	78
	35	78
	36	79
	38	81
	39	83
	40	83
	41	84
	43	86
	44	88
	45	88
	46	89
	48	91
	49	93
	50	93
	51	93
	52	94
	55	96
	56	101
	57	106
	58	111
	60	116
net/minecraft/client/realms/exception/upload/TooBigRealmsUploadException	17	22
	16	20
	17	22
	10	14
	11	15
	15	19
net/minecraft/client/gl/WindowFramebuffer	140	137
	129	125
	130	126
	135	133
	140	137
	22	23
	24	24
	25	25
	28	28
	29	29
	30	39
	33	30
	34	31
	36	32
	37	33
	39	34
	40	35
	42	36
	43	37
	44	41
	47	44
	49	46
	50	47
	51	48
	52	49
	54	52
	55	53
	56	54
	58	57
	59	58
	60	59
	62	62
	63	63
	64	64
	67	67
	68	68
	70	69
	71	70
	72	71
	73	72
	77	78
	83	88
	84	89
	85	90
	92	97
	93	98
	94	99
	103	109
	104	110
	105	111
	108	114
	110	115
	111	116
	112	118
	114	117
	123	122
	124	123
	126	124
	127	128
net/minecraft/client/render/VertexRendering	179	222
	14	18
	15	19
	16	20
	18	21
	19	22
	20	23
	21	24
	24	27
	25	28
	28	44
	29	45
	33	64
	34	65
	35	66
	36	67
	37	68
	38	69
	39	70
	41	71
	42	72
	44	73
	45	74
	47	75
	48	76
	51	77
	52	78
	54	79
	55	80
	57	81
	58	82
	60	83
	61	84
	63	85
	64	86
	66	87
	67	88
	70	89
	71	90
	73	91
	74	92
	76	93
	77	94
	78	95
	81	111
	82	112
	85	128
	87	129
	88	130
	91	131
	92	132
	93	133
	94	134
	97	135
	98	136
	99	137
	100	138
	103	139
	104	140
	105	141
	106	142
	109	143
	110	144
	111	145
	112	146
	115	147
	116	148
	117	149
	118	150
	120	151
	121	152
	124	153
	125	154
	126	155
	127	156
	129	157
	130	158
	131	159
	134	176
	135	177
	137	179
	138	180
	139	181
	140	182
	141	183
	143	185
	144	186
	145	187
	146	188
	147	189
	149	191
	150	192
	151	193
	152	194
	153	195
	155	197
	156	198
	157	199
	158	200
	159	201
	161	203
	162	204
	163	205
	164	206
	165	207
	167	209
	168	210
	169	211
	170	212
	173	214
	176	217
	177	218
	178	219
	179	222
net/minecraft/client/gui/screen/world/WorldCreationSettings	0	0
net/minecraft/client/particle/SculkChargePopParticle	44	44
	33	33
	34	34
	35	35
	40	40
	41	41
	10	13
	42	42
	11	14
	43	43
	44	44
	13	15
	14	16
	16	17
	18	18
	19	19
	23	23
	28	28
net/minecraft/client/realms/gui/screen/RealmsSelectFileToUploadScreen	195	203
	129	195
	131	196
	132	197
	133	199
	137	203
	149	135
	150	136
	151	137
	152	138
	153	139
	157	143
	158	144
	162	148
	163	149
	168	154
	169	155
	171	157
	174	160
	175	161
	176	162
	49	45
	177	163
	50	46
	51	47
	52	48
	53	49
	181	167
	54	50
	182	169
	183	170
	184	171
	58	53
	186	174
	59	54
	60	56
	61	57
	63	59
	191	120
	64	60
	66	62
	195	124
	70	66
	72	69
	73	70
	74	71
	75	72
	76	73
	79	77
	80	81
	82	82
	83	83
	85	85
	86	86
	87	87
	89	89
	93	93
	97	97
	98	98
	99	99
	101	101
	105	105
	106	106
	107	107
	111	111
	112	112
	113	113
	115	115
	120	182
	121	188
	124	191
	125	192
net/minecraft/client/render/entity/model/IronGolemEntityModel	101	98
	22	24
	23	25
	24	26
	25	27
	26	28
	27	29
	28	30
	31	33
	32	34
	34	35
	35	37
	36	37
	37	37
	38	38
	40	40
	41	42
	42	43
	43	45
	44	47
	46	49
	47	51
	48	51
	49	52
	51	54
	52	55
	53	55
	54	55
	56	57
	57	59
	58	59
	59	60
	61	62
	62	64
	63	64
	64	65
	67	67
	72	71
	74	72
	75	73
	76	74
	77	75
	78	76
	79	77
	81	79
	82	80
	83	81
	84	82
	86	84
	87	85
	91	89
	92	90
	94	91
	95	92
	96	93
	97	94
	98	95
	101	98
net/minecraft/client/gui/screen/dialog/MultiActionDialogScreen	17	18
	17	18
	12	14
	13	15
net/minecraft/client/texture/atlas/FilterAtlasSource	27	23
	22	18
	23	19
	27	23
	12	13
	13	13
	14	13
net/minecraft/client/gui/hud/spectator/SpectatorMenu	184	176
	128	116
	134	159
	135	160
	139	164
	144	169
	145	172
	149	176
	158	125
	159	126
	160	127
	33	31
	164	131
	37	35
	165	132
	169	136
	42	40
	46	44
	174	141
	175	142
	176	143
	178	145
	180	147
	56	53
	184	151
	57	54
	58	55
	61	58
	63	59
	64	60
	65	61
	66	62
	67	62
	69	62
	73	63
	74	64
	77	66
	78	68
	80	67
	84	73
	86	75
	87	76
	90	79
	94	83
	98	87
	102	91
	104	92
	105	93
	106	94
	108	96
	111	99
	114	102
	115	103
	118	106
	122	110
	123	111
	124	112
	125	113
net/minecraft/client/sound/BufferedAudioStream	29	32
	16	17
	17	19
	20	22
	25	27
	26	29
	29	32
net/minecraft/client/particle/NoteParticle	46	47
	32	33
	39	41
	40	42
	9	12
	10	13
	11	14
	12	15
	44	45
	13	16
	45	46
	14	17
	46	47
	15	18
	17	19
	18	20
	19	21
	21	22
	22	23
	23	24
	27	28
net/minecraft/client/particle/ShriekParticle	83	76
	64	58
	65	62
	68	60
	69	62
	75	69
	76	70
	80	73
	17	18
	81	74
	82	75
	19	19
	83	76
	21	20
	22	21
	23	22
	25	23
	26	24
	27	25
	28	26
	32	30
	37	35
	38	43
	41	36
	43	37
	44	38
	45	39
	47	40
	48	41
	49	43
	53	47
	58	52
	63	57
net/minecraft/client/gui/widget/ScrollableWidget	99	114
	67	80
	68	81
	71	84
	75	91
	79	95
	17	23
	18	24
	83	99
	22	28
	23	29
	87	103
	25	31
	26	32
	91	107
	92	108
	93	109
	94	110
	31	38
	32	39
	96	111
	33	40
	97	112
	34	41
	35	42
	99	114
	37	44
	38	45
	39	46
	40	47
	42	50
	45	52
	50	58
	51	59
	54	62
	58	66
	59	67
	62	70
	63	76
net/minecraft/client/realms/dto/RealmsWorldResetDto	29	28
	24	23
	25	24
	26	25
	27	26
	28	27
	29	28
net/minecraft/client/session/telemetry/TelemetryLogManager	66	65
	64	63
	66	65
	27	28
	28	29
	31	32
	33	34
	34	35
	35	35
	36	35
	37	36
	38	37
	39	38
	40	39
	42	41
	46	45
	47	46
	49	48
	50	49
	51	50
	52	51
	53	52
	54	53
	56	55
	58	58
	63	62
net/minecraft/client/gui/screen/advancement/AdvancementTab	197	199
	129	130
	130	131
	132	133
	134	135
	137	138
	142	143
	143	144
	144	145
	146	147
	147	148
	148	152
	149	147
	151	149
	153	155
	157	160
	158	161
	160	164
	161	165
	163	167
	166	170
	167	171
	168	175
	42	46
	43	47
	171	172
	44	48
	172	173
	45	49
	173	175
	46	50
	47	51
	48	52
	176	178
	49	53
	177	179
	50	54
	178	180
	51	55
	179	181
	52	56
	180	182
	181	183
	182	184
	55	59
	183	185
	184	186
	186	188
	59	63
	187	189
	189	191
	63	67
	193	195
	67	71
	197	199
	71	75
	75	79
	76	80
	79	83
	80	84
	83	87
	84	88
	85	89
	86	90
	89	93
	90	94
	91	95
	93	96
	94	97
	95	98
	96	99
	97	100
	99	102
	100	103
	101	104
	105	108
	106	109
	107	110
	109	111
	110	112
	111	113
	114	116
	116	117
	117	118
	118	119
	119	120
	120	121
	121	122
	122	123
	123	124
	124	125
net/minecraft/client/render/entity/model/EndCrystalEntityModel	78	58
	64	51
	66	52
	67	53
	69	54
	70	55
	71	55
	73	56
	74	56
	76	57
	77	57
	78	58
	29	28
	30	29
	31	30
	32	31
	33	32
	34	33
	37	36
	38	37
	40	38
	42	39
	43	39
	44	40
	45	41
	46	42
	47	43
	48	43
	49	43
	51	45
	52	45
	53	45
	57	46
	62	50
net/minecraft/client/sound/TickableSoundInstance	0	0
net/minecraft/client/gl/BufferManager	221	233
	130	140
	131	141
	132	142
	133	143
	137	147
	138	148
	139	149
	140	150
	15	19
	16	20
	144	154
	17	21
	145	155
	146	156
	19	23
	147	157
	151	161
	152	162
	153	163
	154	164
	158	168
	159	169
	160	170
	161	171
	166	176
	167	177
	168	178
	169	179
	174	184
	175	185
	176	186
	177	187
	53	60
	181	191
	182	192
	183	193
	184	194
	58	65
	59	66
	188	198
	189	199
	190	200
	63	70
	191	201
	64	71
	192	202
	193	203
	68	75
	69	76
	197	207
	73	80
	74	81
	202	212
	203	213
	204	214
	205	215
	78	85
	206	216
	79	86
	207	217
	208	218
	210	220
	84	91
	214	226
	215	227
	216	228
	89	96
	217	229
	90	97
	218	230
	219	231
	220	232
	221	233
	94	101
	99	106
	100	107
	101	108
	102	109
	104	111
	108	117
	109	118
	113	122
	114	123
	118	127
	119	128
	125	135
net/minecraft/client/realms/gui/screen/RealmsAcceptRejectButton	65	76
	65	76
	16	18
	17	19
	18	20
	19	21
	20	22
	23	25
	24	26
	25	27
	26	28
	27	29
	32	34
	36	38
	42	44
	43	45
	44	46
	47	49
	50	59
	51	60
	53	61
	54	62
	55	63
	56	64
	57	65
	59	67
	60	68
	61	72
net/minecraft/client/gui/screen/ingame/CreativeInventoryScreen	1056	1004
	1024	1002
	1025	1003
	1026	1003
	1028	1004
	1033	819
	1034	820
	1035	821
	1036	822
	1038	823
	1039	824
	1040	826
	1041	827
	1042	828
	1043	829
	1045	832
	1046	833
	1047	834
	1048	835
	1049	836
	1050	837
	1051	838
	1052	839
	1054	840
	1056	842
	127	850
	128	851
	130	852
	131	854
	132	855
	133	856
	137	860
	139	861
	140	862
	144	865
	148	869
	152	873
	156	877
	160	881
	164	885
	165	887
	166	888
	167	889
	168	890
	169	891
	171	893
	175	897
	178	900
	183	904
	184	905
	186	906
	187	907
	191	911
	196	915
	201	919
	206	923
	211	927
	212	928
	216	125
	217	126
	218	127
	219	128
	220	129
	221	130
	222	131
	223	132
	226	135
	230	139
	231	140
	232	143
	233	144
	234	145
	235	146
	236	147
	238	149
	243	154
	246	157
	247	158
	250	160
	251	161
	252	162
	253	163
	256	166
	260	171
	261	172
	262	173
	263	174
	265	176
	270	179
	271	180
	272	181
	276	185
	278	186
	279	197
	282	187
	283	188
	284	189
	285	192
	286	193
	289	197
	293	201
	294	202
	295	203
	298	206
	299	207
	300	208
	301	328
	303	209
	305	210
	306	229
	307	230
	309	233
	310	234
	311	235
	312	236
	314	238
	316	239
	317	240
	318	241
	319	242
	320	243
	321	244
	322	245
	324	246
	325	247
	326	248
	327	249
	328	250
	330	252
	331	256
	334	258
	336	259
	337	260
	339	261
	340	262
	341	263
	342	264
	345	267
	346	270
	347	271
	348	272
	349	273
	352	276
	353	279
	354	280
	355	281
	356	282
	357	283
	360	286
	363	289
	365	290
	366	291
	367	292
	369	293
	370	294
	374	297
	376	299
	378	302
	379	303
	380	304
	381	305
	385	300
	386	301
	388	307
	389	308
	390	309
	392	310
	393	311
	394	312
	396	314
	397	315
	401	316
	402	317
	403	318
	404	319
	405	320
	408	323
	413	211
	414	212
	415	213
	417	216
	418	217
	419	218
	420	219
	422	222
	423	223
	424	224
	425	225
	429	328
	432	331
	437	336
	438	337
	440	338
	441	339
	442	340
	443	341
	444	342
	445	343
	447	344
	448	345
	449	346
	451	347
	452	348
	453	349
	454	350
	455	351
	458	354
	460	356
	464	360
	466	361
	467	362
	468	363
	470	364
	471	365
	474	368
	475	369
	476	370
	480	374
	482	375
	483	376
	485	378
	489	382
	490	383
	492	384
	493	385
	495	387
	496	388
	497	389
	498	390
	500	393
	502	395
	507	402
	508	403
	509	404
	510	405
	511	406
	512	407
	514	409
	517	412
	518	413
	519	414
	522	415
	523	416
	526	418
	527	419
	528	420
	529	421
	532	424
	534	426
	536	426
	538	426
	543	434
	544	435
	548	439
	549	440
	551	441
	552	442
	553	443
	555	445
	556	446
	558	447
	559	449
	560	450
	561	451
	562	452
	564	454
	566	457
	570	461
	571	462
	572	463
	575	466
	578	468
	579	469
	581	471
	582	472
	583	473
	586	476
	587	477
	591	481
	592	482
	594	484
	598	488
	599	489
	600	490
	602	492
	603	493
	604	494
	608	498
	609	499
	610	500
	614	504
	619	509
	620	510
	621	511
	623	512
	625	514
	626	515
	627	516
	628	517
	633	522
	637	526
	641	530
	642	531
	644	532
	645	533
	646	534
	647	535
	648	536
	649	538
	650	539
	651	540
	652	541
	653	542
	654	543
	655	544
	657	545
	658	546
	659	547
	660	548
	662	550
	666	554
	669	557
	670	558
	673	561
	674	562
	676	563
	677	564
	679	567
	680	569
	683	572
	684	573
	685	574
	686	575
	688	576
	689	577
	690	578
	691	579
	692	580
	693	581
	694	582
	695	583
	697	585
	698	586
	699	587
	701	588
	703	589
	704	590
	706	592
	710	596
	711	597
	714	600
	715	601
	716	602
	717	603
	718	604
	719	605
	722	608
	723	609
	724	610
	725	611
	726	612
	727	613
	729	616
	731	618
	732	619
	733	620
	734	621
	737	624
	738	625
	739	626
	743	630
	744	631
	747	632
	748	633
	750	635
	751	636
	752	637
	757	643
	758	644
	759	645
	763	649
	764	650
	766	651
	767	652
	768	653
	769	654
	770	655
	776	660
	777	661
	778	662
	780	663
	781	664
	782	665
	784	666
	786	668
	791	674
	792	675
	793	676
	794	678
	795	679
	800	684
	801	687
	804	690
	805	691
	809	695
	814	700
	815	701
	816	702
	818	703
	819	704
	820	705
	821	706
	822	707
	825	708
	826	711
	828	712
	829	713
	830	714
	831	715
	833	717
	836	720
	837	722
	838	723
	839	724
	843	728
	846	709
	851	734
	852	735
	853	736
	857	740
	859	741
	861	742
	862	743
	863	744
	865	745
	866	746
	867	747
	870	750
	872	751
	873	752
	875	754
	878	757
	879	758
	880	759
	882	760
	883	761
	885	764
	889	768
	890	769
	891	770
	893	772
	895	775
	899	779
	900	780
	901	781
	905	785
	906	786
	907	787
	908	788
	909	789
	912	791
	916	796
	917	797
	918	798
	919	799
	920	800
	923	802
	924	803
	926	805
	929	808
	931	809
	932	810
	933	811
	934	812
	937	815
	945	936
	946	937
	947	938
	951	941
	952	942
	956	945
	961	949
	966	953
	971	957
	972	958
	976	961
	977	962
	981	965
	982	966
	986	969
	991	973
	997	978
	1002	982
	1007	986
	1012	990
	1018	997
	1019	998
	1023	1001
net/minecraft/client/realms/gui/screen/RealmsScreen	55	56
	51	52
	38	36
	39	37
	55	56
	42	43
	46	47
	47	48
net/minecraft/client/render/OverlayTexture	70	64
	33	28
	65	59
	34	29
	69	63
	70	64
	39	34
	40	35
	41	36
	45	39
	46	40
	49	43
	50	44
	53	47
	23	21
	57	51
	26	23
	27	24
	28	25
	61	55
	30	26
net/minecraft/client/gui/Element	81	196
	34	105
	38	124
	70	188
	71	188
	73	188
	42	143
	77	192
	46	161
	81	196
	19	31
	22	49
	57	166
	26	68
	61	179
	30	89
net/minecraft/client/gui/widget/IconWidget	87	93
	64	67
	33	35
	37	39
	73	77
	74	78
	75	79
	76	80
	45	47
	77	81
	16	18
	17	19
	81	85
	82	88
	20	22
	52	55
	53	56
	54	57
	86	92
	87	93
	24	26
	58	61
	59	62
	29	31
	63	66
net/minecraft/client/gui/hud/BossBarHud	187	175
	130	120
	131	121
	135	124
	136	125
	137	126
	138	127
	142	130
	143	131
	144	132
	145	133
	146	134
	148	136
	151	139
	152	140
	155	143
	156	144
	157	145
	158	146
	163	151
	167	155
	168	156
	169	157
	170	158
	175	163
	179	167
	180	168
	181	169
	182	170
	187	175
	61	61
	62	62
	65	65
	66	88
	68	66
	70	67
	71	68
	73	69
	75	70
	76	72
	77	73
	79	74
	80	74
	81	75
	82	76
	83	77
	84	78
	85	79
	86	80
	88	81
	93	86
	94	88
	97	91
	98	92
	99	93
	100	94
	102	96
	105	99
	106	100
	107	101
	109	103
	112	106
	115	108
	116	109
	120	112
	121	113
	125	116
	126	117
net/minecraft/client/gui/screen/ingame/RecipeBookScreen	142	131
	129	119
	131	120
	132	121
	136	125
	137	126
	141	130
	142	131
	20	23
	21	24
	22	25
	26	29
	27	30
	28	31
	29	32
	31	33
	32	34
	37	39
	38	40
	39	41
	40	42
	41	43
	42	44
	43	45
	44	46
	45	47
	46	48
	49	51
	53	55
	54	56
	56	58
	58	61
	59	62
	61	63
	62	64
	63	65
	65	66
	66	67
	67	68
	71	72
	72	73
	73	74
	76	77
	81	82
	82	82
	84	82
	89	87
	90	87
	92	87
	97	92
	98	93
	99	94
	102	96
	103	96
	106	96
	111	102
	116	107
	117	108
	122	113
	124	114
	125	115
net/minecraft/client/texture/atlas/SingleAtlasSource	42	42
	32	32
	33	33
	34	34
	36	36
	38	38
	42	42
	20	18
	21	19
	22	20
	23	22
	26	26
	27	27
	31	31
net/minecraft/client/render/entity/DragonEntityModel	314	298
	48	44
	52	48
	56	52
	57	53
	58	54
	59	56
	60	57
	62	60
	63	61
	65	64
	66	65
	67	66
	68	67
	69	68
	70	69
	71	70
	72	71
	73	72
	74	73
	75	74
	76	75
	77	76
	78	77
	79	78
	80	79
	81	80
	82	81
	85	84
	86	85
	88	86
	89	87
	90	89
	91	90
	92	91
	93	92
	94	93
	95	94
	96	95
	97	96
	98	97
	99	98
	101	100
	102	102
	103	102
	104	103
	107	105
	108	106
	109	107
	110	109
	111	110
	113	113
	114	114
	117	117
	118	119
	119	120
	120	121
	121	122
	122	123
	123	124
	126	126
	127	128
	128	129
	129	130
	130	131
	131	132
	133	134
	134	136
	135	137
	136	138
	137	139
	138	140
	141	142
	142	144
	143	144
	144	145
	146	147
	147	149
	148	149
	149	150
	151	152
	152	154
	153	154
	154	155
	157	157
	158	159
	159	159
	160	160
	162	162
	163	164
	164	164
	165	165
	167	167
	168	169
	169	169
	170	170
	173	172
	174	174
	175	174
	176	174
	177	175
	179	177
	180	179
	181	180
	182	181
	183	182
	186	184
	187	186
	188	186
	189	187
	191	189
	192	191
	193	191
	194	192
	196	194
	197	196
	198	196
	199	197
	202	199
	203	201
	204	201
	205	202
	207	204
	208	206
	209	206
	210	207
	212	209
	213	211
	214	211
	215	212
	218	214
	223	218
	225	219
	226	220
	228	221
	229	222
	231	223
	232	224
	233	225
	235	226
	236	227
	237	228
	239	229
	241	230
	243	231
	244	232
	246	234
	247	235
	248	236
	249	237
	250	238
	251	239
	252	240
	254	241
	255	242
	256	243
	257	244
	258	245
	259	246
	262	249
	263	250
	264	251
	266	252
	267	253
	268	254
	269	255
	271	256
	272	257
	273	258
	274	259
	275	260
	277	261
	278	262
	279	263
	280	264
	282	265
	283	266
	285	267
	286	268
	287	269
	288	270
	289	271
	290	273
	291	274
	292	275
	293	276
	294	277
	295	278
	296	279
	297	280
	298	281
	299	282
	300	283
	301	284
	302	285
	304	287
	307	292
	308	293
	309	294
	311	295
	312	296
	313	297
	314	298
com/mojang/blaze3d/textures/FilterMode	0	0
net/minecraft/client/font/SpaceFont	50	52
	49	51
	34	34
	50	52
	22	22
	38	40
	23	23
	39	40
	24	24
	40	41
	44	46
	29	29
net/minecraft/client/gui/screen/ingame/StructureBlockScreen	466	471
	39	43
	76	78
	77	79
	78	80
	79	81
	82	84
	83	85
	85	87
	88	90
	89	91
	90	92
	91	93
	92	94
	93	95
	94	96
	95	97
	96	98
	100	102
	101	103
	103	104
	104	105
	105	106
	106	107
	107	108
	108	109
	109	110
	111	111
	112	112
	113	113
	114	114
	116	116
	117	117
	118	118
	119	119
	120	120
	122	122
	123	124
	124	125
	125	126
	126	127
	127	128
	128	129
	129	130
	130	131
	133	133
	134	134
	135	135
	136	136
	138	138
	139	139
	140	142
	143	144
	144	147
	147	149
	148	151
	149	152
	150	153
	151	154
	154	156
	155	159
	158	161
	159	164
	162	166
	163	167
	164	168
	165	169
	166	170
	167	171
	168	172
	169	173
	170	174
	171	175
	172	176
	173	177
	174	178
	175	179
	176	180
	177	181
	179	182
	183	185
	184	185
	186	185
	189	188
	190	189
	191	190
	193	191
	194	192
	195	193
	196	194
	197	195
	198	196
	199	197
	200	198
	201	199
	202	200
	203	201
	204	202
	205	203
	207	204
	208	205
	209	206
	210	207
	211	208
	212	209
	213	210
	214	211
	215	212
	216	213
	217	214
	218	215
	219	216
	221	217
	222	218
	223	219
	224	220
	225	221
	226	222
	227	223
	228	224
	230	225
	231	226
	232	227
	233	228
	235	229
	236	230
	237	231
	241	235
	242	236
	246	240
	247	241
	251	245
	252	246
	253	247
	254	248
	255	249
	256	250
	257	251
	258	252
	259	253
	260	254
	262	255
	264	256
	265	257
	266	258
	267	259
	268	260
	269	261
	270	262
	271	263
	272	264
	273	265
	274	266
	277	269
	278	270
	279	271
	280	272
	282	273
	284	275
	285	276
	287	278
	288	279
	290	281
	291	282
	293	284
	296	286
	299	289
	300	290
	301	291
	302	292
	303	293
	304	294
	305	295
	306	296
	307	297
	308	298
	310	299
	311	300
	312	301
	313	302
	314	303
	315	304
	316	305
	317	306
	318	307
	319	308
	320	309
	321	310
	323	311
	325	313
	326	314
	327	315
	328	316
	329	317
	330	318
	331	319
	332	320
	333	321
	334	322
	335	323
	336	324
	337	325
	339	327
	340	328
	341	329
	342	330
	343	331
	344	332
	345	333
	346	334
	347	335
	348	336
	349	337
	350	338
	351	339
	352	340
	353	341
	354	342
	355	343
	357	345
	358	346
	360	348
	363	350
	366	353
	367	354
	368	355
	369	356
	370	357
	371	378
	376	383
	377	384
	378	385
	384	391
	385	392
	386	393
	392	399
	393	400
	394	401
	400	407
	401	408
	405	412
	406	413
	409	414
	410	417
	411	418
	414	415
	419	424
	421	425
	422	426
	424	427
	425	428
	426	429
	429	432
	430	433
	431	434
	432	435
	433	436
	435	437
	438	442
	439	443
	440	444
	441	445
	442	446
	444	447
	445	448
	448	451
	449	452
	450	453
	451	454
	452	455
	453	456
	456	461
	457	462
	458	463
	461	466
	462	467
	466	471
net/minecraft/client/particle/WaterSuspendParticle	113	110
	64	66
	68	69
	71	72
	74	75
	75	76
	76	77
	77	78
	14	15
	15	16
	16	17
	18	18
	19	19
	20	20
	85	46
	22	21
	86	47
	23	22
	24	23
	90	50
	27	26
	91	51
	28	27
	92	52
	29	28
	93	53
	94	54
	31	29
	95	55
	32	30
	96	56
	33	31
	35	32
	36	33
	37	34
	104	102
	41	38
	105	103
	109	106
	110	107
	111	108
	48	87
	112	109
	49	88
	113	110
	53	91
	54	92
	55	93
	63	65
net/minecraft/client/realms/gui/screen/RealmsUploadScreen	288	287
	256	253
	257	254
	258	255
	261	259
	263	260
	265	261
	266	262
	268	265
	269	266
	271	269
	272	270
	274	273
	277	276
	278	277
	282	281
	287	286
	288	287
	80	72
	81	73
	82	74
	83	75
	84	76
	85	77
	86	78
	87	79
	88	80
	92	84
	93	85
	94	86
	96	87
	97	88
	98	89
	99	90
	101	92
	102	93
	103	94
	105	97
	106	98
	107	99
	108	100
	109	101
	110	102
	111	103
	113	105
	114	106
	118	111
	119	113
	120	114
	124	118
	125	119
	128	122
	129	123
	132	126
	133	127
	134	128
	135	129
	137	131
	139	133
	143	137
	144	138
	145	139
	147	141
	149	144
	151	146
	156	152
	158	153
	159	154
	160	155
	163	158
	165	159
	166	160
	169	165
	170	166
	171	167
	174	170
	175	171
	176	172
	177	173
	180	176
	183	179
	184	180
	186	181
	187	182
	188	183
	189	184
	190	185
	191	186
	194	189
	195	190
	198	193
	199	194
	200	195
	201	196
	202	197
	204	199
	208	203
	210	204
	212	205
	214	206
	215	207
	216	208
	218	210
	221	213
	222	214
	223	215
	224	216
	226	219
	227	220
	228	221
	230	224
	234	228
	235	230
	236	232
	237	233
	239	234
	240	235
	242	237
	243	238
	244	239
	245	240
	247	243
	248	244
	249	245
	251	248
	253	250
net/minecraft/client/resource/metadata/AnimationResourceMetadata	45	38
	35	33
	38	34
	40	35
	44	37
	45	38
	18	18
	19	19
	20	20
	21	21
	22	22
	23	23
	24	25
	29	30
	30	31
	31	32
net/minecraft/client/gl/ScissorState	39	43
	35	39
	39	43
	11	15
	12	16
	13	17
	14	18
	15	19
	16	20
	19	23
	20	24
	23	27
	27	31
	31	35
net/minecraft/client/particle/ExplosionEmitterParticle	30	34
	9	12
	10	13
	11	14
	15	18
	16	19
	17	20
	18	21
	19	22
	21	25
	22	26
	23	27
	25	29
	30	34
net/minecraft/client/render/entity/model/DolphinEntityModel	91	111
	22	58
	23	59
	24	60
	25	61
	26	62
	29	65
	30	66
	32	67
	33	68
	35	69
	36	70
	37	70
	38	70
	40	72
	41	74
	42	74
	43	75
	45	77
	46	79
	47	79
	48	80
	50	82
	51	84
	52	84
	53	85
	55	87
	56	89
	57	89
	58	90
	60	92
	61	93
	62	93
	63	93
	65	95
	66	96
	67	96
	68	96
	70	98
	71	98
	72	98
	76	99
	81	103
	83	104
	84	105
	86	106
	87	107
	88	108
	89	109
	91	111
net/minecraft/client/render/entity/model/RavagerEntityModel	147	131
	129	114
	130	115
	131	116
	132	117
	133	118
	134	119
	138	123
	139	124
	141	125
	142	126
	143	127
	144	128
	145	129
	146	130
	147	131
	24	25
	25	26
	26	27
	27	28
	28	29
	29	30
	30	31
	31	32
	32	33
	35	36
	36	37
	38	38
	39	39
	40	40
	41	40
	42	40
	44	42
	45	44
	46	44
	47	44
	48	45
	51	47
	52	49
	53	49
	54	50
	56	52
	57	54
	58	54
	59	55
	61	57
	62	58
	63	58
	64	58
	66	60
	67	62
	68	62
	69	62
	70	63
	72	65
	73	67
	74	67
	75	68
	77	70
	78	72
	79	72
	80	73
	82	75
	83	77
	84	77
	85	78
	87	80
	88	82
	89	82
	90	83
	93	85
	98	89
	100	90
	101	91
	102	92
	105	93
	106	94
	107	95
	108	96
	109	97
	110	98
	111	99
	113	100
	114	101
	116	103
	119	106
	120	107
	121	108
	122	109
	123	110
	125	111
	126	112
	127	113
net/minecraft/client/gui/tooltip/BundleTooltipComponent	207	202
	128	127
	132	131
	136	135
	137	135
	138	135
	139	135
	143	139
	144	140
	146	141
	147	142
	148	143
	150	145
	152	148
	153	149
	155	150
	156	151
	158	153
	161	156
	162	157
	165	160
	166	161
	167	162
	168	163
	169	164
	42	41
	170	165
	43	42
	171	166
	173	170
	47	46
	176	173
	177	174
	178	175
	179	176
	52	51
	180	177
	182	179
	57	56
	185	182
	186	183
	61	60
	189	186
	65	64
	193	190
	69	68
	197	194
	73	72
	202	199
	203	200
	204	202
	77	76
	205	202
	207	202
	81	80
	86	85
	87	86
	89	88
	91	90
	94	93
	95	94
	96	95
	99	98
	100	99
	101	100
	102	101
	104	102
	105	104
	106	105
	107	106
	108	107
	110	108
	111	109
	112	110
	113	111
	114	112
	118	117
	119	118
	120	119
	123	122
	124	123
net/minecraft/client/gui/widget/TextFieldWidget	603	576
	513	492
	514	493
	515	494
	517	497
	520	500
	524	504
	525	505
	528	508
	532	512
	533	513
	534	514
	537	517
	538	518
	541	521
	545	525
	546	526
	547	527
	551	530
	552	547
	555	531
	557	532
	558	533
	559	534
	561	535
	562	536
	564	539
	565	540
	566	541
	567	542
	58	63
	570	545
	571	547
	574	550
	575	551
	578	554
	67	72
	68	73
	582	558
	71	76
	583	559
	72	77
	586	562
	75	80
	587	563
	76	81
	77	82
	78	83
	590	566
	591	566
	80	86
	81	87
	593	566
	84	90
	85	91
	598	571
	599	572
	88	94
	89	95
	602	575
	603	576
	93	99
	94	100
	98	104
	99	115
	102	105
	103	106
	105	108
	108	111
	109	112
	110	113
	111	115
	114	118
	118	122
	119	123
	121	124
	126	129
	127	130
	128	131
	132	135
	133	136
	134	137
	137	140
	138	141
	141	144
	142	145
	143	146
	144	147
	145	167
	148	148
	149	149
	150	150
	151	151
	152	152
	154	155
	155	156
	158	159
	159	160
	160	167
	163	161
	164	162
	165	163
	167	164
	168	167
	171	170
	172	171
	174	174
	175	175
	178	178
	179	179
	181	181
	183	183
	186	186
	187	193
	190	187
	191	188
	192	193
	195	190
	196	193
	199	196
	200	197
	203	200
	204	215
	207	201
	208	202
	209	215
	212	204
	213	205
	214	206
	215	215
	218	207
	220	208
	221	215
	224	209
	225	210
	226	215
	229	218
	233	222
	237	226
	238	227
	239	228
	241	230
	242	231
	243	242
	244	243
	246	246
	247	247
	250	232
	252	233
	253	234
	254	235
	256	237
	257	238
	263	252
	267	256
	268	257
	271	260
	275	264
	277	265
	278	266
	281	269
	282	270
	285	273
	286	274
	287	275
	290	278
	291	279
	294	282
	295	283
	299	287
	300	356
	303	288
	305	341
	306	342
	308	344
	311	347
	313	333
	314	334
	316	336
	319	339
	321	290
	322	291
	325	294
	327	327
	328	328
	331	331
	333	349
	335	350
	337	352
	339	353
	342	301
	343	302
	344	303
	345	304
	346	305
	347	306
	348	307
	349	308
	350	309
	351	310
	353	313
	354	315
	355	316
	356	317
	357	318
	359	321
	362	324
	366	361
	371	366
	372	367
	374	368
	375	369
	376	370
	379	373
	382	375
	387	381
	388	382
	389	383
	390	384
	394	388
	398	392
	399	446
	402	393
	403	394
	404	395
	407	398
	408	399
	409	400
	410	401
	411	402
	412	403
	414	404
	416	405
	417	406
	418	407
	419	408
	420	409
	423	412
	424	413
	426	414
	427	415
	428	416
	429	417
	430	418
	433	421
	434	422
	437	425
	438	426
	441	429
	442	430
	445	433
	446	434
	447	435
	448	435
	450	435
	451	435
	455	438
	456	439
	457	440
	459	442
	462	446
	466	449
	467	454
	469	450
	470	451
	471	452
	472	454
	475	457
	477	458
	478	459
	479	460
	481	462
	484	465
	488	469
	492	473
	496	477
	497	478
	498	479
	501	482
	502	483
	505	486
	506	487
	510	491
	511	497
net/minecraft/client/option/HotbarStorage	75	78
	64	66
	65	67
	66	68
	68	70
	71	73
	72	74
	73	75
	75	78
	27	27
	28	28
	30	30
	31	31
	33	33
	37	37
	38	38
	39	39
	43	42
	44	43
	46	45
	47	46
	48	48
	49	49
	51	51
	52	52
	54	54
	58	58
	59	60
	60	61
	61	62
	62	63
net/minecraft/client/realms/dto/PlayerActivities	33	34
	33	34
	18	18
	20	21
	21	22
	22	23
	23	24
	24	25
	25	26
	26	26
	27	27
	28	28
	31	31
net/minecraft/client/render/chunk/ChunkOcclusionData	56	60
	36	36
	37	37
	38	39
	39	40
	41	43
	43	45
	44	46
	45	48
	14	15
	46	49
	15	16
	47	50
	16	17
	49	52
	50	53
	19	20
	53	57
	22	23
	23	24
	24	25
	56	60
	27	28
	28	29
	31	32
net/minecraft/client/render/item/model/special/SpecialModelTypes	204	193
	192	181
	193	182
	194	183
	197	186
	198	187
	199	188
	200	189
	201	190
	203	192
	204	193
	22	25
	25	165
	26	166
	27	167
	28	168
	29	169
	30	170
	31	171
	32	172
	33	173
	34	174
	35	175
	36	176
	37	177
	190	180
net/minecraft/client/gui/screen/advancement/AdvancementWidget	306	305
	256	253
	259	256
	260	257
	261	258
	265	262
	266	263
	268	265
	271	268
	272	269
	275	272
	276	274
	277	275
	279	277
	282	280
	283	287
	285	281
	286	282
	287	283
	288	284
	289	285
	293	292
	294	293
	295	294
	296	295
	299	298
	302	301
	306	305
	59	60
	60	61
	61	62
	62	63
	63	64
	64	65
	65	66
	67	67
	69	68
	70	69
	71	70
	72	73
	73	74
	75	77
	76	78
	79	81
	80	82
	81	83
	83	85
	84	86
	85	87
	89	92
	93	96
	95	97
	96	98
	98	100
	99	101
	100	102
	101	103
	102	104
	104	107
	105	108
	106	109
	110	113
	116	119
	117	120
	118	122
	119	122
	121	122
	125	126
	126	127
	127	128
	128	129
	129	130
	130	131
	131	132
	132	133
	133	134
	134	135
	135	136
	136	137
	137	138
	138	139
	139	140
	140	141
	142	143
	143	144
	144	145
	148	149
	149	150
	151	152
	154	155
	155	156
	158	158
	159	159
	161	161
	164	164
	165	165
	168	168
	169	169
	171	171
	174	174
	178	178
	179	179
	182	182
	183	183
	186	186
	187	187
	189	188
	190	189
	191	190
	192	191
	194	192
	195	193
	196	194
	197	195
	198	196
	202	197
	204	201
	205	202
	206	203
	207	204
	208	205
	209	206
	210	207
	211	208
	212	209
	213	210
	214	211
	215	212
	216	213
	217	214
	218	215
	220	217
	221	218
	222	219
	224	222
	227	224
	228	225
	230	227
	233	230
	234	231
	235	232
	236	233
	238	235
	242	239
	243	240
	244	241
	246	243
	249	246
	251	249
	253	250
	254	251
	255	252
net/minecraft/client/render/entity/model/ModelTransformer	12	14
	7	10
	11	13
	12	14
net/minecraft/client/render/model/json/MultipartModelCombinedCondition	51	47
	51	19
	22	27
	38	43
	39	44
	43	47
	28	33
net/minecraft/client/render/item/property/select/ContextDimensionProperty	33	37
	33	37
	23	27
	28	32
net/minecraft/client/particle/FireflyParticle	85	80
	64	60
	65	60
	67	60
	75	69
	76	70
	80	74
	81	76
	18	20
	82	77
	19	21
	83	78
	20	22
	84	79
	21	23
	85	80
	22	24
	23	25
	24	26
	25	27
	29	31
	34	36
	39	41
	41	42
	42	43
	43	50
	46	45
	48	46
	49	47
	50	47
	51	47
	52	47
	55	50
	58	53
	62	57
	63	58
net/minecraft/client/particle/ItemPickupParticle	96	101
	64	59
	65	60
	66	61
	68	62
	69	63
	70	74
	74	78
	78	82
	79	83
	80	84
	82	87
	83	88
	84	89
	87	92
	88	93
	89	94
	90	95
	93	98
	30	31
	94	99
	31	32
	95	100
	96	101
	34	35
	35	36
	36	37
	37	38
	38	39
	39	40
	40	41
	43	44
	44	44
	47	44
	52	49
	57	54
	58	55
	60	56
	61	57
	62	58
net/minecraft/client/render/block/entity/TrialSpawnerBlockEntityRenderer	32	44
	32	44
	17	20
	18	21
	22	26
	23	27
	24	44
	26	28
	27	29
	28	30
	29	31
	30	33
net/minecraft/client/render/entity/model/TurtleEntityModel	104	103
	23	28
	24	29
	25	30
	28	33
	29	34
	31	35
	32	36
	33	36
	34	36
	36	38
	37	40
	38	41
	39	43
	40	45
	42	47
	43	49
	44	49
	45	50
	47	52
	48	53
	49	55
	50	55
	51	56
	53	58
	54	60
	55	60
	56	61
	58	63
	59	65
	60	65
	61	66
	63	68
	64	70
	65	70
	66	71
	69	73
	74	77
	76	78
	77	79
	79	80
	80	81
	81	82
	82	83
	83	84
	84	85
	86	86
	87	87
	88	88
	89	89
	91	91
	92	92
	93	93
	94	94
	95	95
	96	96
	99	99
	101	100
	102	101
	104	103
net/minecraft/client/render/entity/state/SalmonEntityRenderState	0	0
net/minecraft/client/render/entity/AllayEntityRenderer	44	41
	34	32
	35	33
	36	34
	37	35
	38	36
	39	37
	40	38
	44	41
	17	19
	19	20
	20	21
	24	24
	29	28
net/minecraft/client/gui/screen/narration/ScreenNarrator	85	114
	66	112
	67	113
	68	114
	11	17
	77	73
	78	74
	79	75
	80	76
	81	77
	17	90
	18	91
	84	80
	85	81
	22	96
	23	98
	27	102
	32	27
	34	28
	35	29
	38	44
	39	45
	44	49
	45	50
	47	53
	48	54
	49	55
	52	57
	53	58
	54	59
	55	60
	57	62
	58	63
net/minecraft/client/render/model/BakedGeometry	116	123
	26	35
	27	36
	28	37
	29	38
	30	39
	31	40
	32	41
	33	42
	34	43
	37	46
	38	47
	39	48
	40	49
	41	50
	42	51
	43	52
	44	53
	49	59
	57	68
	58	69
	62	73
	63	74
	67	80
	68	82
	69	83
	70	85
	71	86
	72	88
	73	89
	74	90
	75	91
	80	95
	82	96
	83	97
	84	98
	88	99
	92	101
	93	102
	95	103
	96	104
	97	105
	98	106
	99	107
	100	108
	101	109
	102	110
	103	111
	104	112
	105	113
	106	114
	108	115
	109	116
	110	117
	111	118
	112	119
	113	120
	114	121
	115	122
	116	123
net/minecraft/client/option/InactivityFpsLimiter	76	70
	66	60
	67	61
	71	65
	72	66
	75	69
	76	70
	29	22
	30	23
	31	24
	32	25
	35	28
	36	29
	37	30
	38	31
	39	32
	40	33
	45	38
	46	39
	47	40
	49	42
	50	43
	51	44
	52	45
	54	48
	55	49
	58	53
	59	55
	61	54
net/minecraft/client/render/entity/state/TurtleEntityRenderState	0	0
net/minecraft/client/render/entity/state/SkeletonEntityRenderState	0	0
net/minecraft/client/network/DebugSampleSubscriber	34	36
	32	34
	17	19
	18	20
	34	36
	19	21
	20	22
	23	25
	24	26
	26	28
	29	31
	30	32
	31	33
net/minecraft/client/render/entity/model/StingerModel	26	26
	18	21
	19	22
	21	23
	22	23
	23	24
	24	25
	26	26
	14	17
	15	18
net/minecraft/client/render/entity/state/WitherEntityRenderState	0	0
net/minecraft/client/realms/gui/screen/RealmsRegionPreferenceScreen	147	159
	128	137
	132	141
	137	148
	138	149
	139	150
	140	152
	142	154
	146	158
	147	159
	45	46
	46	47
	47	48
	48	49
	49	50
	50	51
	54	55
	55	56
	59	60
	60	61
	61	62
	63	63
	65	64
	66	65
	67	66
	68	67
	69	68
	70	69
	72	75
	74	80
	75	82
	76	83
	80	87
	81	88
	82	89
	85	92
	86	93
	90	98
	92	99
	93	100
	94	101
	95	104
	96	105
	97	106
	101	109
	103	110
	104	111
	106	114
	107	115
	114	123
	115	124
	118	127
	119	128
	120	129
	121	130
	123	132
	126	135
net/minecraft/client/gui/screen/Screen	641	725
	513	586
	514	587
	517	590
	521	594
	522	595
	523	596
	524	597
	525	598
	528	601
	531	610
	532	611
	534	613
	537	616
	538	617
	539	618
	540	619
	542	621
	545	624
	549	628
	550	629
	551	630
	553	633
	554	634
	557	637
	558	639
	559	640
	560	641
	561	642
	563	643
	564	644
	566	645
	567	646
	569	649
	570	650
	571	651
	572	652
	575	656
	577	658
	580	661
	585	666
	586	667
	587	670
	588	671
	589	672
	590	673
	591	674
	592	678
	594	675
	596	679
	597	680
	601	684
	91	93
	92	94
	93	95
	605	688
	606	689
	95	97
	609	692
	98	100
	610	693
	99	101
	612	695
	102	104
	615	698
	106	108
	619	702
	110	112
	111	113
	112	114
	113	115
	114	116
	115	117
	628	722
	629	723
	630	724
	119	121
	631	725
	120	122
	122	124
	636	707
	126	128
	127	129
	128	130
	641	712
	130	131
	131	132
	133	134
	134	138
	135	137
	136	140
	137	139
	138	135
	139	136
	141	142
	142	143
	144	144
	145	145
	146	146
	148	149
	149	150
	152	154
	156	159
	157	160
	161	164
	165	171
	166	172
	167	173
	168	174
	169	175
	172	178
	175	185
	176	186
	177	187
	179	189
	182	192
	183	193
	184	194
	186	196
	190	203
	191	204
	192	205
	195	211
	199	215
	200	216
	203	219
	204	220
	208	224
	209	225
	213	229
	214	230
	215	231
	219	235
	220	236
	222	239
	223	240
	225	243
	226	244
	229	247
	230	248
	231	249
	232	250
	235	253
	239	257
	242	260
	243	261
	244	262
	245	263
	247	265
	248	266
	249	267
	251	270
	255	274
	256	275
	263	278
	265	279
	266	280
	267	292
	268	285
	269	296
	270	297
	271	298
	274	302
	276	304
	279	307
	280	308
	281	318
	283	319
	285	321
	286	322
	287	323
	289	325
	290	335
	291	336
	293	339
	295	313
	296	351
	297	352
	300	355
	302	356
	305	359
	306	360
	308	362
	311	365
	312	366
	314	368
	315	369
	316	370
	317	371
	319	374
	320	375
	322	377
	324	380
	328	385
	329	386
	332	389
	333	390
	334	391
	335	392
	336	393
	337	394
	338	395
	340	397
	342	400
	343	401
	345	402
	346	403
	349	406
	350	407
	351	408
	352	409
	353	410
	356	413
	357	414
	358	415
	361	418
	365	422
	369	431
	372	434
	375	437
	378	444
	381	454
	382	455
	384	458
	385	459
	386	460
	389	463
	390	464
	391	465
	393	467
	396	470
	397	471
	400	474
	401	475
	404	478
	405	479
	408	482
	409	483
	410	484
	413	490
	414	491
	417	494
	422	498
	423	499
	426	501
	430	506
	434	511
	438	516
	442	520
	446	524
	450	528
	455	532
	456	533
	460	536
	461	537
	462	538
	463	539
	466	542
	467	543
	468	544
	471	547
	472	548
	474	549
	475	550
	478	552
	479	553
	482	554
	487	560
	491	564
	494	567
	495	568
	496	569
	498	571
	501	574
	502	575
	505	578
	506	579
	509	582
	510	583
net/minecraft/client/particle/CloudParticle	89	88
	68	68
	69	69
	73	72
	12	15
	13	16
	14	17
	16	18
	17	19
	81	81
	18	20
	82	82
	19	21
	20	22
	21	23
	22	24
	86	85
	87	86
	24	25
	88	87
	25	26
	89	88
	26	27
	27	28
	28	29
	30	30
	31	31
	33	32
	34	33
	35	34
	39	38
	44	43
	49	48
	50	49
	51	50
	52	51
	53	52
	54	53
	55	54
	56	55
	57	56
	58	57
	62	61
net/minecraft/client/gui/screen/recipebook/GhostRecipe	84	81
	64	63
	65	64
	68	67
	69	74
	71	68
	72	69
	73	70
	74	71
	76	74
	80	80
	81	81
	82	81
	84	81
	22	25
	23	26
	26	29
	27	30
	30	33
	31	34
	32	35
	34	37
	37	40
	38	41
	41	44
	42	45
	45	48
	46	49
	47	50
	49	51
	50	52
	52	54
	55	57
	57	58
	59	59
	61	60
	62	61
net/minecraft/client/texture/SpriteDimensions	0	0
net/minecraft/client/world/GeneratorOptionsHolder	77	111
	66	93
	35	44
	37	46
	70	104
	40	56
	42	58
	74	108
	75	109
	44	60
	77	111
	49	65
	52	69
	59	81
	29	38
	30	39
	31	40
net/minecraft/client/gui/screen/ingame/ScreenHandlerProvider	0	0
net/minecraft/client/render/entity/animation/Keyframe	0	0
net/minecraft/client/gui/screen/option/OnlineOptionsScreen	69	69
	32	33
	33	34
	34	35
	68	68
	37	38
	69	69
	40	41
	42	42
	43	43
	45	45
	46	47
	48	48
	50	50
	51	51
	52	52
	24	26
	25	27
	58	58
	59	59
	60	60
	29	31
	31	32
	63	63
net/minecraft/client/ClientBrandRetriever	12	13
	12	13
net/minecraft/client/gui/widget/ScrollableTextFieldWidget	127	127
	64	66
	66	67
	67	68
	68	69
	70	72
	73	75
	76	78
	80	82
	18	24
	19	25
	22	28
	86	87
	23	29
	24	30
	25	31
	91	92
	29	35
	30	36
	96	97
	35	41
	36	42
	100	101
	37	43
	101	102
	38	44
	39	45
	40	46
	104	105
	41	47
	105	106
	106	107
	44	51
	109	110
	49	56
	50	72
	53	57
	117	118
	54	58
	57	61
	121	122
	59	62
	60	63
	61	64
	62	65
	127	127
net/minecraft/client/render/entity/state/TridentEntityRenderState	0	0
net/minecraft/client/render/entity/state/CamelEntityRenderState	0	0
net/minecraft/client/render/entity/feature/DrownedOverlayFeatureRenderer	29	30
	20	20
	21	21
	22	22
	23	23
	27	28
	28	29
	29	30
net/minecraft/client/realms/gui/screen/RealmsCreateWorldScreen	232	276
	128	131
	129	132
	130	133
	131	134
	132	135
	133	136
	134	137
	135	138
	137	140
	138	141
	140	142
	141	143
	142	144
	143	145
	144	150
	146	153
	147	158
	149	161
	150	166
	153	170
	155	171
	156	176
	158	182
	159	187
	161	193
	162	198
	165	204
	167	206
	168	208
	169	209
	173	213
	174	214
	178	218
	183	223
	184	224
	187	227
	188	228
	189	229
	191	232
	192	233
	195	236
	196	237
	197	238
	199	241
	200	242
	202	245
	203	246
	204	247
	85	77
	86	78
	214	258
	215	259
	216	260
	89	91
	90	92
	91	93
	92	94
	220	264
	93	95
	221	265
	94	96
	222	266
	95	97
	223	267
	96	98
	97	99
	225	270
	98	100
	226	271
	227	272
	228	273
	101	104
	230	274
	231	275
	232	276
	105	109
	109	113
	114	118
	115	119
	116	120
	117	121
	119	122
	122	124
	124	127
	125	128
	126	129
	127	130
net/minecraft/client/gl/CompiledShaderPipeline	9	12
	9	12
net/minecraft/client/network/LanServerPinger	104	113
	65	64
	66	65
	69	86
	73	90
	74	91
	75	92
	77	94
	78	95
	79	95
	81	95
	85	100
	86	101
	87	102
	90	104
	91	105
	28	33
	29	34
	93	106
	30	35
	31	36
	32	37
	96	108
	97	109
	34	38
	98	110
	35	39
	100	112
	101	113
	102	113
	39	42
	40	43
	104	113
	42	45
	44	47
	46	48
	47	49
	48	50
	49	51
	50	52
	54	56
	55	57
	58	60
	62	63
net/minecraft/client/render/entity/TadpoleEntityRenderer	23	25
	18	21
	23	25
	13	16
	14	17
net/minecraft/client/particle/OminousSpawningParticle	97	84
	64	59
	65	70
	68	61
	69	62
	71	63
	72	64
	73	65
	75	66
	77	67
	78	67
	79	67
	80	67
	18	19
	82	68
	83	70
	20	20
	21	21
	22	22
	23	23
	24	24
	25	25
	89	77
	26	26
	90	78
	27	27
	28	28
	29	29
	30	30
	94	81
	31	31
	95	82
	96	83
	33	32
	97	84
	34	33
	36	34
	38	35
	39	36
	40	37
	44	41
	50	46
	54	50
	59	55
	60	56
	61	57
	63	58
net/minecraft/client/render/entity/feature/ShoulderParrotFeatureRenderer	57	62
	33	36
	34	37
	35	38
	37	40
	40	52
	41	53
	42	53
	43	53
	47	54
	48	55
	49	56
	50	57
	51	58
	53	59
	22	23
	54	60
	23	24
	24	25
	56	61
	25	26
	57	62
	29	31
	30	32
	31	33
net/minecraft/client/font/ReferenceFont	20	23
	20	23
	9	13
	10	13
	11	13
	15	18
net/minecraft/client/gui/screen/multiplayer/SocialInteractionsPlayerListEntry	292	276
	257	246
	258	247
	259	248
	260	249
	263	252
	264	253
	265	254
	266	255
	269	258
	270	259
	271	260
	273	261
	278	265
	279	266
	281	267
	282	268
	283	269
	284	270
	285	271
	286	272
	287	273
	288	274
	289	276
	290	276
	292	276
	92	88
	93	89
	94	90
	95	91
	97	92
	98	93
	99	94
	100	95
	102	96
	103	97
	105	98
	106	99
	107	100
	108	101
	109	102
	110	108
	111	108
	114	113
	117	116
	118	117
	119	118
	120	119
	121	120
	122	121
	123	122
	126	125
	129	128
	130	129
	131	130
	132	131
	133	132
	134	133
	137	136
	140	139
	141	140
	143	141
	144	142
	145	143
	146	144
	148	146
	150	148
	153	151
	154	152
	157	155
	158	156
	160	157
	162	157
	168	162
	169	163
	170	164
	173	165
	174	167
	175	168
	176	169
	178	171
	179	172
	180	173
	183	176
	185	177
	187	178
	188	179
	191	182
	192	183
	194	184
	195	185
	196	186
	197	187
	198	188
	199	189
	200	190
	201	191
	202	192
	204	193
	205	194
	209	198
	210	199
	212	201
	216	205
	221	210
	225	214
	229	218
	233	222
	237	226
	238	227
	241	230
	245	234
	246	235
	249	238
	253	242
net/minecraft/client/particle/LavaEmberParticle	64	64
	64	64
	9	12
	10	13
	11	14
	12	15
	13	16
	14	17
	15	18
	17	19
	19	20
	20	21
	24	25
	29	30
	31	31
	32	32
	33	33
	38	38
	39	39
	44	44
	45	45
	46	46
	47	47
	48	48
	51	51
	57	58
	58	59
	62	62
	63	63
net/minecraft/client/render/entity/RavagerEntityRenderer	38	36
	33	31
	34	32
	19	20
	36	34
	38	36
	24	24
	29	28
	14	16
	30	29
	15	17
	31	30
net/minecraft/client/render/entity/state/ExperienceOrbEntityRenderState	0	0
net/minecraft/client/sound/Channel	95	91
	64	32
	65	33
	67	35
	69	37
	70	38
	74	42
	75	43
	78	46
	79	47
	80	49
	81	50
	82	51
	83	52
	84	53
	85	54
	23	72
	88	57
	89	58
	27	76
	28	77
	93	61
	94	62
	95	63
	31	80
	33	81
	34	82
	36	84
	38	85
	41	88
	42	89
	43	90
	44	91
	54	22
	55	23
	56	24
	59	27
	60	28
	61	29
	62	30
	63	31
net/minecraft/client/model/ModelData	28	30
	16	18
	17	19
	20	22
	24	26
	12	14
	28	30
	13	15
net/minecraft/client/realms/gui/screen/RealmsSelectWorldTemplateScreen	387	396
	258	259
	259	265
	260	266
	263	269
	264	270
	268	274
	269	275
	270	276
	272	278
	277	283
	278	284
	279	287
	280	288
	284	292
	288	296
	292	300
	319	320
	320	321
	321	322
	323	323
	325	325
	327	328
	328	329
	330	330
	332	332
	77	68
	78	69
	334	334
	81	74
	82	75
	338	338
	83	76
	339	339
	84	77
	340	340
	341	341
	86	78
	87	79
	343	344
	344	345
	345	346
	90	81
	91	82
	347	349
	348	350
	93	84
	351	353
	96	87
	97	88
	356	358
	101	92
	357	361
	358	362
	103	93
	359	363
	105	94
	361	364
	106	95
	362	365
	107	96
	363	366
	108	97
	109	98
	365	369
	110	99
	366	370
	367	371
	112	100
	369	374
	114	102
	370	375
	115	104
	371	376
	116	105
	372	377
	373	378
	374	379
	375	380
	120	109
	121	110
	377	384
	122	111
	381	388
	126	115
	382	390
	127	116
	383	391
	128	117
	384	392
	129	118
	385	393
	131	121
	387	396
	135	125
	136	126
	137	127
	138	128
	142	132
	143	133
	146	136
	147	137
	149	139
	152	142
	153	143
	155	145
	158	148
	159	149
	161	151
	164	154
	167	156
	168	157
	169	159
	171	160
	174	161
	175	164
	176	165
	177	166
	178	167
	180	170
	182	172
	183	174
	184	175
	186	178
	188	179
	189	180
	190	182
	191	184
	193	187
	195	189
	196	194
	198	196
	199	198
	200	199
	204	203
	205	204
	206	205
	212	211
	214	212
	216	213
	217	214
	220	217
	221	218
	222	219
	223	220
	226	223
	229	226
	230	227
	231	228
	232	229
	233	230
	234	232
	235	233
	236	234
	237	235
	238	236
	239	237
	240	238
	241	239
	243	242
	246	245
	249	248
	254	254
	255	255
net/minecraft/client/particle/BlockLeakParticle	316	344
	257	147
	258	148
	259	149
	263	155
	264	156
	265	157
	269	163
	273	169
	274	170
	275	171
	279	177
	23	248
	280	178
	24	249
	281	179
	25	250
	282	180
	26	251
	283	181
	27	252
	287	187
	31	256
	288	188
	32	257
	289	189
	33	258
	290	190
	291	191
	35	260
	295	197
	39	264
	296	198
	40	265
	297	199
	41	266
	298	200
	42	267
	299	201
	300	202
	47	273
	304	208
	48	274
	305	209
	306	210
	307	211
	308	212
	52	278
	53	279
	54	280
	55	281
	312	218
	56	282
	313	219
	314	220
	315	221
	316	222
	63	230
	64	231
	65	232
	69	236
	70	237
	71	238
	73	240
	78	325
	79	326
	83	330
	84	331
	85	332
	86	333
	87	334
	89	336
	94	288
	95	289
	99	293
	100	294
	101	295
	102	296
	103	297
	104	298
	106	300
	111	306
	112	307
	115	310
	116	311
	117	312
	121	316
	122	317
	124	319
	129	342
	130	343
	131	344
	138	24
	139	25
	140	26
	141	27
	142	28
	145	31
	150	36
	155	41
	156	41
	159	41
	164	46
	165	47
	166	48
	168	49
	169	50
	170	67
	173	51
	174	52
	175	53
	176	54
	177	67
	180	55
	181	56
	182	57
	184	58
	185	67
	188	59
	189	60
	190	61
	191	61
	192	62
	195	67
	198	70
	199	71
	201	73
	204	76
	207	81
	208	82
	209	83
	213	89
	214	90
	215	91
	219	97
	223	103
	224	104
	225	105
	229	111
	230	112
	231	113
	235	119
	236	120
	237	121
	238	122
	239	123
	243	129
	244	130
	245	131
	246	132
	250	138
	251	139
	252	140
	253	141
net/minecraft/client/gui/screen/ingame/HandledScreen	697	705
	512	506
	515	509
	516	510
	517	511
	518	512
	521	515
	523	516
	524	517
	525	518
	527	519
	528	520
	530	522
	531	523
	533	530
	534	531
	537	539
	539	541
	540	542
	542	544
	543	545
	546	548
	547	549
	548	550
	549	551
	551	553
	552	558
	553	559
	555	562
	560	567
	561	568
	564	571
	566	572
	570	576
	571	577
	572	578
	575	581
	579	585
	580	586
	581	587
	582	588
	584	589
	588	593
	589	594
	590	595
	591	596
	595	600
	84	78
	85	79
	86	80
	598	606
	87	81
	599	607
	88	82
	89	83
	601	610
	90	84
	602	611
	91	85
	603	612
	92	86
	93	87
	606	615
	607	616
	608	617
	97	91
	609	618
	98	92
	99	93
	100	94
	101	95
	613	622
	104	98
	616	625
	105	99
	617	626
	109	103
	621	630
	110	104
	622	631
	111	105
	112	106
	624	632
	625	633
	626	634
	115	109
	116	110
	628	636
	118	111
	630	637
	631	638
	120	112
	632	639
	121	113
	633	640
	634	641
	123	114
	125	115
	637	645
	126	116
	128	117
	129	118
	641	650
	130	119
	642	651
	643	652
	132	120
	644	653
	133	121
	646	656
	647	657
	136	124
	648	658
	137	125
	649	659
	140	128
	141	129
	142	130
	654	664
	143	131
	144	132
	146	133
	147	134
	659	669
	148	135
	660	672
	149	136
	662	670
	151	137
	663	672
	152	138
	155	142
	667	676
	156	143
	158	145
	672	681
	161	148
	162	149
	675	682
	164	150
	676	685
	165	151
	166	152
	678	683
	167	153
	680	687
	169	154
	170	155
	683	690
	172	156
	173	157
	687	694
	176	160
	179	163
	180	164
	692	699
	181	165
	693	700
	694	701
	184	168
	696	704
	697	705
	188	172
	189	173
	190	174
	194	178
	195	179
	196	180
	197	181
	198	182
	203	187
	207	191
	208	192
	210	194
	213	197
	214	198
	216	200
	219	203
	220	211
	223	204
	224	205
	225	206
	227	211
	230	214
	231	214
	232	214
	233	214
	237	218
	241	222
	242	223
	243	224
	246	227
	247	228
	248	229
	253	234
	254	235
	255	236
	256	237
	257	238
	258	239
	259	240
	261	241
	262	242
	263	243
	264	244
	265	245
	267	248
	268	249
	270	250
	271	251
	272	252
	273	253
	274	254
	275	255
	278	258
	280	260
	281	261
	285	265
	286	266
	287	267
	288	268
	289	269
	293	273
	294	274
	295	275
	297	278
	298	279
	299	280
	301	282
	303	285
	305	287
	308	290
	309	291
	310	306
	313	292
	314	293
	315	306
	318	295
	320	297
	321	298
	322	299
	323	300
	324	301
	325	302
	327	306
	331	310
	332	311
	333	312
	336	316
	341	321
	342	322
	344	324
	345	325
	346	326
	347	327
	348	328
	350	329
	351	332
	352	333
	353	334
	355	335
	356	336
	357	337
	360	340
	361	341
	364	344
	365	345
	366	346
	369	349
	370	350
	371	351
	372	352
	373	353
	374	354
	376	356
	378	358
	379	359
	380	360
	381	361
	383	363
	384	368
	385	369
	386	370
	387	371
	388	372
	389	373
	391	376
	393	379
	395	381
	396	382
	397	383
	399	384
	400	385
	401	386
	402	387
	403	388
	404	389
	410	330
	413	396
	414	397
	415	398
	417	399
	421	404
	422	405
	423	406
	424	407
	426	410
	427	411
	428	412
	432	416
	435	419
	440	424
	441	425
	443	426
	444	427
	445	428
	446	429
	447	430
	449	432
	450	433
	452	434
	453	435
	454	436
	455	437
	456	438
	457	439
	458	440
	461	443
	462	444
	466	448
	467	455
	468	456
	471	459
	476	464
	477	465
	478	466
	479	467
	481	468
	482	469
	483	470
	486	473
	487	474
	490	477
	491	478
	492	479
	493	480
	494	481
	495	486
	500	491
	502	494
	503	495
	505	497
	506	498
	507	499
	508	500
	509	501
	510	504
	511	505
net/minecraft/client/render/model/json/ModelElement	158	171
	129	133
	130	134
	131	137
	133	142
	135	140
	139	147
	140	148
	141	151
	143	156
	145	154
	149	161
	150	162
	151	163
	154	165
	155	167
	156	168
	158	171
	35	33
	36	34
	44	42
	45	43
	46	44
	47	45
	48	46
	49	47
	50	48
	52	50
	53	51
	54	52
	55	53
	56	54
	57	55
	59	58
	60	59
	64	63
	69	69
	70	70
	71	71
	72	72
	73	73
	74	74
	75	75
	76	76
	78	77
	80	80
	84	84
	85	85
	86	86
	88	88
	92	93
	93	94
	94	95
	95	96
	97	98
	101	103
	103	104
	104	105
	107	107
	111	112
	112	113
	113	115
	114	116
	115	117
	117	120
	121	124
	122	125
	123	126
	125	128
net/minecraft/client/sound/PositionedSoundInstance	67	103
	64	100
	65	101
	66	102
	67	103
	13	16
	14	17
	17	20
	21	24
	25	29
	29	35
	33	41
	37	47
	41	52
	45	56
	49	60
	50	61
	53	76
	54	77
	57	93
	58	94
	59	95
	60	96
	61	97
	62	98
	63	99
net/minecraft/client/gui/render/state/special/PlayerSkinGuiElementRenderState	13	39
	12	38
	13	39
net/minecraft/client/session/BanReason	52	50
	36	36
	39	41
	40	37
	41	39
	42	40
	43	42
	44	43
	45	44
	46	45
	47	46
	48	47
	49	48
	50	49
	51	50
	52	38
	27	27
	28	28
	31	31
net/minecraft/client/gui/screen/ingame/MinecartCommandBlockScreen	35	42
	16	19
	32	35
	33	36
	35	42
	21	24
	26	29
	11	14
	27	30
	12	15
	28	31
net/minecraft/client/render/entity/model/GhastEntityModel	62	99
	20	63
	22	65
	23	66
	25	68
	28	71
	29	72
	31	73
	32	74
	33	74
	34	74
	37	76
	38	78
	39	79
	40	80
	41	81
	42	82
	43	83
	44	83
	45	83
	49	87
	54	91
	55	92
	56	93
	59	96
	60	97
	62	99
net/minecraft/client/render/entity/BipedEntityRenderer	87	90
	64	67
	65	68
	66	69
	67	70
	68	71
	69	72
	70	73
	71	74
	72	75
	73	76
	74	77
	75	78
	76	79
	77	80
	78	81
	81	84
	82	85
	21	25
	22	26
	86	89
	87	90
	25	29
	26	30
	29	33
	31	34
	32	35
	33	36
	34	37
	37	40
	42	44
	43	45
	44	46
	45	47
	46	48
	49	51
	51	52
	52	53
	53	54
	54	55
	55	56
	56	57
	57	58
	58	59
	59	60
	61	63
	62	64
net/minecraft/client/render/model/MultipartBlockStateModel	138	135
	66	61
	67	62
	132	121
	69	64
	133	122
	73	69
	137	126
	74	70
	138	127
	75	71
	76	72
	79	75
	80	77
	81	78
	82	79
	86	83
	87	84
	88	86
	89	87
	90	88
	27	31
	28	32
	29	33
	93	92
	33	37
	38	42
	39	43
	42	46
	44	48
	45	49
	46	50
	48	52
	114	103
	115	104
	52	135
	121	108
	122	110
	123	111
	124	112
	127	116
net/minecraft/client/render/entity/feature/PhantomEyesFeatureRenderer	18	20
	18	20
	13	15
	14	16
net/minecraft/client/render/entity/model/ModelWithHead	0	0
com/mojang/blaze3d/textures/GpuTexture	120	86
	64	31
	65	32
	66	33
	67	34
	68	35
	69	36
	72	39
	76	43
	80	47
	84	51
	88	55
	93	59
	97	63
	98	64
	101	67
	102	68
	103	69
	106	72
	107	73
	110	76
	111	77
	112	78
	113	79
	116	82
	117	83
	120	86
	62	29
	63	30
net/minecraft/client/gui/screen/ingame/CommandBlockScreen	101	113
	21	25
	22	26
	26	30
	31	35
	36	40
	37	41
	38	43
	39	44
	40	45
	41	46
	44	50
	45	51
	46	52
	47	53
	50	55
	51	56
	52	57
	53	58
	54	59
	57	61
	58	62
	59	63
	60	64
	61	65
	64	67
	65	68
	68	71
	69	72
	70	73
	71	74
	72	75
	73	76
	76	79
	77	80
	78	81
	79	82
	80	83
	81	84
	83	85
	84	86
	85	87
	86	88
	88	89
	89	90
	90	91
	94	95
	95	96
	96	97
	100	101
	101	113
net/minecraft/client/model/BabyModelPair	5	9
	5	9
net/minecraft/client/session/Session	79	84
	32	34
	65	71
	36	41
	70	75
	71	76
	40	45
	75	80
	44	49
	79	84
	48	53
	52	57
	23	25
	24	26
	56	61
	25	27
	26	28
	27	29
	28	30
	29	31
net/minecraft/client/network/LanServerInfo	26	29
	17	20
	21	24
	25	28
	26	29
	11	14
	12	15
	13	16
	14	17
net/minecraft/client/tutorial/MovementTutorialStepHandler	125	129
	40	39
	41	40
	45	44
	47	45
	48	46
	49	47
	52	50
	53	51
	54	52
	57	55
	58	56
	59	57
	60	58
	62	61
	65	64
	66	65
	67	66
	68	67
	70	70
	73	73
	74	74
	75	75
	77	77
	81	81
	82	82
	85	85
	86	86
	89	89
	90	90
	91	91
	92	92
	93	93
	94	94
	95	98
	96	99
	99	102
	103	106
	104	107
	105	108
	107	111
	108	112
	109	113
	111	115
	115	119
	116	120
	118	122
	122	126
	123	127
	125	129
net/minecraft/client/render/chunk/BlockBufferBuilderPool	66	66
	32	31
	34	33
	66	66
	35	34
	37	35
	38	37
	39	38
	43	42
	48	47
	49	48
	50	49
	19	20
	51	50
	20	21
	21	22
	53	52
	57	57
	26	25
	58	58
	27	26
	59	59
	29	27
	62	62
	31	30
net/minecraft/client/realms/util/UploadTokenCache	21	23
	16	18
	17	19
	20	22
	21	23
	12	14
net/minecraft/client/resource/ClientDataPackManager	48	52
	33	35
	34	36
	35	38
	36	39
	37	40
	38	41
	39	42
	42	46
	43	47
	47	51
	48	52
	23	25
	24	26
	25	27
	26	28
	27	29
	28	30
	29	31
	30	32
net/minecraft/client/render/item/model/special/PlayerHeadModelRenderer	115	114
	64	53
	68	57
	69	58
	70	59
	71	60
	72	61
	77	65
	78	66
	79	67
	82	69
	83	70
	84	71
	87	73
	88	74
	89	74
	96	74
	34	36
	35	37
	36	38
	37	39
	101	81
	103	82
	104	83
	105	84
	106	85
	44	104
	109	87
	50	110
	115	94
	51	111
	52	112
	55	114
	61	50
	62	51
	63	52
net/minecraft/client/resource/server/ServerResourcePackManager	412	382
	256	164
	257	165
	258	166
	260	169
	262	171
	264	174
	267	177
	269	178
	270	179
	271	180
	272	181
	274	183
	280	189
	281	190
	282	191
	283	192
	284	193
	286	194
	287	195
	291	200
	292	201
	299	204
	300	205
	301	207
	302	208
	306	209
	307	210
	310	213
	55	35
	311	214
	56	36
	312	215
	57	37
	58	38
	59	39
	60	40
	316	220
	317	221
	318	223
	63	43
	319	224
	64	44
	321	227
	323	230
	327	234
	328	235
	329	236
	331	238
	332	239
	334	240
	337	243
	338	244
	339	245
	340	246
	343	249
	344	250
	345	251
	346	252
	91	344
	92	345
	349	254
	354	259
	355	260
	356	261
	357	262
	361	266
	362	267
	365	270
	368	273
	369	274
	370	275
	371	276
	115	370
	116	371
	117	372
	374	280
	118	373
	375	281
	377	284
	121	376
	378	285
	122	377
	124	379
	382	289
	127	382
	384	290
	385	292
	386	293
	387	302
	133	47
	389	298
	134	48
	390	299
	135	49
	391	300
	392	295
	138	52
	395	306
	141	55
	142	56
	398	308
	143	60
	399	309
	400	310
	146	58
	147	60
	404	314
	150	63
	151	64
	152	78
	408	318
	412	322
	157	68
	158	69
	159	70
	162	73
	163	74
	164	75
	165	76
	166	78
	170	81
	172	82
	174	83
	175	84
	178	87
	179	88
	182	91
	183	92
	184	93
	188	97
	189	98
	190	99
	193	103
	197	107
	198	108
	199	109
	200	110
	202	112
	205	115
	206	116
	208	119
	209	120
	212	123
	214	125
	215	126
	216	127
	220	131
	221	132
	224	135
	225	137
	226	138
	227	139
	230	143
	231	144
	234	147
	236	148
	239	151
	240	152
	241	153
	244	156
	245	157
	248	160
	249	161
	252	162
	255	163
net/minecraft/client/util/ClientSamplerSource	51	48
	33	34
	34	35
	35	36
	37	37
	38	38
	39	39
	40	40
	42	41
	44	42
	46	44
	50	47
	51	48
	25	27
	26	28
	27	29
	28	30
	31	33
net/minecraft/client/render/entity/feature/VillagerHeldItemFeatureRenderer	41	36
	32	26
	33	28
	36	31
	37	32
	38	33
	39	34
	40	35
	41	36
	17	17
	18	18
	22	21
	23	22
	24	28
	27	23
	28	24
	30	25
net/minecraft/client/gui/RotatingCubeMapRenderer	37	39
	32	34
	36	38
	37	39
	16	18
	17	19
	18	20
	21	23
	22	24
	23	25
	24	26
	27	29
	28	30
	29	31
net/minecraft/client/realms/RealmsNewsUpdater	43	44
	34	36
	35	37
	36	44
	39	38
	40	39
	41	40
	42	41
	43	42
	13	15
	14	16
	15	17
	16	18
	17	19
	20	22
	24	26
	28	30
	29	31
	30	32
	31	33
net/minecraft/client/session/telemetry/SentTelemetryEvent	19	24
	16	21
	19	24
	10	19
	11	14
	12	15
	13	16
	15	18
net/minecraft/client/gui/screen/ingame/CartographyTableScreen	112	115
	29	31
	30	32
	31	33
	35	37
	36	38
	37	39
	41	43
	42	44
	43	45
	45	46
	46	47
	47	48
	48	49
	50	50
	51	51
	54	52
	55	54
	56	55
	57	56
	58	57
	59	58
	61	59
	62	60
	65	64
	66	65
	67	66
	71	70
	74	73
	75	74
	78	85
	79	86
	81	87
	82	88
	83	89
	84	90
	85	91
	86	92
	87	93
	88	94
	89	95
	90	96
	91	97
	92	98
	94	99
	96	101
	97	102
	99	104
	102	107
	103	108
	104	109
	105	110
	107	111
	108	112
	110	113
	112	115
net/minecraft/client/option/GraphicsMode	44	42
	20	21
	36	34
	21	22
	37	35
	22	23
	38	36
	39	37
	26	26
	44	42
	31	30
net/minecraft/client/render/entity/model/EntityModelLayers	349	351
	321	322
	337	339
	325	327
	341	343
	313	314
	329	331
	345	347
	317	318
	333	335
	349	351
	318	319
	319	320
net/minecraft/client/gl/RenderPipelines	28	705
	23	700
	24	701
	28	705
net/minecraft/client/render/item/property/bool/SelectedProperty	22	24
	17	19
	22	24
net/minecraft/client/main/Main	351	319
	256	231
	257	232
	258	233
	259	234
	260	235
	263	238
	265	239
	268	242
	270	244
	271	246
	275	251
	276	251
	277	251
	279	252
	280	253
	283	254
	284	255
	287	256
	288	257
	289	258
	292	259
	293	260
	294	261
	297	262
	298	263
	299	264
	302	266
	307	272
	308	272
	310	272
	314	276
	60	318
	61	319
	318	280
	67	64
	68	65
	324	286
	325	287
	70	66
	326	288
	71	67
	327	289
	72	68
	328	290
	73	69
	329	291
	74	70
	75	71
	76	72
	332	295
	77	73
	78	74
	79	75
	80	76
	81	77
	337	300
	82	78
	83	79
	84	80
	85	81
	341	304
	86	82
	87	83
	88	84
	89	85
	90	86
	346	309
	91	87
	347	311
	92	88
	348	312
	93	89
	349	313
	94	90
	95	91
	351	310
	96	92
	97	93
	98	94
	99	95
	100	96
	101	97
	102	98
	103	99
	104	100
	105	101
	107	102
	110	103
	111	104
	117	105
	121	110
	122	111
	124	114
	125	115
	128	118
	129	119
	130	120
	131	121
	133	122
	134	123
	135	124
	136	125
	138	126
	140	127
	141	128
	142	129
	143	130
	145	131
	147	132
	149	133
	150	134
	151	135
	154	138
	155	139
	156	140
	157	141
	161	144
	162	145
	163	146
	165	148
	166	149
	171	153
	172	154
	173	155
	174	156
	177	158
	182	163
	183	164
	184	165
	185	166
	186	167
	187	168
	188	169
	189	170
	190	171
	191	172
	192	173
	193	174
	194	175
	195	176
	198	177
	199	178
	200	179
	201	182
	202	183
	203	184
	205	185
	206	186
	208	187
	209	189
	216	195
	217	196
	218	197
	219	198
	220	199
	221	200
	222	201
	223	202
	224	203
	227	206
	230	208
	231	209
	232	215
	235	210
	236	211
	237	212
	239	215
	241	217
	242	218
	244	219
	247	222
	248	223
	249	224
	250	225
	251	226
	252	227
	253	228
	254	229
	255	230
net/minecraft/client/render/entity/GlowSquidEntityRenderer	29	27
	16	18
	20	22
	25	26
	26	27
	27	27
	29	27
	15	17
net/minecraft/client/gui/screen/multiplayer/ConnectScreen	215	247
	133	157
	134	158
	135	159
	136	160
	142	164
	143	165
	145	167
	148	170
	149	171
	150	177
	152	184
	155	187
	156	188
	157	189
	158	190
	162	194
	163	195
	164	196
	167	199
	168	200
	172	204
	173	205
	174	206
	176	208
	179	211
	53	66
	54	67
	55	68
	183	215
	56	69
	59	74
	60	75
	188	220
	61	98
	189	221
	190	222
	191	223
	64	78
	192	224
	65	79
	193	225
	66	80
	67	81
	195	228
	196	229
	69	83
	71	86
	199	233
	72	87
	200	234
	73	88
	201	235
	75	91
	76	92
	77	93
	205	239
	78	94
	79	95
	207	240
	80	96
	208	241
	81	98
	209	242
	211	243
	84	101
	85	102
	214	246
	215	247
	88	104
	90	107
	91	108
	93	111
	94	111
	95	111
	96	112
	97	113
	99	116
	100	118
	101	120
	103	123
	106	125
	107	126
	108	127
	110	130
	111	131
	113	132
	115	135
	117	136
	118	137
	119	138
	120	139
	122	142
	123	143
	125	147
	126	148
	127	149
net/minecraft/client/render/entity/model/HoglinEntityModel	153	184
	132	167
	134	168
	135	169
	136	170
	137	171
	138	172
	141	173
	142	174
	143	175
	145	176
	148	179
	149	180
	150	181
	151	182
	152	183
	153	184
	35	77
	36	78
	37	79
	38	80
	39	81
	40	82
	41	83
	42	84
	43	85
	44	86
	45	87
	48	90
	49	91
	51	92
	52	93
	53	93
	54	93
	55	95
	56	97
	57	97
	58	98
	60	100
	61	102
	62	102
	63	103
	65	105
	66	107
	67	107
	68	108
	70	110
	71	112
	72	112
	73	113
	75	115
	76	117
	77	117
	78	118
	80	120
	81	122
	82	122
	83	123
	86	125
	87	126
	88	127
	89	129
	90	129
	91	130
	93	132
	94	134
	95	134
	96	135
	98	137
	99	139
	100	139
	101	140
	103	142
	104	144
	105	144
	106	145
	108	147
	112	151
	113	152
	117	156
	120	157
	121	158
	122	160
	123	160
	124	161
	127	163
net/minecraft/client/realms/gui/screen/tab/RealmsPlayerTab	254	271
	45	46
	46	47
	47	48
	48	49
	49	50
	50	51
	51	54
	52	55
	53	55
	55	58
	56	59
	59	62
	64	67
	65	68
	66	69
	70	73
	71	74
	72	76
	73	77
	75	79
	81	86
	82	87
	86	91
	87	92
	88	93
	90	100
	93	104
	96	108
	100	112
	123	133
	124	134
	126	135
	127	136
	128	137
	129	138
	130	139
	131	142
	132	143
	133	147
	135	148
	136	149
	137	150
	138	151
	139	152
	140	155
	141	156
	142	160
	144	161
	145	162
	146	163
	147	164
	148	165
	149	166
	150	169
	152	170
	153	171
	156	174
	157	175
	158	176
	159	177
	160	179
	161	180
	162	181
	163	182
	164	183
	165	184
	168	187
	169	188
	170	189
	171	190
	172	192
	173	193
	174	194
	175	195
	176	196
	177	197
	180	200
	181	201
	182	215
	183	204
	184	205
	185	206
	186	207
	188	209
	189	210
	191	213
	192	214
	193	218
	195	220
	198	223
	199	224
	201	226
	204	229
	205	230
	206	231
	209	234
	210	234
	212	234
	218	239
	223	244
	230	250
	231	251
	233	252
	234	253
	236	255
	239	258
	240	259
	242	260
	243	261
	245	262
	246	263
	247	264
	248	265
	249	266
	250	267
	251	268
	252	269
	253	270
	254	271
net/minecraft/client/render/model/BlockModelPart	0	0
net/minecraft/client/gui/screen/ingame/AnvilScreen	147	144
	129	124
	130	125
	131	128
	135	132
	136	133
	138	135
	142	139
	143	140
	144	141
	145	142
	147	144
	30	32
	31	33
	32	34
	33	35
	37	39
	38	40
	40	41
	41	42
	42	43
	43	44
	44	45
	45	46
	46	47
	47	48
	48	49
	49	50
	50	51
	54	55
	55	56
	56	57
	60	61
	61	62
	65	66
	66	67
	67	68
	68	69
	72	73
	73	74
	76	77
	77	77
	79	77
	83	81
	84	82
	85	92
	88	83
	89	84
	90	85
	93	88
	94	89
	96	92
	100	96
	102	97
	103	98
	104	99
	106	101
	107	102
	108	103
	109	104
	110	105
	112	107
	113	108
	114	109
	118	113
	119	114
	120	115
	121	116
	122	117
	125	120
net/minecraft/client/data/EquipmentAssetProvider	114	122
	23	28
	24	29
	27	32
	28	35
	29	36
	30	37
	31	38
	33	40
	34	41
	35	42
	36	43
	37	44
	38	45
	39	45
	41	47
	42	48
	43	51
	44	52
	45	53
	47	55
	48	57
	49	57
	52	59
	53	60
	54	63
	55	64
	56	65
	57	66
	58	67
	59	68
	60	69
	61	70
	62	71
	65	74
	66	75
	67	76
	68	77
	69	80
	70	81
	74	85
	75	86
	76	87
	77	88
	78	90
	79	90
	82	94
	83	96
	84	96
	86	98
	89	101
	90	101
	91	101
	95	105
	96	106
	97	107
	98	108
	103	112
	104	113
	105	114
	106	115
	108	117
	109	118
	114	122
net/minecraft/client/render/SpriteTexturedVertexConsumer	48	50
	32	34
	48	50
	17	19
	37	39
	22	24
	42	44
	11	13
	27	29
	12	14
	13	15
	47	49
net/minecraft/client/render/entity/state/ItemHolderEntityRenderState	16	16
	16	16
	15	15
net/minecraft/client/texture/TextureStitcherCannotFitException	22	22
	18	18
	19	19
	22	22
	10	14
	13	15
	14	15
	15	15
net/minecraft/client/realms/dto/RegionPingResult	25	27
	16	18
	17	19
	20	22
	25	27
	15	17
net/minecraft/client/render/item/model/SelectItemModel	134	154
	131	66
	132	67
	133	68
	134	70
	28	32
	29	33
	30	34
	34	46
	35	47
	36	48
	37	49
	38	50
	40	52
	46	78
	47	79
	48	80
	49	82
	54	87
	59	92
	60	93
	65	98
	66	99
	67	100
	74	106
	77	109
	78	111
	79	112
	81	113
	82	115
	83	116
	87	120
	88	121
	92	125
	93	126
	95	128
	96	129
	97	131
	98	132
	99	133
	101	136
	102	135
	104	137
	106	140
	108	141
	109	142
	112	144
	113	144
	115	144
	120	151
	121	152
	123	154
net/minecraft/client/gl/PostEffectProcessor	196	200
	128	128
	129	129
	131	131
	136	135
	137	137
	138	139
	139	140
	140	141
	143	144
	144	145
	145	146
	146	147
	148	150
	149	151
	150	152
	152	155
	157	159
	158	160
	159	162
	160	163
	162	165
	36	39
	37	40
	38	41
	166	170
	39	42
	40	43
	43	48
	171	175
	172	176
	45	49
	46	49
	174	178
	47	49
	49	50
	50	51
	51	52
	181	185
	54	54
	55	56
	56	57
	57	58
	60	61
	64	66
	192	196
	65	67
	193	197
	66	68
	194	198
	67	69
	196	200
	69	71
	70	72
	72	75
	74	77
	75	78
	78	81
	79	82
	81	84
	82	85
	83	86
	84	88
	86	87
	87	88
	88	89
	89	90
	90	91
	91	92
	92	92
	96	99
	100	103
	102	104
	103	106
	104	107
	107	110
	108	111
	109	112
	110	114
	111	114
	112	114
	114	114
	116	116
	117	117
	118	118
	120	120
	124	124
	125	125
net/minecraft/client/render/VertexFormats	0	0
net/minecraft/client/toast/NowPlayingToast	130	121
	129	120
	66	60
	130	121
	69	63
	70	63
	72	63
	76	67
	77	68
	78	69
	79	70
	83	74
	84	75
	85	76
	87	78
	91	82
	92	83
	96	87
	97	88
	101	92
	105	96
	43	38
	44	39
	110	101
	47	42
	48	43
	49	44
	50	45
	51	46
	115	106
	53	48
	56	51
	120	111
	58	52
	59	53
	60	54
	61	55
	125	116
	62	56
	63	57
net/minecraft/client/particle/EmitterParticle	48	51
	32	35
	33	36
	34	37
	35	38
	36	39
	39	40
	40	41
	41	42
	42	43
	44	47
	45	48
	46	49
	15	18
	16	19
	48	51
	19	22
	20	23
	23	26
	24	27
	25	28
	26	29
	27	30
	28	31
net/minecraft/client/realms/task/DownloadTask	72	79
	64	71
	65	72
	66	56
	68	75
	72	79
	25	26
	26	27
	27	28
	28	29
	29	30
	33	33
	35	34
	37	38
	38	39
	40	42
	41	43
	42	44
	43	45
	45	48
	46	49
	47	50
	48	51
	49	52
	51	55
	52	57
	53	58
	54	59
	56	62
	57	63
	58	64
	59	65
	60	66
	61	67
	63	70
net/minecraft/client/render/entity/LlamaSpitEntityRenderer	52	46
	32	31
	34	32
	35	33
	37	34
	39	35
	40	36
	44	39
	49	43
	50	44
	51	45
	20	22
	52	46
	21	23
	22	24
	26	27
	28	28
	29	29
	30	30
net/minecraft/client/session/report/AbuseReportType	17	20
	17	20
	13	16
	14	17
net/minecraft/unused/packageinfo/PackageInfo9917	0	0
net/minecraft/client/util/MonitorTracker	108	104
	21	22
	22	23
	23	24
	24	25
	25	26
	26	27
	27	28
	30	31
	33	34
	34	35
	35	36
	36	37
	37	38
	38	39
	39	40
	41	42
	45	46
	51	51
	52	52
	53	53
	56	55
	57	56
	58	57
	59	58
	61	59
	62	60
	63	61
	64	62
	66	64
	67	65
	68	66
	69	67
	70	68
	72	69
	73	70
	74	71
	75	72
	77	73
	78	74
	79	75
	80	76
	81	77
	82	78
	83	79
	84	80
	85	81
	88	85
	89	86
	93	91
	94	92
	96	94
	97	94
	99	94
	103	99
	104	100
	105	101
	106	102
	108	104
net/minecraft/client/gui/screen/multiplayer/AddServerScreen	96	110
	64	80
	65	81
	66	82
	67	83
	68	84
	69	85
	72	88
	73	89
	74	90
	75	91
	79	95
	80	96
	83	99
	84	100
	88	104
	90	105
	27	30
	91	106
	28	31
	92	107
	29	32
	30	33
	94	108
	31	34
	95	109
	96	110
	35	38
	36	39
	37	40
	38	41
	40	42
	41	43
	42	44
	43	45
	44	46
	46	47
	47	49
	48	50
	49	57
	51	61
	52	66
	54	70
	55	71
	59	75
	60	76
net/minecraft/client/render/entity/SalmonEntityRenderer	73	70
	65	61
	66	62
	67	63
	68	64
	70	66
	72	69
	73	70
	21	24
	22	25
	23	26
	24	27
	25	28
	29	31
	30	32
	31	33
	35	36
	40	40
	45	44
	47	45
	48	46
	49	47
	50	48
	51	49
	54	52
	55	53
	57	54
	58	55
	59	56
	61	58
com/mojang/blaze3d/textures/GpuTextureView	37	39
	33	35
	21	23
	37	39
	25	27
	12	15
	13	16
	29	31
	14	17
	15	18
net/minecraft/client/render/model/json/Transformation	96	80
	65	58
	66	59
	67	60
	68	60
	69	60
	70	60
	73	61
	74	62
	75	62
	76	62
	77	62
	80	63
	84	67
	85	68
	23	24
	87	70
	24	25
	88	71
	25	45
	89	72
	92	74
	93	76
	94	77
	32	30
	96	80
	36	31
	37	32
	38	33
	40	35
	41	36
	42	37
	45	40
	46	41
	47	42
	49	43
	50	45
	61	56
	63	57
net/minecraft/client/realms/dto/Backup	59	55
	32	26
	33	27
	35	30
	36	31
	37	32
	38	33
	39	34
	40	36
	41	36
	42	37
	43	38
	47	42
	48	43
	50	46
	54	50
	58	54
	59	55
net/minecraft/client/sound/AbstractBeeSoundInstance	80	70
	66	60
	67	60
	69	60
	75	65
	80	70
	18	20
	19	21
	20	22
	21	23
	22	24
	23	25
	24	26
	25	27
	26	28
	30	32
	31	33
	33	34
	34	35
	37	38
	38	51
	39	53
	42	39
	43	40
	44	41
	46	42
	47	43
	48	44
	50	45
	52	47
	53	48
	55	53
	58	56
	59	56
	61	56
net/minecraft/client/realms/exception/RealmsServiceException	14	16
	9	12
	10	13
	14	16
net/minecraft/client/render/entity/model/GiantEntityModel	9	17
	8	16
	9	17
net/minecraft/client/render/entity/AbstractBoatEntityRenderer	76	72
	67	63
	68	64
	69	65
	70	66
	71	67
	72	68
	73	69
	74	70
	75	71
	76	72
	17	20
	18	21
	19	22
	23	25
	25	26
	26	27
	27	28
	28	29
	29	30
	32	36
	34	37
	37	40
	39	41
	40	42
	41	43
	43	44
	44	45
	46	46
	48	47
	50	48
	51	49
	54	52
	62	59
net/minecraft/client/util/SpriteMapper	15	14
	11	10
	15	14
net/minecraft/client/render/entity/state/FishingBobberEntityState	0	0
net/minecraft/client/texture/NativeImage	626	675
	522	537
	523	538
	524	539
	525	540
	526	541
	527	542
	528	543
	529	544
	530	545
	531	546
	532	547
	533	548
	534	549
	537	552
	541	556
	545	560
	549	564
	553	568
	557	572
	561	576
	565	580
	569	584
	58	56
	59	57
	573	588
	62	60
	63	77
	65	61
	577	592
	66	62
	67	63
	68	64
	69	65
	581	596
	70	66
	71	67
	73	69
	585	600
	75	72
	76	73
	77	74
	589	604
	79	79
	593	608
	82	82
	83	90
	85	83
	597	612
	86	84
	87	85
	88	86
	89	87
	601	616
	90	88
	91	92
	605	620
	95	95
	609	628
	99	99
	613	632
	103	103
	617	636
	619	638
	108	107
	621	640
	110	111
	111	112
	623	642
	112	119
	114	115
	626	645
	115	116
	120	123
	124	127
	126	128
	128	129
	129	130
	131	139
	133	136
	136	142
	137	143
	138	147
	144	152
	145	153
	146	154
	151	158
	152	159
	154	160
	155	161
	157	163
	158	166
	159	167
	160	168
	161	169
	163	170
	164	171
	165	172
	167	175
	168	176
	169	180
	174	185
	175	186
	177	188
	183	191
	184	192
	185	193
	187	195
	189	198
	191	201
	192	202
	195	205
	199	209
	203	213
	212	226
	213	227
	214	228
	215	229
	217	231
	218	232
	219	233
	223	238
	232	252
	233	253
	234	254
	235	255
	237	257
	238	258
	239	259
	240	261
	243	264
	244	265
	247	268
	248	269
	250	271
	252	272
	253	273
	254	274
	255	275
	256	277
	257	278
	258	279
	259	280
	261	283
	267	288
	268	289
	270	291
	271	292
	272	293
	273	294
	277	299
	278	301
	279	302
	281	305
	286	309
	287	310
	288	311
	289	312
	292	314
	293	315
	299	321
	300	322
	302	324
	303	325
	304	327
	305	328
	306	329
	309	333
	313	338
	314	339
	317	342
	318	343
	321	344
	322	345
	325	347
	326	348
	327	349
	328	350
	331	351
	332	359
	335	352
	336	353
	337	354
	339	355
	348	657
	349	658
	353	662
	355	665
	356	666
	357	667
	359	669
	362	672
	363	673
	365	675
	370	367
	371	368
	373	370
	374	377
	375	374
	376	375
	378	389
	379	393
	382	396
	384	400
	385	401
	386	402
	388	405
	389	415
	392	406
	393	407
	395	412
	404	419
	405	420
	407	422
	408	423
	409	424
	410	425
	411	426
	413	428
	414	429
	415	431
	416	432
	417	433
	418	434
	421	438
	425	441
	426	442
	427	443
	430	446
	434	449
	435	450
	442	453
	443	454
	444	455
	445	456
	446	457
	447	458
	450	461
	455	464
	456	465
	457	466
	459	468
	460	469
	461	470
	462	475
	464	481
	468	484
	469	485
	472	488
net/minecraft/client/render/entity/model/SilverfishEntityModel	104	89
	65	51
	66	52
	67	53
	71	57
	72	59
	73	59
	74	60
	76	62
	77	64
	78	64
	79	65
	81	67
	82	69
	83	69
	84	70
	87	72
	92	77
	94	79
	95	80
	96	81
	99	84
	100	85
	101	86
	102	87
	103	88
	40	24
	104	89
	41	25
	42	26
	43	27
	46	30
	50	34
	54	38
	55	39
	57	40
	58	41
	59	43
	60	44
	61	46
	62	47
	63	49
net/minecraft/client/font/BitmapFont	227	247
	131	184
	132	215
	133	189
	135	190
	136	191
	138	192
	139	193
	141	194
	143	195
	145	197
	146	198
	147	200
	148	201
	149	202
	152	203
	154	204
	155	207
	156	208
	161	231
	162	227
	37	33
	38	34
	166	236
	39	35
	167	236
	168	237
	169	239
	170	240
	43	39
	44	40
	172	241
	173	242
	49	45
	177	247
	54	50
	65	115
	194	58
	66	116
	68	118
	69	119
	199	63
	72	122
	202	67
	75	124
	76	126
	77	127
	207	72
	79	130
	212	77
	84	144
	86	145
	87	146
	217	82
	90	148
	91	149
	93	150
	222	87
	94	151
	223	101
	97	153
	98	154
	227	105
	99	155
	100	157
	103	162
	106	133
	107	134
	108	135
	109	136
	110	137
	111	139
	114	168
	115	169
	117	170
	122	175
	127	180
net/minecraft/client/toast/AdvancementToast	90	88
	64	88
	67	64
	68	65
	70	66
	71	67
	72	68
	74	70
	75	71
	76	72
	77	73
	78	74
	80	76
	81	77
	82	79
	83	80
	84	81
	89	86
	90	88
	28	30
	29	31
	33	35
	38	40
	39	41
	40	42
	41	46
	44	44
	45	46
	50	51
	54	55
	55	56
	60	61
	61	62
	63	63
net/minecraft/client/gui/screen/recipebook/RecipeBookWidget	656	583
	514	453
	519	459
	520	460
	525	465
	526	466
	528	467
	529	468
	532	469
	533	470
	534	471
	537	473
	542	479
	548	484
	552	488
	556	492
	557	493
	559	494
	560	495
	561	496
	563	498
	566	501
	567	502
	568	503
	569	504
	570	505
	571	506
	573	509
	574	510
	575	511
	576	512
	578	514
	581	517
	585	521
	586	522
	588	523
	590	524
	592	526
	595	529
	596	530
	599	533
	600	534
	601	535
	602	536
	607	541
	608	542
	609	543
	610	544
	611	545
	613	547
	619	551
	624	556
	625	557
	626	558
	627	559
	629	561
	118	102
	630	562
	119	103
	631	563
	120	104
	632	564
	122	105
	634	565
	123	106
	635	566
	124	107
	636	567
	638	569
	127	110
	128	111
	129	112
	130	113
	131	114
	133	115
	135	116
	647	574
	136	117
	648	575
	137	118
	139	120
	651	578
	652	579
	142	123
	655	582
	144	124
	656	583
	145	125
	146	126
	148	127
	149	128
	150	129
	152	130
	153	131
	154	132
	155	133
	156	134
	157	135
	158	136
	161	137
	164	138
	165	138
	166	138
	169	140
	171	141
	172	142
	173	143
	175	144
	177	146
	178	147
	181	150
	182	153
	184	158
	185	159
	187	162
	189	163
	190	164
	191	165
	192	166
	195	169
	199	173
	203	177
	204	179
	210	185
	211	186
	213	188
	216	191
	220	195
	221	196
	224	199
	228	203
	232	207
	233	208
	236	211
	237	212
	238	213
	239	214
	241	217
	242	218
	247	223
	248	224
	249	225
	251	226
	252	227
	255	230
	259	233
	260	234
	261	235
	264	238
	269	243
	271	244
	274	245
	277	246
	278	247
	279	248
	280	249
	281	251
	282	253
	287	257
	288	258
	291	261
	292	262
	295	265
	296	266
	297	267
	299	268
	300	270
	301	271
	303	272
	304	273
	305	274
	306	275
	307	276
	308	277
	311	280
	315	283
	316	284
	317	285
	320	288
	321	294
	324	289
	325	290
	326	291
	328	294
	331	297
	332	298
	333	299
	335	300
	336	301
	337	302
	340	305
	345	310
	346	327
	349	311
	350	312
	353	315
	354	316
	355	317
	357	318
	359	320
	360	321
	363	324
	365	325
	366	327
	369	330
	370	334
	373	331
	375	332
	376	334
	381	339
	382	340
	386	344
	387	400
	391	345
	392	346
	393	347
	395	348
	396	349
	397	350
	400	353
	401	354
	403	355
	404	356
	408	360
	411	362
	412	363
	413	364
	414	365
	415	366
	417	369
	421	372
	422	373
	423	374
	424	375
	426	376
	428	377
	430	378
	433	380
	434	381
	435	382
	436	383
	437	384
	439	387
	440	388
	442	389
	445	392
	449	396
	453	405
	454	406
	457	408
	458	409
	459	410
	460	411
	464	416
	465	417
	466	418
	467	419
	471	423
	472	424
	475	426
	476	427
	478	428
	483	434
	484	435
	485	436
	488	437
	489	438
	490	439
	493	440
	494	441
	495	442
	497	443
	499	444
	502	445
	503	446
	504	447
	506	448
	509	449
	510	450
	511	451
net/minecraft/client/network/ClientPlayerInteractionManager	555	520
	512	482
	521	486
	525	490
	530	495
	534	499
	538	503
	542	507
	546	511
	547	512
	550	515
	551	516
	554	519
	555	520
	86	87
	87	88
	88	89
	91	92
	92	93
	95	96
	96	97
	97	98
	98	99
	101	102
	102	103
	104	106
	105	107
	106	108
	109	111
	113	115
	114	116
	117	118
	118	119
	119	120
	120	121
	123	123
	125	124
	126	125
	130	126
	131	127
	134	129
	135	130
	137	131
	138	132
	139	133
	145	136
	149	143
	150	144
	153	145
	154	146
	157	148
	158	149
	159	150
	163	151
	164	152
	165	153
	168	155
	169	156
	170	157
	174	158
	176	161
	177	162
	182	163
	183	164
	184	165
	185	166
	187	169
	188	170
	190	172
	191	173
	192	174
	193	175
	194	176
	195	177
	197	180
	200	184
	204	189
	205	190
	206	191
	210	192
	211	193
	212	194
	213	195
	214	196
	216	198
	219	201
	221	202
	222	203
	223	204
	226	205
	227	206
	228	207
	229	208
	233	209
	234	210
	235	211
	237	213
	240	214
	241	215
	243	216
	244	217
	245	218
	248	220
	250	221
	251	222
	252	225
	253	227
	257	237
	259	238
	260	239
	261	240
	265	241
	266	242
	267	243
	270	245
	271	246
	272	247
	275	250
	276	251
	277	254
	279	251
	283	259
	284	260
	285	261
	286	262
	288	264
	291	267
	293	268
	294	269
	296	271
	298	273
	303	276
	304	277
	308	281
	309	282
	310	283
	311	284
	313	286
	316	289
	318	290
	319	291
	322	293
	323	294
	324	295
	325	296
	328	298
	332	303
	333	304
	334	305
	335	306
	339	308
	340	309
	342	310
	343	311
	344	312
	345	313
	347	316
	348	317
	349	318
	351	321
	352	322
	353	323
	354	324
	359	329
	360	342
	364	330
	366	332
	368	333
	369	334
	370	335
	372	337
	374	340
	378	348
	379	349
	381	351
	382	352
	383	353
	384	354
	385	355
	386	356
	387	357
	388	358
	391	360
	394	362
	395	363
	397	365
	402	368
	403	369
	405	372
	406	373
	408	376
	412	381
	416	387
	420	391
	421	392
	422	393
	423	394
	424	395
	426	397
	429	400
	430	401
	431	402
	432	402
	434	402
	438	406
	439	407
	440	408
	441	409
	442	409
	444	409
	449	416
	450	417
	451	418
	452	447
	454	420
	455	421
	456	422
	457	424
	458	425
	461	428
	463	429
	464	431
	465	432
	466	433
	467	434
	468	435
	471	439
	474	440
	475	447
	478	450
	479	451
	482	454
	483	455
	486	458
	487	459
	489	461
	493	464
	495	465
	496	466
	497	467
	499	469
	502	472
	503	473
	504	474
	505	475
	508	478
net/minecraft/client/render/entity/PaintingEntityRenderer	167	168
	24	27
	25	28
	29	31
	30	32
	31	50
	34	33
	35	34
	37	35
	38	36
	39	37
	41	38
	42	47
	44	48
	45	50
	49	53
	54	57
	56	58
	57	59
	58	60
	59	61
	61	62
	62	63
	63	64
	64	65
	67	68
	68	69
	70	70
	71	72
	72	73
	73	74
	74	75
	75	76
	76	77
	77	78
	78	79
	79	81
	80	84
	81	87
	82	90
	85	93
	88	96
	91	101
	93	102
	94	103
	96	104
	98	105
	99	106
	100	107
	101	108
	104	109
	105	110
	106	111
	107	112
	109	113
	110	114
	111	115
	112	116
	114	117
	115	118
	117	120
	118	121
	119	122
	120	123
	121	124
	122	125
	124	126
	127	127
	128	128
	129	129
	130	130
	132	131
	133	132
	134	133
	135	134
	137	135
	138	136
	139	137
	140	138
	142	139
	143	140
	144	141
	145	142
	147	143
	148	144
	149	145
	150	146
	152	147
	153	148
	154	149
	155	150
	157	151
	158	152
	159	153
	160	154
	163	157
	166	162
	167	168
net/minecraft/client/font/TextHandler	459	520
	29	29
	30	30
	33	36
	34	37
	37	39
	38	40
	39	41
	40	42
	42	44
	46	52
	47	53
	48	54
	49	55
	51	57
	55	61
	56	62
	57	63
	58	64
	60	66
	68	501
	69	502
	73	505
	74	506
	75	507
	76	508
	78	510
	82	515
	86	519
	87	520
	91	78
	92	79
	93	80
	97	93
	101	106
	102	107
	103	108
	104	109
	105	110
	106	111
	109	113
	110	114
	113	117
	117	121
	118	122
	119	123
	124	133
	125	135
	130	149
	131	150
	132	151
	133	152
	134	153
	135	154
	137	156
	139	159
	143	163
	147	167
	149	168
	154	172
	155	173
	156	174
	157	175
	158	176
	160	179
	162	181
	163	182
	165	185
	167	188
	183	344
	184	345
	188	348
	189	349
	191	351
	193	353
	194	354
	197	356
	198	357
	199	358
	200	363
	201	363
	203	363
	206	359
	207	360
	208	361
	214	369
	215	370
	216	371
	220	375
	224	379
	228	383
	232	387
	233	388
	237	192
	238	193
	239	194
	243	198
	244	199
	245	200
	247	202
	248	203
	249	204
	250	205
	252	208
	253	209
	256	212
	258	213
	259	214
	260	215
	261	216
	262	217
	263	218
	264	219
	265	220
	267	222
	270	225
	271	226
	273	228
	274	229
	280	235
	289	239
	290	240
	291	241
	292	243
	293	244
	294	245
	295	246
	296	247
	297	248
	299	251
	300	252
	302	253
	303	254
	304	255
	305	256
	307	258
	310	261
	311	262
	312	263
	320	482
	321	483
	322	484
	326	487
	331	491
	340	397
	341	398
	342	399
	345	402
	349	406
	350	407
	351	408
	352	409
	353	411
	354	412
	355	413
	356	414
	358	415
	359	416
	360	417
	361	418
	362	419
	364	421
	365	422
	366	423
	368	426
	369	427
	373	431
	374	432
	375	442
	376	443
	378	433
	379	434
	380	435
	382	437
	389	447
	390	448
	395	453
	396	454
	397	455
	398	456
	403	267
	404	268
	405	269
	409	273
	410	278
	411	282
	415	286
	417	287
	418	288
	419	289
	421	292
	424	294
	425	295
	426	296
	427	297
	428	299
	429	300
	430	301
	431	303
	432	304
	433	305
	435	306
	436	307
	438	308
	440	309
	441	310
	442	311
	443	312
	444	313
	445	314
	446	315
	447	316
	449	319
	453	323
	454	324
	455	325
	456	326
	457	327
	459	329
net/minecraft/client/realms/dto/PendingInvitesList	29	32
	18	19
	20	22
	21	23
	22	24
	23	25
	26	28
	27	29
	29	32
com/mojang/blaze3d/vertex/VertexFormat	246	234
	131	129
	132	130
	133	131
	134	132
	136	134
	137	135
	138	136
	139	137
	141	139
	142	140
	145	144
	147	146
	151	152
	152	154
	156	158
	157	159
	167	170
	41	40
	42	41
	170	173
	43	42
	171	174
	44	43
	172	175
	45	45
	173	176
	46	46
	47	47
	48	48
	177	180
	50	50
	178	181
	53	53
	182	185
	183	186
	184	187
	185	188
	58	57
	62	61
	66	65
	196	230
	197	231
	70	69
	200	234
	201	234
	74	73
	203	234
	78	77
	82	81
	86	85
	90	89
	91	90
	92	91
	94	93
	222	208
	223	209
	224	210
	225	211
	99	98
	100	99
	229	214
	102	100
	105	103
	106	104
	236	216
	111	108
	240	215
	115	112
	243	217
	116	113
	117	114
	246	214
	119	116
	120	117
	121	118
	122	119
	124	121
	127	125
net/minecraft/client/render/entity/model/LoadedEntityModels	26	29
	18	20
	19	21
	20	22
	22	24
	26	29
	14	16
	15	17
net/minecraft/client/realms/RealmsConnection	124	122
	32	33
	33	34
	36	37
	37	38
	38	39
	40	40
	41	41
	42	42
	45	44
	47	47
	49	48
	50	49
	53	52
	55	55
	56	56
	59	60
	60	62
	61	63
	64	66
	65	67
	68	70
	70	71
	71	72
	74	75
	75	76
	76	77
	77	79
	78	80
	79	81
	81	82
	82	83
	85	86
	86	87
	88	88
	89	89
	90	90
	93	94
	95	95
	96	96
	99	99
	101	101
	102	103
	103	104
	106	107
	108	108
	109	108
	110	109
	111	110
	114	112
	117	115
	118	116
	119	117
	121	119
	124	122
net/minecraft/client/render/entity/feature/ArmorFeatureRenderer	103	128
	65	97
	68	98
	70	100
	71	101
	73	102
	75	104
	76	105
	77	106
	79	107
	81	109
	82	110
	83	111
	85	112
	22	27
	23	28
	87	114
	88	115
	26	33
	27	34
	28	35
	92	117
	29	36
	30	37
	31	38
	95	120
	32	39
	96	121
	98	123
	35	42
	36	43
	103	128
	40	47
	45	51
	46	59
	47	67
	48	75
	49	83
	52	86
	53	87
	54	94
	57	88
	58	89
	60	90
	61	91
	62	94
net/minecraft/client/tutorial/TutorialStepHandler	33	36
	33	36
	18	21
	21	24
	24	27
	27	30
	12	15
	30	33
	15	18
net/minecraft/client/texture/Animator	0	0
net/minecraft/client/realms/gui/screen/RealmsWorldCreating	98	118
	64	77
	66	79
	68	82
	71	85
	72	86
	74	89
	75	90
	77	92
	79	95
	81	98
	83	100
	85	103
	88	108
	89	109
	90	110
	93	113
	94	114
	95	115
	96	116
	97	117
	98	118
	38	43
	41	48
	42	49
	43	50
	44	51
	45	52
	47	56
	48	58
	49	59
	50	60
	52	63
	53	64
	55	67
	56	68
	57	69
	58	70
	60	73
	61	74
	63	76
net/minecraft/client/render/item/property/bool/HasComponentProperty	28	33
	16	19
	17	20
	18	21
	19	23
	23	28
	28	33
net/minecraft/client/network/ClientPlayNetworkHandler	2751	2667
	2048	1988
	2049	1989
	2050	1990
	2052	1992
	2053	1993
	2055	1995
	2057	1998
	2058	1999
	2059	2000
	2061	2003
	2063	2006
	2065	2008
	2069	2011
	2070	2012
	2071	2013
	2072	2014
	2073	2015
	2075	2017
	2079	2021
	2080	2022
	2081	2026
	2082	2027
	2083	2028
	2084	2029
	2085	2030
	2086	2031
	2087	2035
	2088	2036
	2089	2045
	2090	2046
	2091	2050
	2092	2052
	2093	2054
	2094	2055
	2095	2056
	2096	2057
	2097	2058
	2098	2059
	2099	2060
	2100	2061
	2101	2062
	2102	2066
	2103	2067
	2104	2068
	2105	2069
	2106	2070
	2107	2071
	2108	2072
	2109	2073
	2110	2082
	2111	2083
	2112	2084
	2113	2085
	2114	2086
	2115	2087
	2116	2088
	2117	2089
	2118	2093
	2119	2094
	2124	2096
	2127	2098
	2131	2101
	2132	2102
	2136	2105
	2138	2106
	2139	2107
	2140	2108
	2142	2111
	2143	2112
	2144	2113
	2145	2114
	2146	2115
	2147	2116
	2148	2117
	2149	2118
	2153	2122
	2157	2125
	2158	2126
	2160	2127
	2161	2128
	2162	2129
	2163	2130
	2164	2131
	2165	2132
	2166	2133
	2168	2135
	2170	2137
	2174	2140
	2175	2141
	2177	2142
	2178	2143
	2179	2144
	2181	2146
	2182	2147
	2183	2148
	2185	2150
	2188	2153
	2192	2156
	2194	2157
	2195	2158
	2196	2159
	2197	2160
	2201	2163
	2204	2164
	2206	2166
	2207	2167
	2209	2169
	2210	2170
	2211	2171
	2212	2177
	2216	2181
	2218	2182
	2219	2183
	2220	2184
	2221	2185
	2222	2186
	2223	2187
	2224	2188
	2225	2189
	2226	2190
	2228	2191
	2229	2192
	2230	2193
	2231	2194
	2233	2196
	2234	2197
	2235	2198
	2239	2202
	2240	2203
	2242	2205
	2246	2208
	2247	2209
	2248	2210
	2249	2211
	2250	2212
	2252	2215
	2253	2216
	2254	2217
	2257	2220
	2258	2221
	2259	2222
	2260	2223
	2261	2224
	2262	2225
	2263	2226
	2265	2229
	2266	2233
	2267	2234
	2268	2235
	2272	2239
	2276	2242
	2277	2243
	2278	2244
	2279	2265
	2281	2245
	2282	2246
	2285	2248
	2286	2250
	2287	2251
	2289	2252
	2290	2253
	2293	2255
	2294	2256
	2296	2258
	2297	2259
	2300	2265
	2304	2268
	2306	2269
	2307	2270
	2308	2275
	2311	2271
	2312	2272
	2314	2275
	2318	2278
	2319	2279
	2320	2280
	2321	2281
	2322	2282
	2323	2283
	2326	2286
	2327	2287
	2328	2288
	2329	2289
	2331	2290
	2333	2291
	2334	2292
	2335	2293
	2336	2294
	2338	2295
	2339	2296
	2343	2299
	2344	2300
	2345	2301
	2346	2302
	2347	2303
	2348	2304
	2349	2305
	2350	2306
	2352	2308
	2356	2311
	2357	2312
	2358	2313
	2359	2314
	2360	2315
	2364	2318
	2365	2319
	2366	2320
	2367	2321
	2371	2324
	2372	2325
	2373	2326
	2377	2329
	2378	2330
	2379	2331
	2383	2334
	2384	2336
	2385	2337
	2387	2339
	2391	2342
	2392	2343
	2393	2343
	2394	2344
	2396	2346
	2400	2349
	2401	2350
	2405	2353
	2406	2354
	2407	2355
	2411	2358
	2412	2359
	2416	2362
	2417	2363
	372	375
	2421	2366
	2422	2367
	2423	2368
	377	379
	2425	2370
	378	380
	379	381
	381	384
	2429	2373
	2430	2374
	2431	2375
	386	388
	2434	2380
	387	389
	2435	2381
	2436	2382
	389	392
	2437	2383
	390	393
	2438	2384
	2439	2385
	392	396
	2440	2388
	2441	2389
	2445	2393
	2448	2396
	2453	2400
	2457	2404
	2461	2408
	2465	2412
	2470	2417
	2475	2422
	2476	2423
	2477	2424
	2481	2428
	2485	2432
	2489	2436
	2493	2440
	2497	2444
	2501	2448
	2505	2452
	460	445
	461	446
	2509	2456
	462	447
	463	448
	464	450
	465	452
	2513	2460
	466	453
	467	454
	468	455
	469	456
	2517	2464
	470	457
	2518	2464
	471	458
	2519	2465
	472	459
	474	462
	2522	2467
	475	463
	476	464
	2525	2470
	2526	2471
	479	467
	2527	2472
	2529	2474
	483	471
	484	472
	2532	2477
	485	473
	2533	2478
	486	474
	2534	2479
	2535	2480
	2536	2481
	489	477
	2537	2482
	490	478
	491	479
	492	480
	2540	2485
	2541	2486
	2542	2487
	495	483
	2543	2498
	496	484
	497	485
	498	486
	2546	2489
	2547	2490
	2548	2491
	501	490
	2549	2492
	502	491
	2550	2493
	2551	2494
	505	494
	2553	2496
	2554	2498
	512	498
	2561	2501
	514	499
	515	500
	2563	2503
	2564	2504
	517	501
	2565	2505
	518	502
	2567	2507
	520	503
	521	504
	2569	2513
	522	505
	2571	2510
	524	506
	525	507
	2573	2515
	527	508
	528	509
	529	510
	530	511
	531	512
	532	513
	533	525
	2583	2518
	536	526
	2584	2519
	537	527
	2585	2520
	538	528
	539	529
	540	530
	2588	2521
	2589	2522
	544	534
	2592	2524
	2593	2525
	546	535
	2594	2525
	547	536
	548	537
	549	538
	2597	2525
	550	539
	551	540
	552	541
	553	542
	2601	2530
	554	543
	2602	2530
	555	544
	2603	2530
	556	545
	557	546
	558	547
	559	548
	2607	2534
	2608	2535
	2610	2536
	563	549
	2611	2537
	564	550
	565	551
	2613	2540
	566	552
	2614	2541
	567	553
	568	554
	2616	2543
	569	555
	2618	2545
	572	558
	2620	2545
	573	559
	2622	2546
	575	560
	577	561
	2625	2549
	578	562
	2626	2550
	579	563
	2627	2551
	580	564
	2629	2553
	582	566
	2633	2556
	586	569
	2634	2557
	588	570
	589	571
	2637	2560
	2638	2561
	2639	2562
	592	574
	593	575
	594	576
	2642	2565
	595	577
	2644	2566
	597	578
	2645	2567
	599	580
	2648	2570
	601	582
	2650	2571
	2651	2572
	2652	2573
	605	586
	2653	2574
	606	587
	607	588
	2655	2575
	608	589
	2656	2576
	609	590
	610	591
	2659	2579
	612	593
	614	596
	2662	2582
	2663	2583
	618	601
	619	602
	2667	2586
	620	603
	2668	2593
	621	604
	2670	2587
	623	606
	2671	2593
	624	607
	626	609
	2674	2588
	2675	2589
	628	612
	2676	2590
	2677	2593
	630	614
	2681	2597
	634	617
	635	618
	636	619
	2684	2600
	637	622
	2685	2601
	639	620
	640	622
	2689	2605
	2690	2606
	644	625
	645	626
	646	627
	2694	2610
	647	628
	2695	2611
	649	630
	2699	2615
	2700	2616
	653	633
	654	634
	655	635
	656	656
	2704	2620
	659	636
	660	637
	661	638
	663	656
	2711	2627
	666	639
	667	640
	2715	2631
	668	641
	669	642
	670	643
	2719	2635
	672	645
	675	648
	2723	2639
	676	649
	677	650
	2727	2643
	680	653
	681	656
	2731	2647
	685	659
	686	660
	687	661
	2735	2651
	688	662
	2736	2652
	689	663
	690	664
	691	665
	2739	2655
	693	691
	2743	2659
	696	679
	2744	2660
	697	680
	698	681
	699	682
	2747	2663
	701	683
	702	684
	703	685
	2751	2667
	704	686
	705	687
	708	691
	712	694
	713	695
	714	700
	716	696
	717	697
	718	698
	719	700
	723	703
	724	704
	725	708
	727	705
	728	706
	729	708
	733	711
	734	712
	735	713
	737	715
	741	718
	742	719
	743	720
	744	742
	747	721
	748	722
	749	723
	750	724
	751	742
	754	726
	755	727
	756	728
	757	729
	758	730
	759	731
	761	733
	763	735
	764	736
	766	739
	767	742
	771	745
	772	746
	773	746
	774	751
	776	747
	777	748
	779	751
	783	754
	784	755
	785	756
	786	759
	788	757
	789	759
	793	762
	794	763
	795	764
	796	765
	797	773
	798	766
	799	767
	800	768
	802	771
	814	773
	815	774
	819	777
	820	778
	821	779
	823	780
	825	783
	826	784
	827	785
	830	788
	832	789
	834	790
	835	791
	836	792
	837	793
	838	794
	841	796
	842	797
	843	798
	844	799
	847	800
	848	801
	849	802
	850	803
	855	808
	856	809
	857	810
	858	811
	859	812
	860	813
	861	814
	865	817
	867	818
	868	819
	872	822
	873	823
	874	824
	875	825
	876	826
	877	827
	878	828
	879	829
	880	830
	881	831
	882	832
	884	834
	885	835
	889	838
	891	840
	892	841
	895	844
	896	845
	899	848
	900	849
	901	850
	902	851
	903	852
	908	857
	911	860
	912	860
	913	861
	916	864
	917	865
	918	866
	919	868
	920	869
	921	870
	922	871
	924	874
	925	875
	929	878
	930	879
	931	880
	932	881
	935	884
	936	885
	937	886
	938	887
	939	889
	940	890
	941	891
	942	892
	944	895
	945	896
	947	898
	948	899
	952	902
	953	903
	954	904
	958	907
	962	908
	964	909
	966	910
	967	911
	969	913
	983	929
	986	933
	987	934
	988	935
	992	938
	993	939
	994	940
	995	941
	996	942
	998	945
	999	946
	1000	947
	1002	959
	1005	972
	1006	973
	1008	974
	1009	975
	1010	976
	1012	979
	1013	980
	1015	982
	1016	983
	1019	986
	1023	989
	1024	990
	1025	991
	1029	994
	1031	995
	1032	996
	1033	997
	1034	998
	1035	1032
	1038	1000
	1039	1001
	1040	1002
	1042	1003
	1043	1032
	1046	1005
	1049	1006
	1050	1007
	1051	1008
	1052	1009
	1053	1010
	1054	1032
	1057	1012
	1059	1014
	1060	1015
	1062	1017
	1065	1021
	1066	1023
	1067	1024
	1068	1025
	1070	1027
	1072	1032
	1076	1035
	1077	1036
	1078	1037
	1082	1040
	1084	1041
	1085	1042
	1086	1043
	1087	1050
	1090	1045
	1092	1046
	1093	1047
	1095	1050
	1099	1053
	1100	1054
	1101	1055
	1102	1071
	1104	1056
	1105	1057
	1106	1058
	1107	1059
	1108	1060
	1109	1061
	1110	1062
	1111	1063
	1112	1064
	1113	1065
	1114	1066
	1115	1067
	1116	1068
	1118	1071
	1122	1074
	1123	1075
	1124	1076
	1125	1079
	1127	1077
	1128	1079
	1132	1082
	1133	1083
	1134	1084
	1135	1085
	1139	1088
	1140	1089
	1141	1090
	1145	1093
	1146	1094
	1147	1095
	1148	1096
	1149	1122
	1152	1098
	1153	1099
	1155	1101
	1156	1102
	1157	1103
	1158	1104
	1159	1105
	1160	1106
	1161	1107
	1162	1108
	1163	1109
	1164	1110
	1165	1111
	1167	1114
	1168	1115
	1169	1116
	1174	1122
	1178	1125
	1179	1126
	1180	1126
	1181	1127
	1183	1129
	1186	1132
	1187	1133
	1188	1134
	1189	1135
	1192	1139
	1197	1143
	1198	1144
	1199	1145
	1201	1146
	1203	1159
	1205	1148
	1207	1151
	1208	1152
	1209	1153
	1210	1154
	1211	1155
	1214	1162
	1217	1165
	1221	1168
	1222	1169
	1223	1170
	1224	1173
	1227	1171
	1228	1173
	1232	1176
	1233	1177
	1234	1178
	1235	1179
	1236	1180
	1240	1183
	1241	1184
	1242	1185
	1246	1188
	1247	1189
	1248	1190
	1249	1191
	1250	1192
	1251	1193
	1252	1194
	1253	1195
	1254	1196
	1255	1197
	1256	1198
	1257	1199
	1258	1200
	1259	1201
	1260	1202
	1261	1203
	1262	1215
	1263	1216
	1266	1219
	1267	1220
	1268	1221
	1272	1225
	1273	1226
	1275	1236
	1278	1239
	1280	1240
	1281	1241
	1282	1242
	1283	1243
	1285	1246
	1287	1247
	1288	1248
	1289	1249
	1290	1250
	1292	1253
	1293	1254
	1294	1255
	1296	1257
	1297	1258
	1300	1261
	1301	1262
	1303	1264
	1306	1267
	1307	1268
	1308	1269
	1309	1270
	1310	1271
	1311	1272
	1312	1273
	1313	1274
	1314	1275
	1315	1276
	1316	1277
	1318	1280
	1319	1281
	1322	1284
	1323	1285
	1324	1286
	1325	1287
	1326	1288
	1327	1289
	1330	1293
	1335	1297
	1336	1298
	1337	1299
	1338	1311
	1339	1312
	1340	1313
	1344	1316
	1345	1317
	1346	1317
	1347	1318
	1348	1319
	1349	1320
	1350	1322
	1351	1324
	1352	1325
	1354	1327
	1358	1330
	1359	1331
	1360	1332
	1364	1335
	1365	1336
	1366	1337
	1367	1338
	1369	1339
	1373	1341
	1374	1342
	1376	1344
	1379	1347
	1380	1348
	1381	1348
	1382	1349
	1383	1350
	1384	1351
	1388	1355
	1389	1356
	1390	1357
	1393	1360
	1397	1361
	1398	1362
	1400	1364
	1404	1367
	1406	1368
	1409	1369
	1410	1370
	1412	1372
	1416	1375
	1418	1376
	1420	1377
	1421	1378
	1425	1381
	1426	1382
	1427	1383
	1428	1384
	1429	1385
	1430	1386
	1432	1388
	1436	1391
	1437	1392
	1439	1393
	1440	1394
	1442	1396
	1444	1398
	1448	1401
	1449	1402
	1450	1403
	1451	1404
	1452	1407
	1453	1418
	1455	1419
	1456	1420
	1458	1422
	1459	1423
	1463	1426
	1464	1427
	1465	1428
	1466	1429
	1468	1431
	1472	1434
	1473	1435
	1474	1435
	1475	1436
	1477	1438
	1481	1441
	1482	1442
	1483	1443
	1487	1446
	1488	1447
	1489	1448
	1493	1451
	1494	1452
	1495	1453
	1499	1456
	1500	1457
	1501	1458
	1502	1459
	1503	1460
	1504	1461
	1505	1462
	1506	1463
	1507	1464
	1508	1465
	1509	1466
	1510	1467
	1511	1468
	1512	1469
	1513	1470
	1514	1471
	1515	1472
	1516	1473
	1517	1474
	1518	1475
	1519	1476
	1520	1477
	1521	1478
	1522	1479
	1523	1480
	1524	1481
	1525	1483
	1526	1491
	1527	1492
	1528	1493
	1529	1494
	1530	1495
	1531	1496
	1534	1499
	1535	1500
	1536	1501
	1538	1503
	1539	1504
	1540	1508
	1541	1509
	1542	1510
	1543	1511
	1544	1512
	1545	1513
	1546	1517
	1547	1518
	1549	1519
	1550	1520
	1552	1525
	1553	1526
	1554	1527
	1555	1528
	1556	1529
	1557	1529
	1558	1530
	1561	1532
	1564	1535
	1565	1536
	1566	1537
	1570	1540
	1571	1541
	1572	1542
	1574	1543
	1575	1544
	1576	1545
	1579	1548
	1580	1549
	1581	1550
	1585	1553
	1586	1554
	1587	1555
	1589	1557
	1591	1559
	1595	1562
	1596	1563
	1597	1564
	1601	1567
	1602	1568
	1603	1569
	1604	1570
	1606	1572
	1607	1573
	1609	1575
	1613	1578
	1614	1579
	1615	1582
	1619	1585
	1620	1586
	1621	1587
	1625	1590
	1626	1591
	1627	1592
	1631	1595
	1632	1596
	1633	1597
	1637	1600
	1638	1601
	1639	1602
	1640	1603
	1642	1605
	1646	1608
	1648	1609
	1649	1610
	1651	1612
	1655	1615
	1657	1617
	1658	1618
	1659	1619
	1661	1620
	1664	1623
	1665	1624
	1667	1626
	1671	1629
	1673	1630
	1675	1631
	1676	1632
	1679	1635
	1680	1636
	1681	1637
	1682	1638
	1685	1641
	1686	1642
	1689	1646
	1690	1647
	1694	1650
	1695	1651
	1696	1653
	1697	1654
	1700	1657
	1701	1658
	1705	1661
	1706	1662
	1707	1663
	1708	1664
	1709	1665
	1712	1668
	1713	1669
	1715	1670
	1716	1671
	1718	1673
	1722	1676
	1723	1677
	1724	1678
	1725	1689
	1728	1679
	1729	1681
	1730	1683
	1731	1684
	1733	1687
	1734	1689
	1737	1694
	1738	1695
	1743	1699
	1745	1700
	1746	1701
	1747	1702
	1749	1703
	1750	1704
	1752	1706
	1753	1707
	1754	1708
	1755	1709
	1756	1710
	1757	1711
	1761	1714
	1765	1717
	1769	1720
	1771	1721
	1772	1722
	1773	1723
	1774	1724
	1776	1726
	1779	1729
	1783	1732
	1784	1733
	1785	1734
	1786	1735
	1790	1738
	1791	1739
	1792	1740
	1793	1741
	1795	1743
	1799	1746
	1800	1747
	1802	1748
	1804	1749
	1805	1750
	1806	1751
	1808	1753
	1811	1756
	1812	1757
	1813	1758
	1814	1759
	1818	1762
	1819	1763
	1820	1764
	1824	1767
	1825	1768
	1826	1769
	1830	1772
	1831	1773
	1832	1774
	1836	1777
	1837	1778
	1838	1779
	1842	1782
	1843	1783
	1844	1784
	1848	1787
	1849	1788
	1850	1789
	1851	1790
	1853	1792
	1857	1795
	1858	1796
	1859	1801
	1862	1797
	1863	1798
	1865	1799
	1866	1801
	1870	1804
	1871	1805
	1872	1806
	1876	1809
	1877	1810
	1878	1811
	1882	1814
	1883	1815
	1884	1816
	1888	1819
	1889	1820
	1890	1821
	1894	1824
	1895	1825
	1896	1826
	1900	1829
	1901	1830
	1902	1831
	1903	1832
	1907	1835
	1908	1836
	1909	1837
	1911	1839
	1915	1842
	1916	1844
	1917	1845
	1918	1846
	1919	1847
	1920	1848
	1923	1851
	1927	1854
	1929	1856
	1930	1857
	1931	1858
	1932	1859
	1936	1863
	1937	1864
	1938	1865
	1939	1866
	1943	1868
	1944	1869
	1947	1873
	1950	1876
	1951	1878
	1953	1881
	1955	1881
	1957	1882
	1959	1885
	1960	1886
	1962	1888
	1963	1889
	1965	1891
	1968	1895
	1969	1898
	1970	1901
	1971	1904
	1973	1906
	1976	1909
	1977	1910
	1978	1911
	1979	1912
	1980	1913
	1981	1928
	1983	1915
	1984	1916
	1986	1918
	1987	1919
	1988	1920
	1989	1921
	1990	1922
	1993	1925
	1995	1928
	1998	1931
	2003	1935
	2004	1936
	2005	1937
	2006	1938
	2007	1939
	2008	1940
	2009	1941
	2010	1942
	2011	1943
	2015	1946
	2016	1947
	2017	1960
	2021	1963
	2022	1964
	2023	1965
	2024	1970
	2026	1966
	2027	1970
	2031	1973
	2032	1974
	2033	1975
	2037	1978
	2038	1979
	2039	1980
	2041	1982
	2043	1984
	2047	1987
net/minecraft/client/gui/hud/debug/PingChart	34	35
	34	35
	19	20
	20	21
	24	25
	29	30
	14	15
	15	16
net/minecraft/client/gui/hud/SubtitlesHud	208	190
	33	33
	34	34
	37	37
	38	38
	39	39
	40	40
	41	41
	42	42
	43	43
	46	46
	47	118
	50	47
	51	48
	52	49
	53	50
	55	51
	56	53
	57	54
	58	55
	62	59
	63	118
	66	60
	67	61
	69	62
	71	63
	72	66
	73	67
	74	68
	75	69
	77	71
	81	75
	83	79
	84	80
	87	83
	88	84
	89	85
	91	86
	93	87
	97	88
	98	89
	99	90
	100	91
	102	92
	103	93
	104	94
	105	95
	106	96
	107	97
	109	98
	110	99
	111	100
	113	101
	115	102
	116	103
	117	104
	118	105
	119	106
	120	107
	123	111
	124	112
	125	113
	127	118
	131	122
	132	135
	134	123
	135	124
	136	125
	137	126
	138	127
	139	128
	144	133
	145	135
	155	148
	156	149
	157	150
	158	151
	161	154
	166	159
	167	160
	170	162
	171	163
	174	164
	175	164
	176	164
	180	169
	181	170
	182	171
	185	174
	186	175
	189	176
	190	177
	193	179
	195	180
	196	180
	199	180
	203	185
	204	186
	205	187
	208	190
net/minecraft/client/resource/metadata/GuiResourceMetadata	12	15
	10	14
	11	14
	12	15
net/minecraft/client/QuickPlayLogger	118	121
	64	55
	66	59
	67	60
	68	61
	72	64
	73	65
	74	67
	75	68
	77	70
	78	71
	79	72
	80	73
	82	75
	83	76
	84	81
	28	29
	32	33
	96	117
	97	118
	101	121
	106	98
	107	99
	44	42
	108	100
	45	43
	109	101
	110	103
	48	46
	49	46
	114	86
	51	46
	115	87
	116	88
	117	89
	118	91
	55	50
	56	51
	59	54
	60	79
	61	81
net/minecraft/client/gui/navigation/NavigationDirection	66	69
	32	34
	33	35
	66	69
	12	14
	44	49
	45	49
	15	17
	47	49
	16	18
	17	19
	22	24
	23	25
	24	26
	25	27
	26	28
	58	62
	59	62
	61	62
	31	33
net/minecraft/client/realms/dto/RealmsServerAddress	40	34
	32	25
	33	26
	34	27
	35	28
	37	30
	38	32
	39	33
	40	34
net/minecraft/client/font/FontStorage	208	198
	128	122
	129	123
	133	124
	134	125
	136	128
	137	129
	141	134
	142	134
	145	134
	149	143
	153	147
	154	148
	155	149
	156	150
	160	154
	162	155
	166	159
	170	163
	171	164
	172	165
	173	166
	177	170
	178	171
	51	44
	179	172
	52	45
	180	173
	53	46
	181	174
	182	175
	183	176
	56	49
	57	50
	185	177
	58	51
	61	54
	189	181
	62	55
	190	182
	63	56
	191	182
	64	57
	193	182
	67	60
	68	61
	69	62
	197	186
	70	63
	72	64
	73	65
	201	190
	74	66
	77	69
	78	70
	79	72
	80	73
	208	198
	81	74
	82	75
	86	79
	87	80
	88	82
	89	83
	90	84
	91	85
	92	86
	93	88
	98	94
	100	96
	105	100
	108	101
	111	104
	112	105
	113	109
	116	106
	117	107
	125	119
	127	121
net/minecraft/client/realms/task/OpenServerTask	74	76
	64	65
	66	68
	67	69
	70	72
	74	76
	25	26
	26	27
	27	28
	28	29
	29	30
	33	33
	34	35
	35	36
	36	37
	40	41
	41	42
	42	43
	43	44
	44	45
	47	48
	49	49
	50	50
	52	52
	54	54
	57	57
	58	58
	59	59
	61	62
	62	63
	63	64
net/minecraft/unused/packageinfo/PackageInfo9926	0	0
net/minecraft/client/render/entity/feature/HeldItemFeatureRenderer	44	37
	34	30
	35	31
	38	32
	39	33
	41	34
	43	35
	44	37
	16	18
	17	19
	21	22
	22	23
	23	24
	26	27
	27	37
	30	28
	31	29
net/minecraft/client/gl/SimpleFramebuffer	12	14
	9	11
	10	12
	11	13
	12	14
net/minecraft/client/particle/BlockDustParticle	123	125
	68	68
	73	73
	76	74
	77	74
	80	74
	21	21
	22	22
	87	125
	25	27
	26	28
	27	29
	28	30
	29	31
	30	32
	31	33
	95	109
	96	110
	33	34
	97	111
	34	35
	98	112
	35	36
	36	37
	100	115
	37	38
	40	41
	42	42
	43	43
	44	44
	108	93
	109	94
	110	95
	111	96
	48	48
	113	99
	53	53
	119	81
	120	82
	121	84
	58	58
	123	83
	63	63
net/minecraft/client/render/chunk/ChunkRenderTaskScheduler	79	82
	65	67
	66	68
	67	69
	69	71
	74	76
	75	77
	77	80
	78	81
	79	82
	17	19
	18	20
	19	21
	23	25
	24	26
	25	27
	26	28
	28	29
	29	31
	30	32
	31	33
	32	34
	33	35
	36	37
	37	38
	38	39
	39	40
	41	43
	42	44
	43	45
	47	50
	48	51
	50	52
	51	56
	52	57
	55	53
	56	54
	60	62
net/minecraft/client/gui/screen/option/ChatOptionsScreen	32	43
	32	43
	12	15
	13	16
	14	18
	15	20
	16	22
	17	24
	18	26
	19	28
	20	30
	21	32
	26	37
	27	38
	31	42
net/minecraft/client/texture/PlayerSkinTextureDownloader	157	175
	128	143
	129	144
	131	145
	135	153
	136	154
	137	155
	138	156
	139	157
	144	162
	145	163
	146	164
	149	167
	152	170
	153	171
	154	172
	28	31
	157	175
	31	34
	32	35
	33	36
	35	39
	36	40
	37	40
	41	44
	42	45
	43	51
	44	67
	45	63
	48	69
	49	70
	50	71
	52	75
	53	76
	54	77
	55	78
	57	79
	58	80
	59	81
	63	84
	66	87
	67	88
	68	89
	69	90
	72	100
	74	95
	75	96
	81	105
	82	106
	83	107
	84	108
	85	109
	90	114
	91	115
	92	116
	93	147
	94	148
	97	117
	98	118
	99	119
	100	120
	101	121
	102	122
	104	123
	107	124
	108	125
	109	126
	110	127
	111	128
	112	129
	115	130
	116	131
	117	132
	118	133
	119	134
	120	135
	123	138
	125	139
	126	140
net/minecraft/client/render/item/model/ItemModel	0	0
net/minecraft/client/render/entity/state/ItemDisplayEntityRenderState	10	13
	10	13
net/minecraft/client/realms/dto/UploadInfo	115	102
	64	59
	66	62
	67	63
	68	64
	69	64
	71	64
	72	65
	73	66
	76	67
	80	72
	81	73
	83	75
	84	75
	86	75
	90	80
	91	80
	93	80
	33	29
	34	30
	98	84
	35	31
	99	85
	36	32
	100	86
	102	89
	41	37
	42	38
	43	39
	107	94
	44	40
	45	41
	46	42
	47	43
	111	98
	48	44
	49	45
	115	102
	52	48
	53	49
	56	52
	62	58
net/minecraft/client/gl/UniformType	12	15
	11	14
	12	15
net/minecraft/client/gui/render/EntityGuiElementRenderer	51	50
	32	32
	34	33
	35	34
	36	35
	39	38
	40	39
	41	40
	42	41
	46	45
	18	19
	19	20
	51	50
	20	21
	24	25
	29	29
	30	30
	31	31
net/minecraft/client/gui/navigation/GuiNavigation	23	33
	16	25
	23	17
	9	33
net/minecraft/client/gui/screen/narration/NarrationPart	0	0
net/minecraft/client/realms/RealmsLabel	27	30
	16	19
	17	20
	18	21
	19	22
	23	26
	24	27
	27	30
	15	18
net/minecraft/unused/packageinfo/PackageInfo10230	0	0
net/minecraft/client/render/entity/feature/PandaHeldItemFeatureRenderer	35	36
	32	32
	33	33
	34	34
	35	36
	15	16
	16	17
	20	22
	21	23
	22	36
	25	24
	26	25
	27	26
	28	27
	29	28
	31	31
net/minecraft/client/util/WindowProvider	27	25
	16	15
	17	16
	18	17
	21	20
	26	24
	27	25
net/minecraft/client/render/entity/IllagerEntityRenderer	27	32
	12	16
	13	17
	14	18
	18	21
	19	22
	20	23
	21	24
	22	25
	23	26
	24	29
	25	30
	26	31
	27	32
net/minecraft/client/render/entity/feature/SheepWoolFeatureRenderer	50	45
	32	33
	33	45
	36	34
	38	35
	39	36
	40	37
	42	38
	43	39
	46	45
	49	42
	50	45
	25	25
	26	26
	27	27
	28	28
net/minecraft/client/render/BuiltBuffer	109	117
	19	25
	20	26
	21	27
	24	30
	25	31
	26	32
	29	34
	30	35
	31	36
	32	37
	34	38
	36	40
	37	41
	38	42
	39	43
	40	44
	41	45
	42	46
	43	47
	44	48
	45	49
	48	52
	52	57
	57	62
	61	66
	66	71
	67	72
	69	74
	70	75
	71	76
	72	77
	77	82
	78	83
	79	84
	81	86
	89	96
	91	97
	92	98
	93	100
	94	101
	95	102
	96	103
	97	104
	98	105
	99	106
	102	109
	106	113
	107	115
	108	116
	109	117
net/minecraft/unused/packageinfo/PackageInfo8696	0	0
net/minecraft/client/gui/widget/LayoutWidget	27	22
	22	17
	23	18
	24	19
	26	21
	27	22
	12	13
	13	14
net/minecraft/client/gui/navigation/GuiNavigationPath	49	60
	36	45
	37	46
	39	48
	41	51
	10	16
	42	52
	15	21
	16	21
	48	59
	49	60
	18	21
	22	25
	23	27
	24	28
	26	31
net/minecraft/client/gl/MappableRingBuffer	65	65
	65	65
	22	20
	23	21
	24	22
	27	24
	28	25
	29	26
	30	27
	32	30
	33	32
	36	35
	40	39
	41	40
	42	41
	43	42
	44	43
	46	46
	50	50
	51	51
	53	54
	54	55
	55	56
	59	59
	60	60
	61	61
	62	62
net/minecraft/unused/packageinfo/PackageInfo10240	0	0
net/minecraft/client/resource/server/PackStateChangeCallback	0	0
net/minecraft/client/sound/SoundManager	318	359
	257	209
	258	210
	261	213
	262	214
	265	217
	266	218
	269	221
	270	222
	273	225
	274	226
	277	229
	278	230
	281	233
	282	234
	285	237
	286	238
	289	241
	290	242
	293	245
	294	246
	297	249
	301	253
	302	254
	305	257
	306	258
	309	261
	310	262
	313	265
	317	269
	62	58
	318	270
	63	59
	67	62
	69	67
	70	66
	71	79
	73	83
	74	125
	75	88
	76	88
	77	89
	78	104
	79	95
	80	96
	81	97
	82	99
	83	100
	85	103
	86	119
	87	120
	89	123
	91	140
	95	144
	100	148
	103	149
	104	150
	105	151
	107	152
	108	153
	114	158
	115	159
	116	160
	117	161
	122	166
	123	167
	126	170
	130	174
	138	278
	139	279
	142	282
	143	283
	144	284
	145	285
	146	286
	148	289
	149	290
	152	293
	154	295
	155	296
	158	298
	160	300
	164	304
	165	305
	167	307
	170	310
	171	311
	176	315
	177	316
	178	317
	182	319
	183	320
	184	321
	185	322
	186	323
	187	324
	189	326
	190	327
	191	328
	197	335
	198	336
	199	339
	201	337
	202	339
	204	341
	206	343
	209	346
	211	348
	214	351
	215	352
	217	353
	219	355
	220	356
	221	357
	223	359
	227	178
	228	179
	229	180
	230	181
	232	183
	237	189
	241	193
	245	197
	246	198
	249	201
	253	205
	254	206
net/minecraft/client/network/CookieStorage	0	0
net/minecraft/client/render/entity/state/PandaEntityRenderState	0	0
net/minecraft/client/realms/util/RealmsUtil	112	106
	64	60
	65	63
	66	64
	69	67
	70	68
	72	71
	73	72
	74	73
	75	74
	76	75
	79	78
	81	81
	83	83
	87	87
	91	91
	92	92
	96	96
	33	34
	97	96
	34	35
	37	37
	39	38
	40	39
	43	40
	44	41
	45	42
	111	105
	48	43
	112	106
	49	44
	50	45
	53	47
	54	48
	58	54
	62	58
	63	59
net/minecraft/client/option/AttackIndicator	35	34
	35	34
	20	21
	21	22
	22	23
	26	26
	31	30
net/minecraft/client/render/entity/DolphinEntityRenderer	36	36
	16	19
	33	33
	18	21
	34	34
	19	22
	35	35
	36	36
	23	25
	28	29
net/minecraft/client/resource/metadata/AnimationFrameResourceMetadata	32	31
	16	16
	32	31
	17	18
	23	22
	24	23
	28	27
	29	28
	14	14
	15	15
net/minecraft/client/render/entity/equipment/EquipmentRenderer	88	110
	66	82
	67	83
	68	84
	69	85
	70	88
	72	91
	75	94
	76	95
	77	96
	78	97
	80	99
	88	110
	39	38
	40	39
	41	40
	42	41
	45	52
	46	53
	49	65
	50	66
	51	91
	53	67
	54	68
	55	70
	56	71
	57	72
	60	73
	61	76
	62	77
	63	78
net/minecraft/client/render/entity/EntityRenderDispatcher	459	465
	88	89
	92	104
	93	105
	94	106
	95	107
	96	108
	97	109
	98	110
	99	111
	100	112
	101	113
	105	116
	106	117
	107	118
	108	119
	109	119
	111	119
	113	121
	118	126
	119	127
	120	128
	121	129
	122	129
	124	129
	126	131
	130	136
	131	137
	132	138
	133	139
	134	140
	137	143
	138	144
	141	147
	142	148
	145	151
	146	152
	149	155
	153	159
	154	160
	158	166
	160	167
	161	168
	166	183
	167	184
	168	185
	169	186
	170	187
	172	188
	173	189
	175	190
	178	194
	179	195
	180	196
	181	197
	182	198
	184	199
	186	201
	189	206
	191	207
	192	208
	196	214
	197	215
	198	216
	199	217
	201	218
	202	219
	203	220
	205	221
	206	222
	209	225
	210	226
	213	229
	214	230
	215	231
	216	232
	217	233
	218	234
	219	235
	224	240
	225	241
	228	244
	229	245
	232	248
	233	249
	234	250
	235	251
	236	252
	238	253
	240	254
	242	256
	245	261
	246	262
	247	263
	248	264
	252	268
	254	269
	256	270
	257	271
	258	272
	260	273
	261	274
	263	275
	264	276
	265	277
	267	278
	269	279
	270	280
	272	281
	276	284
	279	287
	280	288
	282	291
	283	292
	284	293
	287	296
	288	297
	289	299
	290	301
	291	302
	294	305
	295	306
	297	307
	299	308
	300	309
	302	310
	303	311
	305	312
	306	313
	308	314
	310	315
	311	316
	312	317
	313	318
	315	320
	317	320
	318	321
	320	322
	321	323
	322	324
	323	325
	324	326
	325	327
	326	328
	327	329
	329	332
	330	333
	331	334
	332	335
	333	336
	334	337
	335	338
	336	339
	337	320
	339	342
	340	343
	343	346
	344	352
	347	357
	349	358
	350	359
	351	360
	352	361
	353	362
	354	363
	356	364
	358	365
	359	366
	360	368
	361	369
	362	370
	363	371
	364	373
	365	374
	366	375
	367	376
	371	380
	374	385
	375	386
	376	387
	377	422
	380	388
	381	422
	384	389
	385	390
	386	422
	390	391
	391	392
	392	393
	393	394
	394	395
	397	398
	400	399
	402	400
	403	401
	404	402
	405	403
	406	404
	408	405
	409	406
	410	407
	411	408
	412	409
	414	410
	415	411
	416	412
	417	413
	419	414
	420	415
	421	416
	422	417
	424	422
	427	425
	428	426
	429	427
	432	430
	433	431
	434	432
	436	434
	439	437
	443	441
	447	445
	451	449
	456	454
	457	463
	458	464
	459	465
net/minecraft/client/option/GameOptions	1890	1796
	1050	693
	1051	694
	1052	695
	1053	696
	1056	700
	1058	702
	1062	1184
	1074	711
	1075	712
	1076	713
	1078	715
	1079	716
	1081	717
	1088	1188
	1103	1192
	1122	1196
	101	866
	112	870
	1140	1200
	123	874
	130	107
	131	108
	1155	1204
	133	110
	134	110
	136	110
	144	878
	1170	1208
	150	882
	156	886
	1185	1212
	165	120
	1192	779
	1193	780
	1194	781
	1196	782
	172	890
	1197	783
	1199	785
	1200	785
	1202	785
	181	129
	182	130
	184	131
	1210	1216
	187	132
	190	135
	1218	793
	194	894
	1220	795
	1221	796
	1222	796
	1224	796
	202	142
	203	143
	1227	799
	204	144
	1231	1220
	215	898
	1244	1224
	226	158
	1251	812
	1252	812
	1254	812
	234	902
	1259	815
	1263	1228
	240	166
	247	169
	1271	822
	1272	823
	1274	825
	1275	825
	251	906
	1277	825
	1280	829
	1282	830
	1283	832
	260	179
	261	180
	1285	831
	262	181
	263	182
	266	186
	267	187
	1291	837
	268	187
	1292	838
	1293	839
	270	187
	1294	840
	1298	1232
	275	191
	276	192
	278	194
	279	195
	1304	1236
	281	196
	1305	1237
	282	197
	1306	1238
	285	202
	288	199
	289	200
	290	202
	1316	850
	1320	1241
	300	910
	306	208
	1330	855
	1331	856
	1333	858
	310	914
	1335	860
	1339	1245
	319	215
	320	216
	321	217
	322	218
	1346	1249
	1347	1250
	1349	1251
	1351	1252
	1353	1254
	1354	1255
	331	918
	1357	1256
	1360	1257
	1361	1258
	338	922
	339	923
	340	924
	1364	1260
	341	926
	342	927
	1366	1262
	343	928
	1367	1263
	344	929
	345	930
	1370	1264
	349	935
	1373	1265
	350	936
	351	937
	352	938
	354	940
	1379	1268
	1381	1269
	1382	1270
	1385	1273
	1389	1277
	366	943
	1393	1281
	372	239
	375	242
	1402	1285
	379	947
	1403	1286
	1404	1287
	1405	1288
	1406	1289
	1407	1290
	1408	1291
	1409	1292
	1410	1293
	1411	1294
	1412	1295
	1413	1296
	1414	1297
	1415	1298
	392	951
	1416	1299
	1417	1300
	1418	1301
	1419	1302
	1420	1303
	1421	1304
	1422	1305
	1423	1306
	1424	1307
	1425	1308
	1426	1309
	1428	1310
	1429	1311
	1430	1312
	1431	1313
	1432	1314
	1435	1317
	413	955
	1437	1318
	1438	1319
	1439	1320
	1440	1321
	417	959
	1441	1322
	1442	1323
	1443	1324
	1444	1325
	1445	1326
	1446	1327
	1447	1328
	1448	1329
	1449	1330
	426	263
	1450	1331
	1451	1332
	1452	1333
	1453	1334
	430	963
	1454	1335
	1455	1336
	1456	1337
	1457	1338
	1458	1339
	1459	1340
	1460	1341
	1462	1342
	1463	1343
	1464	1344
	1465	1345
	1466	1346
	443	967
	1467	1347
	1468	1348
	1469	1349
	1470	1350
	1472	1351
	1473	1352
	1474	1353
	1475	1354
	452	276
	1476	1355
	453	277
	1477	1356
	454	278
	1478	1357
	455	279
	1479	1358
	456	280
	1480	1359
	1481	1360
	458	282
	1482	1361
	459	282
	1483	1362
	460	283
	1484	1363
	1485	1364
	1486	1365
	463	285
	1487	1366
	1488	1367
	1489	1368
	1490	1369
	467	971
	1491	1370
	1492	1371
	1493	1372
	1494	1373
	1495	1374
	1496	1375
	1497	1376
	1498	1377
	1499	1378
	1500	1379
	477	975
	1501	1380
	1502	1381
	1503	1382
	1505	1384
	1506	1385
	1507	1386
	1508	1387
	1509	1388
	1513	1392
	1514	1393
	491	979
	1517	1396
	1518	1397
	1519	1398
	1520	1399
	1521	1400
	1524	1403
	1528	1407
	1529	1408
	1532	1411
	1533	1423
	510	983
	1534	1415
	1536	1417
	1537	1418
	1538	1419
	1539	1420
	1541	1422
	1542	1435
	520	319
	1544	1439
	521	319
	1546	1440
	523	319
	1547	1441
	1549	1442
	527	322
	1552	1445
	531	987
	1555	1449
	1556	1450
	1557	1451
	1559	1457
	1560	1461
	537	327
	1562	1463
	540	330
	1567	1469
	544	991
	1568	1470
	1571	1471
	1572	1472
	1573	1474
	550	335
	1574	1475
	1576	1477
	553	338
	1580	1481
	557	995
	1581	1482
	1583	1484
	1584	1485
	1585	1486
	563	343
	1588	1490
	566	346
	1593	1495
	570	999
	1594	1496
	1599	1501
	577	351
	578	352
	580	353
	1604	1506
	1605	1507
	582	354
	1607	1509
	1608	1510
	585	357
	1610	1511
	1611	1512
	589	1003
	1614	1515
	1616	1517
	1619	1508
	596	363
	597	364
	1624	1525
	1625	1526
	604	1007
	1629	1530
	1631	1531
	1632	1532
	1633	1533
	611	372
	1635	1535
	612	372
	614	372
	1638	1538
	1642	1542
	622	1011
	1646	1546
	1648	1549
	1649	1550
	1652	1553
	1656	1558
	1657	1561
	1659	1562
	636	1015
	1661	1565
	1662	1566
	1663	1567
	1667	1571
	1668	1573
	1669	1574
	646	389
	1670	1575
	647	390
	1671	1576
	1672	1577
	1673	1578
	651	391
	1677	1582
	1678	1583
	655	1019
	1679	1584
	659	1023
	1684	1589
	1685	1590
	1686	1591
	663	1027
	1691	1596
	1692	1597
	669	395
	1693	1598
	1698	1603
	1699	1604
	1700	1605
	677	1031
	1705	1610
	1706	1611
	1707	1612
	684	403
	685	404
	686	405
	1711	1616
	688	407
	1712	1617
	1713	1618
	1715	1631
	692	1035
	1716	1632
	1719	1635
	1720	1636
	700	1039
	1724	1640
	1725	1641
	1727	1642
	1729	1644
	1730	1644
	1732	1644
	711	1043
	1736	1649
	1737	1651
	1738	1652
	717	1047
	1741	1656
	1745	1676
	1746	1677
	723	1051
	1748	1679
	1751	1682
	1752	1683
	729	1055
	1754	1685
	1756	1687
	735	1059
	1759	1690
	1763	1694
	741	1063
	1767	1698
	745	420
	746	421
	1771	1702
	748	423
	1772	1703
	1773	1706
	1774	1707
	751	1067
	1776	1708
	1778	1709
	757	1071
	1781	1712
	1782	1713
	1783	1714
	1784	1715
	761	1075
	1785	1716
	762	1076
	1786	1717
	763	1077
	1787	1718
	1788	1719
	1789	1720
	766	1078
	1791	1722
	768	1080
	770	425
	1794	1726
	1795	1727
	773	1083
	1798	1730
	778	1087
	1802	1734
	1803	1735
	1806	1738
	1807	1739
	784	430
	1811	1743
	788	1091
	1815	1747
	1817	1748
	794	1095
	1820	1751
	1821	1752
	800	1099
	1825	1754
	1826	1755
	1827	1756
	1828	1757
	1829	1758
	1830	1759
	1831	1760
	1833	1761
	1834	1762
	811	1103
	1835	1763
	1836	1764
	1840	1768
	1841	1769
	1844	1772
	823	1107
	829	1111
	833	444
	837	1115
	838	1116
	840	1117
	1864	1776
	844	1121
	1868	1780
	848	1125
	1872	1784
	852	1129
	1876	1788
	854	1131
	1880	1792
	857	1134
	1881	1792
	858	1135
	1883	1792
	1887	1796
	1888	1796
	865	1140
	1890	1796
	872	450
	875	451
	876	452
	877	453
	878	454
	882	1144
	888	459
	895	1148
	901	1152
	905	468
	906	469
	907	470
	908	471
	910	473
	913	1156
	919	1160
	928	478
	935	1164
	941	481
	948	1168
	962	1172
	968	1176
	980	1180
net/minecraft/client/gui/hud/debug/PieChart	126	117
	28	28
	29	29
	32	32
	33	33
	36	36
	37	37
	40	40
	41	91
	44	41
	45	42
	47	43
	48	44
	49	45
	51	46
	52	47
	53	48
	54	49
	55	50
	57	51
	59	52
	61	53
	62	54
	64	55
	65	56
	66	57
	67	58
	69	61
	70	62
	72	64
	74	67
	75	68
	76	69
	78	70
	79	71
	81	73
	82	74
	83	75
	84	76
	85	77
	87	79
	90	82
	91	83
	92	84
	93	85
	94	86
	95	87
	96	88
	98	91
	101	94
	102	117
	104	95
	105	96
	106	117
	109	97
	110	98
	111	99
	112	100
	113	101
	114	102
	118	106
	119	107
	120	108
	121	109
	123	112
	126	117
net/minecraft/client/gui/widget/AbstractTextWidget	32	34
	16	18
	32	34
	20	22
	23	25
	24	26
	28	30
	14	16
	15	17
net/minecraft/client/gui/widget/SimplePositioningWidget	131	123
	64	62
	65	63
	130	122
	67	65
	131	123
	68	66
	69	67
	72	70
	73	71
	74	72
	77	75
	78	76
	79	77
	82	80
	86	84
	87	85
	26	25
	27	26
	91	89
	30	29
	31	30
	96	94
	97	95
	34	33
	35	34
	36	35
	100	98
	101	99
	39	38
	104	102
	105	103
	43	42
	44	43
	108	106
	109	107
	48	47
	49	48
	53	52
	119	110
	120	111
	57	56
	121	112
	124	115
	125	116
	62	61
	126	117
net/minecraft/client/realms/task/CloseServerTask	57	60
	33	34
	34	35
	35	36
	36	37
	37	38
	40	41
	41	42
	42	43
	44	46
	45	47
	46	48
	47	49
	49	52
	50	53
	20	21
	21	22
	53	56
	22	23
	57	60
	26	26
	27	28
	28	29
	29	30
net/minecraft/client/render/entity/TntMinecartEntityRenderer	60	70
	34	41
	35	42
	40	54
	41	55
	43	57
	46	60
	47	61
	17	20
	18	21
	19	22
	51	64
	23	31
	56	68
	25	32
	26	33
	27	34
	59	69
	28	35
	60	70
	29	36
	30	37
	31	38
net/minecraft/client/render/entity/model/ColdCowEntityModel	39	49
	32	39
	33	41
	34	42
	36	44
	37	46
	38	47
	39	49
	16	16
	17	17
	20	20
	21	22
	22	25
	23	27
	24	29
	25	31
	27	34
	28	36
	29	36
	30	37
net/minecraft/client/realms/task/ResettingWorldTask	62	65
	19	20
	20	21
	21	22
	22	23
	28	28
	29	29
	31	33
	32	34
	35	37
	37	38
	38	39
	41	42
	43	43
	44	44
	45	45
	46	46
	48	49
	49	51
	50	52
	51	53
	53	56
	54	57
	55	58
	56	50
	58	61
	62	65
net/minecraft/client/gui/widget/PageTurnWidget	44	47
	32	34
	34	36
	36	39
	37	40
	23	25
	24	26
	25	27
	41	44
	26	28
	42	45
	44	47
	31	33
net/minecraft/client/render/entity/model/PiglinBaseEntityModel	101	92
	67	59
	68	61
	69	61
	70	62
	72	64
	73	66
	74	66
	75	67
	77	69
	82	74
	84	75
	85	76
	86	77
	87	78
	88	79
	89	80
	90	81
	91	82
	30	30
	95	86
	96	87
	97	88
	98	89
	99	90
	100	91
	101	92
	40	31
	43	34
	45	35
	46	36
	47	37
	48	37
	51	39
	52	40
	53	41
	57	45
	58	46
	59	48
	60	49
	61	51
	62	53
	63	55
net/minecraft/client/render/entity/model/WardenEntityModel	237	197
	48	46
	50	47
	51	48
	52	49
	53	50
	54	51
	55	52
	56	53
	57	54
	58	55
	59	56
	60	57
	62	58
	63	59
	64	60
	65	61
	67	62
	68	63
	69	64
	70	65
	71	66
	72	67
	73	68
	76	71
	77	72
	79	73
	80	73
	81	73
	83	74
	84	75
	85	75
	86	75
	88	77
	89	79
	90	80
	93	82
	94	84
	95	84
	96	85
	99	87
	100	88
	101	88
	102	88
	105	90
	106	92
	107	92
	108	93
	111	95
	112	97
	113	97
	114	98
	117	100
	118	102
	119	102
	120	103
	123	105
	124	106
	125	106
	126	106
	129	108
	130	110
	131	110
	132	111
	135	113
	136	114
	137	114
	138	114
	141	116
	146	120
	149	121
	150	122
	151	123
	152	124
	155	125
	156	126
	157	127
	158	128
	159	129
	160	130
	161	131
	164	134
	165	135
	166	136
	169	139
	170	140
	171	141
	174	142
	175	143
	177	144
	178	145
	179	146
	182	149
	183	150
	184	151
	185	152
	186	153
	188	154
	189	155
	191	156
	192	157
	194	158
	195	159
	197	160
	198	161
	200	162
	201	163
	203	164
	204	165
	207	168
	208	169
	209	170
	210	171
	212	172
	213	173
	214	174
	215	175
	216	176
	219	179
	220	180
	221	181
	222	182
	225	185
	229	189
	233	193
	237	197
net/minecraft/client/tutorial/TutorialStep	36	39
	32	34
	33	35
	18	20
	19	21
	20	22
	36	39
	23	25
	27	29
	31	33
net/minecraft/client/realms/RealmsClientConfig	19	22
	16	19
	17	20
	19	22
	12	15
net/minecraft/client/render/item/property/bool/CarriedProperty	23	24
	18	19
	23	24
net/minecraft/client/render/entity/WardenEntityRenderer	50	79
	36	66
	41	70
	42	71
	43	72
	44	73
	45	74
	46	75
	47	76
	48	77
	49	78
	50	79
	20	23
	22	26
	23	33
	24	43
	25	51
	26	56
	27	59
	31	62
net/minecraft/client/realms/gui/screen/RealmsCreateRealmScreen	133	123
	128	118
	132	122
	133	123
	40	37
	41	38
	42	39
	43	40
	47	44
	49	45
	51	46
	52	47
	54	48
	55	49
	56	50
	58	51
	59	52
	61	53
	62	54
	63	55
	65	57
	66	59
	67	60
	71	64
	72	65
	76	69
	77	70
	80	73
	81	74
	82	75
	83	76
	84	77
	85	78
	86	79
	87	80
	88	80
	89	81
	90	82
	92	84
	93	84
	94	85
	96	87
	97	88
	99	90
	101	93
	102	94
	105	97
	107	99
	110	102
	112	105
	113	106
	114	107
	119	112
	120	113
	121	113
	122	114
	123	115
	124	116
	127	117
net/minecraft/client/gui/screen/ProgressScreen	81	75
	65	61
	66	62
	67	63
	70	75
	73	66
	75	67
	76	68
	78	71
	79	72
	81	75
	22	23
	23	24
	24	25
	28	29
	33	34
	38	38
	39	39
	43	42
	44	43
	45	44
	49	47
	50	48
	51	49
	55	52
	56	53
	60	56
	61	57
net/minecraft/client/render/block/BlockModelRenderer	703	972
	512	433
	513	434
	514	435
	516	429
	517	430
	520	438
	521	439
	522	440
	523	441
	524	442
	527	445
	528	446
	529	447
	531	448
	533	449
	534	483
	535	484
	536	485
	537	486
	539	487
	540	488
	541	489
	542	490
	544	491
	545	492
	546	493
	547	494
	37	43
	549	450
	38	44
	550	451
	551	452
	552	453
	41	56
	42	74
	554	454
	555	455
	556	456
	45	57
	557	457
	46	58
	559	458
	48	61
	560	459
	49	62
	561	460
	562	461
	51	64
	564	462
	53	66
	565	463
	54	67
	566	464
	55	68
	567	465
	57	69
	569	466
	58	70
	570	467
	59	71
	571	468
	572	469
	61	74
	574	470
	575	471
	64	77
	576	472
	65	78
	577	473
	67	80
	579	474
	68	81
	580	475
	581	476
	582	477
	584	478
	73	95
	585	479
	586	480
	75	96
	587	481
	76	97
	78	99
	590	497
	79	100
	591	499
	80	101
	592	500
	81	102
	82	103
	594	502
	84	104
	597	505
	598	506
	600	509
	89	105
	601	510
	90	106
	603	513
	604	514
	94	107
	606	517
	95	108
	96	109
	97	110
	98	111
	610	521
	611	522
	612	523
	102	115
	103	116
	107	122
	108	123
	109	124
	112	127
	116	139
	117	140
	118	141
	120	143
	121	144
	122	145
	123	146
	635	938
	124	147
	636	939
	126	148
	131	149
	132	150
	136	151
	137	152
	138	153
	139	154
	140	155
	141	156
	145	160
	146	161
	147	162
	151	168
	152	169
	153	170
	156	173
	159	185
	160	186
	161	187
	163	188
	165	190
	172	202
	173	206
	685	888
	686	889
	175	208
	687	890
	176	209
	688	891
	689	892
	178	211
	690	893
	179	212
	691	894
	180	213
	182	216
	694	906
	183	217
	695	907
	184	218
	696	908
	697	909
	186	220
	698	910
	187	221
	699	911
	188	222
	700	912
	191	225
	703	915
	192	226
	195	231
	196	232
	197	233
	198	234
	199	235
	200	236
	201	238
	202	239
	203	240
	204	241
	205	242
	206	243
	207	244
	208	245
	209	246
	210	247
	213	250
	214	251
	215	252
	216	253
	217	254
	218	255
	219	256
	220	257
	221	258
	222	259
	223	260
	224	261
	225	262
	228	265
	229	266
	230	268
	231	269
	232	270
	233	271
	236	275
	237	276
	238	277
	239	278
	240	279
	241	280
	242	281
	244	284
	247	298
	248	299
	249	300
	251	301
	252	302
	255	305
	256	306
	257	307
	258	308
	259	309
	261	310
	262	311
	263	312
	264	313
	266	314
	268	316
	271	319
	272	320
	273	321
	275	324
	277	326
	280	329
	284	333
	285	334
	286	335
	287	336
	289	338
	290	339
	291	340
	293	343
	295	345
	311	956
	312	957
	313	958
	314	959
	315	960
	316	961
	317	962
	320	965
	321	966
	322	967
	323	968
	324	969
	327	972
	337	531
	342	532
	343	533
	347	536
	352	537
	353	538
	356	557
	357	541
	358	542
	359	543
	360	544
	363	546
	365	547
	366	548
	368	551
	369	552
	373	560
	374	561
	377	564
	378	565
	379	566
	380	567
	383	570
	387	574
	388	575
	389	576
	390	577
	391	578
	395	582
	396	583
	397	584
	398	585
	400	588
	402	591
	409	348
	410	349
	413	352
	414	353
	437	360
	440	363
	441	364
	443	365
	445	366
	446	367
	447	368
	448	369
	450	370
	451	371
	452	372
	453	373
	455	374
	456	375
	457	376
	458	377
	460	378
	461	379
	462	380
	463	381
	465	382
	466	383
	467	384
	468	385
	469	386
	470	387
	471	388
	472	389
	483	392
	484	396
	485	397
	486	398
	487	399
	489	393
	490	394
	492	404
	493	408
	494	409
	495	410
	496	411
	498	405
	499	406
	501	416
	502	420
	503	421
	504	422
	505	423
	507	417
	508	418
	510	428
	511	432
net/minecraft/client/network/WorldLoadingState	43	43
	33	33
	36	36
	40	40
	41	41
	43	43
	15	17
	16	18
	17	19
	18	20
	21	23
	25	25
	26	26
	28	27
	29	28
net/minecraft/client/render/entity/model/ModelWithArms	0	0
net/minecraft/client/gui/widget/TextWidget	66	67
	64	65
	65	66
	66	67
	15	18
	16	19
	19	22
	20	23
	23	26
	24	27
	25	28
	29	31
	30	32
	34	36
	35	37
	39	41
	43	45
	47	49
	52	54
	53	55
	54	56
	55	57
	56	58
	57	59
	59	60
	60	61
	61	62
net/minecraft/client/font/GlyphAtlasTexture	132	120
	129	116
	130	117
	132	120
	27	25
	28	26
	29	27
	30	28
	31	29
	32	30
	33	31
	34	32
	38	36
	39	37
	42	39
	44	40
	45	41
	47	42
	48	43
	52	44
	54	45
	57	49
	59	51
	61	52
	62	53
	63	54
	64	55
	68	58
	73	65
	74	69
	76	66
	77	67
	78	69
	92	84
	93	85
	94	86
	95	87
	96	88
	100	92
	101	93
	102	94
	103	95
	105	98
	108	99
	109	100
	111	102
	112	103
	114	104
	115	105
	117	106
	118	107
	119	108
	122	110
	123	111
	125	112
	126	113
	127	114
net/minecraft/client/gui/screen/option/MouseOptionsScreen	35	41
	16	19
	17	20
	33	39
	18	21
	19	22
	35	41
	20	23
	25	28
	26	29
	30	33
	15	18
	31	34
net/minecraft/client/particle/DragonBreathParticle	100	90
	66	57
	68	58
	69	59
	70	60
	73	63
	74	64
	76	65
	77	66
	79	69
	83	73
	24	23
	88	78
	25	24
	26	25
	27	26
	28	27
	30	28
	31	29
	95	86
	32	30
	96	87
	34	31
	36	32
	100	90
	37	33
	38	34
	40	35
	41	36
	42	37
	46	41
	47	42
	48	43
	50	44
	51	45
	52	69
	55	47
	57	48
	58	49
	59	50
	62	53
	63	54
net/minecraft/client/option/NarratorMode	46	86
	34	62
	21	38
	22	39
	38	72
	23	40
	26	47
	42	82
	30	54
	46	86
net/minecraft/client/util/tracy/TracyFrameCapturer	132	118
	129	115
	130	116
	131	117
	132	118
	35	36
	36	37
	37	38
	38	39
	39	40
	40	41
	41	42
	44	45
	46	46
	47	47
	48	48
	50	51
	51	52
	52	53
	56	56
	57	57
	59	58
	60	59
	61	60
	63	61
	64	62
	65	63
	66	64
	67	65
	68	66
	69	67
	71	69
	78	72
	79	96
	81	73
	83	74
	84	75
	85	76
	86	77
	89	80
	90	81
	91	82
	92	83
	93	85
	94	86
	95	87
	96	88
	97	89
	98	90
	101	93
	103	94
	104	96
	111	99
	112	106
	114	100
	116	102
	117	103
	119	106
	122	109
	123	110
	124	111
	125	112
net/minecraft/client/gl/PostEffectPipeline	123	128
	64	71
	65	73
	68	77
	69	78
	75	32
	76	33
	77	34
	78	35
	22	22
	23	23
	24	24
	25	26
	94	116
	95	117
	96	118
	33	103
	97	119
	34	104
	98	120
	35	105
	99	121
	36	106
	100	123
	37	107
	38	109
	104	128
	49	54
	50	56
	114	85
	51	57
	115	86
	52	58
	116	87
	117	88
	118	89
	55	62
	119	91
	59	66
	123	96
	60	67
	61	68
	62	69
	63	70
com/mojang/blaze3d/platform/LogicOp	0	0
net/minecraft/client/item/ItemModelManager	62	60
	32	31
	36	34
	37	35
	40	40
	42	41
	43	42
	44	43
	46	45
	49	50
	50	51
	51	56
	53	52
	54	53
	55	56
	25	25
	26	26
	58	59
	27	27
	59	60
	60	60
	62	60
	31	30
net/minecraft/client/render/entity/model/CowEntityModel	59	96
	21	57
	22	58
	25	61
	26	62
	30	66
	31	67
	33	68
	34	70
	35	71
	36	73
	37	75
	38	77
	39	79
	41	81
	42	83
	43	83
	44	83
	45	84
	48	86
	49	86
	50	87
	51	87
	52	88
	53	89
	54	90
	55	91
	56	92
	59	96
net/minecraft/client/particle/EmotionParticle	59	61
	36	55
	37	56
	9	12
	41	59
	10	13
	42	60
	11	14
	43	61
	12	15
	13	16
	14	17
	15	18
	17	19
	18	20
	19	21
	51	39
	20	22
	52	40
	24	26
	56	43
	57	44
	58	45
	59	46
	29	31
net/minecraft/client/render/entity/model/PlayerEntityModel	161	209
	128	176
	129	177
	130	178
	131	179
	132	180
	133	181
	134	182
	138	186
	139	187
	140	188
	141	189
	142	190
	143	191
	144	192
	148	196
	149	197
	150	198
	151	199
	152	200
	153	201
	154	202
	156	204
	158	206
	161	209
	35	103
	36	104
	38	105
	39	106
	40	107
	41	108
	42	109
	44	110
	45	111
	48	114
	49	115
	51	116
	52	117
	53	118
	54	120
	55	120
	56	121
	58	123
	59	125
	60	125
	61	126
	63	128
	64	129
	65	129
	68	131
	69	132
	70	132
	74	135
	75	137
	76	137
	77	138
	80	140
	81	141
	82	142
	83	142
	86	144
	87	145
	88	145
	93	149
	94	151
	95	151
	96	152
	98	154
	99	155
	100	156
	101	156
	104	158
	105	159
	106	159
	109	161
	110	162
	111	163
	112	163
	116	165
	121	169
	122	170
	123	171
	124	172
	125	173
	126	174
	127	175
net/minecraft/client/render/entity/model/FoxEntityModel	197	203
	35	74
	36	75
	37	76
	38	77
	39	78
	40	79
	41	80
	42	81
	43	82
	46	85
	47	86
	49	87
	50	88
	51	88
	52	88
	54	90
	55	90
	56	90
	59	91
	60	91
	61	91
	64	92
	65	92
	66	92
	70	93
	71	95
	72	95
	73	96
	75	98
	76	99
	77	99
	78	100
	79	100
	81	101
	83	102
	84	103
	85	104
	86	105
	87	107
	88	107
	89	108
	92	110
	97	114
	99	115
	100	116
	101	117
	102	118
	103	119
	104	120
	106	121
	108	122
	109	123
	110	124
	111	125
	113	126
	115	127
	116	128
	117	129
	118	130
	119	131
	120	132
	121	133
	122	134
	123	135
	124	136
	125	137
	126	138
	128	141
	129	142
	130	143
	131	144
	133	145
	134	146
	135	147
	136	148
	137	149
	138	150
	139	151
	140	152
	141	153
	142	154
	144	155
	145	156
	147	157
	148	158
	149	159
	151	161
	152	162
	155	165
	156	166
	157	167
	158	168
	159	169
	160	170
	162	171
	163	172
	166	175
	167	176
	168	177
	172	180
	173	181
	174	182
	175	183
	179	186
	180	187
	181	188
	182	189
	183	190
	184	191
	185	192
	189	195
	190	196
	191	197
	192	198
	193	199
	194	200
	195	201
	197	203
net/minecraft/client/util/SelectionManager	264	287
	258	281
	259	282
	260	283
	261	284
	264	287
	29	33
	30	34
	31	35
	32	36
	33	37
	35	38
	36	39
	39	42
	43	46
	47	50
	51	54
	52	55
	55	58
	56	59
	58	62
	62	66
	63	67
	64	68
	65	69
	66	70
	67	71
	68	72
	69	73
	70	74
	71	75
	72	76
	73	77
	76	79
	77	80
	78	81
	79	82
	80	84
	81	85
	82	87
	83	88
	84	89
	85	92
	86	93
	87	94
	88	97
	89	98
	90	99
	91	102
	92	103
	93	104
	95	108
	99	114
	103	118
	104	119
	107	122
	108	123
	109	124
	110	125
	111	126
	113	128
	116	131
	117	132
	120	135
	121	136
	123	138
	126	141
	127	143
	128	146
	130	148
	133	151
	134	152
	137	155
	138	156
	139	157
	142	160
	143	161
	146	164
	147	165
	148	166
	151	169
	152	171
	153	174
	155	176
	158	179
	159	180
	160	181
	163	184
	164	185
	166	187
	167	188
	169	190
	170	191
	171	192
	172	193
	173	194
	174	195
	177	199
	179	201
	182	204
	183	205
	184	206
	185	207
	188	210
	189	211
	190	212
	193	215
	194	216
	197	219
	198	220
	199	221
	202	224
	203	225
	204	226
	208	230
	209	231
	211	233
	212	234
	213	235
	214	236
	215	237
	219	242
	220	243
	223	246
	224	247
	225	248
	228	251
	229	252
	232	255
	233	256
	234	257
	237	260
	241	264
	242	265
	245	268
	246	269
	247	270
	250	273
	254	277
	255	278
net/minecraft/client/gui/screen/world/WorldListWidget	590	652
	512	564
	514	565
	515	566
	516	568
	517	570
	518	572
	519	573
	524	579
	526	596
	527	597
	528	598
	529	599
	530	600
	531	602
	532	604
	533	604
	534	604
	537	608
	540	611
	541	612
	544	615
	545	616
	546	622
	547	621
	548	637
	549	638
	550	639
	553	642
	555	644
	559	648
	560	649
	563	652
	573	270
	574	271
	578	275
	579	276
	580	277
	582	278
	583	279
	584	280
	585	281
	586	282
	590	286
	97	100
	98	101
	100	102
	102	103
	103	104
	104	105
	106	107
	108	110
	109	111
	113	115
	114	116
	115	117
	120	122
	121	123
	122	124
	128	129
	129	130
	133	134
	134	135
	135	136
	136	137
	137	138
	138	139
	140	142
	143	146
	148	151
	150	152
	151	153
	153	156
	154	157
	157	160
	158	161
	160	163
	162	166
	163	167
	166	170
	167	171
	169	174
	170	175
	175	180
	176	181
	177	182
	178	183
	179	184
	182	187
	183	188
	184	189
	187	191
	188	191
	189	192
	190	193
	195	199
	196	200
	197	202
	198	203
	199	204
	203	208
	204	209
	207	212
	211	216
	212	217
	213	218
	214	219
	217	222
	218	223
	219	224
	222	227
	223	228
	227	232
	232	236
	233	237
	234	238
	237	241
	238	242
	239	242
	241	242
	245	246
	250	251
	251	252
	252	256
	254	254
	255	256
	260	261
	276	303
	277	304
	278	305
	279	306
	280	307
	282	308
	284	309
	285	310
	288	313
	289	336
	292	315
	293	316
	294	317
	295	318
	296	319
	297	320
	299	322
	302	326
	303	327
	305	329
	306	330
	307	331
	308	332
	309	333
	311	336
	315	340
	316	341
	317	341
	318	341
	320	343
	321	344
	323	347
	324	348
	326	351
	331	356
	332	357
	333	358
	334	359
	335	360
	338	363
	339	364
	342	367
	344	368
	345	369
	346	370
	348	371
	350	372
	351	373
	352	374
	354	375
	355	376
	356	377
	357	378
	358	379
	359	380
	360	381
	361	382
	362	383
	365	386
	366	387
	367	388
	368	389
	370	391
	371	392
	372	393
	373	394
	375	396
	376	397
	377	398
	378	399
	380	401
	381	402
	382	403
	383	404
	384	405
	385	406
	387	412
	388	413
	389	414
	390	415
	394	421
	397	424
	401	428
	402	429
	404	431
	406	432
	407	436
	408	437
	409	438
	411	441
	414	433
	415	434
	419	447
	423	451
	424	461
	427	452
	428	453
	429	461
	432	455
	433	456
	434	457
	435	458
	436	461
	439	465
	441	468
	442	469
	443	470
	445	473
	446	474
	447	475
	448	476
	449	477
	452	481
	455	484
	456	485
	458	492
	459	491
	460	507
	461	508
	462	509
	464	512
	465	513
	468	516
	469	517
	472	521
	473	522
	474	523
	475	524
	476	525
	477	526
	478	527
	479	528
	480	529
	481	530
	485	535
	487	536
	488	537
	489	538
	491	541
	492	542
	494	543
	495	544
	496	545
	497	546
	498	547
	499	548
	501	551
	502	552
	505	555
	506	581
	507	558
	509	561
	510	562
	511	563
net/minecraft/client/render/entity/feature/VillagerResourceMetadata	32	34
	32	34
	11	13
	27	30
	12	14
	28	31
	13	16
net/minecraft/client/render/entity/state/EnderDragonEntityRenderState	40	39
	32	32
	34	33
	35	34
	37	36
	24	24
	40	39
	29	29
	30	30
	31	31
net/minecraft/client/texture/DynamicTexture	0	0
net/minecraft/client/gui/tooltip/TooltipSubmenuHandler	0	0
net/minecraft/client/render/DefaultFramebufferSet	87	89
	64	67
	65	68
	66	69
	67	70
	68	71
	69	72
	70	73
	71	74
	72	75
	73	77
	74	77
	76	77
	80	82
	81	83
	82	84
	83	85
	84	86
	85	87
	86	88
	87	89
	39	40
	40	41
	41	42
	42	43
	43	44
	44	45
	45	46
	46	47
	47	48
	48	49
	49	50
	50	51
	51	53
	52	57
	54	54
	56	59
	61	64
	62	65
	63	66
net/minecraft/client/render/block/entity/BlockEntityRenderer	20	23
	16	19
	20	23
	12	15
net/minecraft/client/render/entity/model/PiglinHeadEntityModel	36	36
	33	33
	34	34
	35	35
	36	36
	15	17
	16	18
	17	19
	18	20
	19	21
	22	24
	23	25
	25	26
	30	31
	31	32
net/minecraft/client/render/entity/state/PigEntityRenderState	0	0
net/minecraft/client/util/Untracker	47	44
	35	33
	36	40
	39	35
	40	36
	41	37
	43	40
	46	43
	15	19
	47	44
	17	20
	18	21
	19	22
	21	23
	22	24
	23	25
	24	26
	25	26
	27	26
	29	27
	30	28
net/minecraft/client/render/MapRenderer	100	97
	30	30
	31	31
	32	32
	36	35
	37	36
	38	37
	39	38
	40	39
	41	40
	43	41
	44	43
	45	44
	48	45
	49	46
	50	47
	51	48
	52	49
	54	50
	56	51
	57	52
	58	53
	59	54
	60	55
	61	56
	62	57
	63	58
	66	61
	67	62
	68	63
	69	64
	71	65
	72	66
	73	67
	74	68
	75	69
	76	72
	79	75
	81	78
	84	81
	85	82
	87	84
	88	85
	90	87
	93	90
	94	91
	95	92
	96	93
	97	94
	98	95
	99	96
	100	97
net/minecraft/client/font/TextRenderLayerSet	37	31
	16	13
	17	14
	18	15
	34	28
	19	16
	35	29
	36	30
	37	31
	25	22
	26	23
	27	23
	28	23
net/minecraft/client/session/report/SkinAbuseReport	86	82
	64	65
	65	65
	67	65
	72	71
	73	72
	74	73
	77	75
	79	76
	82	77
	83	78
	85	80
	22	23
	86	82
	23	24
	24	25
	27	28
	32	32
	33	33
	34	34
	35	35
	36	36
	41	41
	46	47
	47	48
	50	51
	51	52
	55	56
	61	62
	62	63
net/minecraft/client/session/telemetry/WorldSession	79	73
	65	59
	66	60
	67	61
	68	62
	71	65
	72	66
	73	67
	74	68
	75	69
	76	70
	77	71
	79	73
	27	23
	28	24
	29	25
	31	26
	32	27
	33	28
	34	29
	35	30
	38	33
	39	34
	42	37
	43	38
	44	39
	45	40
	48	43
	49	44
	50	45
	53	48
	54	49
	57	52
	58	53
	59	54
	61	56
net/minecraft/client/render/entity/feature/SkeletonOverlayFeatureRenderer	27	27
	19	20
	20	21
	21	22
	22	23
	26	26
	27	27
net/minecraft/client/tutorial/OpenInventoryTutorialStepHandler	54	49
	34	30
	35	30
	36	31
	37	32
	38	33
	41	36
	45	40
	46	41
	47	42
	49	44
	53	48
	22	21
	54	49
	23	22
	27	26
	29	27
	30	28
	31	36
net/minecraft/client/render/entity/state/BipedEntityRenderState	0	0
net/minecraft/client/realms/gui/screen/RealmsLongRunningMcoTaskScreen	112	113
	67	64
	69	65
	70	66
	72	68
	76	72
	77	73
	78	74
	80	76
	85	82
	86	83
	87	84
	88	85
	89	86
	90	88
	91	90
	92	91
	96	95
	97	96
	98	97
	101	100
	38	36
	102	101
	39	37
	40	38
	104	104
	41	39
	105	105
	42	40
	108	108
	45	42
	109	109
	46	43
	47	44
	111	112
	48	45
	112	113
	49	46
	50	50
	51	51
	52	52
	58	55
	60	56
	61	57
	62	58
	63	60
net/minecraft/client/particle/FlameParticle	71	74
	64	68
	68	71
	69	72
	70	73
	71	74
	9	12
	10	13
	14	17
	19	22
	20	23
	21	24
	25	28
	26	29
	31	34
	32	35
	33	36
	35	37
	36	38
	37	39
	38	40
	39	41
	41	44
	48	52
	49	53
	53	56
	54	57
	55	58
	63	67
net/minecraft/client/util/math/Rect2i	73	74
	64	65
	65	66
	68	69
	69	70
	70	71
	73	74
	10	14
	11	15
	12	16
	13	17
	14	18
	17	21
	18	22
	19	23
	20	24
	22	25
	23	26
	24	27
	25	28
	27	29
	28	30
	29	31
	30	32
	32	33
	36	37
	40	41
	44	45
	45	46
	48	49
	49	50
	52	53
	56	57
	60	61
	61	62
net/minecraft/client/particle/AscendingParticle	49	66
	10	30
	11	31
	12	32
	13	33
	15	34
	16	35
	17	36
	18	37
	19	38
	20	39
	21	40
	23	41
	24	42
	25	43
	26	44
	27	45
	29	46
	30	47
	31	48
	32	49
	33	50
	37	54
	42	59
	47	64
	48	65
	49	66
net/minecraft/client/font/BlankFont	21	19
	21	19
	15	14
net/minecraft/client/render/entity/model/ArmPosing	96	77
	15	12
	16	13
	18	14
	19	15
	20	16
	21	17
	22	18
	28	21
	29	22
	31	23
	32	24
	33	25
	36	26
	37	27
	38	28
	39	29
	40	30
	43	33
	44	34
	45	35
	46	36
	47	37
	48	38
	50	39
	51	40
	52	41
	54	42
	55	43
	57	45
	58	46
	60	47
	61	48
	64	51
	65	52
	68	55
	69	56
	70	57
	73	60
	74	61
	75	62
	81	65
	82	66
	83	67
	84	68
	85	69
	86	70
	88	71
	89	72
	90	73
	92	74
	93	75
	95	76
	96	77
net/minecraft/client/render/entity/model/OcelotEntityModel	9	12
	8	11
	9	12
net/minecraft/client/network/PlayerListEntry	143	133
	66	56
	131	121
	132	122
	71	61
	135	125
	75	65
	139	129
	140	130
	79	69
	143	133
	83	73
	84	74
	85	75
	88	78
	89	79
	90	80
	93	83
	97	87
	37	37
	101	91
	38	38
	102	92
	40	39
	41	40
	105	95
	42	41
	45	44
	109	99
	46	45
	110	100
	47	46
	113	103
	50	47
	51	48
	118	108
	56	49
	57	50
	58	51
	122	112
	59	51
	123	113
	61	51
	127	117
net/minecraft/client/render/debug/ChunkLoadingDebugRenderer	112	135
	32	36
	33	37
	37	41
	38	42
	39	43
	41	44
	43	45
	44	46
	46	48
	50	52
	51	53
	52	54
	53	56
	54	57
	55	58
	56	59
	57	60
	59	63
	60	64
	61	66
	62	68
	63	80
	67	84
	74	92
	75	93
	76	94
	77	95
	79	96
	80	97
	81	99
	82	100
	83	101
	84	102
	85	103
	86	104
	87	105
	88	106
	90	108
	91	109
	93	112
	96	116
	97	117
	98	118
	99	119
	100	120
	102	122
	103	123
	104	125
	105	126
	106	127
	107	128
	110	132
	112	135
net/minecraft/client/gui/tooltip/TooltipPositioner	0	0
net/minecraft/client/render/entity/SquidEntityRenderer	43	42
	32	32
	33	33
	34	34
	38	37
	39	38
	40	39
	41	40
	42	41
	43	42
	15	18
	16	19
	20	22
	25	26
	30	30
	31	31
net/minecraft/client/data/ModelSupplier	0	0
net/minecraft/client/render/entity/state/FoxEntityRenderState	0	0
net/minecraft/client/particle/BlockFallingDustParticle	96	91
	64	57
	67	60
	68	61
	69	62
	70	64
	76	71
	77	72
	82	78
	19	21
	83	79
	20	22
	84	80
	22	23
	23	24
	87	82
	24	25
	88	83
	89	84
	26	26
	90	85
	28	27
	92	88
	93	89
	30	28
	94	90
	31	29
	32	30
	96	91
	34	31
	35	32
	36	33
	40	37
	45	42
	50	47
	51	48
	52	49
	54	50
	55	51
	56	64
	59	53
	61	54
	62	55
	63	56
net/minecraft/client/render/debug/RedstoneUpdateOrderDebugRenderer	55	54
	35	35
	36	36
	38	37
	39	40
	41	41
	42	42
	43	43
	47	45
	48	46
	49	47
	50	48
	51	49
	52	50
	55	54
	26	26
	27	27
	30	30
	31	31
net/minecraft/client/render/entity/model/ShulkerBulletEntityModel	42	62
	34	55
	39	59
	40	60
	41	61
	42	62
	18	37
	19	38
	20	39
	23	42
	24	43
	26	44
	27	46
	28	47
	29	49
	30	51
net/minecraft/client/render/entity/model/SnowGolemEntityModel	83	74
	65	60
	66	61
	67	62
	69	63
	70	64
	72	65
	73	66
	75	67
	76	68
	78	69
	79	70
	80	71
	83	74
	23	27
	24	28
	25	29
	26	30
	27	31
	28	32
	31	35
	32	36
	33	37
	35	38
	37	39
	38	41
	39	41
	40	42
	42	44
	43	44
	44	45
	45	46
	47	47
	48	49
	49	49
	50	50
	52	52
	53	53
	54	53
	55	53
	58	55
	63	59
net/minecraft/client/sound/MinecartInsideSoundInstance	60	59
	32	36
	37	41
	42	46
	43	47
	44	59
	47	48
	48	49
	49	59
	19	24
	20	25
	52	51
	21	26
	53	52
	22	27
	55	53
	24	28
	56	54
	25	29
	26	30
	58	56
	27	31
	28	32
	60	59
net/minecraft/client/gl/GlUniform	21	32
	16	27
	20	31
	21	32
	8	17
	15	26
net/minecraft/client/realms/gui/screen/RealmsWorldGeneratorType	28	30
	19	21
	20	22
	21	23
	24	26
	28	30
net/minecraft/client/gui/screen/ingame/HopperScreen	30	33
	16	19
	17	20
	21	24
	22	25
	23	26
	27	30
	28	31
	29	32
	14	17
	30	33
	15	18
net/minecraft/client/gui/screen/world/LevelScreenProvider	65	67
	64	66
	33	33
	65	67
	34	34
	35	35
	36	36
	37	37
	38	38
	40	40
	41	41
	44	48
	47	48
	52	55
	53	56
	54	57
	59	62
	60	63
	62	64
	63	65
net/minecraft/client/gui/widget/AxisGridWidget	168	170
	130	125
	131	126
	132	127
	137	132
	138	134
	139	137
	141	139
	144	142
	145	144
	146	147
	148	149
	151	152
	152	153
	153	154
	26	19
	27	20
	30	23
	158	159
	31	24
	159	160
	32	25
	160	161
	36	29
	38	30
	39	70
	167	169
	168	170
	42	31
	43	32
	45	34
	46	35
	47	36
	50	39
	52	40
	54	41
	55	42
	56	43
	57	44
	58	45
	59	46
	60	48
	61	49
	62	50
	63	51
	64	52
	68	56
	69	58
	70	59
	73	62
	74	64
	75	67
	77	70
	81	74
	82	75
	85	78
	89	82
	93	86
	97	90
	98	91
	102	95
	109	104
	110	105
	111	106
	116	111
	117	112
	118	113
	123	118
	124	119
	125	120
net/minecraft/client/gui/screen/dialog/DialogScreen	254	264
	54	57
	55	58
	56	59
	57	60
	58	61
	62	65
	64	66
	66	67
	68	68
	70	69
	71	70
	73	71
	75	73
	76	74
	77	75
	78	76
	82	80
	83	81
	86	84
	88	85
	89	86
	91	87
	93	88
	96	89
	97	90
	98	91
	100	93
	101	94
	103	95
	104	96
	107	99
	110	102
	114	106
	115	107
	116	108
	117	109
	120	112
	121	113
	122	114
	123	115
	124	116
	128	120
	129	121
	131	122
	133	123
	134	124
	136	126
	139	130
	140	135
	141	136
	143	138
	144	139
	149	144
	154	149
	159	154
	160	155
	163	158
	164	159
	167	162
	168	163
	169	164
	170	165
	173	168
	174	169
	176	171
	178	173
	182	176
	183	177
	184	187
	185	189
	186	182
	187	193
	188	194
	189	195
	190	197
	192	199
	196	203
	200	207
	201	208
	202	209
	203	210
	204	211
	205	212
	207	214
	208	215
	211	218
	212	219
	213	220
	214	222
	215	223
	217	226
	220	229
	227	237
	231	241
	232	243
	234	244
	236	246
	238	248
	239	249
	240	250
	241	251
	244	254
	245	255
	249	259
	253	263
	254	264
net/minecraft/client/gui/render/BannerResultGuiElementRenderer	34	43
	17	17
	18	18
	34	43
	22	22
	27	26
	28	27
	29	29
	30	39
net/minecraft/client/realms/util/RealmsServerFilterer	47	44
	33	31
	34	32
	37	35
	38	36
	39	37
	43	40
	47	44
	20	20
	21	21
	24	24
	25	25
	27	26
	28	27
	30	28
net/minecraft/client/particle/CurrentDownParticle	69	68
	67	66
	68	67
	69	68
	13	19
	15	20
	17	21
	19	22
	20	23
	21	24
	23	25
	24	26
	25	27
	26	28
	30	32
	35	37
	36	38
	37	39
	39	40
	40	41
	41	55
	44	43
	45	44
	46	45
	47	46
	48	47
	49	48
	51	49
	52	50
	55	53
	56	55
	62	62
	63	63
net/minecraft/client/render/OverlayVertexConsumer	81	73
	68	65
	70	66
	71	67
	73	68
	75	69
	76	70
	77	71
	79	72
	81	73
	26	25
	27	26
	28	27
	29	28
	30	29
	34	33
	35	34
	36	35
	37	36
	38	37
	44	42
	45	43
	51	48
	56	53
	57	54
	62	59
	63	60
net/minecraft/client/gui/screen/option/AccessibilityOptionsScreen	76	88
	67	80
	68	81
	69	82
	70	82
	72	84
	73	85
	76	88
	21	23
	22	24
	23	26
	24	28
	25	30
	26	32
	27	34
	28	36
	29	38
	30	40
	31	42
	32	44
	33	46
	34	48
	35	50
	40	55
	41	56
	45	60
	46	61
	47	62
	48	62
	49	63
	50	64
	54	67
	55	68
	56	69
	58	71
	62	75
	63	76
net/minecraft/client/render/entity/animation/ArmadilloAnimations	0	0
net/minecraft/client/render/entity/TropicalFishEntityRenderer	76	72
	67	65
	69	66
	70	67
	72	68
	73	69
	74	70
	76	72
	24	27
	26	28
	27	29
	28	30
	32	33
	33	34
	34	35
	40	41
	45	45
	46	46
	47	47
	48	48
	49	49
	53	52
	54	53
	55	54
	57	57
	58	58
	62	61
net/minecraft/client/render/CloudRenderer	358	338
	256	248
	257	266
	259	249
	260	250
	261	251
	264	253
	265	254
	266	255
	267	256
	270	256
	275	257
	276	258
	278	261
	281	266
	284	269
	285	270
	286	271
	287	272
	288	279
	290	273
	291	274
	293	276
	295	279
	298	282
	299	283
	302	286
	303	287
	304	288
	305	289
	306	290
	310	293
	311	294
	315	297
	316	298
	319	301
	320	302
	323	305
	324	306
	327	309
	328	310
	331	313
	332	314
	77	67
	336	317
	337	318
	338	319
	83	97
	339	320
	84	73
	85	76
	342	323
	87	77
	88	78
	89	79
	345	326
	90	81
	346	327
	91	82
	92	83
	93	84
	349	330
	94	85
	350	331
	97	87
	98	88
	354	334
	99	89
	355	335
	100	90
	356	336
	101	91
	358	338
	104	113
	105	114
	106	115
	107	116
	116	121
	117	122
	118	123
	119	124
	124	128
	125	129
	126	130
	129	133
	133	137
	137	141
	141	145
	145	149
	149	153
	153	157
	154	245
	156	158
	157	159
	158	160
	159	161
	160	162
	161	163
	163	166
	166	169
	167	170
	169	172
	170	173
	171	174
	172	175
	174	177
	178	180
	179	181
	182	182
	183	183
	184	184
	185	185
	187	186
	188	187
	190	188
	191	189
	193	190
	194	191
	196	192
	201	193
	202	194
	203	195
	204	196
	205	197
	206	198
	207	200
	208	201
	209	202
	213	206
	214	245
	217	207
	218	208
	219	209
	220	209
	221	209
	223	210
	224	211
	226	214
	228	216
	229	217
	232	218
	233	219
	234	222
	235	223
	236	224
	238	226
	239	227
	242	232
	243	233
	244	234
	245	235
	246	236
	247	237
	248	238
	249	239
	250	240
	251	241
	253	245
net/minecraft/client/render/item/model/special/HangingSignModelRenderer	64	69
	64	42
	32	49
	33	51
	36	55
	37	56
	41	60
	47	65
	48	68
	49	69
	55	33
	56	34
	25	27
	26	28
	27	29
	60	38
	61	39
	62	40
	30	47
	63	41
	31	48
net/minecraft/client/sound/AlUtil	86	94
	66	71
	67	72
	68	73
	70	74
	71	75
	72	76
	73	77
	74	80
	75	81
	77	83
	14	17
	78	84
	79	85
	16	19
	80	88
	81	89
	18	21
	20	23
	22	25
	86	94
	24	27
	26	29
	31	34
	32	35
	33	36
	34	37
	36	39
	40	44
	42	46
	44	48
	46	52
	48	50
	50	54
	52	56
	57	61
	58	62
	59	63
	60	64
	62	66
com/mojang/blaze3d/systems/VertexSorter	28	32
	16	19
	20	23
	21	24
	22	25
	23	27
	24	28
	9	12
	25	27
	27	31
	12	15
	28	32
net/minecraft/client/render/entity/model/PhantomEntityModel	97	90
	26	32
	27	33
	28	34
	29	35
	30	36
	31	37
	32	38
	33	39
	34	40
	37	43
	38	44
	40	45
	41	46
	42	46
	43	46
	45	48
	46	49
	47	49
	48	49
	50	51
	51	51
	52	51
	53	51
	55	52
	56	54
	57	54
	58	55
	60	57
	61	59
	62	59
	63	60
	65	62
	66	64
	67	64
	68	65
	70	67
	71	69
	72	69
	73	70
	75	72
	76	74
	77	74
	78	75
	81	77
	86	81
	88	82
	89	83
	90	84
	91	85
	92	86
	93	87
	95	88
	96	89
	97	90
com/mojang/blaze3d/platform/PolygonMode	0	0
net/minecraft/client/data/Main	56	53
	24	26
	26	27
	27	28
	28	29
	29	30
	30	31
	31	32
	33	33
	34	43
	35	45
	38	34
	39	35
	40	36
	42	37
	43	38
	45	39
	46	40
	47	41
	48	45
	51	48
	52	49
	53	50
	54	51
	55	52
	56	53
net/minecraft/client/render/entity/model/DragonHeadEntityModel	56	72
	18	37
	19	38
	20	39
	21	40
	24	43
	25	44
	27	45
	28	46
	29	48
	30	49
	31	50
	32	51
	33	52
	34	53
	35	54
	36	55
	37	56
	38	57
	41	59
	42	61
	43	61
	44	62
	47	64
	52	69
	54	70
	55	71
	56	72
net/minecraft/client/render/block/entity/model/BannerFlagBlockModel	33	37
	16	20
	32	36
	17	21
	33	37
	18	22
	21	25
	22	26
	23	27
	24	29
	25	29
	26	30
	28	32
net/minecraft/client/render/entity/ElderGuardianEntityRenderer	16	19
	16	19
	11	14
	12	15
net/minecraft/client/render/fog/AtmosphericFogModifier	41	39
	32	30
	33	31
	34	32
	35	33
	36	34
	37	35
	41	39
	27	25
	28	26
	29	27
	30	28
	31	29
net/minecraft/client/font/BakedGlyph	198	208
	128	131
	129	132
	131	135
	132	136
	135	141
	136	142
	137	143
	138	144
	139	145
	143	149
	147	153
	151	157
	156	164
	30	40
	31	41
	32	42
	160	168
	33	43
	34	44
	35	45
	164	172
	37	46
	38	47
	39	48
	40	49
	168	176
	41	50
	44	53
	172	180
	45	55
	46	56
	50	60
	178	188
	51	60
	179	189
	182	192
	55	64
	56	66
	57	67
	58	68
	186	196
	62	72
	190	200
	63	72
	64	72
	194	204
	68	76
	69	77
	70	78
	198	208
	71	79
	72	80
	73	81
	76	82
	78	84
	79	85
	80	86
	81	87
	82	88
	84	91
	86	93
	89	96
	90	97
	91	98
	93	100
	96	103
	97	104
	99	105
	100	106
	102	107
	103	108
	105	109
	107	110
	108	111
	109	112
	110	113
	111	114
	114	117
	118	121
	122	125
	126	129
	127	130
net/minecraft/client/gui/screen/option/FontOptionsScreen	22	23
	16	17
	17	18
	21	22
	22	23
	10	13
	11	13
net/minecraft/client/realms/task/RealmsPrepareConnectionTask	159	151
	128	126
	132	127
	133	128
	134	128
	135	128
	136	129
	137	130
	138	131
	139	132
	141	134
	147	139
	148	140
	150	141
	151	142
	153	144
	154	145
	155	146
	156	147
	157	148
	158	150
	159	151
	43	42
	44	43
	45	44
	51	49
	52	50
	53	51
	54	52
	55	53
	56	54
	58	56
	59	57
	61	59
	62	60
	63	62
	64	63
	65	65
	67	67
	68	68
	69	69
	71	71
	72	72
	73	73
	74	74
	75	75
	76	76
	77	77
	80	80
	81	81
	82	89
	85	83
	87	84
	88	85
	89	86
	91	87
	92	89
	95	92
	96	93
	98	94
	103	99
	107	103
	108	105
	109	106
	110	107
	114	111
	115	112
	116	113
	119	117
	123	121
	127	125
net/minecraft/client/gui/hud/spectator/SpectatorMenuCommandGroup	0	0
net/minecraft/client/render/entity/SpectralArrowEntityRenderer	21	23
	16	19
	21	23
	11	14
	12	15
net/minecraft/client/realms/gui/screen/RealmsConfigureWorldScreen	365	357
	256	243
	257	244
	258	245
	259	246
	260	247
	262	249
	265	252
	266	253
	267	255
	270	258
	271	259
	272	260
	274	261
	276	264
	277	265
	280	268
	281	269
	282	270
	283	271
	285	274
	286	275
	287	276
	288	277
	289	278
	292	281
	293	282
	296	285
	297	286
	299	287
	301	290
	302	291
	303	292
	304	293
	305	294
	306	295
	307	296
	308	297
	309	298
	310	299
	311	300
	312	301
	315	304
	316	305
	319	308
	64	65
	320	309
	321	311
	324	314
	325	315
	326	316
	329	319
	330	320
	75	73
	331	321
	76	74
	332	322
	77	75
	333	323
	78	76
	79	77
	80	78
	337	327
	83	81
	84	82
	340	330
	342	333
	343	334
	88	86
	344	335
	89	87
	346	337
	92	90
	348	340
	93	91
	349	342
	350	343
	351	344
	96	94
	97	95
	353	341
	98	96
	99	97
	100	98
	101	99
	357	349
	102	100
	358	350
	103	102
	359	351
	104	103
	106	104
	363	355
	108	105
	364	356
	109	106
	365	357
	110	107
	111	108
	112	109
	114	110
	116	111
	117	112
	118	113
	119	114
	121	115
	122	116
	124	117
	125	118
	127	120
	130	123
	131	124
	133	126
	136	129
	137	130
	139	132
	142	135
	146	139
	150	143
	154	147
	159	152
	160	161
	162	153
	163	154
	165	155
	166	156
	167	157
	168	158
	169	159
	170	161
	173	164
	174	165
	175	166
	176	167
	179	170
	183	174
	184	175
	185	178
	189	182
	190	182
	192	182
	197	187
	198	190
	199	191
	203	195
	204	196
	206	199
	207	200
	208	201
	210	203
	213	206
	215	206
	216	207
	217	208
	218	209
	219	210
	220	211
	223	214
	224	214
	225	214
	226	215
	227	216
	228	217
	229	218
	230	219
	233	222
	234	255
	237	223
	238	225
	239	226
	240	227
	244	231
	245	232
	248	235
	249	236
	250	237
	254	242
net/minecraft/client/render/item/property/numeric/NumericProperties	23	25
	16	18
	17	19
	18	20
	19	21
	20	22
	21	23
	22	24
	23	25
	10	12
	13	15
	14	16
	15	17
net/minecraft/client/gui/screen/dialog/DialogBodyHandler	0	0
net/minecraft/client/render/chunk/SectionBuilder	137	139
	136	138
	137	139
	37	40
	38	41
	39	42
	42	47
	44	48
	45	49
	47	50
	48	51
	50	52
	52	53
	54	54
	55	55
	57	57
	58	58
	59	59
	60	60
	63	63
	64	64
	65	65
	66	66
	70	70
	71	71
	72	72
	73	73
	74	74
	77	77
	78	78
	79	79
	81	80
	82	81
	84	82
	85	83
	86	88
	87	89
	89	90
	93	94
	94	95
	95	96
	96	97
	97	98
	98	99
	100	102
	104	106
	106	107
	108	108
	112	112
	113	113
	114	114
	115	115
	116	116
	118	119
	122	123
	123	124
	124	125
	126	127
net/minecraft/client/render/entity/state/PhantomEntityRenderState	0	0
net/minecraft/client/sound/ChannelList	51	51
	32	33
	33	34
	34	35
	37	38
	39	39
	40	40
	43	42
	44	43
	45	44
	46	45
	47	46
	19	20
	51	51
	20	21
	21	22
	25	26
	26	27
	27	28
	28	29
	31	32
net/minecraft/client/particle/NoRenderParticle	22	29
	18	25
	22	29
	9	16
	10	17
	13	20
	14	21
net/minecraft/client/gui/screen/LoadingDisplay	14	13
	13	12
	14	13
net/minecraft/client/render/entity/model/SheepEntityModel	46	41
	33	29
	34	31
	35	31
	36	32
	38	34
	43	38
	44	39
	45	40
	46	41
	21	20
	22	21
	25	24
	26	25
	28	26
	29	27
	30	27
	31	27
net/minecraft/client/WindowEventHandler	0	0
net/minecraft/client/QuickPlay	131	136
	129	133
	130	134
	131	136
	46	44
	47	45
	48	46
	49	71
	52	48
	53	49
	54	52
	55	55
	56	56
	57	57
	58	58
	60	61
	61	62
	62	63
	63	64
	64	65
	67	71
	72	76
	73	77
	74	78
	75	79
	77	81
	78	83
	79	84
	80	85
	85	90
	86	93
	87	94
	88	96
	90	91
	91	96
	94	99
	95	100
	96	101
	97	102
	98	103
	99	104
	100	105
	103	108
	104	109
	105	110
	111	116
	112	117
	113	118
	114	119
	115	120
	116	121
	117	122
	118	123
	119	124
	120	125
	122	128
	123	129
	124	130
	125	131
	126	136
net/minecraft/client/resource/language/TranslationStorage	79	93
	32	33
	64	81
	34	35
	35	36
	37	38
	69	85
	39	40
	40	41
	41	42
	42	43
	74	89
	47	48
	79	93
	49	49
	53	53
	54	59
	55	58
	56	74
	57	75
	27	28
	28	29
	60	78
	29	30
net/minecraft/client/realms/task/RestoreTask	69	76
	64	72
	69	76
	23	24
	24	25
	25	26
	26	27
	30	30
	31	31
	33	35
	34	36
	36	39
	37	40
	38	41
	39	42
	41	45
	42	46
	43	47
	44	48
	45	49
	47	52
	48	54
	49	55
	50	56
	52	59
	53	60
	54	61
	55	62
	56	63
	57	64
	59	67
	60	68
	61	69
	62	53
net/minecraft/client/render/entity/state/LivingEntityRenderState	44	44
	44	44
net/minecraft/client/render/entity/ArmadilloEntityRenderer	33	38
	32	37
	33	38
	18	25
	23	29
	28	33
	13	16
	29	34
	14	22
	30	35
	31	36
net/minecraft/client/render/entity/model/BabyModelTransformer	46	38
	32	26
	33	27
	34	28
	35	29
	37	30
	40	32
	41	33
	42	34
	43	35
	46	38
	23	17
	24	18
	27	21
	28	22
net/minecraft/client/render/item/tint/DyeTintSource	25	27
	16	17
	20	22
	25	27
	14	17
	15	17
net/minecraft/client/realms/dto/Ops	25	29
	16	19
	17	20
	18	21
	19	22
	20	23
	23	26
	25	29
	14	16
net/minecraft/client/render/entity/state/BeeEntityRenderState	0	0
net/minecraft/client/option/CloudRenderMode	38	35
	33	31
	21	21
	22	22
	38	35
	23	23
	24	24
	28	27
net/minecraft/client/gui/screen/dialog/InputControlHandler	0	0
net/minecraft/client/render/entity/LeashKnotEntityRenderer	41	38
	32	31
	34	32
	19	21
	20	22
	36	33
	21	23
	37	34
	25	27
	41	38
	27	28
	29	29
	31	30
net/minecraft/client/particle/ParticleTextureData	34	34
	16	18
	32	33
	17	19
	34	34
	20	22
	24	26
	25	27
	26	28
	29	30
	30	31
	31	32
net/minecraft/client/texture/Scaling	124	120
	67	53
	69	54
	70	55
	71	55
	73	55
	77	58
	78	59
	79	60
	80	61
	81	62
	82	64
	86	67
	87	67
	89	67
	25	81
	94	70
	30	88
	95	70
	31	89
	32	89
	97	70
	33	91
	37	96
	42	24
	43	25
	44	26
	45	27
	46	28
	47	30
	50	35
	114	111
	51	36
	115	112
	52	37
	116	113
	54	39
	55	40
	120	116
	57	41
	124	120
	62	47
net/minecraft/client/gui/tab/TabManager	63	73
	24	26
	25	27
	28	35
	29	36
	30	37
	31	38
	32	39
	35	42
	36	43
	37	44
	38	45
	40	47
	43	50
	44	51
	45	52
	47	55
	48	56
	49	57
	50	58
	51	59
	53	62
	54	63
	56	66
	57	67
	59	69
	63	73
net/minecraft/client/render/block/entity/AbstractSignBlockEntityRenderer	150	166
	129	153
	130	154
	131	155
	132	156
	135	158
	136	159
	144	165
	146	166
	147	166
	150	166
	35	35
	36	36
	52	51
	53	52
	54	53
	55	54
	56	55
	59	68
	60	69
	61	70
	62	71
	63	74
	64	77
	65	78
	68	81
	69	82
	70	83
	71	84
	72	85
	73	86
	74	87
	75	88
	79	93
	80	94
	81	95
	82	96
	83	97
	84	98
	85	99
	91	104
	92	105
	93	106
	94	107
	96	109
	97	110
	98	111
	101	114
	102	115
	103	116
	105	117
	106	118
	108	120
	111	136
	112	137
	115	140
	116	141
	119	144
	120	145
	121	146
	122	147
	125	150
	126	151
net/minecraft/client/render/entity/VindicatorEntityRenderer	35	39
	16	20
	18	21
	35	39
	21	26
	22	27
	24	29
	26	32
	30	35
net/minecraft/client/texture/SpriteAtlasHolder	55	69
	32	31
	35	34
	40	38
	41	40
	42	41
	43	42
	47	50
	48	49
	49	62
	50	65
	54	68
	55	69
	24	23
	25	24
	28	27
	29	28
	30	29
	31	30
net/minecraft/client/render/entity/model/AbstractHorseEntityModel	219	184
	37	36
	38	37
	39	38
	41	39
	42	40
	43	41
	44	42
	46	43
	47	44
	50	47
	51	48
	52	49
	53	51
	54	51
	55	52
	59	54
	60	56
	61	56
	62	57
	65	59
	66	60
	67	60
	69	62
	70	63
	71	63
	74	65
	75	66
	76	66
	80	68
	81	70
	82	70
	83	71
	85	73
	86	75
	87	75
	88	76
	90	78
	91	80
	92	80
	93	81
	95	83
	96	85
	97	85
	98	86
	101	88
	102	90
	103	90
	104	91
	107	93
	108	95
	109	95
	112	98
	113	100
	114	100
	118	103
	122	107
	126	111
	128	112
	130	113
	131	114
	132	116
	133	116
	134	117
	136	119
	137	121
	138	121
	139	122
	141	124
	142	126
	143	126
	144	127
	146	129
	147	131
	148	131
	149	132
	151	134
	156	138
	159	139
	161	140
	162	141
	163	142
	164	143
	165	144
	168	147
	169	148
	170	149
	171	150
	172	151
	174	152
	175	153
	177	154
	178	155
	179	156
	182	157
	183	158
	184	159
	186	160
	188	161
	189	162
	191	163
	193	164
	194	165
	196	166
	197	167
	199	168
	200	169
	202	170
	203	171
	205	172
	206	173
	207	174
	208	175
	210	176
	211	177
	212	178
	214	179
	215	180
	217	182
	219	184
net/minecraft/client/gui/widget/OptionSliderWidget	12	15
	10	13
	11	14
	12	15
net/minecraft/client/gui/hud/SpectatorHud	142	136
	129	124
	132	127
	134	128
	135	129
	136	130
	137	131
	140	134
	142	136
	31	32
	32	33
	35	36
	37	37
	38	38
	40	40
	42	42
	45	45
	46	46
	50	50
	51	61
	54	51
	55	52
	56	53
	57	61
	60	55
	61	56
	63	57
	65	58
	66	61
	69	64
	70	65
	71	66
	72	67
	74	70
	75	71
	77	73
	80	76
	81	77
	82	78
	84	79
	85	80
	87	81
	89	82
	90	83
	91	84
	94	89
	97	92
	99	93
	100	94
	101	95
	102	96
	103	97
	104	98
	105	99
	107	101
	111	105
	112	106
	113	107
	116	110
	120	114
	121	116
	122	117
	125	120
	126	121
	127	122
net/minecraft/client/render/item/property/select/LocalTimeProperty	115	98
	64	50
	65	51
	66	52
	69	56
	73	60
	75	61
	76	61
	77	61
	79	62
	80	63
	84	66
	85	67
	86	68
	89	71
	31	30
	95	78
	32	31
	96	79
	33	31
	97	80
	98	81
	35	31
	101	84
	105	88
	46	34
	110	93
	47	35
	48	36
	49	37
	50	39
	115	98
	53	42
net/minecraft/client/render/item/property/numeric/CrossbowPullProperty	31	30
	17	18
	18	19
	21	20
	22	21
	25	23
	26	24
	31	30
net/minecraft/client/render/model/json/ModelElementFace	109	89
	65	36
	66	37
	67	38
	69	39
	70	40
	72	41
	76	45
	80	49
	85	54
	86	55
	90	59
	27	22
	91	60
	31	26
	96	65
	97	66
	100	68
	101	69
	102	70
	105	72
	106	73
	107	74
	108	75
	109	76
	48	85
	53	89
	63	35
net/minecraft/client/particle/ReversePortalParticle	49	48
	33	31
	34	32
	35	33
	36	35
	8	11
	10	12
	42	42
	11	13
	43	43
	12	14
	47	46
	16	18
	48	47
	17	19
	49	48
	22	24
	23	25
	24	26
	26	27
	27	28
	28	35
	31	30
net/minecraft/client/render/model/json/ModelRotation	0	0
net/minecraft/client/sound/SoundExecutor	63	60
	32	30
	37	34
	41	38
	42	39
	44	41
	13	14
	15	15
	49	44
	18	18
	50	45
	19	19
	20	20
	21	21
	53	48
	22	22
	54	49
	56	52
	57	53
	58	54
	27	26
	60	57
	61	58
	62	59
	63	60
net/minecraft/client/render/model/BlockStateModel	119	103
	64	82
	67	88
	73	92
	74	93
	75	94
	76	93
	77	96
	84	103
	29	30
	30	31
	31	32
	103	48
	104	49
	108	53
	109	54
	113	58
	49	70
	50	70
	51	70
	52	71
	119	63
	56	75
	58	77
	59	78
	60	80
	61	81
	62	85
net/minecraft/client/render/entity/state/SnifferEntityRenderState	0	0
net/minecraft/server/integrated/IntegratedServerLoader	435	477
	76	91
	77	92
	78	93
	84	102
	85	103
	86	104
	87	129
	90	105
	92	106
	94	109
	95	110
	97	113
	98	115
	99	116
	100	117
	105	122
	106	123
	107	124
	108	125
	109	126
	111	129
	116	134
	117	135
	118	136
	119	137
	120	138
	121	139
	122	140
	123	141
	124	142
	125	143
	131	153
	132	155
	133	159
	134	163
	137	166
	138	167
	140	170
	141	172
	142	174
	143	174
	144	174
	153	181
	155	182
	156	183
	157	189
	159	192
	160	194
	161	196
	163	198
	164	198
	165	198
	167	200
	171	204
	172	205
	173	206
	175	213
	182	222
	183	223
	184	224
	185	225
	191	231
	192	232
	193	233
	195	235
	196	236
	199	239
	202	240
	203	241
	205	244
	206	245
	211	246
	214	249
	215	250
	216	251
	218	253
	220	255
	221	256
	222	257
	223	258
	224	259
	226	261
	227	261
	231	265
	233	266
	234	266
	237	269
	240	272
	241	273
	242	274
	243	277
	245	275
	246	277
	249	280
	253	285
	254	286
	255	287
	256	288
	257	289
	258	290
	260	292
	261	293
	263	295
	264	296
	265	297
	266	298
	268	299
	269	300
	271	301
	272	302
	273	303
	274	304
	275	305
	277	306
	279	309
	280	310
	283	313
	284	314
	285	315
	286	348
	288	324
	289	325
	290	326
	291	327
	292	328
	293	329
	294	330
	296	333
	298	334
	300	335
	301	336
	302	337
	304	338
	305	339
	307	342
	308	343
	314	345
	316	348
	319	351
	320	352
	324	356
	325	358
	326	359
	328	361
	329	362
	330	363
	331	364
	332	365
	333	366
	334	367
	336	369
	337	370
	339	382
	342	385
	343	386
	346	389
	348	390
	349	391
	351	392
	352	395
	353	396
	354	397
	355	398
	356	399
	357	401
	360	393
	361	401
	364	404
	365	405
	366	405
	367	405
	368	406
	369	407
	371	408
	372	409
	373	410
	375	412
	376	413
	377	414
	378	415
	380	417
	381	417
	382	418
	383	419
	385	421
	388	424
	389	426
	391	429
	392	430
	394	432
	395	433
	396	434
	397	435
	399	437
	400	438
	401	439
	406	445
	408	447
	411	450
	412	451
	415	454
	416	455
	417	456
	418	457
	419	458
	420	459
	422	461
	427	466
	428	468
	429	471
	430	471
	431	472
	435	477
net/minecraft/client/option/HotbarStorageEntry	80	83
	64	65
	65	66
	67	69
	68	70
	71	73
	72	74
	73	75
	76	79
	80	83
	27	30
	28	31
	40	37
	41	38
	44	41
	45	42
	48	45
	49	47
	50	49
	51	50
	52	51
	54	53
	58	57
	59	58
	60	60
	61	61
	62	62
	63	64
net/minecraft/client/realms/RealmsSerializable	0	0
net/minecraft/client/world/ClientWaypointHandler	40	37
	33	32
	19	20
	20	21
	37	36
	38	36
	39	36
	24	24
	40	37
	25	25
	29	28
	30	29
net/minecraft/client/render/entity/model/DonkeyEntityModel	71	67
	64	61
	68	64
	69	65
	70	66
	71	67
	19	18
	20	19
	27	25
	30	26
	33	29
	34	30
	35	31
	39	35
	40	36
	41	37
	42	38
	46	42
	47	43
	48	44
	49	45
	53	49
	54	50
	55	50
	56	51
	57	52
	59	53
	60	54
	61	54
	62	55
	63	58
net/minecraft/client/render/Tessellator	43	52
	34	43
	35	44
	38	47
	42	51
	43	52
	16	23
	17	24
	19	26
	20	28
	23	31
	24	32
	26	34
	30	39
	31	40
net/minecraft/client/render/block/entity/HangingSignBlockEntityRenderer	189	168
	131	116
	132	117
	133	117
	136	118
	137	120
	138	120
	139	121
	141	123
	142	125
	143	125
	144	126
	146	128
	147	130
	148	130
	149	131
	151	133
	152	135
	153	135
	154	136
	157	140
	158	141
	159	141
	160	141
	165	144
	177	156
	178	157
	181	160
	54	47
	182	161
	55	48
	56	50
	184	163
	57	51
	59	53
	60	54
	61	54
	189	168
	63	56
	66	59
	71	64
	76	69
	80	73
	81	74
	82	75
	83	76
	87	80
	88	81
	92	85
	93	86
	98	91
	103	96
	107	100
	108	101
	109	102
	110	103
	111	104
	112	105
	113	106
	116	109
	117	110
	119	111
	120	111
	121	111
	124	112
	125	113
	126	113
	127	113
net/minecraft/client/sound/AmbientSoundLoops	62	62
	14	17
	16	18
	17	19
	18	20
	19	21
	20	22
	21	23
	25	27
	26	28
	28	30
	38	40
	40	41
	41	42
	42	43
	43	44
	44	45
	45	46
	49	50
	50	60
	51	62
	54	51
	55	52
	57	54
	60	57
	61	58
	62	62
com/mojang/blaze3d/platform/DestFactor	0	0
net/minecraft/client/gl/GlobalSettings	42	34
	32	24
	33	25
	34	26
	36	29
	37	30
	41	33
	42	34
	23	16
	27	19
	28	20
	29	21
	30	22
	31	23
net/minecraft/client/render/entity/state/WitherSkullEntityRenderState	0	0
net/minecraft/client/realms/RealmsAvailability	85	83
	66	60
	71	67
	72	68
	75	71
	76	72
	80	76
	81	77
	82	78
	83	79
	84	81
	85	83
	29	27
	30	28
	32	31
	36	35
	37	36
	41	40
	42	41
	43	42
	48	43
	49	45
	51	48
	52	49
	54	51
	55	52
	57	53
	59	56
	60	57
	61	57
	63	57
net/minecraft/client/option/InactivityFpsLimit	36	34
	19	20
	20	21
	36	34
	21	22
	22	23
	26	26
	31	30
net/minecraft/client/render/TexturedRenderLayers	217	212
	192	189
	193	189
	131	128
	195	189
	135	132
	199	193
	200	194
	201	195
	202	196
	139	136
	203	198
	204	199
	78	77
	206	200
	143	140
	210	205
	147	144
	212	207
	214	209
	151	148
	217	212
	155	152
	159	156
	99	96
	163	160
	103	100
	167	164
	107	104
	171	168
	111	108
	175	172
	115	112
	179	176
	119	116
	183	180
	123	120
	187	184
	127	124
net/minecraft/client/render/entity/feature/EnergySwirlOverlayFeatureRenderer	32	31
	16	17
	32	31
	17	18
	21	22
	22	31
	25	23
	26	24
	28	25
	30	28
	31	29
net/minecraft/client/render/entity/state/WolfEntityRenderState	31	33
	25	26
	26	27
	27	28
	28	29
	29	30
	31	33
net/minecraft/client/realms/RealmsPeriodicCheckers	51	53
	35	33
	36	36
	37	37
	38	38
	40	39
	41	41
	42	44
	43	45
	44	46
	45	47
	46	48
	47	49
	48	50
	51	53
net/minecraft/client/render/block/entity/BedBlockEntityRenderer	138	150
	128	140
	129	141
	132	144
	133	145
	134	146
	135	147
	136	148
	137	149
	138	150
	39	42
	40	43
	43	46
	44	47
	45	48
	48	51
	49	52
	51	53
	52	53
	53	53
	58	54
	59	56
	60	56
	61	57
	63	59
	64	61
	65	61
	66	62
	69	64
	73	68
	74	69
	76	70
	77	70
	78	70
	82	71
	83	73
	84	73
	85	74
	87	76
	88	78
	89	78
	90	79
	93	81
	98	85
	99	86
	100	87
	101	88
	102	97
	103	99
	104	100
	106	111
	109	114
	110	115
	111	116
	114	128
	115	129
	117	130
	118	131
	120	132
	121	133
	124	136
	125	137
	126	138
	127	139
net/minecraft/client/util/Handle	10	13
	5	9
	10	13
net/minecraft/client/render/LightmapTextureManager	214	206
	128	134
	129	135
	130	136
	132	138
	136	141
	139	142
	140	143
	141	144
	142	145
	143	146
	144	147
	146	148
	148	150
	149	151
	150	152
	151	153
	152	154
	153	155
	154	156
	155	157
	156	158
	157	159
	158	160
	161	163
	162	164
	163	165
	164	166
	165	167
	166	168
	167	169
	169	172
	170	173
	171	176
	174	179
	181	183
	183	184
	184	185
	59	74
	60	75
	61	76
	62	77
	63	78
	191	189
	64	79
	66	80
	67	81
	68	82
	198	193
	71	85
	76	89
	77	90
	205	197
	78	91
	79	92
	209	201
	82	95
	210	202
	83	96
	84	97
	212	204
	85	98
	213	205
	214	206
	88	101
	89	102
	92	105
	93	106
	96	109
	97	110
	101	114
	102	176
	104	115
	105	116
	106	117
	107	118
	108	119
	109	176
	112	120
	114	122
	115	123
	117	125
	120	128
	121	129
	122	130
	126	131
	127	133
net/minecraft/client/gui/screen/advancement/AdvancementTabType	143	168
	64	86
	65	87
	129	153
	66	88
	67	89
	131	155
	68	90
	69	91
	133	157
	135	159
	72	94
	137	161
	76	98
	141	166
	78	100
	142	167
	79	101
	143	168
	80	102
	81	103
	83	105
	85	108
	86	109
	89	112
	90	113
	91	114
	93	116
	94	117
	95	118
	97	120
	98	121
	99	122
	101	124
	102	125
	103	126
	105	128
	106	129
	109	132
	110	133
	113	136
	115	138
	117	140
	119	142
	121	144
	123	146
	127	151
net/minecraft/client/gui/widget/LoadingWidget	52	52
	32	32
	33	33
	34	34
	38	38
	42	42
	46	46
	20	22
	52	52
	21	23
	22	24
	26	28
	27	29
	29	30
	30	31
net/minecraft/client/gl/DebugLabelManager	142	144
	128	82
	132	86
	133	87
	69	106
	70	107
	71	108
	137	91
	73	110
	138	92
	77	114
	142	96
	78	115
	18	22
	82	119
	83	120
	21	25
	87	124
	24	28
	88	125
	27	31
	92	129
	93	130
	30	34
	33	37
	97	134
	98	135
	36	40
	102	139
	39	43
	103	140
	40	44
	41	45
	42	46
	107	144
	44	49
	45	50
	46	51
	48	54
	50	57
	114	68
	115	69
	116	70
	54	61
	118	72
	122	76
	123	77
	127	81
com/mojang/blaze3d/systems/RenderSystem	519	504
	514	499
	519	504
	61	58
	62	59
	63	60
	64	61
	65	62
	66	63
	67	64
	69	66
	70	67
	71	68
	72	69
	73	70
	74	71
	75	72
	125	106
	126	107
	128	109
	129	111
	132	114
	136	118
	137	119
	139	121
	142	124
	146	128
	147	129
	148	130
	150	131
	151	132
	154	135
	159	139
	162	140
	164	141
	165	142
	166	143
	168	146
	169	147
	170	148
	171	149
	176	152
	177	155
	178	155
	179	156
	180	155
	182	159
	183	160
	188	163
	189	164
	193	168
	197	172
	198	173
	202	177
	206	181
	207	182
	208	183
	211	186
	212	187
	216	191
	217	192
	220	195
	221	196
	224	199
	228	203
	232	207
	236	211
	240	217
	241	218
	242	219
	244	221
	245	222
	246	223
	247	224
	248	225
	249	226
	250	228
	251	229
	254	232
	257	235
	258	236
	261	239
	262	240
	263	241
	266	244
	267	245
	268	246
	271	249
	272	250
	273	251
	276	254
	277	255
	278	256
	280	258
	284	262
	285	263
	286	263
	288	263
	292	267
	293	268
	294	269
	295	270
	298	273
	299	274
	300	275
	303	278
	304	279
	305	280
	308	283
	309	284
	310	285
	311	286
	314	289
	315	290
	316	291
	317	292
	321	296
	322	297
	326	301
	327	302
	331	306
	332	307
	336	311
	337	312
	341	316
	342	318
	343	319
	344	320
	345	321
	350	326
	351	327
	355	331
	359	335
	360	336
	364	340
	365	341
	367	343
	371	348
	372	349
	373	350
	376	353
	377	354
	378	355
	381	358
	382	359
	386	363
	387	364
	391	367
	392	367
	393	368
	395	373
	397	375
	398	378
	399	378
	400	367
	403	369
	406	380
	409	383
	410	384
	412	386
	417	392
	421	396
	422	397
	424	399
	429	404
	430	405
	431	406
	433	409
	434	410
	435	411
	437	414
	438	415
	439	416
	441	419
	442	420
	443	421
	445	423
	458	447
	459	448
	460	449
	461	450
	464	453
	468	457
	469	458
	473	462
	474	491
	477	463
	478	464
	480	465
	481	466
	483	467
	484	468
	486	469
	489	472
	491	473
	492	475
	493	476
	495	479
	497	480
	498	481
	500	484
	502	486
	503	489
	505	489
	509	494
	511	496
net/minecraft/client/gui/widget/ButtonWidget	107	99
	64	87
	65	88
	69	92
	70	93
	74	97
	75	98
	76	99
	16	19
	81	24
	88	28
	90	29
	91	30
	92	31
	96	35
	97	36
	101	40
	38	61
	39	62
	40	63
	106	45
	107	46
	43	66
	44	67
	45	68
	49	72
	50	73
	54	77
	55	78
	56	79
	60	83
net/minecraft/client/network/PingMeasurer	23	26
	18	21
	19	22
	22	25
	23	26
	13	16
	14	17
	15	18
net/minecraft/client/gui/screen/report/ChatSelectionScreen	442	451
	258	250
	284	280
	285	281
	286	282
	288	285
	289	286
	290	287
	291	289
	292	290
	293	291
	295	293
	296	294
	298	297
	299	298
	303	304
	304	305
	307	308
	308	309
	309	310
	311	313
	312	314
	57	58
	58	59
	59	60
	315	317
	60	61
	316	318
	61	62
	317	319
	62	63
	320	322
	321	323
	66	67
	322	324
	68	68
	324	325
	69	69
	325	326
	71	70
	72	70
	328	329
	73	70
	75	71
	331	333
	76	72
	332	332
	77	73
	333	333
	78	74
	334	334
	79	75
	81	76
	337	337
	82	77
	338	338
	83	78
	86	81
	342	342
	90	85
	91	86
	347	347
	92	87
	95	90
	96	91
	352	352
	353	353
	99	94
	100	95
	358	358
	359	358
	104	99
	361	358
	106	100
	108	101
	109	102
	110	103
	366	363
	111	104
	112	105
	114	106
	115	107
	371	368
	119	111
	120	112
	376	373
	124	116
	380	377
	381	378
	382	379
	383	380
	385	382
	132	127
	133	128
	137	132
	138	133
	139	134
	140	135
	142	137
	398	396
	399	397
	400	398
	401	399
	146	141
	147	142
	148	143
	149	145
	405	405
	150	147
	406	406
	151	148
	407	407
	152	149
	409	408
	410	409
	155	153
	411	410
	156	155
	158	157
	159	159
	160	160
	162	163
	418	434
	163	164
	419	435
	167	168
	423	441
	168	169
	424	442
	169	170
	170	171
	426	443
	171	172
	427	444
	428	445
	430	446
	175	176
	431	447
	179	180
	435	451
	184	185
	185	186
	186	187
	442	426
	187	188
	188	189
	191	192
	192	193
	195	196
	196	197
	197	198
	198	199
	199	200
	201	202
	207	208
	212	212
	213	213
	214	214
	215	215
	217	217
	221	221
	222	222
	223	222
	225	222
	229	226
	234	416
	241	233
	245	237
	249	241
	253	245
net/minecraft/client/particle/WaterBubbleParticle	60	57
	10	13
	11	14
	13	15
	15	16
	16	17
	17	18
	19	19
	20	20
	24	24
	25	25
	26	26
	28	27
	29	28
	30	39
	33	30
	34	31
	35	32
	36	33
	37	34
	39	35
	40	36
	42	39
	46	43
	53	51
	54	52
	58	55
	59	56
	60	57
net/minecraft/client/render/model/json/MultipartModelConditionBuilder	41	42
	32	33
	36	37
	37	38
	41	42
	15	16
	16	17
	19	20
	20	21
	25	26
	26	27
	27	28
	28	29
	29	30
	30	31
	31	32
